{
	"credit": "Made with Blockbench",
	"textures": {
		"0": "block/glass",
		"1": "block/yellow_wool",
		"2": "block/cyan_concrete",
		"3": "block/white_concrete",
		"4": "block/light_gray_concrete",
		"6": "block/spruce_planks",
		"7": "block/pink_shulker_box",
		"8": "block/tinted_glass",
		"9": "block/orange_concrete",
		"14": "block/beacon",
		"15": "block/redstone_block",
		"17": "entetsu_textures/C29",
		"particle": "block/anvil",
		"1_0": "block/anvil",
		"1_1": "train_misc/entetsu_controller",
		"1_2": "block/acacia_log"
	},
	"elements": [
		{
			"name": "end",
			"from": [-0.3, 3.3, 8],
			"to": [16.25, 14, 9],
			"rotation": {"angle": 0, "axis": "y", "origin": [16, 0, 18]},
			"faces": {
				"north": {"uv": [0, 0, 16, 16], "texture": "#6"},
				"east": {"uv": [0, 0, 1, 12], "texture": "#6"},
				"south": {"uv": [0, 0, 16, 16], "texture": "#6"},
				"down": {"uv": [5.5, 1, 0, 0], "texture": "#6"}
			}
		},
		{
			"name": "endw",
			"from": [-0.3, 14, 8],
			"to": [16.25, 25, 9],
			"rotation": {"angle": 0, "axis": "y", "origin": [16, 0, 18]},
			"faces": {
				"north": {"uv": [0, 0, 16, 16], "texture": "#0"},
				"south": {"uv": [0, 0, 16, 16], "texture": "#0"},
				"up": {"uv": [16, 1, 0, 0], "texture": "#0"}
			}
		},
		{
			"name": "end",
			"from": [-0.2, 25, 8],
			"to": [16.4, 28.55, 9],
			"rotation": {"angle": 0, "axis": "y", "origin": [0, 0, 18]},
			"faces": {
				"north": {"uv": [3, 3, 13, 13], "texture": "#7"},
				"south": {"uv": [3, 3, 13, 13], "texture": "#7"},
				"west": {"uv": [3, 3, 13, 13], "texture": "#7"}
			}
		},
		{
			"name": "roof",
			"from": [-0.30172, 27.26411, -4],
			"to": [16.27328, 28.51411, -3],
			"rotation": {"angle": 0, "axis": "z", "origin": [15.77328, 28.76411, -1]},
			"faces": {
				"north": {"uv": [5, 0, 11, 1], "texture": "#4"},
				"south": {"uv": [5, 0, 11, 1], "texture": "#6"},
				"down": {"uv": [5, 0, 11, 16], "texture": "#4"}
			}
		},
		{
			"name": "roof",
			"from": [1.19828, 28.51411, -4],
			"to": [14.77328, 29.51411, 20],
			"rotation": {"angle": 0, "axis": "z", "origin": [15.77328, 28.76411, -1]},
			"faces": {
				"north": {"uv": [5, 0, 11, 1], "texture": "#4"},
				"east": {"uv": [0, 0, 16, 1], "texture": "#4"},
				"south": {"uv": [5, 0, 11, 1], "texture": "#6"},
				"up": {"uv": [5, 0, 11, 16], "texture": "#4"},
				"down": {"uv": [5, 0, 11, 16], "texture": "#6"}
			}
		},
		{
			"name": "roof",
			"from": [-1.22457, 27.26364, -4],
			"to": [-0.22457, 27.71364, 20],
			"rotation": {"angle": 0, "axis": "z", "origin": [-1.22457, 28.31364, -1]},
			"faces": {
				"north": {"uv": [0, 0, 6, 1], "rotation": 90, "texture": "#4"},
				"east": {"uv": [0, 0, 6, 16], "rotation": 270, "texture": "#6"},
				"south": {"uv": [0, 0, 6, 1], "rotation": 270, "texture": "#6"},
				"west": {"uv": [0, 0, 6, 16], "rotation": 270, "texture": "#4"},
				"down": {"uv": [0, 0, 16, 1], "rotation": 270, "texture": "#4"}
			}
		},
		{
			"name": "roof",
			"from": [-0.80362, 27.6299, -4],
			"to": [0.19638, 28.1299, 20],
			"rotation": {"angle": -22.5, "axis": "z", "origin": [-0.80362, 28.7299, -1]},
			"faces": {
				"north": {"uv": [0, 0, 6, 1], "rotation": 90, "texture": "#4"},
				"east": {"uv": [0, 0, 6, 16], "rotation": 270, "texture": "#6"},
				"south": {"uv": [0, 0, 6, 1], "rotation": 270, "texture": "#6"},
				"west": {"uv": [0, 0, 6, 16], "rotation": 270, "texture": "#4"},
				"up": {"uv": [0, 0, 16, 1], "rotation": 270, "texture": "#4"}
			}
		},
		{
			"name": "roof",
			"from": [-1.50186, 28.30695, -4],
			"to": [-0.50186, 29.30695, 20],
			"rotation": {"angle": 45, "axis": "z", "origin": [0.09814, 29.30695, -1]},
			"faces": {
				"north": {"uv": [0, 0, 6, 1], "texture": "#4"},
				"south": {"uv": [0, 0, 6, 1], "texture": "#6"},
				"west": {"uv": [0, 0, 16, 1], "texture": "#4"},
				"up": {"uv": [0, 0, 6, 16], "texture": "#4"},
				"down": {"uv": [0, 0, 6, 16], "texture": "#6"}
			}
		},
		{
			"name": "roof",
			"from": [-0.34515, 27.97835, -4],
			"to": [1.30485, 28.97835, 20],
			"rotation": {"angle": 22.5, "axis": "z", "origin": [-0.09515, 28.97835, -1]},
			"faces": {
				"north": {"uv": [0, 0, 6, 1], "texture": "#4"},
				"south": {"uv": [0, 0, 6, 1], "texture": "#6"},
				"up": {"uv": [0, 0, 6, 16], "texture": "#4"},
				"down": {"uv": [0, 0, 6, 16], "texture": "#6"}
			}
		},
		{
			"from": [-1.25, 14.75, 18],
			"to": [-0.25, 24.75, 20],
			"rotation": {"angle": 0, "axis": "y", "origin": [0, 0, 2]},
			"faces": {
				"east": {"uv": [0, 0, 2, 12.75], "texture": "#6"},
				"south": {"uv": [0, 0, 1, 12.75], "texture": "#6"},
				"west": {"uv": [0, 0, 2, 12.75], "texture": "#3"}
			}
		},
		{
			"from": [-1.25, 14.75, 8],
			"to": [-0.25, 24.75, 10],
			"rotation": {"angle": 0, "axis": "y", "origin": [0, 0, 2]},
			"faces": {
				"north": {"uv": [0, 0, 1, 12.75], "texture": "#3"},
				"east": {"uv": [0, 0, 2, 12.75], "texture": "#6"},
				"west": {"uv": [0, 0, 2, 12.75], "texture": "#3"}
			}
		},
		{
			"from": [-1.25, 24.75, -2],
			"to": [-0.25, 27.3, 20],
			"rotation": {"angle": 0, "axis": "z", "origin": [1, 0, 2]},
			"faces": {
				"north": {"uv": [3, 3, 13, 13], "texture": "#7"},
				"east": {"uv": [3, 3, 13, 13], "texture": "#7"},
				"south": {"uv": [3, 3, 13, 13], "texture": "#7"},
				"west": {"uv": [3, 3, 13, 13], "texture": "#7"},
				"up": {"uv": [3, 3, 13, 13], "texture": "#7"},
				"down": {"uv": [3, 3, 13, 13], "texture": "#7"}
			}
		},
		{
			"from": [-1.29237, 9.5, -1.91704],
			"to": [-0.29237, 24.75, -0.76704],
			"rotation": {"angle": 0, "axis": "z", "origin": [0.95179, 0, 0.08296]},
			"faces": {
				"east": {"uv": [0, 0, 1.15, 3.5], "texture": "#3"},
				"south": {"uv": [0, 0, 1.15, 3.5], "texture": "#3"},
				"west": {"uv": [0, 0, 1.15, 3.5], "texture": "#3"},
				"up": {"uv": [0, 0, 1.15, 3.5], "texture": "#3"}
			}
		},
		{
			"from": [-1.29237, 5.5, -1.91704],
			"to": [-0.29237, 9.5, -0.76704],
			"rotation": {"angle": 0, "axis": "z", "origin": [0.95179, 0, 0.08296]},
			"faces": {
				"east": {"uv": [0, 0, 1.15, 4], "texture": "#9"},
				"south": {"uv": [0, 0, 1, 4], "texture": "#9"},
				"west": {"uv": [0, 0, 1.15, 4], "texture": "#9"},
				"down": {"uv": [0, 0, 1, 1.15], "texture": "#9"}
			}
		},
		{
			"from": [-1.25, 5.54328, 8],
			"to": [-0.25, 10.04328, 20],
			"rotation": {"angle": 0, "axis": "z", "origin": [0.9539, 0.04328, 2]},
			"faces": {
				"north": {"uv": [0, 0, 1, 5.25], "texture": "#2"},
				"east": {"uv": [0, 0, 16, 5.25], "texture": "#6"},
				"south": {"uv": [0, 0, 1, 5.25], "texture": "#6"},
				"west": {"uv": [0, 0, 16, 5.25], "texture": "#2"},
				"up": {"uv": [0, 0, 1, 16], "texture": "#6"}
			}
		},
		{
			"from": [-1.3, 7.04328, 10],
			"to": [-1.3, 12.04328, 20],
			"rotation": {"angle": 0, "axis": "z", "origin": [0.9539, 0.04328, 2]},
			"faces": {
				"east": {"uv": [0, 0, 16, 5.25], "texture": "#6"},
				"west": {"uv": [0, 4, 16, 12], "texture": "#17"}
			}
		},
		{
			"from": [17.3, 7.04328, 10],
			"to": [17.3, 12.04328, 20],
			"rotation": {"angle": 0, "axis": "z", "origin": [15.0461, 0.04328, 2]},
			"faces": {
				"east": {"uv": [0, 4, 16, 12], "texture": "#17"},
				"west": {"uv": [16, 0, 0, 5.25], "texture": "#6"}
			}
		},
		{
			"from": [1.35802, 0.45116, -5.25],
			"to": [2.35802, 1.45116, 20],
			"rotation": {"angle": -22.5, "axis": "z", "origin": [1.10802, 0.95116, 15]},
			"faces": {
				"north": {"uv": [0, 0, 1, 4], "rotation": 90, "texture": "#4"},
				"east": {"uv": [0, 0, 1, 16], "rotation": 270, "texture": "#4"},
				"south": {"uv": [0, 0, 1, 4], "rotation": 270, "texture": "#6"},
				"down": {"uv": [0, 0, 16, 4], "rotation": 270, "texture": "#4"}
			}
		},
		{
			"from": [0.82442, 0.67388, -5.25],
			"to": [1.82442, 1.42388, 20],
			"rotation": {"angle": 45, "axis": "z", "origin": [1.32442, 0.92388, 15]},
			"faces": {
				"north": {"uv": [0, 0, 1, 4], "texture": "#4"},
				"south": {"uv": [0, 0, 1, 4], "texture": "#6"},
				"west": {"uv": [0, 0, 16, 4], "texture": "#4"},
				"down": {"uv": [0, 0, 1, 16], "texture": "#4"}
			}
		},
		{
			"from": [14.17558, 0.67388, -5.25],
			"to": [15.17558, 1.42388, 20],
			"rotation": {"angle": -45, "axis": "z", "origin": [14.67558, 0.92388, 15]},
			"faces": {
				"north": {"uv": [1, 0, 0, 4], "texture": "#4"},
				"east": {"uv": [16, 0, 0, 4], "texture": "#4"},
				"south": {"uv": [1, 0, 0, 4], "texture": "#6"},
				"down": {"uv": [1, 0, 0, 16], "texture": "#4"}
			}
		},
		{
			"from": [13.64198, 0.45116, -5.25],
			"to": [14.64198, 1.45116, 20],
			"rotation": {"angle": 22.5, "axis": "z", "origin": [14.89198, 0.95116, 15]},
			"faces": {
				"north": {"uv": [0, 4, 1, 0], "rotation": 90, "texture": "#4"},
				"south": {"uv": [0, 4, 1, 0], "rotation": 270, "texture": "#6"},
				"down": {"uv": [0, 4, 16, 0], "rotation": 270, "texture": "#4"}
			}
		},
		{
			"from": [1, -7.32842, 7.52376],
			"to": [2, -2.82842, 20.02376],
			"rotation": {"angle": -22.5, "axis": "x", "origin": [1, -2.07842, 0.52376]},
			"faces": {
				"north": {"uv": [0, 0, 1, 4], "texture": "#4"},
				"east": {"uv": [0, 0, 16, 4], "texture": "#4"},
				"south": {"uv": [0, 0, 1, 4], "texture": "#6"},
				"west": {"uv": [0, 0, 16, 4], "texture": "#4"},
				"up": {"uv": [0, 0, 1, 16], "texture": "#4"},
				"down": {"uv": [0, 0, 1, 16], "texture": "#4"}
			}
		},
		{
			"from": [1, -4.25, -2],
			"to": [2, 0.75, 9],
			"rotation": {"angle": 0, "axis": "z", "origin": [1, 0, 2]},
			"faces": {
				"north": {"uv": [0, 0, 1, 4], "texture": "#4"},
				"east": {"uv": [0, 0, 16, 4], "texture": "#4"},
				"south": {"uv": [0, 0, 1, 4], "texture": "#6"},
				"west": {"uv": [0, 0, 16, 4], "texture": "#4"},
				"down": {"uv": [0, 0, 1, 16], "texture": "#4"}
			}
		},
		{
			"from": [1, 1, -5.25],
			"to": [2, 6, -0.75],
			"rotation": {"angle": 22.5, "axis": "z", "origin": [1, 0, 2]},
			"faces": {
				"north": {"uv": [0, 0, 1, 5], "texture": "#4"},
				"east": {"uv": [0, 0, 1, 5], "texture": "#4"},
				"south": {"uv": [0, 0, 1, 5], "texture": "#4"},
				"west": {"uv": [0, 0, 1, 5], "texture": "#4"},
				"up": {"uv": [0, 0, 1, 5], "texture": "#4"}
			}
		},
		{
			"from": [1, 1, 8],
			"to": [2, 6, 20],
			"rotation": {"angle": 22.5, "axis": "z", "origin": [1, 0, 2]},
			"faces": {
				"north": {"uv": [0, 0, 1, 4], "texture": "#4"},
				"east": {"uv": [0, 0, 16, 4], "texture": "#6"},
				"south": {"uv": [0, 0, 1, 4], "texture": "#6"},
				"west": {"uv": [0, 0, 16, 4], "texture": "#4"}
			}
		},
		{
			"from": [0.825, 1, -3],
			"to": [15.25, 3.25, 20],
			"rotation": {"angle": 0, "axis": "y", "origin": [0, 0, 2]},
			"faces": {
				"east": {"uv": [0, 0, 16, 1], "texture": "#6"},
				"south": {"uv": [0, 0, 14, 1], "texture": "#6"},
				"west": {"uv": [0, 0, 16, 1], "texture": "#6"},
				"up": {"uv": [0, 0, 14, 16], "texture": "#6"}
			}
		},
		{
			"from": [2.075, 0, -5.25],
			"to": [14, 1, 20],
			"rotation": {"angle": 0, "axis": "y", "origin": [0, 0, 2]},
			"faces": {
				"north": {"uv": [0, 0, 14, 1], "texture": "#4"},
				"east": {"uv": [0, 0, 16, 1], "texture": "#6"},
				"south": {"uv": [0, 0, 14, 1], "texture": "#6"},
				"west": {"uv": [0, 0, 16, 1], "texture": "#6"},
				"down": {"uv": [0, 0, 14, 16], "texture": "#4"}
			}
		},
		{
			"name": "window",
			"from": [-1.25, 14.75, 10],
			"to": [-0.25, 24.75, 18],
			"rotation": {"angle": 0, "axis": "y", "origin": [0, 0, 2]},
			"faces": {
				"east": {"uv": [0, 0, 16, 16], "texture": "#0"},
				"west": {"uv": [0, 0, 16, 16], "texture": "#0"}
			}
		},
		{
			"name": "window",
			"from": [-1.25, 10, 8],
			"to": [-0.25, 14.75, 20],
			"rotation": {"angle": 0, "axis": "y", "origin": [0, 0, 2]},
			"faces": {
				"north": {"uv": [0, 0, 1, 4.75], "texture": "#3"},
				"east": {"uv": [0, 0, 14, 4.75], "texture": "#6"},
				"south": {"uv": [0, 0, 1, 4.75], "texture": "#6"},
				"west": {"uv": [0, 0, 16, 16], "texture": "#3"},
				"down": {"uv": [0, 0, 16, 16], "texture": "#3"}
			}
		},
		{
			"from": [4.2, 8.1, 7.37444],
			"to": [11.8, 15.7, 8.07444],
			"rotation": {"angle": 0, "axis": "y", "origin": [8, 11.9, 7.72444]},
			"faces": {
				"north": {"uv": [0, 0, 16, 16], "rotation": 270, "texture": "#1"},
				"east": {"uv": [0, 0, 16, 16], "rotation": 270, "texture": "#1"},
				"south": {"uv": [0, 0, 16, 16], "texture": "#1"},
				"west": {"uv": [0, 0, 16, 16], "rotation": 270, "texture": "#1"},
				"up": {"uv": [0, 0, 16, 16], "rotation": 270, "texture": "#1"}
			}
		},
		{
			"from": [4.2, 6.9, 2.47444],
			"to": [11.8, 8.1, 8.07444],
			"rotation": {"angle": 0, "axis": "y", "origin": [8, 7.5, 5.27444]},
			"faces": {
				"north": {"uv": [0, 0, 16, 16], "rotation": 270, "texture": "#1"},
				"east": {"uv": [0, 0, 16, 16], "rotation": 270, "texture": "#1"},
				"west": {"uv": [0, 0, 16, 16], "rotation": 270, "texture": "#1"},
				"up": {"uv": [0, 0, 16, 16], "rotation": 270, "texture": "#1"},
				"down": {"uv": [0, 0, 16, 16], "rotation": 270, "texture": "#1"}
			}
		},
		{
			"from": [4.2, 7.62609, 6.41278],
			"to": [11.8, 12.52609, 7.11278],
			"rotation": {"angle": 22.5, "axis": "x", "origin": [8, 10.07609, 6.76278]},
			"faces": {
				"north": {"uv": [0, 0, 16, 16], "rotation": 270, "texture": "#1"},
				"east": {"uv": [0, 0, 16, 16], "rotation": 270, "texture": "#1"},
				"south": {"uv": [0, 0, 16, 16], "rotation": 270, "texture": "#1"},
				"west": {"uv": [0, 0, 16, 16], "rotation": 270, "texture": "#1"}
			}
		},
		{
			"from": [4, 4, -3],
			"to": [12, 12, 1],
			"rotation": {"angle": 0, "axis": "y", "origin": [0, 0, 2]},
			"faces": {
				"north": {"uv": [0, 0, 8, 12], "texture": "#1_0"},
				"east": {"uv": [0, 0, 4, 12], "texture": "#1_0"},
				"south": {"uv": [0, 0, 8, 12], "texture": "#1_0"},
				"west": {"uv": [0, 0, 4, 12], "texture": "#1_0"},
				"up": {"uv": [0, 0, 16, 16], "texture": "#1_1"},
				"down": {"uv": [0, 0, 8, 4], "texture": "#1_0"}
			}
		},
		{
			"from": [5.75, 9, -1],
			"to": [7.5, 12.5, -0.5],
			"rotation": {"angle": 0, "axis": "y", "origin": [0, 0, 2]},
			"faces": {
				"north": {"uv": [0, 0, 7, 2], "texture": "#1_2"},
				"east": {"uv": [0, 0, 0.5, 0.5], "texture": "#1_2"},
				"south": {"uv": [0, 0, 7, 2], "texture": "#1_2"},
				"west": {"uv": [0, 0, 0.5, 0.5], "texture": "#1_2"},
				"up": {"uv": [0, 0, 7, 2], "texture": "#1_2"}
			}
		},
		{
			"from": [9.75, 9, -1],
			"to": [11.5, 12.5, -0.5],
			"rotation": {"angle": 0, "axis": "y", "origin": [0, 0, 2]},
			"faces": {
				"north": {"uv": [0, 0, 7, 2], "texture": "#1_2"},
				"east": {"uv": [0, 0, 0.5, 0.5], "texture": "#1_2"},
				"south": {"uv": [0, 0, 7, 2], "texture": "#1_2"},
				"west": {"uv": [0, 0, 0.5, 0.5], "texture": "#1_2"},
				"up": {"uv": [0, 0, 7, 2], "texture": "#1_2"}
			}
		},
		{
			"from": [2, -5, -2],
			"to": [10.25, -3, -1.5],
			"rotation": {"angle": 22.5, "axis": "y", "origin": [0, -4, 2]},
			"faces": {
				"north": {"uv": [0, 0, 8.25, 2], "texture": "#4"},
				"east": {"uv": [0, 0, 0.5, 2], "texture": "#4"},
				"south": {"uv": [0, 0, 8.25, 2], "texture": "#4"},
				"west": {"uv": [0, 0, 0.5, 2], "texture": "#4"},
				"up": {"uv": [0, 0, 8.25, 2], "texture": "#4"},
				"down": {"uv": [0, 0, 8.25, 0.5], "texture": "#4"}
			}
		},
		{
			"from": [2, -3, -2],
			"to": [7.25, 0, -1.5],
			"rotation": {"angle": 22.5, "axis": "y", "origin": [0, -2, 2]},
			"faces": {
				"north": {"uv": [0, 0, 5.25, 3], "texture": "#4"},
				"east": {"uv": [0, 0, 0.5, 3], "texture": "#4"},
				"south": {"uv": [0, 0, 5.25, 3], "texture": "#4"},
				"west": {"uv": [0, 0, 0.5, 3], "texture": "#4"},
				"up": {"uv": [0, 0, 5.25, 3], "texture": "#4"}
			}
		},
		{
			"from": [0.625, 0.925, -5.25],
			"to": [15.375, 3.775, -3],
			"rotation": {"angle": 0, "axis": "y", "origin": [0, -2, 2]},
			"faces": {
				"north": {"uv": [0, 0, 9.125, 2.85], "texture": "#4"},
				"east": {"uv": [0, 0, 9.125, 2.85], "texture": "#4"},
				"south": {"uv": [0, 0, 9.125, 2.85], "texture": "#4"},
				"up": {"uv": [0, 0, 9.125, 2.85], "texture": "#4"}
			}
		},
		{
			"from": [0.65, 3.75, -4],
			"to": [15.35, 9.5, -3],
			"rotation": {"angle": 0, "axis": "y", "origin": [0, -2, 2]},
			"faces": {
				"north": {"uv": [0, 0, 14.7, 5.75], "texture": "#9"},
				"east": {"uv": [0, 0, 1, 5.75], "texture": "#9"},
				"south": {"uv": [0, 0, 14.7, 5.75], "texture": "#9"},
				"west": {"uv": [0, 0, 1, 5.75], "texture": "#9"}
			}
		},
		{
			"from": [-0.0206, 5, -3.84672],
			"to": [0.9794, 9.5, -2.84672],
			"rotation": {"angle": 22.5, "axis": "y", "origin": [0.4794, 7, -3.34672]},
			"faces": {
				"north": {"uv": [0, 0, 1, 4.5], "texture": "#9"},
				"south": {"uv": [0, 0, 1, 4.5], "texture": "#9"},
				"down": {"uv": [0, 0, 1, 1], "texture": "#9"}
			}
		},
		{
			"from": [-0.96677, 5, -4.11732],
			"to": [0.03323, 9.5, -3.11732],
			"rotation": {"angle": 45, "axis": "y", "origin": [0.53323, 7, -3.61732]},
			"faces": {
				"north": {"uv": [0, 0, 1, 4.5], "texture": "#9"},
				"south": {"uv": [0, 0, 1, 4.5], "texture": "#9"},
				"west": {"uv": [0, 0, 1, 4.5], "texture": "#9"},
				"down": {"uv": [0, 0, 1, 1], "texture": "#9"}
			}
		},
		{
			"from": [-1.11039, 5.5, -2.75693],
			"to": [-0.11039, 9.5, -1.68193],
			"rotation": {"angle": -22.5, "axis": "y", "origin": [-0.61039, 7, -2.25693]},
			"faces": {
				"north": {"uv": [0, 0, 1, 4], "texture": "#9"},
				"east": {"uv": [0, 0, 1.075, 4], "texture": "#9"},
				"west": {"uv": [0, 0, 1.075, 4], "texture": "#9"},
				"down": {"uv": [0, 0, 1, 1.075], "texture": "#9"}
			}
		},
		{
			"from": [0.75, 24.75, -4],
			"to": [15.35, 27.25, -3],
			"rotation": {"angle": 0, "axis": "y", "origin": [0, 34.75, 2]},
			"faces": {
				"north": {"uv": [3, 3, 13, 13], "texture": "#7"},
				"east": {"uv": [3, 3, 13, 13], "texture": "#7"},
				"south": {"uv": [3, 3, 13, 13], "texture": "#7"},
				"up": {"uv": [3, 3, 13, 13], "texture": "#7"}
			}
		},
		{
			"from": [-0.0206, 24.75, -3.84672],
			"to": [0.9794, 27.25, -2.84672],
			"rotation": {"angle": 22.5, "axis": "y", "origin": [0.4794, 25.75, -3.34672]},
			"faces": {
				"north": {"uv": [3, 3, 13, 13], "texture": "#7"},
				"south": {"uv": [3, 3, 13, 13], "texture": "#7"},
				"up": {"uv": [3, 3, 13, 13], "texture": "#7"}
			}
		},
		{
			"from": [-0.96677, 24.75, -4.11732],
			"to": [0.03323, 27.25, -3.11732],
			"rotation": {"angle": 45, "axis": "y", "origin": [0.53323, 25.75, -3.61732]},
			"faces": {
				"north": {"uv": [3, 3, 13, 13], "texture": "#7"},
				"south": {"uv": [3, 3, 13, 13], "texture": "#7"},
				"up": {"uv": [3, 3, 13, 13], "texture": "#7"}
			}
		},
		{
			"from": [-1.11039, 24.75, -2.75693],
			"to": [-0.11039, 27.25, -1.68193],
			"rotation": {"angle": -22.5, "axis": "y", "origin": [-0.61039, 25.75, -2.25693]},
			"faces": {
				"north": {"uv": [3, 3, 13, 13], "texture": "#7"},
				"east": {"uv": [3, 3, 13, 13], "texture": "#7"},
				"south": {"uv": [3, 3, 13, 13], "texture": "#7"},
				"west": {"uv": [3, 3, 13, 13], "texture": "#7"},
				"up": {"uv": [3, 3, 13, 13], "texture": "#7"}
			}
		},
		{
			"from": [15.0206, 24.75, -3.84672],
			"to": [16.0206, 27.25, -2.84672],
			"rotation": {"angle": -22.5, "axis": "y", "origin": [15.5206, 25.75, -3.34672]},
			"faces": {
				"north": {"uv": [13, 3, 3, 13], "texture": "#7"},
				"south": {"uv": [13, 3, 3, 13], "texture": "#7"},
				"up": {"uv": [13, 3, 3, 13], "texture": "#7"}
			}
		},
		{
			"from": [15.96677, 24.75, -4.11732],
			"to": [16.96677, 27.25, -3.11732],
			"rotation": {"angle": -45, "axis": "y", "origin": [15.46677, 25.75, -3.61732]},
			"faces": {
				"north": {"uv": [13, 3, 3, 13], "texture": "#7"},
				"south": {"uv": [13, 3, 3, 13], "texture": "#7"},
				"up": {"uv": [13, 3, 3, 13], "texture": "#7"}
			}
		},
		{
			"from": [16.11039, 24.75, -2.75693],
			"to": [17.11039, 27.25, -1.68193],
			"rotation": {"angle": 22.5, "axis": "y", "origin": [16.61039, 25.75, -2.25693]},
			"faces": {
				"north": {"uv": [13, 3, 3, 13], "texture": "#7"},
				"east": {"uv": [13, 3, 3, 13], "texture": "#7"},
				"south": {"uv": [13, 3, 3, 13], "texture": "#7"},
				"west": {"uv": [13, 3, 3, 13], "texture": "#7"},
				"up": {"uv": [13, 3, 3, 13], "texture": "#7"}
			}
		},
		{
			"from": [0.75, 9.5, -4],
			"to": [15.35, 24.75, -3],
			"rotation": {"angle": 0, "axis": "y", "origin": [0, 32.25, 2]},
			"faces": {
				"north": {"uv": [3, 3, 13, 13], "texture": "#8"},
				"east": {"uv": [3, 3, 13, 13], "texture": "#8"},
				"south": {"uv": [4, 4, 13, 13], "texture": "#0"}
			}
		},
		{
			"from": [-0.0206, 9.5, -3.84672],
			"to": [0.9794, 24.75, -2.84672],
			"rotation": {"angle": 22.5, "axis": "y", "origin": [0.4794, 23.25, -3.34672]},
			"faces": {
				"north": {"uv": [3, 3, 13, 13], "texture": "#8"},
				"south": {"uv": [4, 4, 13, 13], "texture": "#0"}
			}
		},
		{
			"from": [-0.96677, 9.5, -4.11732],
			"to": [0.03323, 24.75, -3.11732],
			"rotation": {"angle": 45, "axis": "y", "origin": [0.53323, 23.25, -3.61732]},
			"faces": {
				"north": {"uv": [3, 3, 13, 13], "texture": "#8"},
				"south": {"uv": [4, 4, 13, 13], "texture": "#0"}
			}
		},
		{
			"from": [-1.11039, 9.5, -2.75693],
			"to": [-0.11039, 24.75, -1.68193],
			"rotation": {"angle": -22.5, "axis": "y", "origin": [-0.61039, 23.25, -2.25693]},
			"faces": {
				"north": {"uv": [3, 3, 13, 13], "texture": "#8"},
				"east": {"uv": [4, 4, 13, 13], "texture": "#0"},
				"west": {"uv": [4, 4, 12, 13], "texture": "#8"}
			}
		},
		{
			"from": [-0.37222, 3.30096, -5.25],
			"to": [0.62778, 5.92596, -3],
			"rotation": {"angle": 0, "axis": "y", "origin": [-0.12222, -1.82404, 2]},
			"faces": {
				"north": {"uv": [0, 0, 1, 2.625], "texture": "#4"},
				"east": {"uv": [0, 0, 1, 2.625], "texture": "#4"},
				"south": {"uv": [0, 0, 1, 2.625], "texture": "#4"},
				"west": {"uv": [0, 0, 1, 2.625], "texture": "#4"},
				"up": {"uv": [0, 0, 1, 2.625], "texture": "#4"},
				"down": {"uv": [0, 0, 1, 2.625], "texture": "#4"}
			}
		},
		{
			"name": "window",
			"from": [16.25, 10, 8],
			"to": [17.25, 14.75, 20],
			"rotation": {"angle": 0, "axis": "y", "origin": [16, 0, 2]},
			"faces": {
				"north": {"uv": [1, 0, 0, 4.75], "texture": "#3"},
				"east": {"uv": [16, 0, 0, 16], "texture": "#3"},
				"south": {"uv": [1, 0, 0, 4.75], "texture": "#6"},
				"west": {"uv": [14, 0, 0, 4.75], "texture": "#6"},
				"down": {"uv": [16, 0, 0, 16], "texture": "#3"}
			}
		},
		{
			"from": [16.25, 14.75, 8],
			"to": [17.25, 24.75, 10],
			"rotation": {"angle": 0, "axis": "y", "origin": [16, 0, 2]},
			"faces": {
				"north": {"uv": [1, 0, 0, 12.75], "texture": "#3"},
				"east": {"uv": [2, 0, 0, 12.75], "texture": "#3"},
				"west": {"uv": [2, 0, 0, 12.75], "texture": "#6"}
			}
		},
		{
			"from": [15.25, 3.05, -1.8],
			"to": [16.25, 12.75, 8],
			"rotation": {"angle": 0, "axis": "y", "origin": [16, 0, 2]},
			"faces": {
				"north": {"uv": [2, 0, 0, 12.75], "texture": "#3"},
				"east": {"uv": [2, 0, 0, 12.75], "texture": "#3"},
				"south": {"uv": [2, 0, 0, 12.75], "texture": "#3"},
				"west": {"uv": [2, 0, 0, 12.75], "texture": "#3"},
				"down": {"uv": [2, 0, 0, 12.75], "texture": "#3"}
			}
		},
		{
			"from": [15.25, 23.75, -1.8],
			"to": [16.25, 26.75, 8],
			"rotation": {"angle": 0, "axis": "y", "origin": [16, 0, 2]},
			"faces": {
				"north": {"uv": [2, 0, 0, 12.75], "texture": "#3"},
				"east": {"uv": [2, 0, 0, 12.75], "texture": "#3"},
				"west": {"uv": [2, 0, 0, 12.75], "texture": "#3"},
				"up": {"uv": [2, 0, 0, 12.75], "texture": "#3"}
			}
		},
		{
			"from": [15.25, 12.75, 6.2],
			"to": [16.25, 23.75, 8],
			"rotation": {"angle": 0, "axis": "y", "origin": [16, 0, 2]},
			"faces": {
				"east": {"uv": [2, 0, 0, 12.75], "texture": "#3"},
				"west": {"uv": [2, 0, 0, 12.75], "texture": "#3"}
			}
		},
		{
			"from": [15.25, 12.75, 0],
			"to": [16.25, 23.75, 6.2],
			"rotation": {"angle": 0, "axis": "y", "origin": [16, 0, 2]},
			"faces": {
				"east": {"uv": [0, 0, 16, 16], "texture": "#0"},
				"west": {"uv": [0, 0, 16, 16], "texture": "#0"}
			}
		},
		{
			"from": [15.25, 12.75, -1.8],
			"to": [16.25, 23.75, 0],
			"rotation": {"angle": 0, "axis": "y", "origin": [16, 0, 2]},
			"faces": {
				"north": {"uv": [2, 0, 0, 12.75], "texture": "#3"},
				"east": {"uv": [2, 0, 0, 12.75], "texture": "#3"},
				"west": {"uv": [2, 0, 0, 12.75], "texture": "#3"}
			}
		},
		{
			"from": [-0.25, 3.05, -1.8],
			"to": [0.75, 12.75, 8],
			"rotation": {"angle": 0, "axis": "y", "origin": [0, 0, 2]},
			"faces": {
				"north": {"uv": [0, 0, 2, 12.75], "texture": "#3"},
				"east": {"uv": [0, 0, 2, 12.75], "texture": "#3"},
				"south": {"uv": [0, 0, 2, 12.75], "texture": "#3"},
				"west": {"uv": [0, 0, 2, 12.75], "texture": "#3"},
				"down": {"uv": [0, 0, 2, 12.75], "texture": "#3"}
			}
		},
		{
			"from": [-0.25, 12.75, -1.8],
			"to": [0.75, 23.75, 0],
			"rotation": {"angle": 0, "axis": "y", "origin": [0, 0, 2]},
			"faces": {
				"north": {"uv": [0, 0, 2, 12.75], "texture": "#3"},
				"east": {"uv": [0, 0, 2, 12.75], "texture": "#3"},
				"west": {"uv": [0, 0, 2, 12.75], "texture": "#3"}
			}
		},
		{
			"from": [-0.25, 12.75, 0],
			"to": [0.75, 23.75, 6.2],
			"rotation": {"angle": 0, "axis": "y", "origin": [0, 0, 2]},
			"faces": {
				"east": {"uv": [16, 0, 0, 16], "texture": "#0"},
				"west": {"uv": [16, 0, 0, 16], "texture": "#0"}
			}
		},
		{
			"from": [-0.25, 23.75, -1.8],
			"to": [0.75, 26.75, 8],
			"rotation": {"angle": 0, "axis": "y", "origin": [0, 0, 2]},
			"faces": {
				"north": {"uv": [0, 0, 2, 12.75], "texture": "#3"},
				"east": {"uv": [0, 0, 2, 12.75], "texture": "#3"},
				"south": {"uv": [0, 0, 2, 12.75], "texture": "#3"},
				"west": {"uv": [0, 0, 2, 12.75], "texture": "#3"},
				"up": {"uv": [0, 0, 2, 12.75], "texture": "#3"}
			}
		},
		{
			"from": [-0.25, 12.75, 6.2],
			"to": [0.75, 23.75, 8],
			"rotation": {"angle": 0, "axis": "y", "origin": [0, 0, 2]},
			"faces": {
				"east": {"uv": [0, 0, 2, 12.75], "texture": "#3"},
				"west": {"uv": [0, 0, 2, 12.75], "texture": "#3"}
			}
		},
		{
			"from": [16.25, 24.75, -2],
			"to": [17.25, 27.3, 20],
			"rotation": {"angle": 0, "axis": "z", "origin": [15, 0, 2]},
			"faces": {
				"north": {"uv": [13, 3, 3, 13], "texture": "#7"},
				"east": {"uv": [13, 3, 3, 13], "texture": "#7"},
				"south": {"uv": [13, 3, 3, 13], "texture": "#7"},
				"west": {"uv": [13, 3, 3, 13], "texture": "#7"},
				"up": {"uv": [13, 3, 3, 13], "texture": "#7"},
				"down": {"uv": [13, 3, 3, 13], "texture": "#7"}
			}
		},
		{
			"from": [16.25, 14.75, 18],
			"to": [17.25, 24.75, 20],
			"rotation": {"angle": 0, "axis": "y", "origin": [16, 0, 2]},
			"faces": {
				"east": {"uv": [2, 0, 0, 12.75], "texture": "#3"},
				"south": {"uv": [1, 0, 0, 12.75], "texture": "#6"},
				"west": {"uv": [2, 0, 0, 12.75], "texture": "#6"}
			}
		},
		{
			"name": "roof",
			"from": [16.22457, 27.26364, -4],
			"to": [17.22457, 27.71364, 20],
			"rotation": {"angle": 0, "axis": "z", "origin": [17.22457, 28.31364, -1]},
			"faces": {
				"north": {"uv": [0, 1, 6, 0], "rotation": 90, "texture": "#4"},
				"east": {"uv": [0, 16, 6, 0], "rotation": 270, "texture": "#4"},
				"south": {"uv": [0, 1, 6, 0], "rotation": 270, "texture": "#6"},
				"west": {"uv": [0, 16, 6, 0], "rotation": 270, "texture": "#6"},
				"down": {"uv": [0, 1, 16, 0], "rotation": 270, "texture": "#4"}
			}
		},
		{
			"name": "roof",
			"from": [15.80362, 27.6299, -4],
			"to": [16.80362, 28.1299, 20],
			"rotation": {"angle": 22.5, "axis": "z", "origin": [16.80362, 28.7299, -1]},
			"faces": {
				"north": {"uv": [0, 1, 6, 0], "rotation": 90, "texture": "#4"},
				"east": {"uv": [0, 16, 6, 0], "rotation": 270, "texture": "#4"},
				"south": {"uv": [0, 1, 6, 0], "rotation": 270, "texture": "#6"},
				"west": {"uv": [0, 16, 6, 0], "rotation": 270, "texture": "#6"},
				"up": {"uv": [0, 1, 16, 0], "rotation": 270, "texture": "#4"}
			}
		},
		{
			"name": "roof",
			"from": [16.50186, 28.30695, -4],
			"to": [17.50186, 29.30695, 20],
			"rotation": {"angle": -45, "axis": "z", "origin": [15.90186, 29.30695, -1]},
			"faces": {
				"north": {"uv": [6, 0, 0, 1], "texture": "#4"},
				"east": {"uv": [16, 0, 0, 1], "texture": "#4"},
				"south": {"uv": [6, 0, 0, 1], "texture": "#6"},
				"up": {"uv": [6, 0, 0, 16], "texture": "#4"},
				"down": {"uv": [6, 0, 0, 16], "texture": "#6"}
			}
		},
		{
			"name": "roof",
			"from": [14.69515, 27.97835, -4],
			"to": [16.34515, 28.97835, 20],
			"rotation": {"angle": -22.5, "axis": "z", "origin": [16.09515, 28.97835, -1]},
			"faces": {
				"north": {"uv": [6, 0, 0, 1], "texture": "#4"},
				"south": {"uv": [6, 0, 0, 1], "texture": "#6"},
				"west": {"uv": [16, 0, 0, 1], "texture": "#4"},
				"up": {"uv": [6, 0, 0, 16], "texture": "#4"},
				"down": {"uv": [6, 0, 0, 16], "texture": "#6"}
			}
		},
		{
			"from": [16.25, 5.54328, 8],
			"to": [17.25, 10.04328, 20],
			"rotation": {"angle": 0, "axis": "z", "origin": [15.0461, 0.04328, 2]},
			"faces": {
				"north": {"uv": [1, 0, 0, 5.25], "texture": "#2"},
				"east": {"uv": [16, 0, 0, 5.25], "texture": "#2"},
				"south": {"uv": [1, 0, 0, 5.25], "texture": "#6"},
				"west": {"uv": [16, 0, 0, 5.25], "texture": "#6"},
				"up": {"uv": [1, 0, 0, 16], "texture": "#6"}
			}
		},
		{
			"from": [14, 1, 8],
			"to": [15, 6, 20],
			"rotation": {"angle": -22.5, "axis": "z", "origin": [15, 0, 2]},
			"faces": {
				"north": {"uv": [1, 0, 0, 4], "texture": "#4"},
				"east": {"uv": [16, 0, 0, 4], "texture": "#4"},
				"south": {"uv": [1, 0, 0, 4], "texture": "#6"},
				"west": {"uv": [16, 0, 0, 4], "texture": "#6"}
			}
		},
		{
			"from": [14, 1, -0.8],
			"to": [15, 3.25, 8],
			"rotation": {"angle": -22.5, "axis": "z", "origin": [15, 0, 2]},
			"faces": {
				"east": {"uv": [16, 0, 0, 4], "texture": "#4"},
				"up": {"uv": [1, 0, 0, 16], "texture": "#4"}
			}
		},
		{
			"from": [1, 1, -0.8],
			"to": [2, 3.5, 8],
			"rotation": {"angle": 22.5, "axis": "z", "origin": [1, 0, 2]},
			"faces": {
				"east": {"uv": [0, 0, 16, 4], "texture": "#6"},
				"west": {"uv": [0, 0, 16, 4], "texture": "#4"}
			}
		},
		{
			"from": [14, 1, -5.25],
			"to": [15, 6, -0.75],
			"rotation": {"angle": -22.5, "axis": "z", "origin": [15, 0, 2]},
			"faces": {
				"north": {"uv": [1, 0, 0, 5], "texture": "#4"},
				"east": {"uv": [1, 0, 0, 5], "texture": "#4"},
				"south": {"uv": [1, 0, 0, 5], "texture": "#4"},
				"west": {"uv": [1, 0, 0, 5], "texture": "#4"},
				"up": {"uv": [1, 0, 0, 5], "texture": "#4"}
			}
		},
		{
			"from": [15.37222, 3.30096, -5.25],
			"to": [16.37222, 5.92596, -3],
			"rotation": {"angle": 0, "axis": "y", "origin": [16.12222, -1.82404, 2]},
			"faces": {
				"north": {"uv": [1, 0, 0, 2.625], "texture": "#4"},
				"east": {"uv": [1, 0, 0, 2.625], "texture": "#4"},
				"south": {"uv": [1, 0, 0, 2.625], "texture": "#4"},
				"west": {"uv": [1, 0, 0, 2.625], "texture": "#4"},
				"up": {"uv": [1, 0, 0, 2.625], "texture": "#4"},
				"down": {"uv": [1, 0, 0, 2.625], "texture": "#4"}
			}
		},
		{
			"from": [16.29237, 5.5, -1.91704],
			"to": [17.29237, 9.5, -0.76704],
			"rotation": {"angle": 0, "axis": "z", "origin": [15.04821, 0, 0.08296]},
			"faces": {
				"east": {"uv": [1.15, 0, 0, 4], "texture": "#9"},
				"south": {"uv": [1, 0, 0, 4], "texture": "#9"},
				"west": {"uv": [1.15, 0, 0, 4], "texture": "#9"},
				"down": {"uv": [1, 0, 0, 1.15], "texture": "#9"}
			}
		},
		{
			"from": [16.29237, 9.5, -1.91704],
			"to": [17.29237, 24.75, -0.76704],
			"rotation": {"angle": 0, "axis": "z", "origin": [15.04821, 0, 0.08296]},
			"faces": {
				"east": {"uv": [1.15, 0, 0, 3.5], "texture": "#3"},
				"south": {"uv": [1.15, 0, 0, 3.5], "texture": "#3"},
				"west": {"uv": [1.15, 0, 0, 3.5], "texture": "#3"},
				"up": {"uv": [1.15, 0, 0, 3.5], "texture": "#3"}
			}
		},
		{
			"from": [16.11039, 5.5, -2.75693],
			"to": [17.11039, 9.5, -1.68193],
			"rotation": {"angle": 22.5, "axis": "y", "origin": [16.61039, 7, -2.25693]},
			"faces": {
				"north": {"uv": [1, 0, 0, 4], "texture": "#9"},
				"east": {"uv": [1.075, 0, 0, 4], "texture": "#9"},
				"west": {"uv": [1.075, 0, 0, 4], "texture": "#9"},
				"down": {"uv": [1, 0, 0, 1.075], "texture": "#9"}
			}
		},
		{
			"from": [15.96677, 5, -4.11732],
			"to": [16.96677, 9.5, -3.11732],
			"rotation": {"angle": -45, "axis": "y", "origin": [15.46677, 7, -3.61732]},
			"faces": {
				"north": {"uv": [1, 0, 0, 4.5], "texture": "#9"},
				"east": {"uv": [1, 0, 0, 4.5], "texture": "#9"},
				"south": {"uv": [1, 0, 0, 4.5], "texture": "#9"},
				"down": {"uv": [1, 0, 0, 1], "texture": "#9"}
			}
		},
		{
			"from": [15.0206, 5, -3.84672],
			"to": [16.0206, 9.5, -2.84672],
			"rotation": {"angle": -22.5, "axis": "y", "origin": [15.5206, 7, -3.34672]},
			"faces": {
				"north": {"uv": [1, 0, 0, 4.5], "texture": "#9"},
				"south": {"uv": [1, 0, 0, 4.5], "texture": "#9"},
				"down": {"uv": [1, 0, 0, 1], "texture": "#9"}
			}
		},
		{
			"from": [16.11039, 9.5, -2.75693],
			"to": [17.11039, 24.75, -1.68193],
			"rotation": {"angle": 22.5, "axis": "y", "origin": [16.61039, 23.25, -2.25693]},
			"faces": {
				"north": {"uv": [13, 3, 3, 13], "texture": "#8"},
				"east": {"uv": [12, 4, 4, 13], "texture": "#8"},
				"west": {"uv": [13, 4, 4, 13], "texture": "#0"}
			}
		},
		{
			"from": [15.96677, 9.5, -4.11732],
			"to": [16.96677, 24.75, -3.11732],
			"rotation": {"angle": -45, "axis": "y", "origin": [15.46677, 23.25, -3.61732]},
			"faces": {
				"north": {"uv": [13, 3, 3, 13], "texture": "#8"},
				"south": {"uv": [13, 4, 4, 13], "texture": "#0"}
			}
		},
		{
			"from": [15.0206, 9.5, -3.84672],
			"to": [16.0206, 24.75, -2.84672],
			"rotation": {"angle": -22.5, "axis": "y", "origin": [15.5206, 23.25, -3.34672]},
			"faces": {
				"north": {"uv": [13, 3, 3, 13], "texture": "#8"},
				"south": {"uv": [13, 4, 4, 13], "texture": "#0"}
			}
		},
		{
			"name": "window",
			"from": [16.25, 14.75, 10],
			"to": [17.25, 24.75, 18],
			"rotation": {"angle": 0, "axis": "y", "origin": [16, 0, 2]},
			"faces": {
				"east": {"uv": [16, 0, 0, 16], "texture": "#0"},
				"west": {"uv": [16, 0, 0, 16], "texture": "#0"}
			}
		},
		{
			"from": [14, -7.32842, 7.52376],
			"to": [15, -2.82842, 20.02376],
			"rotation": {"angle": -22.5, "axis": "x", "origin": [15, -2.07842, 0.52376]},
			"faces": {
				"north": {"uv": [1, 0, 0, 4], "texture": "#4"},
				"east": {"uv": [16, 0, 0, 4], "texture": "#4"},
				"south": {"uv": [1, 0, 0, 4], "texture": "#6"},
				"west": {"uv": [16, 0, 0, 4], "texture": "#4"},
				"up": {"uv": [1, 0, 0, 16], "texture": "#4"},
				"down": {"uv": [1, 0, 0, 16], "texture": "#4"}
			}
		},
		{
			"from": [14, -4.25, -2],
			"to": [15, 0.75, 9],
			"rotation": {"angle": 0, "axis": "z", "origin": [15, 0, 2]},
			"faces": {
				"north": {"uv": [1, 0, 0, 4], "texture": "#4"},
				"east": {"uv": [16, 0, 0, 4], "texture": "#4"},
				"south": {"uv": [1, 0, 0, 4], "texture": "#6"},
				"west": {"uv": [16, 0, 0, 4], "texture": "#4"},
				"down": {"uv": [1, 0, 0, 16], "texture": "#4"}
			}
		},
		{
			"from": [8.75, -3, -2],
			"to": [14, 0, -1.5],
			"rotation": {"angle": -22.5, "axis": "y", "origin": [16, -2, 2]},
			"faces": {
				"north": {"uv": [5.25, 0, 0, 3], "texture": "#4"},
				"east": {"uv": [0.5, 0, 0, 3], "texture": "#4"},
				"south": {"uv": [5.25, 0, 0, 3], "texture": "#4"},
				"west": {"uv": [0.5, 0, 0, 3], "texture": "#4"},
				"up": {"uv": [5.25, 0, 0, 3], "texture": "#4"}
			}
		},
		{
			"from": [5.75, -5, -2],
			"to": [14, -3, -1.5],
			"rotation": {"angle": -22.5, "axis": "y", "origin": [16, -4, 2]},
			"faces": {
				"north": {"uv": [8.25, 0, 0, 2], "texture": "#4"},
				"east": {"uv": [0.5, 0, 0, 2], "texture": "#4"},
				"south": {"uv": [8.25, 0, 0, 2], "texture": "#4"},
				"west": {"uv": [0.5, 0, 0, 2], "texture": "#4"},
				"up": {"uv": [8.25, 0, 0, 2], "texture": "#4"},
				"down": {"uv": [8.25, 0, 0, 0.5], "texture": "#4"}
			}
		},
		{
			"name": "light",
			"from": [1, 6, -4.25],
			"to": [2.5, 7.5, -4],
			"rotation": {"angle": 0, "axis": "y", "origin": [0, 0, 2]},
			"faces": {
				"north": {"uv": [0, 0, 16, 16], "texture": "#14"},
				"east": {"uv": [0, 0, 16, 16], "texture": "#14"},
				"west": {"uv": [0, 0, 16, 16], "texture": "#14"},
				"up": {"uv": [0, 0, 16, 16], "texture": "#14"},
				"down": {"uv": [0, 0, 16, 16], "texture": "#14"}
			}
		},
		{
			"name": "light",
			"from": [1, 4, -4.25],
			"to": [2.5, 5.5, -4],
			"rotation": {"angle": 0, "axis": "y", "origin": [0, 0, 2]},
			"faces": {
				"north": {"uv": [0, 0, 16, 16], "texture": "#15"},
				"east": {"uv": [0, 0, 16, 16], "texture": "#15"},
				"west": {"uv": [0, 0, 16, 16], "texture": "#15"},
				"up": {"uv": [0, 0, 16, 16], "texture": "#15"},
				"down": {"uv": [0, 0, 16, 16], "texture": "#15"}
			}
		},
		{
			"name": "light",
			"from": [1, 27.75, -4.25],
			"to": [2, 28.75, -4],
			"rotation": {"angle": 0, "axis": "y", "origin": [0, 0, 2]},
			"faces": {
				"north": {"uv": [0, 0, 16, 16], "texture": "#14"},
				"east": {"uv": [0, 0, 16, 16], "texture": "#14"},
				"south": {"uv": [0, 0, 16, 16], "texture": "#14"},
				"west": {"uv": [0, 0, 16, 16], "texture": "#14"},
				"up": {"uv": [0, 0, 16, 16], "texture": "#14"},
				"down": {"uv": [0, 0, 16, 16], "texture": "#14"}
			}
		},
		{
			"name": "light",
			"from": [2.5, 27.75, -4.25],
			"to": [3.5, 28.75, -4],
			"rotation": {"angle": 0, "axis": "y", "origin": [0, 0, 2]},
			"faces": {
				"north": {"uv": [0, 0, 16, 16], "texture": "#15"},
				"east": {"uv": [0, 0, 16, 16], "texture": "#15"},
				"west": {"uv": [0, 0, 16, 16], "texture": "#15"},
				"up": {"uv": [0, 0, 16, 16], "texture": "#15"},
				"down": {"uv": [0, 0, 16, 16], "texture": "#15"}
			}
		},
		{
			"name": "light",
			"from": [12.5, 27.75, -4.25],
			"to": [13.5, 28.75, -4],
			"rotation": {"angle": 0, "axis": "y", "origin": [16, 0, 2]},
			"faces": {
				"north": {"uv": [16, 0, 0, 16], "texture": "#15"},
				"east": {"uv": [16, 0, 0, 16], "texture": "#15"},
				"west": {"uv": [16, 0, 0, 16], "texture": "#15"},
				"up": {"uv": [16, 0, 0, 16], "texture": "#15"},
				"down": {"uv": [16, 0, 0, 16], "texture": "#15"}
			}
		},
		{
			"name": "light",
			"from": [14, 27.75, -4.25],
			"to": [15, 28.75, -4],
			"rotation": {"angle": 0, "axis": "y", "origin": [16, 0, 2]},
			"faces": {
				"north": {"uv": [16, 0, 0, 16], "texture": "#14"},
				"east": {"uv": [16, 0, 0, 16], "texture": "#14"},
				"south": {"uv": [16, 0, 0, 16], "texture": "#14"},
				"west": {"uv": [16, 0, 0, 16], "texture": "#14"},
				"up": {"uv": [16, 0, 0, 16], "texture": "#14"},
				"down": {"uv": [16, 0, 0, 16], "texture": "#14"}
			}
		},
		{
			"name": "light",
			"from": [13.5, 4, -4.25],
			"to": [15, 5.5, -4],
			"rotation": {"angle": 0, "axis": "y", "origin": [16, 0, 2]},
			"faces": {
				"north": {"uv": [16, 0, 0, 16], "texture": "#15"},
				"east": {"uv": [16, 0, 0, 16], "texture": "#15"},
				"west": {"uv": [16, 0, 0, 16], "texture": "#15"},
				"up": {"uv": [16, 0, 0, 16], "texture": "#15"},
				"down": {"uv": [16, 0, 0, 16], "texture": "#15"}
			}
		},
		{
			"name": "light",
			"from": [13.5, 6, -4.25],
			"to": [15, 7.5, -4],
			"rotation": {"angle": 0, "axis": "y", "origin": [16, 0, 2]},
			"faces": {
				"north": {"uv": [16, 0, 0, 16], "texture": "#14"},
				"east": {"uv": [16, 0, 0, 16], "texture": "#14"},
				"west": {"uv": [16, 0, 0, 16], "texture": "#14"},
				"up": {"uv": [16, 0, 0, 16], "texture": "#14"},
				"down": {"uv": [16, 0, 0, 16], "texture": "#14"}
			}
		},
		{
			"name": "hexadecagon",
			"from": [1.20109, 3.45, -5.25],
			"to": [1.59891, 3.8, -3.75],
			"rotation": {"angle": -45, "axis": "z", "origin": [1.4, 4.55, -4.25]},
			"faces": {
				"north": {"uv": [0, 0, 1, 1], "texture": "#4"},
				"east": {"uv": [0, 0, 1, 1], "texture": "#4"},
				"south": {"uv": [0, 0, 1, 1], "texture": "#4"},
				"west": {"uv": [0, 0, 1, 1], "texture": "#4"},
				"up": {"uv": [0, 0, 1, 1], "texture": "#4"},
				"down": {"uv": [0, 0, 1, 1], "texture": "#4"}
			}
		},
		{
			"name": "hexadecagon",
			"from": [1.20109, 3.55, -5.25],
			"to": [1.59891, 3.8, -3.75],
			"rotation": {"angle": -22.5, "axis": "z", "origin": [1.4, 4.55, -4.25]},
			"faces": {
				"north": {"uv": [0, 0, 1, 1], "texture": "#4"},
				"east": {"uv": [0, 0, 1, 1], "texture": "#4"},
				"south": {"uv": [0, 0, 1, 1], "texture": "#4"},
				"west": {"uv": [0, 0, 1, 1], "texture": "#4"},
				"up": {"uv": [0, 0, 1, 1], "texture": "#4"},
				"down": {"uv": [0, 0, 1, 1], "texture": "#4"}
			}
		},
		{
			"name": "hexadecagon",
			"from": [0.4, 4.35109, -5.25],
			"to": [0.65, 4.74891, -3.75],
			"rotation": {"angle": 22.5, "axis": "z", "origin": [1.4, 4.55, -4.25]},
			"faces": {
				"north": {"uv": [0, 0, 1, 1], "texture": "#4"},
				"east": {"uv": [0, 0, 1, 1], "texture": "#4"},
				"south": {"uv": [0, 0, 1, 1], "texture": "#4"},
				"west": {"uv": [0, 0, 1, 1], "texture": "#4"},
				"up": {"uv": [0, 0, 1, 1], "texture": "#4"},
				"down": {"uv": [0, 0, 1, 1], "texture": "#4"}
			}
		},
		{
			"name": "hexadecagon",
			"from": [14.40109, 3.45, -5.25],
			"to": [14.79891, 3.8, -3.75],
			"rotation": {"angle": 45, "axis": "z", "origin": [14.6, 4.55, -4.25]},
			"faces": {
				"north": {"uv": [1, 0, 0, 1], "texture": "#4"},
				"east": {"uv": [1, 0, 0, 1], "texture": "#4"},
				"south": {"uv": [1, 0, 0, 1], "texture": "#4"},
				"west": {"uv": [1, 0, 0, 1], "texture": "#4"},
				"up": {"uv": [1, 0, 0, 1], "texture": "#4"},
				"down": {"uv": [1, 0, 0, 1], "texture": "#4"}
			}
		},
		{
			"name": "hexadecagon",
			"from": [14.40109, 3.55, -5.25],
			"to": [14.79891, 3.8, -3.75],
			"rotation": {"angle": 22.5, "axis": "z", "origin": [14.6, 4.55, -4.25]},
			"faces": {
				"north": {"uv": [1, 0, 0, 1], "texture": "#4"},
				"east": {"uv": [1, 0, 0, 1], "texture": "#4"},
				"south": {"uv": [1, 0, 0, 1], "texture": "#4"},
				"west": {"uv": [1, 0, 0, 1], "texture": "#4"},
				"up": {"uv": [1, 0, 0, 1], "texture": "#4"},
				"down": {"uv": [1, 0, 0, 1], "texture": "#4"}
			}
		},
		{
			"name": "hexadecagon",
			"from": [15.35, 4.35109, -5.25],
			"to": [15.6, 4.74891, -3.75],
			"rotation": {"angle": -22.5, "axis": "z", "origin": [14.6, 4.55, -4.25]},
			"faces": {
				"north": {"uv": [1, 0, 0, 1], "texture": "#4"},
				"east": {"uv": [1, 0, 0, 1], "texture": "#4"},
				"south": {"uv": [1, 0, 0, 1], "texture": "#4"},
				"west": {"uv": [1, 0, 0, 1], "texture": "#4"},
				"up": {"uv": [1, 0, 0, 1], "texture": "#4"},
				"down": {"uv": [1, 0, 0, 1], "texture": "#4"}
			}
		},
		{
			"from": [10.7, 8.1, 17.37444],
			"to": [16.3, 15.7, 18.07444],
			"rotation": {"angle": 0, "axis": "y", "origin": [14.5, 11.9, 17.72444]},
			"faces": {
				"north": {"uv": [0, 0, 16, 16], "rotation": 270, "texture": "#1"},
				"east": {"uv": [0, 0, 16, 16], "rotation": 270, "texture": "#1"},
				"south": {"uv": [0, 0, 16, 16], "texture": "#1"},
				"west": {"uv": [0, 0, 16, 16], "rotation": 270, "texture": "#1"},
				"up": {"uv": [0, 0, 16, 16], "rotation": 270, "texture": "#1"}
			}
		},
		{
			"from": [10.7, 6.9, 12.47444],
			"to": [16.3, 8.1, 18.07444],
			"rotation": {"angle": 0, "axis": "y", "origin": [14.5, 7.5, 15.27444]},
			"faces": {
				"north": {"uv": [0, 0, 16, 16], "rotation": 270, "texture": "#1"},
				"east": {"uv": [0, 0, 16, 16], "rotation": 270, "texture": "#1"},
				"south": {"uv": [0, 0, 5.6, 1.2], "texture": "#1"},
				"west": {"uv": [0, 0, 16, 16], "rotation": 270, "texture": "#1"},
				"up": {"uv": [0, 0, 16, 16], "rotation": 270, "texture": "#1"},
				"down": {"uv": [0, 0, 16, 16], "rotation": 270, "texture": "#1"}
			}
		},
		{
			"from": [10.7, 7.62609, 16.41278],
			"to": [16.3, 12.52609, 17.11278],
			"rotation": {"angle": 22.5, "axis": "x", "origin": [14.5, 10.07609, 16.76278]},
			"faces": {
				"north": {"uv": [0, 0, 16, 16], "rotation": 270, "texture": "#1"},
				"east": {"uv": [0, 0, 16, 16], "rotation": 270, "texture": "#1"},
				"south": {"uv": [0, 0, 16, 16], "rotation": 270, "texture": "#1"},
				"west": {"uv": [0, 0, 16, 16], "rotation": 270, "texture": "#1"}
			}
		},
		{
			"from": [0.07203, 11.94154, 10],
			"to": [1.07203, 13.14154, 18],
			"rotation": {"angle": 22.5, "axis": "z", "origin": [0.12713, 11.58668, -8.73002]},
			"faces": {
				"north": {"uv": [0, 16, 16, 0], "rotation": 270, "texture": "#1"},
				"east": {"uv": [0, 16, 16, 0], "rotation": 270, "texture": "#1"},
				"south": {"uv": [0, 16, 16, 0], "rotation": 270, "texture": "#1"},
				"west": {"uv": [0, 16, 16, 0], "rotation": 270, "texture": "#1"},
				"up": {"uv": [0, 16, 16, 0], "rotation": 270, "texture": "#1"},
				"down": {"uv": [0, 16, 16, 0], "rotation": 270, "texture": "#1"}
			}
		},
		{
			"from": [-0.8175, 10.01082, 10],
			"to": [-0.3175, 11.01082, 18],
			"rotation": {"angle": 22.5, "axis": "z", "origin": [0.12713, 11.58668, -8.73002]},
			"faces": {
				"north": {"uv": [0, 16, 16, 0], "rotation": 270, "texture": "#1"},
				"east": {"uv": [0, 16, 16, 0], "rotation": 270, "texture": "#1"},
				"south": {"uv": [0, 16, 16, 0], "rotation": 270, "texture": "#1"},
				"west": {"uv": [0, 16, 16, 0], "rotation": 270, "texture": "#1"},
				"up": {"uv": [0, 16, 16, 0], "rotation": 270, "texture": "#1"},
				"down": {"uv": [0, 16, 16, 0], "rotation": 270, "texture": "#1"}
			}
		},
		{
			"from": [0.41288, 10.57284, 10],
			"to": [1.41288, 11.07284, 18],
			"rotation": {"angle": -45, "axis": "z", "origin": [0.12713, 11.58668, -8.73002]},
			"faces": {
				"north": {"uv": [16, 0, 0, 16], "texture": "#1"},
				"east": {"uv": [16, 0, 0, 16], "texture": "#1"},
				"south": {"uv": [16, 0, 0, 16], "texture": "#1"},
				"west": {"uv": [16, 0, 0, 16], "texture": "#1"},
				"up": {"uv": [16, 0, 0, 16], "texture": "#1"},
				"down": {"uv": [16, 0, 0, 16], "texture": "#1"}
			}
		},
		{
			"from": [0.11838, 10.61992, 10],
			"to": [1.11838, 11.11992, 18],
			"rotation": {"angle": -22.5, "axis": "z", "origin": [0.12713, 11.58668, -8.73002]},
			"faces": {
				"north": {"uv": [16, 0, 0, 16], "texture": "#1"},
				"east": {"uv": [16, 0, 0, 16], "texture": "#1"},
				"south": {"uv": [16, 0, 0, 16], "texture": "#1"},
				"west": {"uv": [16, 0, 0, 16], "texture": "#1"},
				"up": {"uv": [16, 0, 0, 16], "texture": "#1"},
				"down": {"uv": [16, 0, 0, 16], "texture": "#1"}
			}
		},
		{
			"from": [1.32473, 12.66159, 10],
			"to": [1.82473, 13.46159, 18],
			"rotation": {"angle": 45, "axis": "z", "origin": [0.24194, 11.30952, -8.73002]},
			"faces": {
				"north": {"uv": [0, 16, 16, 0], "rotation": 270, "texture": "#1"},
				"east": {"uv": [0, 16, 16, 0], "rotation": 270, "texture": "#1"},
				"south": {"uv": [0, 16, 16, 0], "rotation": 270, "texture": "#1"},
				"west": {"uv": [0, 16, 16, 0], "rotation": 270, "texture": "#1"},
				"up": {"uv": [0, 16, 16, 0], "rotation": 270, "texture": "#1"},
				"down": {"uv": [0, 16, 16, 0], "rotation": 270, "texture": "#1"}
			}
		},
		{
			"from": [-0.52522, 10.69316, 10],
			"to": [-0.02522, 13.59316, 18],
			"rotation": {"angle": 0, "axis": "y", "origin": [-0.02522, 14.14316, 8.5]},
			"faces": {
				"north": {"uv": [16, 0, 0, 16], "texture": "#1"},
				"east": {"uv": [16, 0, 0, 16], "texture": "#1"},
				"south": {"uv": [16, 0, 0, 16], "texture": "#1"},
				"west": {"uv": [16, 0, 0, 16], "texture": "#1"},
				"up": {"uv": [16, 0, 0, 16], "texture": "#1"},
				"down": {"uv": [16, 0, 0, 16], "texture": "#1"}
			}
		},
		{
			"from": [-0.1357, 10.77612, 10],
			"to": [0.8643, 12.27612, 18],
			"rotation": {"angle": 0, "axis": "y", "origin": [0.12713, 11.58668, -8.73002]},
			"faces": {
				"north": {"uv": [0, 16, 16, 0], "rotation": 270, "texture": "#1"},
				"east": {"uv": [0, 16, 16, 0], "rotation": 270, "texture": "#1"},
				"south": {"uv": [0, 16, 16, 0], "rotation": 270, "texture": "#1"},
				"west": {"uv": [0, 16, 16, 0], "rotation": 270, "texture": "#1"},
				"up": {"uv": [0, 16, 16, 0], "rotation": 270, "texture": "#1"},
				"down": {"uv": [0, 16, 16, 0], "rotation": 270, "texture": "#1"}
			}
		}
	],
	"display": {
		"head": {
			"scale": [2, 2, 2]
		}
	},
	"groups": [
		0,
		1,
		2,
		3,
		4,
		5,
		6,
		7,
		8,
		9,
		10,
		11,
		12,
		13,
		14,
		15,
		16,
		17,
		18,
		19,
		20,
		21,
		22,
		23,
		24,
		25,
		26,
		{
			"name": "body",
			"origin": [0, 0, 0],
			"color": 0,
			"children": []
		},
		27,
		28,
		{
			"name": "driver",
			"origin": [8, 10.07609, 4.76278],
			"color": 0,
			"children": [29, 30, 31]
		},
		{
			"name": "entetsu_controller",
			"origin": [8, 8, 8],
			"color": 0,
			"children": [32, 33, 34]
		},
		35,
		36,
		37,
		38,
		39,
		40,
		41,
		42,
		43,
		44,
		45,
		46,
		47,
		48,
		49,
		50,
		51,
		52,
		53,
		54,
		55,
		56,
		57,
		58,
		59,
		60,
		61,
		62,
		63,
		64,
		65,
		66,
		67,
		68,
		69,
		70,
		71,
		72,
		73,
		74,
		75,
		76,
		77,
		78,
		79,
		80,
		81,
		82,
		83,
		84,
		85,
		86,
		87,
		88,
		89,
		90,
		91,
		92,
		93,
		94,
		95,
		96,
		97,
		98,
		{
			"name": "hexadecagon",
			"origin": [8, 8, 8],
			"color": 0,
			"children": [99, 100, 101]
		},
		{
			"name": "hexadecagon",
			"origin": [8, 8, 8],
			"color": 0,
			"children": [102, 103, 104]
		},
		{
			"name": "driver",
			"origin": [8, 10.07609, 4.76278],
			"color": 0,
			"children": [105, 106, 107]
		},
		{
			"name": "leaner",
			"origin": [16.12287, 11.58668, -9.73002],
			"color": 0,
			"children": [108, 109, 110, 111, 112, 113, 114]
		}
	]
}