{
	"credit": "Made by Mike Shafter",
	"textures": {
		"3": "block/gray_concrete",
		"4": "block/white_terracotta",
		"5": "block/pink_concrete",
		"7": "block/anvil",
		"8": "block/white_stained_glass",
		"9": "block/white_concrete",
		"10": "block/glass",
		"11": "block/rail",
		"12": "block/birch_planks",
		"13": "block/ent_logo",
		"14": "block/yellow_concrete_powder",
		"particle": "block/glass"
	},
	"elements": [
		{
			"from": [-9, 17.86426, -8],
			"to": [25, 19.86426, 28],
			"rotation": {"angle": 0, "axis": "y", "origin": [8.5, 23.86426, 4.80467]},
			"faces": {
				"north": {"uv": [0, 0, 16, 16], "texture": "#5", "cullface": "north"},
				"east": {"uv": [0, 0, 16, 16], "texture": "#5", "cullface": "east"},
				"south": {"uv": [0, 0, 16, 16], "texture": "#5", "cullface": "up"},
				"west": {"uv": [0, 0, 16, 16], "texture": "#5", "cullface": "west"},
				"up": {"uv": [0, 0, 16, 16], "texture": "#5", "cullface": "up"},
				"down": {"uv": [0, 0, 16, 16], "texture": "#4", "cullface": "up"}
			}
		},
		{
			"from": [15, -8.13574, -10],
			"to": [24, 17.58926, -9],
			"rotation": {"angle": 0, "axis": "y", "origin": [8.5, 23.86426, 4.80467]},
			"faces": {
				"north": {"uv": [0, 0, 16, 16], "texture": "#5", "cullface": "north"},
				"east": {"uv": [0, 0, 16, 16], "texture": "#5", "cullface": "down"},
				"south": {"uv": [0, 0, 16, 16], "texture": "#4", "cullface": "north"},
				"west": {"uv": [0, 0, 16, 16], "texture": "#5", "cullface": "north"},
				"down": {"uv": [0, 0, 16, 16], "texture": "#4", "cullface": "down"}
			}
		},
		{
			"from": [-8, -8.13574, -10],
			"to": [1, 17.58926, -9],
			"rotation": {"angle": 0, "axis": "y", "origin": [7.5, 23.86426, 4.80467]},
			"faces": {
				"north": {"uv": [0, 0, 16, 16], "texture": "#5", "cullface": "north"},
				"east": {"uv": [0, 0, 16, 16], "texture": "#5", "cullface": "north"},
				"south": {"uv": [0, 0, 16, 16], "texture": "#4", "cullface": "north"},
				"west": {"uv": [0, 0, 16, 16], "texture": "#5", "cullface": "west"},
				"down": {"uv": [0, 0, 16, 16], "texture": "#4", "cullface": "down"}
			}
		},
		{
			"from": [0, -8, -14],
			"to": [1, 19, -10],
			"rotation": {"angle": 0, "axis": "y", "origin": [7.5, 23.86426, 4.80467]},
			"faces": {
				"north": {"uv": [0, 0, 16, 16], "texture": "#7", "cullface": "north"},
				"east": {"uv": [0, 0, 16, 16], "texture": "#7", "cullface": "north"},
				"south": {"uv": [0, 0, 16, 16], "texture": "#7", "cullface": "north"},
				"west": {"uv": [0, 0, 16, 16], "texture": "#7", "cullface": "west"},
				"up": {"uv": [0, 0, 16, 16], "texture": "#7", "cullface": "north"},
				"down": {"uv": [0, 0, 16, 16], "texture": "#7", "cullface": "down"}
			}
		},
		{
			"from": [15, -8, -14],
			"to": [16, 19, -10],
			"rotation": {"angle": 0, "axis": "y", "origin": [7.5, 23.86426, 4.80467]},
			"faces": {
				"north": {"uv": [0, 0, 16, 16], "texture": "#7", "cullface": "north"},
				"east": {"uv": [0, 0, 16, 16], "texture": "#7", "cullface": "north"},
				"south": {"uv": [0, 0, 16, 16], "texture": "#7", "cullface": "north"},
				"west": {"uv": [0, 0, 16, 16], "texture": "#7", "cullface": "north"},
				"up": {"uv": [0, 0, 16, 16], "texture": "#7", "cullface": "north"},
				"down": {"uv": [0, 0, 16, 16], "texture": "#7", "cullface": "down"}
			}
		},
		{
			"from": [1, 18, -14],
			"to": [15, 19, -10],
			"rotation": {"angle": 0, "axis": "y", "origin": [7.5, 23.86426, 4.80467]},
			"faces": {
				"north": {"uv": [0, 0, 16, 16], "texture": "#7", "cullface": "north"},
				"south": {"uv": [0, 0, 16, 16], "texture": "#7", "cullface": "north"},
				"up": {"uv": [0, 0, 16, 16], "texture": "#7", "cullface": "north"},
				"down": {"uv": [0, 0, 16, 16], "texture": "#7", "cullface": "north"}
			}
		},
		{
			"from": [1, -8, -14],
			"to": [15, -7, -10],
			"rotation": {"angle": 0, "axis": "y", "origin": [7.5, 23.86426, 4.80467]},
			"faces": {
				"north": {"uv": [0, 0, 16, 16], "texture": "#7", "cullface": "down"},
				"south": {"uv": [0, 0, 16, 16], "texture": "#7", "cullface": "down"},
				"up": {"uv": [0, 0, 16, 16], "texture": "#7", "cullface": "down"},
				"down": {"uv": [0, 0, 16, 16], "texture": "#7", "cullface": "down"}
			}
		},
		{
			"from": [-9, -10, -9.5],
			"to": [-8, -8, 28],
			"rotation": {"angle": 0, "axis": "y", "origin": [8.5, 24, 5]},
			"faces": {
				"east": {"uv": [0, 0, 16, 16], "texture": "#5", "cullface": "west"},
				"south": {"uv": [0, 0, 16, 16], "texture": "#3", "cullface": "west"},
				"west": {"uv": [0, 0, 16, 16], "texture": "#3", "cullface": "west"},
				"up": {"uv": [12, 0, 14, 16], "texture": "#11", "cullface": "west"}
			}
		},
		{
			"from": [-9, -13, -7],
			"to": [-8, -10, 28],
			"rotation": {"angle": 0, "axis": "y", "origin": [8.5, 24, 5]},
			"faces": {
				"east": {"uv": [0, 0, 16, 16], "texture": "#3", "cullface": "west"},
				"south": {"uv": [0, 0, 16, 16], "texture": "#3", "cullface": "west"},
				"west": {"uv": [0, 0, 16, 16], "texture": "#3", "cullface": "west"},
				"down": {"uv": [0, 0, 16, 16], "texture": "#3", "cullface": "west"}
			}
		},
		{
			"from": [24, -13, -7],
			"to": [25, -10, 28],
			"rotation": {"angle": 0, "axis": "y", "origin": [7.5, 24, 5]},
			"faces": {
				"east": {"uv": [16, 0, 0, 16], "texture": "#3", "cullface": "down"},
				"south": {"uv": [16, 0, 0, 16], "texture": "#3", "cullface": "down"},
				"west": {"uv": [16, 0, 0, 16], "texture": "#3", "cullface": "down"},
				"down": {"uv": [16, 0, 0, 16], "texture": "#3", "cullface": "down"}
			}
		},
		{
			"from": [-9, -9.30866, -9.96194],
			"to": [25, -7.80866, -8.96194],
			"rotation": {"angle": 0, "axis": "y", "origin": [8, -8.55866, -9.46194]},
			"faces": {
				"north": {"uv": [0, 0, 16, 16], "texture": "#5", "cullface": "down"},
				"east": {"uv": [0, 0, 16, 16], "texture": "#3", "cullface": "down"},
				"south": {"uv": [0, 0, 16, 16], "texture": "#5", "cullface": "down"},
				"west": {"uv": [0, 0, 16, 16], "texture": "#3", "cullface": "west"},
				"up": {"uv": [0, 0, 16, 16], "texture": "#5", "cullface": "down"}
			}
		},
		{
			"from": [-9, -10.56023, -9.71299],
			"to": [25, -9.06023, -8.71299],
			"rotation": {"angle": -22.5, "axis": "x", "origin": [8, -9.81023, -9.21299]},
			"faces": {
				"north": {"uv": [0, 0, 16, 16], "texture": "#5", "cullface": "down"},
				"east": {"uv": [0, 0, 16, 16], "texture": "#3", "cullface": "down"},
				"south": {"uv": [0, 0, 16, 16], "texture": "#5", "cullface": "down"},
				"west": {"uv": [0, 0, 16, 16], "texture": "#3", "cullface": "west"},
				"down": {"uv": [0, 0, 16, 16], "texture": "#5", "cullface": "down"}
			}
		},
		{
			"from": [-9, -13.32836, -8.29692],
			"to": [-6, -9.82836, -5.29692],
			"rotation": {"angle": -45, "axis": "x", "origin": [8, -11.57836, -7.79692]},
			"faces": {
				"north": {"uv": [0, 0, 16, 16], "texture": "#5", "cullface": "west"},
				"east": {"uv": [0, 0, 16, 16], "texture": "#3", "cullface": "west"},
				"south": {"uv": [0, 0, 16, 16], "texture": "#5", "cullface": "west"},
				"west": {"uv": [0, 0, 16, 16], "texture": "#3", "cullface": "west"},
				"down": {"uv": [0, 0, 16, 16], "texture": "#5", "cullface": "west"}
			}
		},
		{
			"from": [22, -13.32836, -8.29692],
			"to": [25, -9.82836, -5.29692],
			"rotation": {"angle": -45, "axis": "x", "origin": [8, -11.57836, -7.79692]},
			"faces": {
				"north": {"uv": [16, 0, 0, 16], "texture": "#5", "cullface": "down"},
				"east": {"uv": [16, 0, 0, 16], "texture": "#3", "cullface": "down"},
				"south": {"uv": [16, 0, 0, 16], "texture": "#5", "cullface": "down"},
				"west": {"uv": [16, 0, 0, 16], "texture": "#3", "cullface": "down"},
				"down": {"uv": [16, 0, 0, 16], "texture": "#5", "cullface": "down"}
			}
		},
		{
			"from": [24, -10, -9.5],
			"to": [25, -8, 28],
			"rotation": {"angle": 0, "axis": "y", "origin": [8.5, 24, 5]},
			"faces": {
				"east": {"uv": [0, 0, 16, 16], "texture": "#3", "cullface": "down"},
				"south": {"uv": [0, 0, 16, 16], "texture": "#3", "cullface": "down"},
				"west": {"uv": [0, 0, 16, 16], "texture": "#5", "cullface": "down"},
				"up": {"uv": [2, 0, 4, 16], "texture": "#11", "cullface": "down"}
			}
		},
		{
			"from": [-8, -10, -9],
			"to": [24, -8, 28],
			"rotation": {"angle": 0, "axis": "y", "origin": [8.5, 24, 5]},
			"faces": {
				"south": {"uv": [0, 0, 16, 16], "texture": "#12", "cullface": "down"},
				"up": {"uv": [0, 0, 16, 16], "rotation": 90, "texture": "#12", "cullface": "down"},
				"down": {"uv": [0, 0, 16, 16], "texture": "#7", "cullface": "down"}
			}
		},
		{
			"from": [-9.05, 8, -8],
			"to": [-9.05, 20, 4],
			"rotation": {"angle": 0, "axis": "y", "origin": [8.25, 24.25209, -11.25366]},
			"faces": {
				"west": {"uv": [0, 0, 16, 16], "texture": "#13", "cullface": "west"}
			}
		},
		{
			"from": [-9, 4, -6],
			"to": [-8, 16, 2],
			"rotation": {"angle": 0, "axis": "y", "origin": [8.25, 24.25209, -11.25366]},
			"faces": {
				"east": {"uv": [0, 0, 16, 16], "texture": "#10", "cullface": "west"},
				"west": {"uv": [0, 0, 16, 16], "texture": "#8", "cullface": "west"}
			}
		},
		{
			"from": [-9, -8, -10],
			"to": [-8, -1, 5],
			"rotation": {"angle": 0, "axis": "y", "origin": [8.25, 24.25209, -11.25366]},
			"faces": {
				"north": {"uv": [0, 0, 16, 16], "texture": "#5", "cullface": "west"},
				"east": {"uv": [0, 0, 16, 16], "texture": "#4", "cullface": "west"},
				"south": {"uv": [0, 0, 16, 16], "texture": "#4", "cullface": "west"},
				"west": {"uv": [0, 0, 16, 16], "texture": "#5", "cullface": "west"},
				"down": {"uv": [0, 0, 16, 16], "texture": "#4", "cullface": "west"}
			}
		},
		{
			"from": [-9, 16, -10],
			"to": [-8, 18, 5],
			"rotation": {"angle": 0, "axis": "y", "origin": [8.25, 24.25209, -11.25366]},
			"faces": {
				"north": {"uv": [0, 0, 16, 16], "texture": "#5", "cullface": "west"},
				"east": {"uv": [0, 0, 16, 16], "texture": "#4", "cullface": "west"},
				"south": {"uv": [0, 0, 16, 16], "texture": "#4", "cullface": "west"},
				"west": {"uv": [0, 0, 16, 16], "texture": "#5", "cullface": "west"}
			}
		},
		{
			"from": [-9, -1, -10],
			"to": [-8, 16, -6],
			"rotation": {"angle": 0, "axis": "y", "origin": [8.25, 24.25209, -11.25366]},
			"faces": {
				"north": {"uv": [0, 0, 16, 16], "texture": "#5", "cullface": "west"},
				"east": {"uv": [0, 0, 16, 16], "texture": "#4", "cullface": "west"},
				"west": {"uv": [0, 0, 16, 16], "texture": "#9", "cullface": "west"}
			}
		},
		{
			"from": [-9, -1, 2],
			"to": [-8, 16, 5],
			"rotation": {"angle": 0, "axis": "y", "origin": [8.25, 24.25209, -11.25366]},
			"faces": {
				"east": {"uv": [0, 0, 16, 16], "texture": "#4", "cullface": "west"},
				"south": {"uv": [0, 0, 16, 16], "texture": "#4", "cullface": "west"},
				"west": {"uv": [0, 0, 16, 16], "texture": "#9", "cullface": "west"}
			}
		},
		{
			"from": [-9, -1, -6],
			"to": [-8, 4, 2],
			"rotation": {"angle": 0, "axis": "y", "origin": [8.25, 24.25209, -11.25366]},
			"faces": {
				"east": {"uv": [0, 0, 16, 16], "texture": "#4", "cullface": "west"},
				"west": {"uv": [0, 0, 16, 16], "texture": "#9", "cullface": "west"}
			}
		},
		{
			"from": [24, -1, -6],
			"to": [25, 4, 2],
			"rotation": {"angle": 0, "axis": "y", "origin": [7.75, 24.25209, -11.25366]},
			"faces": {
				"east": {"uv": [16, 0, 0, 16], "texture": "#9", "cullface": "east"},
				"west": {"uv": [16, 0, 0, 16], "texture": "#4", "cullface": "east"}
			}
		},
		{
			"from": [24, 16, -10],
			"to": [25, 18, 5],
			"rotation": {"angle": 0, "axis": "y", "origin": [7.75, 24.25209, -11.25366]},
			"faces": {
				"north": {"uv": [0, 0, 16, 16], "texture": "#5", "cullface": "north"},
				"east": {"uv": [0, 0, 16, 16], "texture": "#5", "cullface": "east"},
				"south": {"uv": [0, 0, 16, 16], "texture": "#4", "cullface": "east"},
				"west": {"uv": [0, 0, 16, 16], "texture": "#4", "cullface": "east"}
			}
		},
		{
			"from": [24, -8, -10],
			"to": [25, -1, 5],
			"rotation": {"angle": 0, "axis": "y", "origin": [7.75, 24.25209, -11.25366]},
			"faces": {
				"north": {"uv": [0, 0, 16, 16], "texture": "#5", "cullface": "down"},
				"east": {"uv": [0, 0, 16, 16], "texture": "#5", "cullface": "down"},
				"south": {"uv": [0, 0, 16, 16], "texture": "#4", "cullface": "down"},
				"west": {"uv": [0, 0, 16, 16], "texture": "#4", "cullface": "down"},
				"down": {"uv": [0, 0, 16, 16], "texture": "#4", "cullface": "down"}
			}
		},
		{
			"from": [24, -1, 2],
			"to": [25, 16, 5],
			"rotation": {"angle": 0, "axis": "y", "origin": [7.75, 24.25209, -11.25366]},
			"faces": {
				"east": {"uv": [0, 0, 16, 16], "texture": "#9", "cullface": "east"},
				"south": {"uv": [0, 0, 16, 16], "texture": "#4", "cullface": "east"},
				"west": {"uv": [0, 0, 16, 16], "texture": "#4", "cullface": "east"}
			}
		},
		{
			"from": [24, -1, -10],
			"to": [25, 16, -6],
			"rotation": {"angle": 0, "axis": "y", "origin": [7.75, 24.25209, -11.25366]},
			"faces": {
				"north": {"uv": [0, 0, 16, 16], "texture": "#5", "cullface": "north"},
				"east": {"uv": [0, 0, 16, 16], "texture": "#9", "cullface": "north"},
				"west": {"uv": [0, 0, 16, 16], "texture": "#4", "cullface": "north"}
			}
		},
		{
			"from": [24, 4, -6],
			"to": [25, 16, 2],
			"rotation": {"angle": 0, "axis": "y", "origin": [7.75, 24.25209, -11.25366]},
			"faces": {
				"east": {"uv": [0, 0, 16, 16], "texture": "#8", "cullface": "east"},
				"west": {"uv": [0, 0, 16, 16], "texture": "#10", "cullface": "east"}
			}
		},
		{
			"from": [25.05, 8, -8],
			"to": [25.05, 20, 4],
			"rotation": {"angle": 0, "axis": "y", "origin": [7.75, 24.25209, -11.25366]},
			"faces": {
				"east": {"uv": [0, 0, 16, 16], "texture": "#13", "cullface": "east"}
			}
		},
		{
			"from": [-1, 19.8643, 4],
			"to": [17, 21.8643, 28],
			"rotation": {"angle": 0, "axis": "y", "origin": [8, 20.8643, 8]},
			"faces": {
				"north": {"uv": [0, 0, 16, 2], "texture": "#3", "cullface": "up"},
				"east": {"uv": [0, 0, 16, 2], "texture": "#3", "cullface": "east"},
				"south": {"uv": [0, 0, 16, 2], "texture": "#3", "cullface": "up"},
				"west": {"uv": [0, 0, 16, 2], "texture": "#3", "cullface": "west"},
				"up": {"uv": [0, 0, 16, 16], "texture": "#7", "cullface": "up"},
				"down": {"uv": [0, 0, 16, 2], "texture": "#3", "cullface": "up"}
			}
		},
		{
			"from": [-9, 17.50218, -10],
			"to": [25, 18.29782, -8.5],
			"rotation": {"angle": 0, "axis": "x", "origin": [8, 17.9, -8]},
			"faces": {
				"north": {"uv": [0, 0, 1, 1], "texture": "#5", "cullface": "north"},
				"east": {"uv": [0, 0, 1, 1], "texture": "#5", "cullface": "north"},
				"south": {"uv": [0, 0, 1, 1], "texture": "#5", "cullface": "north"},
				"west": {"uv": [0, 0, 1, 1], "texture": "#5", "cullface": "west"},
				"up": {"uv": [0, 0, 1, 1], "texture": "#5", "cullface": "north"},
				"down": {"uv": [0, 0, 1, 1], "texture": "#5", "cullface": "north"}
			}
		},
		{
			"from": [-9, 17.50218, -10],
			"to": [25, 18.29782, -8.5],
			"rotation": {"angle": 22.5, "axis": "x", "origin": [8, 17.9, -8]},
			"faces": {
				"north": {"uv": [0, 0, 1, 1], "texture": "#5", "cullface": "north"},
				"east": {"uv": [0, 0, 1, 1], "texture": "#5", "cullface": "north"},
				"west": {"uv": [0, 0, 1, 1], "texture": "#5", "cullface": "west"},
				"up": {"uv": [0, 0, 1, 1], "texture": "#5", "cullface": "north"},
				"down": {"uv": [0, 0, 1, 1], "texture": "#5", "cullface": "north"}
			}
		},
		{
			"from": [-9, 17.50218, -10],
			"to": [25, 18.29782, -8],
			"rotation": {"angle": 45, "axis": "x", "origin": [8, 17.9, -8]},
			"faces": {
				"north": {"uv": [0, 0, 1, 1], "texture": "#5", "cullface": "north"},
				"east": {"uv": [0, 0, 1, 1], "texture": "#5", "cullface": "north"},
				"south": {"uv": [0, 0, 1, 1], "texture": "#5", "cullface": "north"},
				"west": {"uv": [0, 0, 1, 1], "texture": "#5", "cullface": "west"},
				"up": {"uv": [0, 0, 1, 1], "texture": "#5", "cullface": "north"},
				"down": {"uv": [0, 0, 1, 1], "texture": "#5", "cullface": "north"}
			}
		},
		{
			"from": [-9, 18.4, -8.39782],
			"to": [25, 19.9, -7.60218],
			"rotation": {"angle": -22.5, "axis": "x", "origin": [8, 17.9, -8]},
			"faces": {
				"north": {"uv": [0, 0, 1, 1], "texture": "#5", "cullface": "north"},
				"east": {"uv": [0, 0, 1, 1], "texture": "#5", "cullface": "north"},
				"south": {"uv": [0, 0, 1, 1], "texture": "#4", "cullface": "north"},
				"west": {"uv": [0, 0, 1, 1], "texture": "#5", "cullface": "west"},
				"up": {"uv": [0, 0, 1, 1], "texture": "#5", "cullface": "north"}
			}
		},
		{
			"from": [-9, 18.4, -8.39782],
			"to": [25, 19.9, -7.60218],
			"rotation": {"angle": 0, "axis": "x", "origin": [8, 17.9, -8]},
			"faces": {
				"north": {"uv": [0, 0, 1, 1], "texture": "#5", "cullface": "north"},
				"east": {"uv": [0, 0, 1, 1], "texture": "#5", "cullface": "north"},
				"south": {"uv": [0, 0, 1, 1], "texture": "#5", "cullface": "north"},
				"west": {"uv": [0, 0, 1, 1], "texture": "#5", "cullface": "west"},
				"up": {"uv": [0, 0, 1, 1], "texture": "#5", "cullface": "north"}
			}
		},
		{
			"from": [22.67797, 1.94154, -8],
			"to": [23.67797, 3.14154, 3],
			"rotation": {"angle": -22.5, "axis": "z", "origin": [23.62287, 1.58668, -22.73002]},
			"faces": {
				"north": {"uv": [0, 0, 16, 16], "rotation": 270, "texture": "#14", "cullface": "north"},
				"south": {"uv": [0, 0, 16, 16], "rotation": 270, "texture": "#14", "cullface": "east"},
				"west": {"uv": [0, 0, 16, 16], "rotation": 270, "texture": "#14", "cullface": "east"},
				"down": {"uv": [0, 0, 16, 16], "rotation": 270, "texture": "#14", "cullface": "east"}
			}
		},
		{
			"from": [24.0675, 0.01082, -8],
			"to": [24.5675, 1.01082, 3],
			"rotation": {"angle": -22.5, "axis": "z", "origin": [23.62287, 1.58668, -22.73002]},
			"faces": {
				"north": {"uv": [0, 0, 16, 16], "rotation": 270, "texture": "#14", "cullface": "north"},
				"east": {"uv": [0, 0, 16, 16], "rotation": 270, "texture": "#14", "cullface": "east"},
				"south": {"uv": [0, 0, 16, 16], "rotation": 270, "texture": "#14", "cullface": "east"},
				"down": {"uv": [0, 0, 16, 16], "rotation": 270, "texture": "#14", "cullface": "down"}
			}
		},
		{
			"from": [22.33712, 0.57284, -8],
			"to": [23.33712, 1.07284, 3],
			"rotation": {"angle": 45, "axis": "z", "origin": [23.62287, 1.58668, -22.73002]},
			"faces": {
				"north": {"uv": [0, 0, 16, 16], "texture": "#14", "cullface": "north"},
				"south": {"uv": [0, 0, 16, 16], "texture": "#14", "cullface": "east"},
				"west": {"uv": [0, 0, 16, 16], "texture": "#14", "cullface": "east"}
			}
		},
		{
			"from": [22.63162, 0.61992, -8],
			"to": [23.63162, 1.11992, 3],
			"rotation": {"angle": 22.5, "axis": "z", "origin": [23.62287, 1.58668, -22.73002]},
			"faces": {
				"north": {"uv": [0, 0, 16, 16], "texture": "#14", "cullface": "north"},
				"south": {"uv": [0, 0, 16, 16], "texture": "#14", "cullface": "east"},
				"west": {"uv": [0, 0, 16, 16], "texture": "#14", "cullface": "east"},
				"up": {"uv": [0, 0, 16, 16], "texture": "#14", "cullface": "east"},
				"down": {"uv": [0, 0, 16, 16], "texture": "#14", "cullface": "east"}
			}
		},
		{
			"from": [21.92527, 2.66159, -8],
			"to": [22.42527, 3.46159, 3],
			"rotation": {"angle": -45, "axis": "z", "origin": [23.50806, 1.30952, -22.73002]},
			"faces": {
				"north": {"uv": [0, 0, 16, 16], "rotation": 270, "texture": "#14", "cullface": "north"},
				"south": {"uv": [0, 0, 16, 16], "rotation": 270, "texture": "#14", "cullface": "east"},
				"west": {"uv": [0, 0, 16, 16], "rotation": 270, "texture": "#14", "cullface": "east"},
				"up": {"uv": [0, 0, 16, 16], "rotation": 270, "texture": "#14", "cullface": "east"}
			}
		},
		{
			"from": [23.77522, 0.69316, -8],
			"to": [24.27522, 3.59316, 3],
			"rotation": {"angle": 0, "axis": "y", "origin": [23.77522, 4.14316, -5.5]},
			"faces": {
				"north": {"uv": [0, 0, 16, 16], "rotation": 180, "texture": "#14", "cullface": "north"},
				"south": {"uv": [0, 0, 16, 16], "rotation": 180, "texture": "#14", "cullface": "east"}
			}
		},
		{
			"from": [22.8857, 0.77612, -8],
			"to": [23.8857, 2.27612, 3],
			"rotation": {"angle": 0, "axis": "y", "origin": [23.62287, 1.58668, -22.73002]},
			"faces": {
				"north": {"uv": [0, 0, 16, 16], "rotation": 270, "texture": "#14", "cullface": "north"},
				"south": {"uv": [0, 0, 16, 16], "rotation": 270, "texture": "#14", "cullface": "east"},
				"west": {"uv": [0, 0, 16, 16], "rotation": 270, "texture": "#14", "cullface": "east"}
			}
		},
		{
			"from": [-7.67797, 1.94154, -8],
			"to": [-6.67797, 3.14154, 3],
			"rotation": {"angle": 22.5, "axis": "z", "origin": [-7.62287, 1.58668, -22.73002]},
			"faces": {
				"north": {"uv": [0, 16, 16, 0], "rotation": 270, "texture": "#14", "cullface": "west"},
				"east": {"uv": [0, 16, 16, 0], "rotation": 270, "texture": "#14", "cullface": "west"},
				"south": {"uv": [0, 16, 16, 0], "rotation": 270, "texture": "#14", "cullface": "west"},
				"down": {"uv": [0, 16, 16, 0], "rotation": 270, "texture": "#14", "cullface": "west"}
			}
		},
		{
			"from": [-8.5675, 0.01082, -8],
			"to": [-8.0675, 1.01082, 3],
			"rotation": {"angle": 22.5, "axis": "z", "origin": [-7.62287, 1.58668, -22.73002]},
			"faces": {
				"north": {"uv": [0, 16, 16, 0], "rotation": 270, "texture": "#14", "cullface": "west"},
				"south": {"uv": [0, 16, 16, 0], "rotation": 270, "texture": "#14", "cullface": "west"},
				"west": {"uv": [0, 16, 16, 0], "rotation": 270, "texture": "#14", "cullface": "west"},
				"down": {"uv": [0, 16, 16, 0], "rotation": 270, "texture": "#14", "cullface": "west"}
			}
		},
		{
			"from": [-7.33712, 0.57284, -8],
			"to": [-6.33712, 1.07284, 3],
			"rotation": {"angle": -45, "axis": "z", "origin": [-7.62287, 1.58668, -22.73002]},
			"faces": {
				"north": {"uv": [16, 0, 0, 16], "texture": "#14", "cullface": "west"},
				"east": {"uv": [16, 0, 0, 16], "texture": "#14", "cullface": "west"},
				"south": {"uv": [16, 0, 0, 16], "texture": "#14", "cullface": "west"}
			}
		},
		{
			"from": [-7.63162, 0.61992, -8],
			"to": [-6.63162, 1.11992, 3],
			"rotation": {"angle": -22.5, "axis": "z", "origin": [-7.62287, 1.58668, -22.73002]},
			"faces": {
				"north": {"uv": [16, 0, 0, 16], "texture": "#14", "cullface": "west"},
				"east": {"uv": [16, 0, 0, 16], "texture": "#14", "cullface": "west"},
				"south": {"uv": [16, 0, 0, 16], "texture": "#14", "cullface": "west"},
				"up": {"uv": [16, 0, 0, 16], "texture": "#14", "cullface": "west"},
				"down": {"uv": [16, 0, 0, 16], "texture": "#14", "cullface": "west"}
			}
		},
		{
			"from": [-6.42527, 2.66159, -8],
			"to": [-5.92527, 3.46159, 3],
			"rotation": {"angle": 45, "axis": "z", "origin": [-7.50806, 1.30952, -22.73002]},
			"faces": {
				"north": {"uv": [0, 16, 16, 0], "rotation": 270, "texture": "#14", "cullface": "west"},
				"east": {"uv": [0, 16, 16, 0], "rotation": 270, "texture": "#14", "cullface": "west"},
				"south": {"uv": [0, 16, 16, 0], "rotation": 270, "texture": "#14", "cullface": "west"},
				"up": {"uv": [0, 16, 16, 0], "rotation": 270, "texture": "#14", "cullface": "west"}
			}
		},
		{
			"from": [-8.27522, 0.69316, -8],
			"to": [-7.77522, 3.59316, 3],
			"rotation": {"angle": 0, "axis": "y", "origin": [-7.77522, 4.14316, -5.5]},
			"faces": {
				"north": {"uv": [16, 0, 0, 16], "rotation": 180, "texture": "#14", "cullface": "west"},
				"south": {"uv": [16, 0, 0, 16], "rotation": 180, "texture": "#14", "cullface": "west"}
			}
		},
		{
			"from": [-7.8857, 0.77612, -8],
			"to": [-6.8857, 2.27612, 3],
			"rotation": {"angle": 0, "axis": "y", "origin": [-7.62287, 1.58668, -22.73002]},
			"faces": {
				"north": {"uv": [0, 16, 16, 0], "rotation": 270, "texture": "#14", "cullface": "west"},
				"east": {"uv": [0, 16, 16, 0], "rotation": 270, "texture": "#14", "cullface": "west"},
				"south": {"uv": [0, 16, 16, 0], "rotation": 270, "texture": "#14", "cullface": "west"}
			}
		},
		{
			"from": [-7, 3, 3.5],
			"to": [-6, 11, 4.5],
			"rotation": {"angle": 0, "axis": "y", "origin": [-2, 15, 4]},
			"faces": {
				"north": {"uv": [0, 0, 1, 1], "texture": "#5"},
				"east": {"uv": [0, 0, 1, 1], "texture": "#5"},
				"south": {"uv": [0, 0, 1, 1], "texture": "#5"},
				"west": {"uv": [0, 0, 1, 1], "texture": "#5"},
				"up": {"uv": [0, 0, 1, 1], "texture": "#5"},
				"down": {"uv": [0, 0, 1, 1], "texture": "#5"}
			}
		},
		{
			"from": [-8.49267, 10.50418, 3.5],
			"to": [-7.49267, 11.50418, 4.5],
			"rotation": {"angle": 22.5, "axis": "z", "origin": [-7.99267, 14.50418, 4]},
			"faces": {
				"north": {"uv": [0, 0, 1, 1], "texture": "#5"},
				"east": {"uv": [0, 0, 1, 1], "texture": "#5"},
				"south": {"uv": [0, 0, 1, 1], "texture": "#5"},
				"west": {"uv": [0, 0, 1, 1], "texture": "#5"},
				"up": {"uv": [0, 0, 1, 1], "texture": "#5"},
				"down": {"uv": [0, 0, 1, 1], "texture": "#5"}
			}
		},
		{
			"from": [-9.30743, 12.67009, 3.5],
			"to": [-8.30743, 13.67009, 4.5],
			"rotation": {"angle": 22.5, "axis": "z", "origin": [-8.80743, 14.67009, 4]},
			"faces": {
				"north": {"uv": [0, 0, 1, 1], "texture": "#5"},
				"east": {"uv": [0, 0, 1, 1], "texture": "#5"},
				"south": {"uv": [0, 0, 1, 1], "texture": "#5"},
				"west": {"uv": [0, 0, 1, 1], "texture": "#5"},
				"up": {"uv": [0, 0, 1, 1], "texture": "#5"},
				"down": {"uv": [0, 0, 1, 1], "texture": "#5"}
			}
		},
		{
			"from": [-10.06466, 10.39875, 3.5],
			"to": [-9.06466, 12.39875, 4.5],
			"rotation": {"angle": 45, "axis": "z", "origin": [-9.56466, 14.39875, 4]},
			"faces": {
				"north": {"uv": [0, 0, 1, 1], "texture": "#5"},
				"east": {"uv": [0, 0, 1, 1], "texture": "#5"},
				"south": {"uv": [0, 0, 1, 1], "texture": "#5"},
				"west": {"uv": [0, 0, 1, 1], "texture": "#5"},
				"up": {"uv": [0, 0, 1, 1], "texture": "#5"},
				"down": {"uv": [0, 0, 1, 1], "texture": "#5"}
			}
		},
		{
			"from": [-9.30743, 0.32991, 3.5],
			"to": [-8.30743, 1.32991, 4.5],
			"rotation": {"angle": -22.5, "axis": "z", "origin": [-8.80743, -0.67009, 4]},
			"faces": {
				"north": {"uv": [0, 1, 1, 0], "texture": "#5"},
				"east": {"uv": [0, 1, 1, 0], "texture": "#5"},
				"south": {"uv": [0, 1, 1, 0], "texture": "#5"},
				"west": {"uv": [0, 1, 1, 0], "texture": "#5"},
				"up": {"uv": [0, 1, 1, 0], "texture": "#5"},
				"down": {"uv": [0, 1, 1, 0], "texture": "#5"}
			}
		},
		{
			"from": [-10.06466, 1.60125, 3.5],
			"to": [-9.06466, 3.60125, 4.5],
			"rotation": {"angle": -45, "axis": "z", "origin": [-9.56466, -0.39875, 4]},
			"faces": {
				"north": {"uv": [0, 1, 1, 0], "texture": "#5"},
				"east": {"uv": [0, 1, 1, 0], "texture": "#5"},
				"south": {"uv": [0, 1, 1, 0], "texture": "#5"},
				"west": {"uv": [0, 1, 1, 0], "texture": "#5"},
				"up": {"uv": [0, 1, 1, 0], "texture": "#5"},
				"down": {"uv": [0, 1, 1, 0], "texture": "#5"}
			}
		},
		{
			"from": [-8.49267, 2.49582, 3.5],
			"to": [-7.49267, 3.49582, 4.5],
			"rotation": {"angle": -22.5, "axis": "z", "origin": [-7.99267, -0.50418, 4]},
			"faces": {
				"north": {"uv": [0, 1, 1, 0], "texture": "#5"},
				"east": {"uv": [0, 1, 1, 0], "texture": "#5"},
				"south": {"uv": [0, 1, 1, 0], "texture": "#5"},
				"west": {"uv": [0, 1, 1, 0], "texture": "#5"},
				"up": {"uv": [0, 1, 1, 0], "texture": "#5"},
				"down": {"uv": [0, 1, 1, 0], "texture": "#5"}
			}
		},
		{
			"from": [22, 3, 3.5],
			"to": [23, 11, 4.5],
			"rotation": {"angle": 0, "axis": "y", "origin": [18, 15, 4]},
			"faces": {
				"north": {"uv": [1, 0, 0, 1], "texture": "#5"},
				"east": {"uv": [1, 0, 0, 1], "texture": "#5"},
				"south": {"uv": [1, 0, 0, 1], "texture": "#5"},
				"west": {"uv": [1, 0, 0, 1], "texture": "#5"},
				"up": {"uv": [1, 0, 0, 1], "texture": "#5"},
				"down": {"uv": [1, 0, 0, 1], "texture": "#5"}
			}
		},
		{
			"from": [23.49267, 10.50418, 3.5],
			"to": [24.49267, 11.50418, 4.5],
			"rotation": {"angle": -22.5, "axis": "z", "origin": [23.99267, 14.50418, 4]},
			"faces": {
				"north": {"uv": [1, 0, 0, 1], "texture": "#5"},
				"east": {"uv": [1, 0, 0, 1], "texture": "#5"},
				"south": {"uv": [1, 0, 0, 1], "texture": "#5"},
				"west": {"uv": [1, 0, 0, 1], "texture": "#5"},
				"up": {"uv": [1, 0, 0, 1], "texture": "#5"},
				"down": {"uv": [1, 0, 0, 1], "texture": "#5"}
			}
		},
		{
			"from": [24.30743, 12.67009, 3.5],
			"to": [25.30743, 13.67009, 4.5],
			"rotation": {"angle": -22.5, "axis": "z", "origin": [24.80743, 14.67009, 4]},
			"faces": {
				"north": {"uv": [1, 0, 0, 1], "texture": "#5"},
				"east": {"uv": [1, 0, 0, 1], "texture": "#5"},
				"south": {"uv": [1, 0, 0, 1], "texture": "#5"},
				"west": {"uv": [1, 0, 0, 1], "texture": "#5"},
				"up": {"uv": [1, 0, 0, 1], "texture": "#5"},
				"down": {"uv": [1, 0, 0, 1], "texture": "#5"}
			}
		},
		{
			"from": [25.06466, 10.39875, 3.5],
			"to": [26.06466, 12.39875, 4.5],
			"rotation": {"angle": -45, "axis": "z", "origin": [25.56466, 14.39875, 4]},
			"faces": {
				"north": {"uv": [1, 0, 0, 1], "texture": "#5"},
				"east": {"uv": [1, 0, 0, 1], "texture": "#5"},
				"south": {"uv": [1, 0, 0, 1], "texture": "#5"},
				"west": {"uv": [1, 0, 0, 1], "texture": "#5"},
				"up": {"uv": [1, 0, 0, 1], "texture": "#5"},
				"down": {"uv": [1, 0, 0, 1], "texture": "#5"}
			}
		},
		{
			"from": [24.30743, 0.32991, 3.5],
			"to": [25.30743, 1.32991, 4.5],
			"rotation": {"angle": 22.5, "axis": "z", "origin": [24.80743, -0.67009, 4]},
			"faces": {
				"north": {"uv": [1, 1, 0, 0], "texture": "#5"},
				"east": {"uv": [1, 1, 0, 0], "texture": "#5"},
				"south": {"uv": [1, 1, 0, 0], "texture": "#5"},
				"west": {"uv": [1, 1, 0, 0], "texture": "#5"},
				"up": {"uv": [1, 1, 0, 0], "texture": "#5"},
				"down": {"uv": [1, 1, 0, 0], "texture": "#5"}
			}
		},
		{
			"from": [25.06466, 1.60125, 3.5],
			"to": [26.06466, 3.60125, 4.5],
			"rotation": {"angle": 45, "axis": "z", "origin": [25.56466, -0.39875, 4]},
			"faces": {
				"north": {"uv": [1, 1, 0, 0], "texture": "#5"},
				"east": {"uv": [1, 1, 0, 0], "texture": "#5"},
				"south": {"uv": [1, 1, 0, 0], "texture": "#5"},
				"west": {"uv": [1, 1, 0, 0], "texture": "#5"},
				"up": {"uv": [1, 1, 0, 0], "texture": "#5"},
				"down": {"uv": [1, 1, 0, 0], "texture": "#5"}
			}
		},
		{
			"from": [23.49267, 2.49582, 3.5],
			"to": [24.49267, 3.49582, 4.5],
			"rotation": {"angle": 22.5, "axis": "z", "origin": [23.99267, -0.50418, 4]},
			"faces": {
				"north": {"uv": [1, 1, 0, 0], "texture": "#5"},
				"east": {"uv": [1, 1, 0, 0], "texture": "#5"},
				"south": {"uv": [1, 1, 0, 0], "texture": "#5"},
				"west": {"uv": [1, 1, 0, 0], "texture": "#5"},
				"up": {"uv": [1, 1, 0, 0], "texture": "#5"},
				"down": {"uv": [1, 1, 0, 0], "texture": "#5"}
			}
		},
		{
			"from": [15.5, 3, -8],
			"to": [16.5, 11, -7],
			"rotation": {"angle": 0, "axis": "y", "origin": [18.5, 15, -7.5]},
			"faces": {
				"north": {"uv": [1, 0, 0, 1], "texture": "#5"},
				"east": {"uv": [1, 0, 0, 1], "texture": "#5"},
				"south": {"uv": [1, 0, 0, 1], "texture": "#5"},
				"west": {"uv": [1, 0, 0, 1], "texture": "#5"},
				"up": {"uv": [1, 0, 0, 1], "texture": "#5"},
				"down": {"uv": [1, 0, 0, 1], "texture": "#5"}
			}
		},
		{
			"from": [15.5, 10.50418, -9.49267],
			"to": [16.5, 11.50418, -8.49267],
			"rotation": {"angle": -22.5, "axis": "x", "origin": [18.5, 14.50418, -8.99267]},
			"faces": {
				"north": {"uv": [1, 0, 0, 1], "texture": "#5"},
				"east": {"uv": [1, 0, 0, 1], "texture": "#5"},
				"south": {"uv": [1, 0, 0, 1], "texture": "#5"},
				"west": {"uv": [1, 0, 0, 1], "texture": "#5"},
				"up": {"uv": [1, 0, 0, 1], "texture": "#5"},
				"down": {"uv": [1, 0, 0, 1], "texture": "#5"}
			}
		},
		{
			"from": [15.5, 12.51785, -11.0728],
			"to": [16.5, 13.51785, -10.0728],
			"rotation": {"angle": -22.5, "axis": "x", "origin": [18.5, 16.51785, -10.5728]},
			"faces": {
				"north": {"uv": [1, 0, 0, 1], "texture": "#5"},
				"east": {"uv": [1, 0, 0, 1], "texture": "#5"},
				"south": {"uv": [1, 0, 0, 1], "texture": "#5"},
				"west": {"uv": [1, 0, 0, 1], "texture": "#5"},
				"up": {"uv": [1, 0, 0, 1], "texture": "#5"},
				"down": {"uv": [1, 0, 0, 1], "texture": "#5"}
			}
		},
		{
			"from": [15.5, 10.39875, -11.06466],
			"to": [16.5, 12.39875, -10.06466],
			"rotation": {"angle": -45, "axis": "x", "origin": [18.5, 14.39875, -10.56466]},
			"faces": {
				"north": {"uv": [1, 0, 0, 1], "texture": "#5"},
				"east": {"uv": [1, 0, 0, 1], "texture": "#5"},
				"south": {"uv": [1, 0, 0, 1], "texture": "#5"},
				"west": {"uv": [1, 0, 0, 1], "texture": "#5"},
				"up": {"uv": [1, 0, 0, 1], "texture": "#5"},
				"down": {"uv": [1, 0, 0, 1], "texture": "#5"}
			}
		},
		{
			"from": [15.5, 0.48215, -11.0728],
			"to": [16.5, 1.48215, -10.0728],
			"rotation": {"angle": 22.5, "axis": "x", "origin": [18.5, -2.51785, -10.5728]},
			"faces": {
				"north": {"uv": [1, 1, 0, 0], "texture": "#5"},
				"east": {"uv": [1, 1, 0, 0], "texture": "#5"},
				"south": {"uv": [1, 1, 0, 0], "texture": "#5"},
				"west": {"uv": [1, 1, 0, 0], "texture": "#5"},
				"up": {"uv": [1, 1, 0, 0], "texture": "#5"},
				"down": {"uv": [1, 1, 0, 0], "texture": "#5"}
			}
		},
		{
			"from": [15.5, 1.60125, -11.06466],
			"to": [16.5, 3.60125, -10.06466],
			"rotation": {"angle": 45, "axis": "x", "origin": [18.5, -0.39875, -10.56466]},
			"faces": {
				"north": {"uv": [1, 1, 0, 0], "texture": "#5"},
				"east": {"uv": [1, 1, 0, 0], "texture": "#5"},
				"south": {"uv": [1, 1, 0, 0], "texture": "#5"},
				"west": {"uv": [1, 1, 0, 0], "texture": "#5"},
				"up": {"uv": [1, 1, 0, 0], "texture": "#5"},
				"down": {"uv": [1, 1, 0, 0], "texture": "#5"}
			}
		},
		{
			"from": [15.5, 2.49582, -9.49267],
			"to": [16.5, 3.49582, -8.49267],
			"rotation": {"angle": 22.5, "axis": "x", "origin": [18.5, -0.50418, -8.99267]},
			"faces": {
				"north": {"uv": [1, 1, 0, 0], "texture": "#5"},
				"east": {"uv": [1, 1, 0, 0], "texture": "#5"},
				"south": {"uv": [1, 1, 0, 0], "texture": "#5"},
				"west": {"uv": [1, 1, 0, 0], "texture": "#5"},
				"up": {"uv": [1, 1, 0, 0], "texture": "#5"},
				"down": {"uv": [1, 1, 0, 0], "texture": "#5"}
			}
		},
		{
			"from": [-0.5, 3, -8],
			"to": [0.5, 11, -7],
			"rotation": {"angle": 0, "axis": "y", "origin": [-2.5, 15, -7.5]},
			"faces": {
				"north": {"uv": [0, 0, 1, 1], "texture": "#5"},
				"east": {"uv": [0, 0, 1, 1], "texture": "#5"},
				"south": {"uv": [0, 0, 1, 1], "texture": "#5"},
				"west": {"uv": [0, 0, 1, 1], "texture": "#5"},
				"up": {"uv": [0, 0, 1, 1], "texture": "#5"},
				"down": {"uv": [0, 0, 1, 1], "texture": "#5"}
			}
		},
		{
			"from": [-0.5, 10.50418, -9.49267],
			"to": [0.5, 11.50418, -8.49267],
			"rotation": {"angle": -22.5, "axis": "x", "origin": [-2.5, 14.50418, -8.99267]},
			"faces": {
				"north": {"uv": [0, 0, 1, 1], "texture": "#5"},
				"east": {"uv": [0, 0, 1, 1], "texture": "#5"},
				"south": {"uv": [0, 0, 1, 1], "texture": "#5"},
				"west": {"uv": [0, 0, 1, 1], "texture": "#5"},
				"up": {"uv": [0, 0, 1, 1], "texture": "#5"},
				"down": {"uv": [0, 0, 1, 1], "texture": "#5"}
			}
		},
		{
			"from": [-0.5, 12.51785, -11.0728],
			"to": [0.5, 13.51785, -10.0728],
			"rotation": {"angle": -22.5, "axis": "x", "origin": [-2.5, 16.51785, -10.5728]},
			"faces": {
				"north": {"uv": [0, 0, 1, 1], "texture": "#5"},
				"east": {"uv": [0, 0, 1, 1], "texture": "#5"},
				"south": {"uv": [0, 0, 1, 1], "texture": "#5"},
				"west": {"uv": [0, 0, 1, 1], "texture": "#5"},
				"up": {"uv": [0, 0, 1, 1], "texture": "#5"},
				"down": {"uv": [0, 0, 1, 1], "texture": "#5"}
			}
		},
		{
			"from": [-0.5, 10.39875, -11.06466],
			"to": [0.5, 12.39875, -10.06466],
			"rotation": {"angle": -45, "axis": "x", "origin": [-2.5, 14.39875, -10.56466]},
			"faces": {
				"north": {"uv": [0, 0, 1, 1], "texture": "#5"},
				"east": {"uv": [0, 0, 1, 1], "texture": "#5"},
				"south": {"uv": [0, 0, 1, 1], "texture": "#5"},
				"west": {"uv": [0, 0, 1, 1], "texture": "#5"},
				"up": {"uv": [0, 0, 1, 1], "texture": "#5"},
				"down": {"uv": [0, 0, 1, 1], "texture": "#5"}
			}
		},
		{
			"from": [-0.5, 0.48215, -11.0728],
			"to": [0.5, 1.48215, -10.0728],
			"rotation": {"angle": 22.5, "axis": "x", "origin": [-2.5, -2.51785, -10.5728]},
			"faces": {
				"north": {"uv": [0, 1, 1, 0], "texture": "#5"},
				"east": {"uv": [0, 1, 1, 0], "texture": "#5"},
				"south": {"uv": [0, 1, 1, 0], "texture": "#5"},
				"west": {"uv": [0, 1, 1, 0], "texture": "#5"},
				"up": {"uv": [0, 1, 1, 0], "texture": "#5"},
				"down": {"uv": [0, 1, 1, 0], "texture": "#5"}
			}
		},
		{
			"from": [-0.5, 1.60125, -11.06466],
			"to": [0.5, 3.60125, -10.06466],
			"rotation": {"angle": 45, "axis": "x", "origin": [-2.5, -0.39875, -10.56466]},
			"faces": {
				"north": {"uv": [0, 1, 1, 0], "texture": "#5"},
				"east": {"uv": [0, 1, 1, 0], "texture": "#5"},
				"south": {"uv": [0, 1, 1, 0], "texture": "#5"},
				"west": {"uv": [0, 1, 1, 0], "texture": "#5"},
				"up": {"uv": [0, 1, 1, 0], "texture": "#5"},
				"down": {"uv": [0, 1, 1, 0], "texture": "#5"}
			}
		},
		{
			"from": [-0.5, 2.49582, -9.49267],
			"to": [0.5, 3.49582, -8.49267],
			"rotation": {"angle": 22.5, "axis": "x", "origin": [-2.5, -0.50418, -8.99267]},
			"faces": {
				"north": {"uv": [0, 1, 1, 0], "texture": "#5"},
				"east": {"uv": [0, 1, 1, 0], "texture": "#5"},
				"south": {"uv": [0, 1, 1, 0], "texture": "#5"},
				"west": {"uv": [0, 1, 1, 0], "texture": "#5"},
				"up": {"uv": [0, 1, 1, 0], "texture": "#5"},
				"down": {"uv": [0, 1, 1, 0], "texture": "#5"}
			}
		}
	],
	"display": {
		"head": {
			"scale": [2, 2, 2]
		}
	},
	"groups": [
		0,
		1,
		2,
		3,
		4,
		5,
		6,
		7,
		8,
		9,
		10,
		11,
		12,
		13,
		14,
		15,
		{
			"name": "wall",
			"origin": [8.25, 24.25209, -9.25366],
			"color": 0,
			"children": [16, 17, 18, 19, 20, 21, 22]
		},
		{
			"name": "wall",
			"origin": [8.25, 24.25209, -9.25366],
			"color": 0,
			"children": [23, 24, 25, 26, 27, 28, 29]
		},
		30,
		{
			"name": "hexadecagon",
			"origin": [8, 8, 8],
			"color": 0,
			"children": [31, 32, 33, 34, 35]
		},
		{
			"name": "leaner",
			"origin": [16.12287, 11.58668, -9.73002],
			"color": 0,
			"children": [36, 37, 38, 39, 40, 41, 42, 43, 44, 45, 46, 47, 48, 49]
		},
		{
			"name": "grabpole",
			"origin": [-7.99267, -0.50418, 4],
			"color": 0,
			"children": [50, 51, 52, 53, 54, 55, 56]
		},
		{
			"name": "grabpole",
			"origin": [-7.99267, -0.50418, 4],
			"color": 0,
			"children": [57, 58, 59, 60, 61, 62, 63]
		},
		{
			"name": "grabpole",
			"origin": [18, -0.50418, 2.50733],
			"color": 0,
			"children": [64, 65, 66, 67, 68, 69, 70]
		},
		{
			"name": "grabpole",
			"origin": [18, -0.50418, 2.50733],
			"color": 0,
			"children": [71, 72, 73, 74, 75, 76, 77]
		}
	]
}