{"credit":"Made by Mike Shafter","textures":{"0":"block/glass","1":"block/cyan_wool","2":"block/pink_shulker_box","3":"block/white_concrete","4":"block/light_gray_concrete","6":"block/stripped_birch_log","9":"block/blackstone_top","10":"block/iron_bars","particle":"block/glass"},"elements":[{"from":[0,13,0],"to":[1,23,3],"rotation":{"angle":0,"axis":"y","origin":[0,0,-4]},"faces":{"north":{"uv":[0,0,1,12.75],"texture":"#6"},"east":{"uv":[0,0,2,12.75],"texture":"#6"},"south":{"uv":[0,0,1,12.75],"texture":"#3"},"west":{"uv":[0,0,2,12.75],"texture":"#3"},"up":{"uv":[0,0,1,2],"texture":"#6"},"down":{"uv":[0,0,1,2],"texture":"#6"}}},{"from":[15,13,-10],"to":[16,23,0],"rotation":{"angle":0,"axis":"y","origin":[16,0,-18]},"faces":{"north":{"uv":[1,0,0,12.75],"texture":"#0"},"east":{"uv":[16,0,0,16],"texture":"#0"},"south":{"uv":[1,0,0,12.75],"texture":"#0"},"west":{"uv":[16,0,0,16],"texture":"#0"},"up":{"uv":[1,0,0,16],"texture":"#0"},"down":{"uv":[1,0,0,16],"texture":"#0"}}},{"from":[0,13,-10],"to":[1,23,0],"rotation":{"angle":0,"axis":"y","origin":[16,0,-2]},"faces":{"north":{"uv":[0,0,1,12.75],"texture":"#0"},"east":{"uv":[0,0,16,16],"texture":"#0"},"south":{"uv":[0,0,1,12.75],"texture":"#0"},"west":{"uv":[0,0,16,16],"texture":"#0"},"up":{"uv":[1,16,0,0],"texture":"#0"},"down":{"uv":[1,16,0,0],"texture":"#0"}}},{"from":[0,13,-12],"to":[1,23,-10],"rotation":{"angle":0,"axis":"y","origin":[16,0,-18]},"faces":{"north":{"uv":[1,0,0,12.75],"texture":"#6"},"east":{"uv":[2,0,0,12.75],"texture":"#6"},"south":{"uv":[1,0,0,12.75],"texture":"#6"},"west":{"uv":[2,0,0,12.75],"texture":"#3"},"up":{"uv":[1,0,0,2],"texture":"#6"},"down":{"uv":[1,0,0,2],"texture":"#6"}}},{"from":[15,13,-12],"to":[16,23,-10],"rotation":{"angle":0,"axis":"y","origin":[16,0,-18]},"faces":{"north":{"uv":[1,0,0,12.75],"texture":"#6"},"east":{"uv":[2,0,0,12.75],"texture":"#3"},"south":{"uv":[1,0,0,12.75],"texture":"#3"},"west":{"uv":[2,0,0,12.75],"texture":"#6"},"up":{"uv":[1,0,0,2],"texture":"#6"},"down":{"uv":[1,0,0,2],"texture":"#6"}}},{"from":[0,24.75,-12],"to":[1,28,28],"rotation":{"angle":0,"axis":"z","origin":[1,3,-18]},"faces":{"north":{"uv":[2,0,1,3.25],"texture":"#6"},"east":{"uv":[16,0,0,3.25],"texture":"#6"},"south":{"uv":[2,0,1,3.25],"texture":"#6"},"west":{"uv":[13,3,3,13],"texture":"#2"},"up":{"uv":[2,0,1,16],"texture":"#6"},"down":{"uv":[2,0,1,16],"texture":"#6"}}},{"from":[0,4,-12],"to":[1,9,28],"rotation":{"angle":0,"axis":"z","origin":[1,0,-18]},"faces":{"north":{"uv":[2,0,1,5.25],"texture":"#6"},"east":{"uv":[16,0,0,5.25],"texture":"#6"},"south":{"uv":[2,0,1,5.25],"texture":"#6"},"west":{"uv":[13,3,3,13],"texture":"#2"},"up":{"uv":[2,0,1,16],"texture":"#6"},"down":{"uv":[2,0,1,16],"texture":"#6"}}},{"from":[0,9,-12],"to":[1,13,28],"rotation":{"angle":0,"axis":"z","origin":[1,0,-18]},"faces":{"north":{"uv":[2,0,1,5.25],"texture":"#6"},"east":{"uv":[16,0,0,5.25],"texture":"#6"},"south":{"uv":[2,0,1,5.25],"texture":"#6"},"west":{"uv":[13,3,3,13],"texture":"#3"},"up":{"uv":[2,0,1,16],"texture":"#6"},"down":{"uv":[2,0,1,16],"texture":"#6"}}},{"from":[15,24.75,-12],"to":[16,28,28],"rotation":{"angle":0,"axis":"z","origin":[15,3,-18]},"faces":{"north":{"uv":[1,0,0,3.25],"texture":"#6"},"east":{"uv":[13,3,3,13],"texture":"#2"},"south":{"uv":[1,0,0,3.25],"texture":"#6"},"west":{"uv":[16,0,0,3.25],"texture":"#6"},"up":{"uv":[1,0,0,16],"texture":"#6"},"down":{"uv":[1,0,0,16],"texture":"#6"}}},{"from":[15,4,-12],"to":[16,9,28],"rotation":{"angle":0,"axis":"z","origin":[15,0,-18]},"faces":{"north":{"uv":[1,0,0,5.25],"texture":"#6"},"east":{"uv":[13,3,3,13],"texture":"#2"},"south":{"uv":[1,0,0,5.25],"texture":"#6"},"west":{"uv":[16,0,0,5.25],"texture":"#6"},"up":{"uv":[1,0,0,16],"texture":"#6"},"down":{"uv":[1,0,0,16],"texture":"#6"}}},{"from":[15,9,-12],"to":[16,13,28],"rotation":{"angle":0,"axis":"z","origin":[15,0,-18]},"faces":{"north":{"uv":[1,0,0,5.25],"texture":"#6"},"east":{"uv":[13,3,3,13],"texture":"#3"},"south":{"uv":[1,0,0,5.25],"texture":"#6"},"west":{"uv":[16,0,0,5.25],"texture":"#6"},"up":{"uv":[1,0,0,16],"texture":"#6"},"down":{"uv":[1,0,0,16],"texture":"#6"}}},{"from":[0,23,-12],"to":[1,24.75,28],"rotation":{"angle":0,"axis":"z","origin":[1,0,-18]},"faces":{"north":{"uv":[2,0,1,5.25],"texture":"#6"},"east":{"uv":[16,0,0,5.25],"texture":"#6"},"south":{"uv":[2,0,1,5.25],"texture":"#6"},"west":{"uv":[13,3,3,13],"texture":"#3"},"up":{"uv":[2,0,1,16],"texture":"#6"},"down":{"uv":[2,0,1,16],"texture":"#6"}}},{"from":[15,23,-12],"to":[16,24.75,28],"rotation":{"angle":0,"axis":"z","origin":[15,0,-18]},"faces":{"north":{"uv":[1,0,0,5.25],"texture":"#6"},"east":{"uv":[13,3,3,13],"texture":"#3"},"south":{"uv":[1,0,0,5.25],"texture":"#6"},"west":{"uv":[16,0,0,5.25],"texture":"#6"},"up":{"uv":[1,0,0,16],"texture":"#6"},"down":{"uv":[1,0,0,16],"texture":"#6"}}},{"from":[0,-8,-12],"to":[1,4,28],"rotation":{"angle":0,"axis":"z","origin":[1,0,-18]},"faces":{"north":{"uv":[0,0,1,4],"texture":"#6"},"east":{"uv":[0,0,16,4],"texture":"#6"},"south":{"uv":[0,0,1,4],"texture":"#6"},"west":{"uv":[0,0,16,4],"texture":"#4"},"up":{"uv":[0,0,1,16],"texture":"#4"},"down":{"uv":[0,0,1,16],"texture":"#4"}}},{"from":[15,-8,-12],"to":[16,4,28],"rotation":{"angle":0,"axis":"z","origin":[15,0,-18]},"faces":{"north":{"uv":[1,0,0,4],"texture":"#6"},"east":{"uv":[16,0,0,4],"texture":"#4"},"south":{"uv":[1,0,0,4],"texture":"#6"},"west":{"uv":[16,0,0,4],"texture":"#6"},"up":{"uv":[1,0,0,16],"texture":"#4"},"down":{"uv":[1,0,0,16],"texture":"#4"}}},{"from":[1,0,-12],"to":[15,1,28],"rotation":{"angle":0,"axis":"y","origin":[16,0,-18]},"faces":{"north":{"uv":[14,0,0,1],"texture":"#6"},"east":{"uv":[16,0,0,1],"texture":"#6"},"south":{"uv":[14,0,0,1],"texture":"#6"},"west":{"uv":[16,0,0,1],"texture":"#6"},"up":{"uv":[14,0,0,16],"texture":"#6"},"down":{"uv":[14,0,0,16],"texture":"#4"}}},{"from":[0,13,26],"to":[1,23,28],"rotation":{"angle":0,"axis":"y","origin":[16,0,10]},"faces":{"north":{"uv":[1,0,0,12.75],"texture":"#3"},"east":{"uv":[2,0,0,12.75],"texture":"#6"},"south":{"uv":[1,0,0,12.75],"texture":"#6"},"west":{"uv":[2,0,0,12.75],"texture":"#3"},"up":{"uv":[1,0,0,2],"texture":"#6"},"down":{"uv":[1,0,0,2],"texture":"#6"}}},{"from":[15,13,26],"to":[16,23,28],"rotation":{"angle":0,"axis":"y","origin":[16,0,10]},"faces":{"north":{"uv":[1,0,0,12.75],"texture":"#6"},"east":{"uv":[2,0,0,12.75],"texture":"#3"},"south":{"uv":[1,0,0,12.75],"texture":"#6"},"west":{"uv":[2,0,0,12.75],"texture":"#6"},"up":{"uv":[1,0,0,2],"texture":"#6"},"down":{"uv":[1,0,0,2],"texture":"#6"}}},{"from":[15,13,0],"to":[16,23,3],"rotation":{"angle":0,"axis":"y","origin":[16,0,-4]},"faces":{"north":{"uv":[1,0,0,12.75],"texture":"#6"},"east":{"uv":[2,0,0,12.75],"texture":"#3"},"south":{"uv":[1,0,0,12.75],"texture":"#3"},"west":{"uv":[2,0,0,12.75],"texture":"#6"},"up":{"uv":[1,0,0,2],"texture":"#6"},"down":{"uv":[1,0,0,2],"texture":"#6"}}},{"from":[15,13,3],"to":[16,23,13],"rotation":{"angle":0,"axis":"y","origin":[16,0,-18]},"faces":{"north":{"uv":[1,0,0,12.75],"texture":"#0"},"east":{"uv":[16,0,0,16],"texture":"#0"},"south":{"uv":[1,0,0,12.75],"texture":"#0"},"west":{"uv":[16,0,0,16],"texture":"#0"},"up":{"uv":[1,0,0,16],"texture":"#0"},"down":{"uv":[1,0,0,16],"texture":"#0"}}},{"from":[0,13,3],"to":[1,23,13],"rotation":{"angle":0,"axis":"y","origin":[16,0,-2]},"faces":{"north":{"uv":[0,0,1,12.75],"texture":"#0"},"east":{"uv":[0,0,16,16],"texture":"#0"},"south":{"uv":[0,0,1,12.75],"texture":"#0"},"west":{"uv":[0,0,16,16],"texture":"#0"},"up":{"uv":[1,16,0,0],"texture":"#0"},"down":{"uv":[1,16,0,0],"texture":"#0"}}},{"from":[0,13,13],"to":[1,23,16],"rotation":{"angle":0,"axis":"y","origin":[0,0,-4]},"faces":{"north":{"uv":[0,0,1,12.75],"texture":"#6"},"east":{"uv":[0,0,2,12.75],"texture":"#6"},"south":{"uv":[0,0,1,12.75],"texture":"#3"},"west":{"uv":[0,0,2,12.75],"texture":"#3"},"up":{"uv":[0,0,1,2],"texture":"#6"},"down":{"uv":[0,0,1,2],"texture":"#6"}}},{"from":[15,13,13],"to":[16,23,16],"rotation":{"angle":0,"axis":"y","origin":[16,0,-4]},"faces":{"north":{"uv":[1,0,0,12.75],"texture":"#6"},"east":{"uv":[2,0,0,12.75],"texture":"#3"},"south":{"uv":[1,0,0,12.75],"texture":"#3"},"west":{"uv":[2,0,0,12.75],"texture":"#6"},"up":{"uv":[1,0,0,2],"texture":"#6"},"down":{"uv":[1,0,0,2],"texture":"#6"}}},{"from":[15,13,16],"to":[16,23,26],"rotation":{"angle":0,"axis":"y","origin":[16,0,-18]},"faces":{"north":{"uv":[1,0,0,12.75],"texture":"#0"},"east":{"uv":[16,0,0,16],"texture":"#0"},"south":{"uv":[1,0,0,12.75],"texture":"#0"},"west":{"uv":[16,0,0,16],"texture":"#0"},"up":{"uv":[1,0,0,16],"texture":"#0"},"down":{"uv":[1,0,0,16],"texture":"#0"}}},{"from":[0,13,16],"to":[1,23,26],"rotation":{"angle":0,"axis":"y","origin":[16,0,-2]},"faces":{"north":{"uv":[0,0,1,12.75],"texture":"#0"},"east":{"uv":[0,0,16,16],"texture":"#0"},"south":{"uv":[0,0,1,12.75],"texture":"#0"},"west":{"uv":[0,0,16,16],"texture":"#0"},"up":{"uv":[1,16,0,0],"texture":"#0"},"down":{"uv":[1,16,0,0],"texture":"#0"}}},{"from":[1,-7,-10],"to":[15,0,26],"rotation":{"angle":0,"axis":"y","origin":[16,0,0]},"faces":{"north":{"uv":[16,0,0,4],"texture":"#9"},"east":{"uv":[16,0,0,4],"texture":"#9"},"south":{"uv":[16,0,0,4],"texture":"#9"},"west":{"uv":[16,0,0,4],"texture":"#9"},"up":{"uv":[16,0,0,4],"texture":"#9"},"down":{"uv":[8,0,0,16],"texture":"#9"}}},{"from":[14.57905,28.36626,-12],"to":[15.57905,28.86626,28],"rotation":{"angle":22.5,"axis":"z","origin":[15.57905,29.46626,-3]},"faces":{"north":{"uv":[0,16,16,0],"rotation":90,"texture":"#4"},"east":{"uv":[0,16,16,0],"rotation":90,"texture":"#4"},"south":{"uv":[0,16,16,0],"rotation":90,"texture":"#4"},"west":{"uv":[0,16,16,0],"rotation":90,"texture":"#4"},"up":{"uv":[0,16,16,0],"rotation":90,"texture":"#4"},"down":{"uv":[0,16,16,0],"rotation":90,"texture":"#4"}}},{"from":[15,28,-12],"to":[16,28.45,28],"rotation":{"angle":0,"axis":"y","origin":[16,29.05,-3]},"faces":{"north":{"uv":[0,16,16,0],"rotation":90,"texture":"#4"},"east":{"uv":[0,16,16,0],"rotation":90,"texture":"#4"},"south":{"uv":[0,16,16,0],"rotation":90,"texture":"#4"},"west":{"uv":[0,16,16,0],"rotation":90,"texture":"#4"},"up":{"uv":[0,16,16,0],"rotation":90,"texture":"#4"},"down":{"uv":[0,16,16,0],"rotation":90,"texture":"#4"}}},{"from":[0,28,-12],"to":[1,28.45,28],"rotation":{"angle":0,"axis":"y","origin":[0,29.05,-3]},"faces":{"north":{"uv":[0,16,16,0],"rotation":90,"texture":"#4"},"east":{"uv":[0,16,16,0],"rotation":90,"texture":"#4"},"south":{"uv":[0,16,16,0],"rotation":90,"texture":"#4"},"west":{"uv":[0,16,16,0],"rotation":90,"texture":"#4"},"up":{"uv":[0,16,16,0],"rotation":90,"texture":"#4"},"down":{"uv":[0,16,16,0],"rotation":90,"texture":"#4"}}},{"from":[0.42095,28.36626,-12],"to":[1.42095,28.86626,28],"rotation":{"angle":-22.5,"axis":"z","origin":[0.42095,29.46626,-3]},"faces":{"north":{"uv":[0,16,16,0],"rotation":90,"texture":"#4"},"east":{"uv":[0,16,16,0],"rotation":90,"texture":"#4"},"south":{"uv":[0,16,16,0],"rotation":90,"texture":"#4"},"west":{"uv":[0,16,16,0],"rotation":90,"texture":"#4"},"up":{"uv":[0,16,16,0],"rotation":90,"texture":"#4"},"down":{"uv":[0,16,16,0],"rotation":90,"texture":"#4"}}},{"from":[-0.27729,29.04331,-12],"to":[0.72271,30.04331,28],"rotation":{"angle":45,"axis":"z","origin":[1.32271,30.04331,-3]},"faces":{"north":{"uv":[16,0,0,16],"texture":"#4"},"east":{"uv":[16,0,0,16],"texture":"#4"},"south":{"uv":[16,0,0,16],"texture":"#4"},"west":{"uv":[16,0,0,16],"texture":"#4"},"up":{"uv":[16,0,0,16],"texture":"#4"},"down":{"uv":[16,0,0,16],"texture":"#4"}}},{"from":[0.87942,28.71471,-12],"to":[2.52942,29.71471,28],"rotation":{"angle":22.5,"axis":"z","origin":[1.12942,29.71471,-3]},"faces":{"north":{"uv":[16,0,0,16],"texture":"#4"},"east":{"uv":[16,0,0,16],"texture":"#4"},"south":{"uv":[16,0,0,16],"texture":"#4"},"west":{"uv":[16,0,0,16],"texture":"#4"},"up":{"uv":[16,0,0,16],"texture":"#4"},"down":{"uv":[16,0,0,16],"texture":"#4"}}},{"from":[2.42295,29.25047,-12],"to":[13.57715,30.25047,28],"rotation":{"angle":0,"axis":"y","origin":[8.00005,29.75047,6]},"faces":{"north":{"uv":[16,0,0,16],"texture":"#4"},"east":{"uv":[16,0,0,16],"texture":"#4"},"south":{"uv":[16,0,0,16],"texture":"#4"},"west":{"uv":[16,0,0,16],"texture":"#4"},"up":{"uv":[16,0,0,16],"texture":"#4"},"down":{"uv":[16,0,0,16],"texture":"#4"}}},{"from":[13.47058,28.71471,-12],"to":[15.12058,29.71471,28],"rotation":{"angle":-22.5,"axis":"z","origin":[14.87058,29.71471,-3]},"faces":{"north":{"uv":[16,0,0,16],"texture":"#4"},"east":{"uv":[16,0,0,16],"texture":"#4"},"south":{"uv":[16,0,0,16],"texture":"#4"},"west":{"uv":[16,0,0,16],"texture":"#4"},"up":{"uv":[16,0,0,16],"texture":"#4"},"down":{"uv":[16,0,0,16],"texture":"#4"}}},{"from":[15.27729,29.04331,-12],"to":[16.27729,30.04331,28],"rotation":{"angle":-45,"axis":"z","origin":[14.67729,30.04331,-3]},"faces":{"north":{"uv":[16,0,0,16],"texture":"#4"},"east":{"uv":[16,0,0,16],"texture":"#4"},"south":{"uv":[16,0,0,16],"texture":"#4"},"west":{"uv":[16,0,0,16],"texture":"#4"},"up":{"uv":[16,0,0,16],"texture":"#4"},"down":{"uv":[16,0,0,16],"texture":"#4"}}},{"from":[7,8,25],"to":[15,12.75,25.75],"rotation":{"angle":22.5,"axis":"x","origin":[14.25,10,25.25]},"faces":{"north":{"uv":[0,7,16,16],"texture":"#1"},"east":{"uv":[0,0,1,7],"texture":"#1"},"south":{"uv":[0,0,16,16],"texture":"#1"},"west":{"uv":[0,0,1,7],"texture":"#1"},"up":{"uv":[1,8,0,0],"rotation":90,"texture":"#1"},"down":{"uv":[1,8,0,0],"rotation":270,"texture":"#2"}}},{"from":[7,8.25,26],"to":[15,16,26.75],"rotation":{"angle":0,"axis":"y","origin":[14.25,10,25.25]},"faces":{"north":{"uv":[0,0,16,16],"texture":"#1"},"east":{"uv":[0,0,1,8],"texture":"#1"},"south":{"uv":[0,0,16,13],"texture":"#1"},"west":{"uv":[0,0,1,8],"texture":"#1"},"up":{"uv":[1,8,0,0],"rotation":90,"texture":"#1"},"down":{"uv":[1,8,0,0],"rotation":270,"texture":"#2"}}},{"from":[7,7.25,21.25],"to":[15,8.25,26.75],"rotation":{"angle":0,"axis":"y","origin":[14.25,10,25.25]},"faces":{"north":{"uv":[0,0,8,6],"texture":"#1"},"east":{"uv":[0,13,16,16],"texture":"#1"},"south":{"uv":[0,13,16,16],"texture":"#1"},"west":{"uv":[0,13,16,16],"texture":"#1"},"up":{"uv":[16,16,0,0],"rotation":90,"texture":"#1"},"down":{"uv":[16,16,0,0],"rotation":270,"texture":"#2"}}},{"from":[7,8,-9.75],"to":[15,12.75,-9],"rotation":{"angle":-22.5,"axis":"x","origin":[14.25,10,-9.25]},"faces":{"north":{"uv":[16,0,0,16],"texture":"#1"},"east":{"uv":[1,0,0,7],"texture":"#1"},"south":{"uv":[16,7,0,16],"texture":"#1"},"west":{"uv":[1,0,0,7],"texture":"#1"},"up":{"uv":[0,8,1,0],"rotation":90,"texture":"#1"},"down":{"uv":[0,8,1,0],"rotation":270,"texture":"#2"}}},{"from":[7,8.25,-10.75],"to":[15,16,-10],"rotation":{"angle":0,"axis":"y","origin":[14.25,10,-9.25]},"faces":{"north":{"uv":[16,0,0,13],"texture":"#1"},"east":{"uv":[1,0,0,8],"texture":"#1"},"south":{"uv":[16,0,0,16],"texture":"#1"},"west":{"uv":[1,0,0,8],"texture":"#1"},"up":{"uv":[0,8,1,0],"rotation":90,"texture":"#1"},"down":{"uv":[0,8,1,0],"rotation":270,"texture":"#2"}}},{"from":[7,7.25,-10.75],"to":[15,8.25,-5.25],"rotation":{"angle":0,"axis":"y","origin":[14.25,10,-9.25]},"faces":{"north":{"uv":[16,13,0,16],"texture":"#1"},"east":{"uv":[16,13,0,16],"texture":"#1"},"south":{"uv":[8,0,0,6],"texture":"#1"},"west":{"uv":[16,13,0,16],"texture":"#1"},"up":{"uv":[0,16,16,0],"rotation":90,"texture":"#1"},"down":{"uv":[0,16,16,0],"rotation":270,"texture":"#2"}}},{"from":[7,8,9.25],"to":[15,12.75,10],"rotation":{"angle":-22.5,"axis":"x","origin":[14.25,10,9.75]},"faces":{"north":{"uv":[16,0,0,16],"texture":"#1"},"east":{"uv":[1,0,0,7],"texture":"#1"},"south":{"uv":[16,7,0,16],"texture":"#1"},"west":{"uv":[1,0,0,7],"texture":"#1"},"up":{"uv":[0,8,1,0],"rotation":90,"texture":"#1"},"down":{"uv":[0,8,1,0],"rotation":270,"texture":"#2"}}},{"from":[7,8.25,8.25],"to":[15,16,9],"rotation":{"angle":0,"axis":"y","origin":[14.25,10,9.75]},"faces":{"north":{"uv":[16,0,0,13],"texture":"#1"},"east":{"uv":[1,0,0,8],"texture":"#1"},"south":{"uv":[16,0,0,16],"texture":"#1"},"west":{"uv":[1,0,0,8],"texture":"#1"},"up":{"uv":[0,8,1,0],"rotation":90,"texture":"#1"},"down":{"uv":[0,8,1,0],"rotation":270,"texture":"#2"}}},{"from":[7,7.25,8.25],"to":[15,8.25,13.75],"rotation":{"angle":0,"axis":"y","origin":[14.25,10,9.75]},"faces":{"north":{"uv":[16,13,0,16],"texture":"#1"},"east":{"uv":[16,13,0,16],"texture":"#1"},"south":{"uv":[8,0,0,6],"texture":"#1"},"west":{"uv":[16,13,0,16],"texture":"#1"},"up":{"uv":[0,16,16,0],"rotation":90,"texture":"#1"},"down":{"uv":[0,16,16,0],"rotation":270,"texture":"#2"}}},{"from":[7,8,6],"to":[15,12.75,6.75],"rotation":{"angle":22.5,"axis":"x","origin":[14.25,10,6.25]},"faces":{"north":{"uv":[0,7,16,16],"texture":"#1"},"east":{"uv":[0,0,1,7],"texture":"#1"},"south":{"uv":[0,0,16,16],"texture":"#1"},"west":{"uv":[0,0,1,7],"texture":"#1"},"up":{"uv":[1,8,0,0],"rotation":90,"texture":"#1"},"down":{"uv":[1,8,0,0],"rotation":270,"texture":"#2"}}},{"from":[7,8.25,7],"to":[15,16,7.75],"rotation":{"angle":0,"axis":"y","origin":[14.25,10,6.25]},"faces":{"north":{"uv":[0,0,16,16],"texture":"#1"},"east":{"uv":[0,0,1,8],"texture":"#1"},"south":{"uv":[0,0,16,13],"texture":"#1"},"west":{"uv":[0,0,1,8],"texture":"#1"},"up":{"uv":[1,8,0,0],"rotation":90,"texture":"#1"},"down":{"uv":[1,8,0,0],"rotation":270,"texture":"#2"}}},{"from":[7,7.25,2.25],"to":[15,8.25,7.75],"rotation":{"angle":0,"axis":"y","origin":[14.25,10,6.25]},"faces":{"north":{"uv":[0,0,8,6],"texture":"#1"},"east":{"uv":[0,13,16,16],"texture":"#1"},"south":{"uv":[0,13,16,16],"texture":"#1"},"west":{"uv":[0,13,16,16],"texture":"#1"},"up":{"uv":[16,16,0,0],"rotation":90,"texture":"#1"},"down":{"uv":[16,16,0,0],"rotation":270,"texture":"#2"}}},{"from":[7,1,7.75],"to":[15,29.25,8.25],"rotation":{"angle":0,"axis":"y","origin":[16,0,0]},"faces":{"north":{"uv":[16,0,0,16],"texture":"#6"},"east":{"uv":[16,0,0,16],"texture":"#6"},"south":{"uv":[16,0,0,16],"texture":"#6"},"west":{"uv":[16,0,0,16],"texture":"#6"},"up":{"uv":[16,0,0,16],"texture":"#6"},"down":{"uv":[16,0,0,16],"texture":"#6"}}},{"from":[7,1,26.75],"to":[15,29.25,27.25],"rotation":{"angle":0,"axis":"y","origin":[16,0,0]},"faces":{"north":{"uv":[16,0,0,16],"texture":"#6"},"east":{"uv":[16,0,0,16],"texture":"#6"},"south":{"uv":[16,0,0,16],"texture":"#6"},"west":{"uv":[16,0,0,16],"texture":"#6"},"up":{"uv":[16,0,0,16],"texture":"#6"},"down":{"uv":[16,0,0,16],"texture":"#6"}}},{"from":[6.5,1,22.75],"to":[7,29.25,27.25],"rotation":{"angle":0,"axis":"y","origin":[16,0,0]},"faces":{"north":{"uv":[0.5,0,0,16],"texture":"#6"},"east":{"uv":[16,0,0,16],"texture":"#6"},"south":{"uv":[0.5,0,0,16],"texture":"#6"},"west":{"uv":[16,0,0,16],"texture":"#6"},"up":{"uv":[16,0,0,16],"texture":"#6"},"down":{"uv":[16,0,0,16],"texture":"#6"}}},{"from":[6.5,1,-11.25],"to":[7,29.25,-6.75],"rotation":{"angle":0,"axis":"y","origin":[16,0,16]},"faces":{"north":{"uv":[0,0,0.5,16],"texture":"#6"},"east":{"uv":[0,0,16,16],"texture":"#6"},"south":{"uv":[0,0,0.5,16],"texture":"#6"},"west":{"uv":[0,0,16,16],"texture":"#6"},"up":{"uv":[16,16,0,0],"texture":"#6"},"down":{"uv":[16,16,0,0],"texture":"#6"}}},{"from":[6.5,1,3.75],"to":[7,29.25,12.25],"rotation":{"angle":0,"axis":"y","origin":[16,0,0]},"faces":{"north":{"uv":[0.5,0,0,16],"texture":"#6"},"east":{"uv":[16,0,0,16],"texture":"#6"},"south":{"uv":[0.5,0,0,16],"texture":"#6"},"west":{"uv":[16,0,0,16],"texture":"#6"},"up":{"uv":[16,0,0,16],"texture":"#6"},"down":{"uv":[16,0,0,16],"texture":"#6"}}},{"from":[7,1,-11.25],"to":[15,29.25,-10.75],"rotation":{"angle":0,"axis":"y","origin":[16,0,16]},"faces":{"north":{"uv":[0,0,16,16],"texture":"#6"},"east":{"uv":[0,0,16,16],"texture":"#6"},"south":{"uv":[0,0,16,16],"texture":"#6"},"west":{"uv":[0,0,16,16],"texture":"#6"},"up":{"uv":[16,16,0,0],"texture":"#6"},"down":{"uv":[16,16,0,0],"texture":"#6"}}},{"from":[7,24,8.25],"to":[15,24.5,13.25],"rotation":{"angle":0,"axis":"y","origin":[16,0,0]},"faces":{"north":{"uv":[9,2,2,4],"texture":"#10"},"east":{"uv":[9,2,2,4],"texture":"#10"},"south":{"uv":[9,2,2,4],"texture":"#10"},"west":{"uv":[9,2,2,4],"texture":"#10"},"up":{"uv":[2,16,14,0],"rotation":90,"texture":"#10"},"down":{"uv":[2,16,14,0],"rotation":90,"texture":"#10"}}},{"from":[7,24,21.75],"to":[15,24.5,26.75],"rotation":{"angle":0,"axis":"y","origin":[16,0,0]},"faces":{"north":{"uv":[9,2,2,4],"texture":"#10"},"east":{"uv":[9,2,2,4],"texture":"#10"},"south":{"uv":[9,2,2,4],"texture":"#10"},"west":{"uv":[9,2,2,4],"texture":"#10"},"up":{"uv":[2,16,14,0],"rotation":90,"texture":"#10"},"down":{"uv":[2,16,14,0],"rotation":90,"texture":"#10"}}},{"from":[7,24,-10.75],"to":[15,24.5,-5.75],"rotation":{"angle":0,"axis":"y","origin":[16,0,16]},"faces":{"north":{"uv":[2,2,9,4],"texture":"#10"},"east":{"uv":[2,2,9,4],"texture":"#10"},"south":{"uv":[2,2,9,4],"texture":"#10"},"west":{"uv":[2,2,9,4],"texture":"#10"},"up":{"uv":[14,16,2,0],"rotation":90,"texture":"#10"},"down":{"uv":[14,16,2,0],"rotation":90,"texture":"#10"}}},{"from":[7,24,2.75],"to":[15,24.5,7.75],"rotation":{"angle":0,"axis":"y","origin":[16,0,16]},"faces":{"north":{"uv":[2,2,9,4],"texture":"#10"},"east":{"uv":[2,2,9,4],"texture":"#10"},"south":{"uv":[2,2,9,4],"texture":"#10"},"west":{"uv":[2,2,9,4],"texture":"#10"},"up":{"uv":[14,16,2,0],"rotation":90,"texture":"#10"},"down":{"uv":[14,16,2,0],"rotation":90,"texture":"#10"}}}],"display":{"head":{"scale":[2,2,2]}},"groups":[0,1,2,3,4,5,6,7,8,9,10,11,12,13,14,15,{"name":"body","origin":[0,0,0],"color":0,"children":[]},16,17,18,19,20,21,22,23,24,25,{"name":"riif","origin":[1.32271,30.04331,-7],"color":0,"children":[26,27,28,29,30,31,32,33,34]},35,36,37,38,39,40,41,42,43,44,45,46,47,48,49,50,51,52,53,54,55,56]}