{
	"parent": "item/handheld",
	"textures": {
		"layer0": "item/golden_hoe"
	},
	"overrides": [
		{ "predicate": { "damage": 0 }, "model": "item/golden_hoe" },
		{ "predicate": { "damaged": 0, "damage": 0.09375 }, "model": "item/trainmodel/misc/pantograph" },
		{ "predicate": { "damaged": 0, "damage": 0.125 }, "model": "item/trainmodel/misc/bogie" },
		{ "predicate": { "damaged": 0, "damage": 0.34375 }, "model": "item/trainmodel/misc/co_bogie" },
		{ "predicate": { "damaged": 0, "damage": 0.625 }, "model": "item/trainmodel/misc/diamond_panto_arm" },
		{ "predicate": { "damaged": 0, "damage": 0.65625 }, "model": "item/trainmodel/misc/C307_door" }
	]
}
