{
	"parent": "minecraft:item/handheld",
	"textures": {
		"layer0": "minecraft:item/golden_pickaxe"
	},
	"overrides": [
		{ "predicate": { "damage": 0 }, "model": "item/golden_pickaxe" },
		{ "predicate": { "damaged": 0, "damage": 0.03125 }, "model": "item/trainmodel/entetsu/C27_head" },
		{ "predicate": { "damaged": 0, "damage": 0.0625 }, "model": "item/trainmodel/entetsu/C27_end" },
		{ "predicate": { "damaged": 0, "damage": 0.09375 }, "model": "item/trainmodel/entetsu/C27_mid" },
		{ "predicate": { "damaged": 0, "damage": 0.125 }, "model": "item/trainmodel/entetsu/C23_end"},
		{ "predicate": { "damaged": 0, "damage": 0.15625 }, "model": "item/trainmodel/entetsu/C23_head" },
		{ "predicate": { "damaged": 0, "damage": 0.1875 }, "model": "item/trainmodel/misc/entetsu_door" },
		{ "predicate": { "damaged": 0, "damage": 0.28125 }, "model": "item/trainmodel/entetsu/C29_30" },
		{ "predicate": { "damaged": 0, "damage": 0.40625 }, "model": "item/trainmodel/entetsu/C30_head" },
		{ "predicate": { "damaged": 0, "damage": 0.4375 }, "model": "item/trainmodel/entetsu/C29_head" },
		{ "predicate": { "damaged": 0, "damage": 0.46875 }, "model": "item/trainmodel/entetsu/C29_30_end" },
		{ "predicate": { "damaged": 0, "damage": 0.5 }, "model": "item/trainmodel/entetsu/C29_30_door" },
		{ "predicate": { "damaged": 0, "damage": 0.53125 }, "model": "item/trainmodel/entetsu/C29_30_mid" },
		{ "predicate": { "damaged": 0, "damage": 0.5625 }, "model": "item/trainmodel/entetsu/L89" },
		{ "predicate": { "damaged": 0, "damage": 0.625 }, "model": "item/trainmodel/entetsu/C23_mid" }
	]
}
