{
	"credit": "Made with Blockbench",
	"textures": {
		"2": "block/bus_autonomous/cyan_concrete",
		"24": "block/bus_autonomous/display_exterior/rte",
		"particle": "block/bus_autonomous/coal_block"
	},
	"elements": [
		{
			"from": [4, 17, -8.26],
			"to": [12, 19.75, -7.01],
			"rotation": {"angle": 0, "axis": "y", "origin": [0, 14.5, 0]},
			"faces": {
				"north": {"uv": [0, 0, 16, 16], "texture": "#24"},
				"east": {"uv": [0, 0, 16, 0.75], "texture": "#2"},
				"south": {"uv": [0, 0, 9.5, 0.75], "texture": "#2"},
				"west": {"uv": [0, 0, 16, 0.75], "texture": "#2"},
				"up": {"uv": [0, 0, 9.5, 16], "texture": "#2"},
				"down": {"uv": [0, 0, 9.5, 16], "texture": "#2"}
			}
		},
		{
			"from": [4, 18.05, 22.51],
			"to": [12, 20.8, 23.76],
			"rotation": {"angle": 0, "axis": "y", "origin": [0, 15.55, 30.75]},
			"faces": {
				"north": {"uv": [0, 0, 9.5, 0.75], "texture": "#2"},
				"east": {"uv": [0, 0, 16, 0.75], "texture": "#2"},
				"south": {"uv": [0, 0, 16, 16], "texture": "#24"},
				"west": {"uv": [0, 0, 16, 0.75], "texture": "#2"},
				"up": {"uv": [0, 0, 9.5, 16], "texture": "#2"},
				"down": {"uv": [0, 0, 9.5, 16], "texture": "#2"}
			}
		}
	],
	"display": {
		"head": {
			"scale": [4, 4, 4]
		}
	}
}