{
	"credit": "Made with Blockbench",
	"textures": {
		"detail": "rails/activator_rail_on"
	},
	"elements": [
		{
			"name": "Fourth tie right activator",
			"from": [10, 1, 13],
			"to": [12, 2, 15],
			"faces": {
				"north": {"uv": [10, 13, 12, 14], "rotation": 180, "texture": "#detail"},
				"south": {"uv": [10, 14, 12, 15], "texture": "#detail"},
				"west": {"uv": [10, 13, 11, 15], "rotation": 270, "texture": "#detail"},
				"up": {"uv": [10, 13, 12, 15], "texture": "#detail"}
			}
		},
		{
			"name": "Fourth tie left activator",
			"from": [4, 1, 13],
			"to": [6, 2, 15],
			"faces": {
				"north": {"uv": [4, 13, 6, 14], "rotation": 180, "texture": "#detail"},
				"east": {"uv": [5, 13, 6, 15], "rotation": 90, "texture": "#detail"},
				"south": {"uv": [4, 14, 6, 15], "texture": "#detail"},
				"up": {"uv": [4, 13, 6, 15], "texture": "#detail"}
			}
		},
		{
			"name": "Third tie right activator",
			"from": [10, 1, 9],
			"to": [12, 2, 11],
			"faces": {
				"north": {"uv": [10, 9, 12, 10], "rotation": 180, "texture": "#detail"},
				"south": {"uv": [10, 10, 12, 11], "texture": "#detail"},
				"west": {"uv": [10, 9, 11, 11], "rotation": 270, "texture": "#detail"},
				"up": {"uv": [10, 9, 12, 11], "texture": "#detail"}
			}
		},
		{
			"name": "Third tie left activator",
			"from": [4, 1, 9],
			"to": [6, 2, 11],
			"faces": {
				"north": {"uv": [4, 9, 6, 10], "rotation": 180, "texture": "#detail"},
				"east": {"uv": [5, 9, 6, 11], "rotation": 90, "texture": "#detail"},
				"south": {"uv": [4, 10, 6, 11], "texture": "#detail"},
				"up": {"uv": [4, 9, 6, 11], "texture": "#detail"}
			}
		},
		{
			"name": "Second tie right activator",
			"from": [10, 1, 5],
			"to": [12, 2, 7],
			"faces": {
				"north": {"uv": [10, 5, 12, 6], "rotation": 180, "texture": "#detail"},
				"south": {"uv": [10, 6, 12, 7], "texture": "#detail"},
				"west": {"uv": [10, 5, 11, 7], "rotation": 270, "texture": "#detail"},
				"up": {"uv": [10, 5, 12, 7], "texture": "#detail"}
			}
		},
		{
			"name": "Second tie left activator",
			"from": [4, 1, 5],
			"to": [6, 2, 7],
			"faces": {
				"north": {"uv": [4, 5, 6, 6], "rotation": 180, "texture": "#detail"},
				"east": {"uv": [5, 5, 6, 7], "rotation": 90, "texture": "#detail"},
				"south": {"uv": [4, 6, 6, 7], "texture": "#detail"},
				"up": {"uv": [4, 5, 6, 7], "texture": "#detail"}
			}
		},
		{
			"name": "First tie right activator",
			"from": [10, 1, 1],
			"to": [12, 2, 3],
			"faces": {
				"north": {"uv": [10, 1, 12, 2], "rotation": 180, "texture": "#detail"},
				"south": {"uv": [10, 2, 12, 3], "texture": "#detail"},
				"west": {"uv": [10, 1, 11, 3], "rotation": 270, "texture": "#detail"},
				"up": {"uv": [10, 1, 12, 3], "texture": "#detail"}
			}
		},
		{
			"name": "First tie left activator",
			"from": [4, 1, 1],
			"to": [6, 2, 3],
			"faces": {
				"north": {"uv": [4, 1, 6, 2], "rotation": 180, "texture": "#detail"},
				"east": {"uv": [5, 1, 6, 3], "rotation": 90, "texture": "#detail"},
				"south": {"uv": [4, 2, 6, 3], "texture": "#detail"},
				"up": {"uv": [4, 1, 6, 3], "texture": "#detail"}
			}
		},
		{
			"name": "Activator south",
			"from": [7, 1, 11],
			"to": [9, 2, 13],
			"faces": {
				"north": {"uv": [7, 11, 9, 12], "rotation": 180, "texture": "#detail", "cullface": "Know2Good"},
				"east": {"uv": [8, 11, 9, 13], "rotation": 90, "texture": "#detail", "cullface": "Know2Good"},
				"south": {"uv": [7, 12, 9, 13], "texture": "#detail", "cullface": "Know2Good"},
				"west": {"uv": [7, 11, 8, 13], "rotation": 270, "texture": "#detail", "cullface": "Know2Good"},
				"up": {"uv": [7, 11, 9, 13], "texture": "#detail", "cullface": "Know2Good"},
				"down": {"uv": [9, 11, 7, 13], "rotation": 180, "texture": "#detail", "cullface": "down"}
			}
		},
		{
			"name": "Activator middle",
			"from": [7, 1, 7],
			"to": [9, 2, 9],
			"faces": {
				"north": {"uv": [7, 7, 9, 8], "rotation": 180, "texture": "#detail", "cullface": "Know2Good"},
				"east": {"uv": [8, 7, 9, 9], "rotation": 90, "texture": "#detail", "cullface": "Know2Good"},
				"south": {"uv": [7, 8, 9, 9], "texture": "#detail", "cullface": "Know2Good"},
				"west": {"uv": [7, 7, 8, 9], "rotation": 270, "texture": "#detail", "cullface": "Know2Good"},
				"up": {"uv": [7, 7, 9, 9], "texture": "#detail", "cullface": "Know2Good"},
				"down": {"uv": [9, 7, 7, 9], "rotation": 180, "texture": "#detail", "cullface": "down"}
			}
		},
		{
			"name": "Activator north",
			"from": [7, 1, 3],
			"to": [9, 2, 5],
			"faces": {
				"north": {"uv": [7, 3, 9, 4], "rotation": 180, "texture": "#detail", "cullface": "Know2Good"},
				"east": {"uv": [8, 3, 9, 5], "rotation": 90, "texture": "#detail", "cullface": "Know2Good"},
				"south": {"uv": [7, 4, 9, 5], "texture": "#detail", "cullface": "Know2Good"},
				"west": {"uv": [7, 3, 8, 5], "rotation": 270, "texture": "#detail", "cullface": "Know2Good"},
				"up": {"uv": [7, 3, 9, 5], "texture": "#detail", "cullface": "Know2Good"},
				"down": {"uv": [9, 3, 7, 5], "rotation": 180, "texture": "#detail", "cullface": "down"}
			}
		}
	]
}
