{
	"credit": "Made with Blockbench",
	"textures": {
		"0": "block/lightning_rod",
		"1": "block/iron_block",
		"2": "block/smooth_stone",
		"particle": "block/lightning_rod"
	},
	"elements": [
		{
			"from": [7, 0, 7],
			"to": [10, 0.5, 8.5],
			"faces": {
				"north": {"uv": [0, 0, 3, 0.5], "texture": "#2"},
				"east": {"uv": [0, 0, 1.5, 0.5], "texture": "#2"},
				"south": {"uv": [0, 0, 3, 0.5], "texture": "#2"},
				"west": {"uv": [10, 0, 11.5, 0.5], "texture": "#2"},
				"up": {"uv": [4, 4, 7, 5.5], "texture": "#2"},
				"down": {"uv": [2, 1, 5, 2.5], "texture": "#2"}
			}
		},
		{
			"from": [7, 0.5, 7],
			"to": [7.5, 4.5, 8.5],
			"faces": {
				"north": {"uv": [0, 0, 0.5, 4], "texture": "#2"},
				"east": {"uv": [5, 6, 6.5, 10], "texture": "#2"},
				"south": {"uv": [15.5, 0, 16, 4], "texture": "#2"},
				"west": {"uv": [2, 2, 3.5, 6], "texture": "#2"},
				"up": {"uv": [0, 0, 0.5, 1.5], "texture": "#2"},
				"down": {"uv": [0, 0, 0.5, 1.5], "texture": "#2"}
			}
		},
		{
			"from": [7.65, 3.75, 7.6],
			"to": [7.8, 4.5, 7.9],
			"rotation": {"angle": 0, "axis": "x", "origin": [7.9, 4.125, 7.75]},
			"faces": {
				"north": {"uv": [0, 0, 0.15, 0.75], "texture": "#0"},
				"east": {"uv": [0, 0, 0.3, 0.75], "texture": "#0"},
				"south": {"uv": [0, 0, 0.15, 0.75], "texture": "#0"},
				"west": {"uv": [0, 0, 0.3, 0.75], "texture": "#0"},
				"up": {"uv": [0, 0, 0.15, 0.3], "texture": "#0"},
				"down": {"uv": [0, 0, 0.15, 0.3], "texture": "#0"}
			}
		},
		{
			"from": [7.65, 3.72114, 7.74508],
			"to": [7.8, 4.47114, 8.04508],
			"rotation": {"angle": 22.5, "axis": "x", "origin": [7.9, 4.09614, 7.89508]},
			"faces": {
				"north": {"uv": [0, 0, 0.5, 0.75], "texture": "#0"},
				"east": {"uv": [0, 0, 0.3, 0.75], "texture": "#0"},
				"south": {"uv": [0, 0, 0.5, 0.75], "texture": "#0"},
				"west": {"uv": [0, 0, 0.3, 0.75], "texture": "#0"},
				"up": {"uv": [2, 2, 2.5, 2.3], "texture": "#0"},
				"down": {"uv": [0, 0, 0.5, 0.3], "texture": "#0"}
			}
		},
		{
			"from": [7.65, 3.63896, 7.86806],
			"to": [7.8, 4.38896, 8.16806],
			"rotation": {"angle": 45, "axis": "x", "origin": [7.9, 4.01396, 8.01806]},
			"faces": {
				"north": {"uv": [0, 0, 0.5, 0.75], "texture": "#0"},
				"east": {"uv": [0, 0, 0.3, 0.75], "texture": "#0"},
				"south": {"uv": [0, 0, 0.5, 0.75], "texture": "#0"},
				"west": {"uv": [0, 0, 0.3, 0.75], "texture": "#0"},
				"up": {"uv": [2, 1, 2.5, 1.3], "texture": "#0"},
				"down": {"uv": [0, 0, 0.5, 0.3], "texture": "#0"}
			}
		},
		{
			"from": [7.65, 3.74097, 7.72524],
			"to": [7.8, 4.04097, 8.47524],
			"rotation": {"angle": -22.5, "axis": "x", "origin": [7.9, 3.89097, 8.10024]},
			"faces": {
				"north": {"uv": [0, 0, 0.15, 0.3], "rotation": 180, "texture": "#0"},
				"east": {"uv": [0, 0, 0.3, 0.75], "rotation": 270, "texture": "#0"},
				"south": {"uv": [0, 0, 0.15, 0.3], "texture": "#0"},
				"west": {"uv": [0, 0, 0.3, 0.75], "rotation": 90, "texture": "#0"},
				"up": {"uv": [0, 0, 0.15, 0.75], "rotation": 180, "texture": "#0"},
				"down": {"uv": [0, 0, 0.15, 0.75], "texture": "#0"}
			}
		},
		{
			"from": [7.65, 3.07876, 7.68697],
			"to": [7.8, 3.82876, 7.98697],
			"rotation": {"angle": -22.5, "axis": "x", "origin": [7.9, 3.57078, 8.01209]},
			"faces": {
				"north": {"uv": [0, 0, 0.15, 0.75], "rotation": 180, "texture": "#0"},
				"east": {"uv": [0, 0, 0.3, 0.75], "rotation": 180, "texture": "#0"},
				"south": {"uv": [0, 0, 0.15, 0.75], "rotation": 180, "texture": "#0"},
				"west": {"uv": [0, 0, 0.3, 0.75], "rotation": 180, "texture": "#0"},
				"up": {"uv": [0, 0, 0.15, 0.3], "texture": "#0"},
				"down": {"uv": [0, 0, 0.15, 0.3], "texture": "#0"}
			}
		},
		{
			"from": [7.65, 3.5959, 7.7541],
			"to": [7.8, 3.8959, 8.5041],
			"rotation": {"angle": 0, "axis": "x", "origin": [7.9, 3.57078, 8.01209]},
			"faces": {
				"north": {"uv": [0, 0, 0.15, 0.3], "rotation": 180, "texture": "#0"},
				"east": {"uv": [0, 0, 0.3, 0.75], "rotation": 270, "texture": "#0"},
				"south": {"uv": [0, 0, 0.15, 0.3], "texture": "#0"},
				"west": {"uv": [0, 0, 0.3, 0.75], "rotation": 90, "texture": "#0"},
				"up": {"uv": [0, 0, 0.15, 0.75], "rotation": 180, "texture": "#0"},
				"down": {"uv": [0, 0, 0.15, 0.75], "texture": "#0"}
			}
		},
		{
			"from": [7.65, 3.48227, 7.70704],
			"to": [7.8, 3.78227, 8.45704],
			"rotation": {"angle": 22.5, "axis": "x", "origin": [7.9, 3.57078, 8.01209]},
			"faces": {
				"north": {"uv": [0, 0, 0.5, 0.3], "rotation": 180, "texture": "#0"},
				"east": {"uv": [0, 0, 0.3, 0.75], "rotation": 270, "texture": "#0"},
				"south": {"uv": [2, 2, 2.5, 2.3], "texture": "#0"},
				"west": {"uv": [0, 0, 0.3, 0.75], "rotation": 90, "texture": "#0"},
				"up": {"uv": [0, 0, 0.5, 0.75], "rotation": 180, "texture": "#0"},
				"down": {"uv": [0, 0, 0.5, 0.75], "texture": "#0"}
			}
		},
		{
			"from": [7.65, 3.12583, 7.80059],
			"to": [7.8, 3.87583, 8.10059],
			"rotation": {"angle": -45, "axis": "x", "origin": [7.9, 3.57078, 8.01209]},
			"faces": {
				"north": {"uv": [0, 0, 0.5, 0.75], "rotation": 180, "texture": "#0"},
				"east": {"uv": [0, 0, 0.3, 0.75], "rotation": 180, "texture": "#0"},
				"south": {"uv": [0, 0, 0.5, 0.75], "rotation": 180, "texture": "#0"},
				"west": {"uv": [0, 0, 0.3, 0.75], "rotation": 180, "texture": "#0"},
				"up": {"uv": [0, 0, 0.5, 0.3], "texture": "#0"},
				"down": {"uv": [2, 1, 2.5, 1.3], "texture": "#0"}
			}
		},
		{
			"from": [7.65, 3.61174, 7.55468],
			"to": [7.8, 4.36174, 7.85468],
			"rotation": {"angle": -45, "axis": "x", "origin": [7.9, 3.73147, 7.56045]},
			"faces": {
				"north": {"uv": [0, 0, 0.5, 0.75], "texture": "#0"},
				"east": {"uv": [0, 0, 0.3, 0.75], "texture": "#0"},
				"south": {"uv": [0, 0, 0.5, 0.75], "texture": "#0"},
				"west": {"uv": [0, 0, 0.3, 0.75], "texture": "#0"},
				"up": {"uv": [2, 1, 2.5, 1.3], "texture": "#0"},
				"down": {"uv": [0, 0, 0.5, 0.3], "texture": "#0"}
			}
		},
		{
			"from": [7.65, 3.67636, 7.59109],
			"to": [7.8, 4.42636, 7.89109],
			"rotation": {"angle": -22.5, "axis": "x", "origin": [7.9, 3.73147, 7.56045]},
			"faces": {
				"north": {"uv": [0, 0, 0.15, 0.75], "texture": "#0"},
				"east": {"uv": [0, 0, 0.3, 0.75], "texture": "#0"},
				"south": {"uv": [0, 0, 0.15, 0.75], "texture": "#0"},
				"west": {"uv": [0, 0, 0.3, 0.75], "texture": "#0"},
				"up": {"uv": [0, 0, 0.15, 0.3], "texture": "#0"},
				"down": {"uv": [0, 0, 0.15, 0.3], "texture": "#0"}
			}
		},
		{
			"from": [7.65, 3.5959, 6.9959],
			"to": [7.8, 3.8959, 7.7459],
			"rotation": {"angle": 0, "axis": "x", "origin": [7.9, 3.73147, 7.56045]},
			"faces": {
				"north": {"uv": [0, 0, 0.15, 0.3], "rotation": 180, "texture": "#0"},
				"east": {"uv": [0, 0, 0.3, 0.75], "rotation": 90, "texture": "#0"},
				"south": {"uv": [0, 0, 0.15, 0.3], "texture": "#0"},
				"west": {"uv": [0, 0, 0.3, 0.75], "rotation": 270, "texture": "#0"},
				"up": {"uv": [0, 0, 0.15, 0.75], "texture": "#0"},
				"down": {"uv": [0, 0, 0.15, 0.75], "rotation": 180, "texture": "#0"}
			}
		},
		{
			"from": [7.65, 3.66734, 6.97595],
			"to": [7.8, 3.96734, 7.72595],
			"rotation": {"angle": 22.5, "axis": "x", "origin": [7.9, 3.73147, 7.56045]},
			"faces": {
				"north": {"uv": [2, 2, 2.5, 2.3], "rotation": 180, "texture": "#0"},
				"east": {"uv": [0, 0, 0.3, 0.75], "rotation": 90, "texture": "#0"},
				"south": {"uv": [0, 0, 0.5, 0.3], "texture": "#0"},
				"west": {"uv": [0, 0, 0.3, 0.75], "rotation": 270, "texture": "#0"},
				"up": {"uv": [0, 0, 0.5, 0.75], "texture": "#0"},
				"down": {"uv": [0, 0, 0.5, 0.75], "rotation": 180, "texture": "#0"}
			}
		},
		{
			"from": [7.65, 2.9918, 7.6],
			"to": [7.8, 3.7418, 7.9],
			"rotation": {"angle": 0, "axis": "x", "origin": [7.9, 3.73147, 7.56045]},
			"faces": {
				"north": {"uv": [0, 0, 0.15, 0.75], "rotation": 180, "texture": "#0"},
				"east": {"uv": [0, 0, 0.3, 0.75], "rotation": 180, "texture": "#0"},
				"south": {"uv": [0, 0, 0.15, 0.75], "rotation": 180, "texture": "#0"},
				"west": {"uv": [0, 0, 0.3, 0.75], "rotation": 180, "texture": "#0"},
				"up": {"uv": [0, 0, 0.15, 0.3], "texture": "#0"},
				"down": {"uv": [0, 0, 0.15, 0.3], "texture": "#0"}
			}
		},
		{
			"from": [7.65, 3.06324, 7.58005],
			"to": [7.8, 3.81324, 7.88005],
			"rotation": {"angle": 22.5, "axis": "x", "origin": [7.9, 3.73147, 7.56045]},
			"faces": {
				"north": {"uv": [0, 0, 0.5, 0.75], "rotation": 180, "texture": "#0"},
				"east": {"uv": [0, 0, 0.3, 0.75], "rotation": 180, "texture": "#0"},
				"south": {"uv": [0, 0, 0.5, 0.75], "rotation": 180, "texture": "#0"},
				"west": {"uv": [0, 0, 0.3, 0.75], "rotation": 180, "texture": "#0"},
				"up": {"uv": [0, 0, 0.5, 0.3], "texture": "#0"},
				"down": {"uv": [2, 2, 2.5, 2.3], "texture": "#0"}
			}
		},
		{
			"from": [7.65, 3.45764, 6.95058],
			"to": [7.8, 3.75764, 7.70058],
			"rotation": {"angle": -45, "axis": "x", "origin": [7.9, 3.73147, 7.56045]},
			"faces": {
				"north": {"uv": [2, 1, 2.5, 1.3], "rotation": 180, "texture": "#0"},
				"east": {"uv": [0, 0, 0.3, 0.75], "rotation": 90, "texture": "#0"},
				"south": {"uv": [0, 0, 0.5, 0.3], "texture": "#0"},
				"west": {"uv": [0, 0, 0.3, 0.75], "rotation": 270, "texture": "#0"},
				"up": {"uv": [0, 0, 0.5, 0.75], "texture": "#0"},
				"down": {"uv": [0, 0, 0.5, 0.75], "rotation": 180, "texture": "#0"}
			}
		},
		{
			"from": [7.65, 3.52226, 6.98699],
			"to": [7.8, 3.82226, 7.73699],
			"rotation": {"angle": -22.5, "axis": "x", "origin": [7.9, 3.73147, 7.56045]},
			"faces": {
				"north": {"uv": [0, 0, 0.15, 0.3], "rotation": 180, "texture": "#0"},
				"east": {"uv": [0, 0, 0.3, 0.75], "rotation": 90, "texture": "#0"},
				"south": {"uv": [0, 0, 0.15, 0.3], "texture": "#0"},
				"west": {"uv": [0, 0, 0.3, 0.75], "rotation": 270, "texture": "#0"},
				"up": {"uv": [0, 0, 0.15, 0.75], "texture": "#0"},
				"down": {"uv": [0, 0, 0.15, 0.75], "rotation": 180, "texture": "#0"}
			}
		},
		{
			"from": [8, 3.75, 7.6],
			"to": [8.15, 4.5, 7.9],
			"rotation": {"angle": 0, "axis": "x", "origin": [8.25, 4.125, 7.75]},
			"faces": {
				"north": {"uv": [0, 0, 0.15, 0.75], "texture": "#0"},
				"east": {"uv": [0, 0, 0.3, 0.75], "texture": "#0"},
				"south": {"uv": [0, 0, 0.15, 0.75], "texture": "#0"},
				"west": {"uv": [0, 0, 0.3, 0.75], "texture": "#0"},
				"up": {"uv": [0, 0, 0.15, 0.3], "texture": "#0"},
				"down": {"uv": [0, 0, 0.15, 0.3], "texture": "#0"}
			}
		},
		{
			"from": [8, 3.72114, 7.74508],
			"to": [8.15, 4.47114, 8.04508],
			"rotation": {"angle": 22.5, "axis": "x", "origin": [8.25, 4.09614, 7.89508]},
			"faces": {
				"north": {"uv": [0, 0, 0.5, 0.75], "texture": "#0"},
				"east": {"uv": [0, 0, 0.3, 0.75], "texture": "#0"},
				"south": {"uv": [0, 0, 0.5, 0.75], "texture": "#0"},
				"west": {"uv": [0, 0, 0.3, 0.75], "texture": "#0"},
				"up": {"uv": [2, 2, 2.5, 2.3], "texture": "#0"},
				"down": {"uv": [0, 0, 0.5, 0.3], "texture": "#0"}
			}
		},
		{
			"from": [8, 3.63896, 7.86806],
			"to": [8.15, 4.38896, 8.16806],
			"rotation": {"angle": 45, "axis": "x", "origin": [8.25, 4.01396, 8.01806]},
			"faces": {
				"north": {"uv": [0, 0, 0.5, 0.75], "texture": "#0"},
				"east": {"uv": [0, 0, 0.3, 0.75], "texture": "#0"},
				"south": {"uv": [0, 0, 0.5, 0.75], "texture": "#0"},
				"west": {"uv": [0, 0, 0.3, 0.75], "texture": "#0"},
				"up": {"uv": [2, 1, 2.5, 1.3], "texture": "#0"},
				"down": {"uv": [0, 0, 0.5, 0.3], "texture": "#0"}
			}
		},
		{
			"from": [8, 3.74097, 7.72524],
			"to": [8.15, 4.04097, 8.47524],
			"rotation": {"angle": -22.5, "axis": "x", "origin": [8.25, 3.89097, 8.10024]},
			"faces": {
				"north": {"uv": [0, 0, 0.15, 0.3], "rotation": 180, "texture": "#0"},
				"east": {"uv": [0, 0, 0.3, 0.75], "rotation": 270, "texture": "#0"},
				"south": {"uv": [0, 0, 0.15, 0.3], "texture": "#0"},
				"west": {"uv": [0, 0, 0.3, 0.75], "rotation": 90, "texture": "#0"},
				"up": {"uv": [0, 0, 0.15, 0.75], "rotation": 180, "texture": "#0"},
				"down": {"uv": [0, 0, 0.15, 0.75], "texture": "#0"}
			}
		},
		{
			"from": [8, 3.07876, 7.68697],
			"to": [8.15, 3.82876, 7.98697],
			"rotation": {"angle": -22.5, "axis": "x", "origin": [8.25, 3.57078, 8.01209]},
			"faces": {
				"north": {"uv": [0, 0, 0.15, 0.75], "rotation": 180, "texture": "#0"},
				"east": {"uv": [0, 0, 0.3, 0.75], "rotation": 180, "texture": "#0"},
				"south": {"uv": [0, 0, 0.15, 0.75], "rotation": 180, "texture": "#0"},
				"west": {"uv": [0, 0, 0.3, 0.75], "rotation": 180, "texture": "#0"},
				"up": {"uv": [0, 0, 0.15, 0.3], "texture": "#0"},
				"down": {"uv": [0, 0, 0.15, 0.3], "texture": "#0"}
			}
		},
		{
			"from": [8, 3.5959, 7.7541],
			"to": [8.15, 3.8959, 8.5041],
			"rotation": {"angle": 0, "axis": "x", "origin": [8.25, 3.57078, 8.01209]},
			"faces": {
				"north": {"uv": [0, 0, 0.15, 0.3], "rotation": 180, "texture": "#0"},
				"east": {"uv": [0, 0, 0.3, 0.75], "rotation": 270, "texture": "#0"},
				"south": {"uv": [0, 0, 0.15, 0.3], "texture": "#0"},
				"west": {"uv": [0, 0, 0.3, 0.75], "rotation": 90, "texture": "#0"},
				"up": {"uv": [0, 0, 0.15, 0.75], "rotation": 180, "texture": "#0"},
				"down": {"uv": [0, 0, 0.15, 0.75], "texture": "#0"}
			}
		},
		{
			"from": [8, 3.48227, 7.70704],
			"to": [8.15, 3.78227, 8.45704],
			"rotation": {"angle": 22.5, "axis": "x", "origin": [8.25, 3.57078, 8.01209]},
			"faces": {
				"north": {"uv": [0, 0, 0.5, 0.3], "rotation": 180, "texture": "#0"},
				"east": {"uv": [0, 0, 0.3, 0.75], "rotation": 270, "texture": "#0"},
				"south": {"uv": [2, 2, 2.5, 2.3], "texture": "#0"},
				"west": {"uv": [0, 0, 0.3, 0.75], "rotation": 90, "texture": "#0"},
				"up": {"uv": [0, 0, 0.5, 0.75], "rotation": 180, "texture": "#0"},
				"down": {"uv": [0, 0, 0.5, 0.75], "texture": "#0"}
			}
		},
		{
			"from": [8, 3.12583, 7.80059],
			"to": [8.15, 3.87583, 8.10059],
			"rotation": {"angle": -45, "axis": "x", "origin": [8.25, 3.57078, 8.01209]},
			"faces": {
				"north": {"uv": [0, 0, 0.5, 0.75], "rotation": 180, "texture": "#0"},
				"east": {"uv": [0, 0, 0.3, 0.75], "rotation": 180, "texture": "#0"},
				"south": {"uv": [0, 0, 0.5, 0.75], "rotation": 180, "texture": "#0"},
				"west": {"uv": [0, 0, 0.3, 0.75], "rotation": 180, "texture": "#0"},
				"up": {"uv": [0, 0, 0.5, 0.3], "texture": "#0"},
				"down": {"uv": [2, 1, 2.5, 1.3], "texture": "#0"}
			}
		},
		{
			"from": [8, 3.61174, 7.55468],
			"to": [8.15, 4.36174, 7.85468],
			"rotation": {"angle": -45, "axis": "x", "origin": [8.25, 3.73147, 7.56045]},
			"faces": {
				"north": {"uv": [0, 0, 0.5, 0.75], "texture": "#0"},
				"east": {"uv": [0, 0, 0.3, 0.75], "texture": "#0"},
				"south": {"uv": [0, 0, 0.5, 0.75], "texture": "#0"},
				"west": {"uv": [0, 0, 0.3, 0.75], "texture": "#0"},
				"up": {"uv": [2, 1, 2.5, 1.3], "texture": "#0"},
				"down": {"uv": [0, 0, 0.5, 0.3], "texture": "#0"}
			}
		},
		{
			"from": [8, 3.67636, 7.59109],
			"to": [8.15, 4.42636, 7.89109],
			"rotation": {"angle": -22.5, "axis": "x", "origin": [8.25, 3.73147, 7.56045]},
			"faces": {
				"north": {"uv": [0, 0, 0.15, 0.75], "texture": "#0"},
				"east": {"uv": [0, 0, 0.3, 0.75], "texture": "#0"},
				"south": {"uv": [0, 0, 0.15, 0.75], "texture": "#0"},
				"west": {"uv": [0, 0, 0.3, 0.75], "texture": "#0"},
				"up": {"uv": [0, 0, 0.15, 0.3], "texture": "#0"},
				"down": {"uv": [0, 0, 0.15, 0.3], "texture": "#0"}
			}
		},
		{
			"from": [8, 3.5959, 6.9959],
			"to": [8.15, 3.8959, 7.7459],
			"rotation": {"angle": 0, "axis": "x", "origin": [8.25, 3.73147, 7.56045]},
			"faces": {
				"north": {"uv": [0, 0, 0.15, 0.3], "rotation": 180, "texture": "#0"},
				"east": {"uv": [0, 0, 0.3, 0.75], "rotation": 90, "texture": "#0"},
				"south": {"uv": [0, 0, 0.15, 0.3], "texture": "#0"},
				"west": {"uv": [0, 0, 0.3, 0.75], "rotation": 270, "texture": "#0"},
				"up": {"uv": [0, 0, 0.15, 0.75], "texture": "#0"},
				"down": {"uv": [0, 0, 0.15, 0.75], "rotation": 180, "texture": "#0"}
			}
		},
		{
			"from": [8, 3.66734, 6.97595],
			"to": [8.15, 3.96734, 7.72595],
			"rotation": {"angle": 22.5, "axis": "x", "origin": [8.25, 3.73147, 7.56045]},
			"faces": {
				"north": {"uv": [2, 2, 2.5, 2.3], "rotation": 180, "texture": "#0"},
				"east": {"uv": [0, 0, 0.3, 0.75], "rotation": 90, "texture": "#0"},
				"south": {"uv": [0, 0, 0.5, 0.3], "texture": "#0"},
				"west": {"uv": [0, 0, 0.3, 0.75], "rotation": 270, "texture": "#0"},
				"up": {"uv": [0, 0, 0.5, 0.75], "texture": "#0"},
				"down": {"uv": [0, 0, 0.5, 0.75], "rotation": 180, "texture": "#0"}
			}
		},
		{
			"from": [8, 2.9918, 7.6],
			"to": [8.15, 3.7418, 7.9],
			"rotation": {"angle": 0, "axis": "x", "origin": [8.25, 3.73147, 7.56045]},
			"faces": {
				"north": {"uv": [0, 0, 0.15, 0.75], "rotation": 180, "texture": "#0"},
				"east": {"uv": [0, 0, 0.3, 0.75], "rotation": 180, "texture": "#0"},
				"south": {"uv": [0, 0, 0.15, 0.75], "rotation": 180, "texture": "#0"},
				"west": {"uv": [0, 0, 0.3, 0.75], "rotation": 180, "texture": "#0"},
				"up": {"uv": [0, 0, 0.15, 0.3], "texture": "#0"},
				"down": {"uv": [0, 0, 0.15, 0.3], "texture": "#0"}
			}
		},
		{
			"from": [8, 3.06324, 7.58005],
			"to": [8.15, 3.81324, 7.88005],
			"rotation": {"angle": 22.5, "axis": "x", "origin": [8.25, 3.73147, 7.56045]},
			"faces": {
				"north": {"uv": [0, 0, 0.5, 0.75], "rotation": 180, "texture": "#0"},
				"east": {"uv": [0, 0, 0.3, 0.75], "rotation": 180, "texture": "#0"},
				"south": {"uv": [0, 0, 0.5, 0.75], "rotation": 180, "texture": "#0"},
				"west": {"uv": [0, 0, 0.3, 0.75], "rotation": 180, "texture": "#0"},
				"up": {"uv": [0, 0, 0.5, 0.3], "texture": "#0"},
				"down": {"uv": [2, 2, 2.5, 2.3], "texture": "#0"}
			}
		},
		{
			"from": [8, 3.45764, 6.95058],
			"to": [8.15, 3.75764, 7.70058],
			"rotation": {"angle": -45, "axis": "x", "origin": [8.25, 3.73147, 7.56045]},
			"faces": {
				"north": {"uv": [2, 1, 2.5, 1.3], "rotation": 180, "texture": "#0"},
				"east": {"uv": [0, 0, 0.3, 0.75], "rotation": 90, "texture": "#0"},
				"south": {"uv": [0, 0, 0.5, 0.3], "texture": "#0"},
				"west": {"uv": [0, 0, 0.3, 0.75], "rotation": 270, "texture": "#0"},
				"up": {"uv": [0, 0, 0.5, 0.75], "texture": "#0"},
				"down": {"uv": [0, 0, 0.5, 0.75], "rotation": 180, "texture": "#0"}
			}
		},
		{
			"from": [8, 3.52226, 6.98699],
			"to": [8.15, 3.82226, 7.73699],
			"rotation": {"angle": -22.5, "axis": "x", "origin": [8.25, 3.73147, 7.56045]},
			"faces": {
				"north": {"uv": [0, 0, 0.15, 0.3], "rotation": 180, "texture": "#0"},
				"east": {"uv": [0, 0, 0.3, 0.75], "rotation": 90, "texture": "#0"},
				"south": {"uv": [0, 0, 0.15, 0.3], "texture": "#0"},
				"west": {"uv": [0, 0, 0.3, 0.75], "rotation": 270, "texture": "#0"},
				"up": {"uv": [0, 0, 0.15, 0.75], "texture": "#0"},
				"down": {"uv": [0, 0, 0.15, 0.75], "rotation": 180, "texture": "#0"}
			}
		},
		{
			"from": [7.45, 3.65, 7.7],
			"to": [8.3, 4, 7.8],
			"rotation": {"angle": 0, "axis": "x", "origin": [8.325, 3.675, 7.7]},
			"faces": {
				"north": {"uv": [0, 0, 0.85, 0.35], "texture": "#0"},
				"east": {"uv": [0, 0, 0.1, 0.35], "texture": "#0"},
				"south": {"uv": [0, 0, 0.85, 0.35], "texture": "#0"},
				"west": {"uv": [0, 0, 0.1, 0.35], "texture": "#0"},
				"up": {"uv": [0, 0, 0.85, 0.1], "texture": "#0"},
				"down": {"uv": [0, 0, 0.85, 0.1], "texture": "#0"}
			}
		},
		{
			"from": [7.45, 3.6518, 7.69096],
			"to": [8.3, 4.0018, 7.79096],
			"rotation": {"angle": 22.5, "axis": "x", "origin": [8.325, 3.7268, 7.74096]},
			"faces": {
				"north": {"uv": [0, 0, 0.85, 0.35], "texture": "#0"},
				"east": {"uv": [0, 0, 0.1, 0.35], "texture": "#0"},
				"south": {"uv": [0, 0, 0.85, 0.35], "texture": "#0"},
				"west": {"uv": [0, 0, 0.1, 0.35], "texture": "#0"},
				"up": {"uv": [0, 0, 0.85, 0.1], "texture": "#0"},
				"down": {"uv": [0, 0, 0.85, 0.1], "texture": "#0"}
			}
		},
		{
			"from": [7.45, 3.65986, 7.68525],
			"to": [8.3, 4.00986, 7.78525],
			"rotation": {"angle": 45, "axis": "x", "origin": [8.325, 3.73576, 7.73073]},
			"faces": {
				"north": {"uv": [0, 0, 0.85, 0.35], "texture": "#0"},
				"east": {"uv": [0, 0, 0.1, 0.35], "texture": "#0"},
				"south": {"uv": [0, 0, 0.85, 0.35], "texture": "#0"},
				"west": {"uv": [0, 0, 0.1, 0.35], "texture": "#0"},
				"up": {"uv": [0, 0, 0.85, 0.1], "texture": "#0"},
				"down": {"uv": [0, 0, 0.85, 0.1], "texture": "#0"}
			}
		},
		{
			"from": [7.45, 3.69028, 7.65483],
			"to": [8.3, 3.79028, 8.00483],
			"rotation": {"angle": -22.5, "axis": "x", "origin": [8.325, 3.73576, 7.73073]},
			"faces": {
				"north": {"uv": [0, 0, 0.85, 0.1], "rotation": 180, "texture": "#0"},
				"east": {"uv": [0, 0, 0.1, 0.35], "rotation": 270, "texture": "#0"},
				"south": {"uv": [0, 0, 0.85, 0.1], "texture": "#0"},
				"west": {"uv": [0, 0, 0.1, 0.35], "rotation": 90, "texture": "#0"},
				"up": {"uv": [0, 0, 0.85, 0.35], "rotation": 180, "texture": "#0"},
				"down": {"uv": [0, 0, 0.85, 0.35], "texture": "#0"}
			}
		},
		{
			"from": [7.45, 3.51478, 7.71752],
			"to": [8.3, 3.86478, 7.81752],
			"rotation": {"angle": -22.5, "axis": "x", "origin": [8.325, 3.71336, 7.8028]},
			"faces": {
				"north": {"uv": [0, 0, 0.85, 0.35], "rotation": 180, "texture": "#0"},
				"east": {"uv": [0, 0, 0.1, 0.35], "rotation": 180, "texture": "#0"},
				"south": {"uv": [0, 0, 0.85, 0.35], "rotation": 180, "texture": "#0"},
				"west": {"uv": [0, 0, 0.1, 0.35], "rotation": 180, "texture": "#0"},
				"up": {"uv": [0, 0, 0.85, 0.1], "texture": "#0"},
				"down": {"uv": [0, 0, 0.85, 0.1], "texture": "#0"}
			}
		},
		{
			"from": [7.45, 3.69863, 7.65137],
			"to": [8.3, 3.79863, 8.00137],
			"rotation": {"angle": 0, "axis": "x", "origin": [8.325, 3.71336, 7.8028]},
			"faces": {
				"north": {"uv": [0, 0, 0.85, 0.1], "rotation": 180, "texture": "#0"},
				"east": {"uv": [0, 0, 0.1, 0.35], "rotation": 270, "texture": "#0"},
				"south": {"uv": [0, 0, 0.85, 0.1], "texture": "#0"},
				"west": {"uv": [0, 0, 0.1, 0.35], "rotation": 90, "texture": "#0"},
				"up": {"uv": [0, 0, 0.85, 0.35], "rotation": 180, "texture": "#0"},
				"down": {"uv": [0, 0, 0.85, 0.35], "texture": "#0"}
			}
		},
		{
			"from": [7.45, 3.67574, 7.64189],
			"to": [8.3, 3.77574, 7.99189],
			"rotation": {"angle": 22.5, "axis": "x", "origin": [8.325, 3.71336, 7.8028]},
			"faces": {
				"north": {"uv": [0, 0, 0.85, 0.1], "rotation": 180, "texture": "#0"},
				"east": {"uv": [0, 0, 0.1, 0.35], "rotation": 270, "texture": "#0"},
				"south": {"uv": [0, 0, 0.85, 0.1], "texture": "#0"},
				"west": {"uv": [0, 0, 0.1, 0.35], "rotation": 90, "texture": "#0"},
				"up": {"uv": [0, 0, 0.85, 0.35], "rotation": 180, "texture": "#0"},
				"down": {"uv": [0, 0, 0.85, 0.35], "texture": "#0"}
			}
		},
		{
			"from": [7.45, 3.65097, 7.64189],
			"to": [8.3, 3.75097, 7.99189],
			"rotation": {"angle": 45, "axis": "x", "origin": [8.325, 3.71336, 7.8028]},
			"faces": {
				"north": {"uv": [0, 0, 0.85, 0.1], "rotation": 180, "texture": "#0"},
				"east": {"uv": [0, 0, 0.1, 0.35], "rotation": 270, "texture": "#0"},
				"south": {"uv": [0, 0, 0.85, 0.1], "texture": "#0"},
				"west": {"uv": [0, 0, 0.1, 0.35], "rotation": 90, "texture": "#0"},
				"up": {"uv": [0, 0, 0.85, 0.35], "rotation": 180, "texture": "#0"},
				"down": {"uv": [0, 0, 0.85, 0.35], "texture": "#0"}
			}
		},
		{
			"from": [7.45, 3.72478, 7.48539],
			"to": [8.3, 3.82478, 7.83539],
			"rotation": {"angle": 45, "axis": "x", "origin": [8.325, 3.74573, 7.71182]},
			"faces": {
				"north": {"uv": [0, 0, 0.85, 0.1], "rotation": 180, "texture": "#0"},
				"east": {"uv": [0, 0, 0.1, 0.35], "rotation": 90, "texture": "#0"},
				"south": {"uv": [0, 0, 0.85, 0.1], "texture": "#0"},
				"west": {"uv": [0, 0, 0.1, 0.35], "rotation": 270, "texture": "#0"},
				"up": {"uv": [0, 0, 0.85, 0.35], "texture": "#0"},
				"down": {"uv": [0, 0, 0.85, 0.35], "rotation": 180, "texture": "#0"}
			}
		},
		{
			"from": [7.45, 3.49727, 7.7],
			"to": [8.3, 3.84727, 7.8],
			"rotation": {"angle": 0, "axis": "x", "origin": [8.325, 3.74573, 7.71182]},
			"faces": {
				"north": {"uv": [0, 0, 0.85, 0.35], "rotation": 180, "texture": "#0"},
				"east": {"uv": [0, 0, 0.1, 0.35], "rotation": 180, "texture": "#0"},
				"south": {"uv": [0, 0, 0.85, 0.35], "rotation": 180, "texture": "#0"},
				"west": {"uv": [0, 0, 0.1, 0.35], "rotation": 180, "texture": "#0"},
				"up": {"uv": [0, 0, 0.85, 0.1], "texture": "#0"},
				"down": {"uv": [0, 0, 0.85, 0.1], "texture": "#0"}
			}
		},
		{
			"from": [7.45, 3.51166, 7.69598],
			"to": [8.3, 3.86166, 7.79598],
			"rotation": {"angle": 22.5, "axis": "x", "origin": [8.325, 3.74573, 7.71182]},
			"faces": {
				"north": {"uv": [0, 0, 0.85, 0.35], "rotation": 180, "texture": "#0"},
				"east": {"uv": [0, 0, 0.1, 0.35], "rotation": 180, "texture": "#0"},
				"south": {"uv": [0, 0, 0.85, 0.35], "rotation": 180, "texture": "#0"},
				"west": {"uv": [0, 0, 0.1, 0.35], "rotation": 180, "texture": "#0"},
				"up": {"uv": [0, 0, 0.85, 0.1], "texture": "#0"},
				"down": {"uv": [0, 0, 0.85, 0.1], "texture": "#0"}
			}
		},
		{
			"from": [7.45, 3.52341, 7.68676],
			"to": [8.3, 3.87341, 7.78676],
			"rotation": {"angle": 45, "axis": "x", "origin": [8.325, 3.74573, 7.71182]},
			"faces": {
				"north": {"uv": [0, 0, 0.85, 0.35], "rotation": 180, "texture": "#0"},
				"east": {"uv": [0, 0, 0.1, 0.35], "rotation": 180, "texture": "#0"},
				"south": {"uv": [0, 0, 0.85, 0.35], "rotation": 180, "texture": "#0"},
				"west": {"uv": [0, 0, 0.1, 0.35], "rotation": 180, "texture": "#0"},
				"up": {"uv": [0, 0, 0.85, 0.1], "texture": "#0"},
				"down": {"uv": [0, 0, 0.85, 0.1], "texture": "#0"}
			}
		},
		{
			"from": [7.45, 3.6838, 7.49684],
			"to": [8.3, 3.7838, 7.84684],
			"rotation": {"angle": -22.5, "axis": "x", "origin": [8.325, 3.74573, 7.71182]},
			"faces": {
				"north": {"uv": [0, 0, 0.85, 0.1], "rotation": 180, "texture": "#0"},
				"east": {"uv": [0, 0, 0.1, 0.35], "rotation": 90, "texture": "#0"},
				"south": {"uv": [0, 0, 0.85, 0.1], "texture": "#0"},
				"west": {"uv": [0, 0, 0.1, 0.35], "rotation": 270, "texture": "#0"},
				"up": {"uv": [0, 0, 0.85, 0.35], "texture": "#0"},
				"down": {"uv": [0, 0, 0.85, 0.35], "rotation": 180, "texture": "#0"}
			}
		},
		{
			"from": [7.45, 3.63517, 7.69821],
			"to": [8.3, 3.98517, 7.79821],
			"rotation": {"angle": -22.5, "axis": "x", "origin": [8.325, 3.74573, 7.71182]},
			"faces": {
				"north": {"uv": [0, 0, 0.85, 0.35], "texture": "#0"},
				"east": {"uv": [0, 0, 0.1, 0.35], "texture": "#0"},
				"south": {"uv": [0, 0, 0.85, 0.35], "texture": "#0"},
				"west": {"uv": [0, 0, 0.1, 0.35], "texture": "#0"},
				"up": {"uv": [0, 0, 0.85, 0.1], "texture": "#0"},
				"down": {"uv": [0, 0, 0.85, 0.1], "texture": "#0"}
			}
		},
		{
			"from": [7.45, 3.69863, 7.49863],
			"to": [8.3, 3.79863, 7.84863],
			"rotation": {"angle": 0, "axis": "x", "origin": [8.325, 3.74573, 7.71182]},
			"faces": {
				"north": {"uv": [0, 0, 0.85, 0.1], "rotation": 180, "texture": "#0"},
				"east": {"uv": [0, 0, 0.1, 0.35], "rotation": 90, "texture": "#0"},
				"south": {"uv": [0, 0, 0.85, 0.1], "texture": "#0"},
				"west": {"uv": [0, 0, 0.1, 0.35], "rotation": 270, "texture": "#0"},
				"up": {"uv": [0, 0, 0.85, 0.35], "texture": "#0"},
				"down": {"uv": [0, 0, 0.85, 0.35], "rotation": 180, "texture": "#0"}
			}
		},
		{
			"from": [7.45, 3.71302, 7.49461],
			"to": [8.3, 3.81302, 7.84461],
			"rotation": {"angle": 22.5, "axis": "x", "origin": [8.325, 3.74573, 7.71182]},
			"faces": {
				"north": {"uv": [0, 0, 0.85, 0.1], "rotation": 180, "texture": "#0"},
				"east": {"uv": [0, 0, 0.1, 0.35], "rotation": 90, "texture": "#0"},
				"south": {"uv": [0, 0, 0.85, 0.1], "texture": "#0"},
				"west": {"uv": [0, 0, 0.1, 0.35], "rotation": 270, "texture": "#0"},
				"up": {"uv": [0, 0, 0.85, 0.35], "texture": "#0"},
				"down": {"uv": [0, 0, 0.85, 0.35], "rotation": 180, "texture": "#0"}
			}
		},
		{
			"from": [8.3, 3.4, 7.4],
			"to": [8.6, 4.1, 8.1],
			"rotation": {"angle": 0, "axis": "y", "origin": [8.25, 4.125, 7.75]},
			"faces": {
				"north": {"uv": [0, 0, 0.3, 0.7], "texture": "#0"},
				"east": {"uv": [0, 0, 0.7, 0.7], "texture": "#0"},
				"south": {"uv": [0, 0, 0.3, 0.7], "texture": "#0"},
				"west": {"uv": [0, 0, 0.7, 0.7], "texture": "#0"},
				"up": {"uv": [0, 0, 0.3, 0.7], "texture": "#0"},
				"down": {"uv": [0, 0, 0.3, 0.7], "texture": "#0"}
			}
		},
		{
			"name": "thirdrail",
			"from": [8.6, 3.2, -16],
			"to": [9.4, 3.4, 32],
			"rotation": {"angle": 0, "axis": "y", "origin": [8.25, 4.125, 7.75]},
			"faces": {
				"north": {"uv": [0, 0, 1, 0.2], "texture": "#1"},
				"east": {"uv": [0, 0, 0.7, 0.2], "texture": "#1"},
				"south": {"uv": [0, 0, 1, 0.2], "texture": "#1"},
				"west": {"uv": [0, 0, 0.7, 0.2], "texture": "#1"},
				"up": {"uv": [0, 2, 16, 3], "texture": "#1"},
				"down": {"uv": [0, 2, 16, 2.7], "texture": "#1"}
			}
		},
		{
			"name": "thirdrail",
			"from": [8.6, 3.8, -16],
			"to": [9.4, 4, 32],
			"rotation": {"angle": 0, "axis": "y", "origin": [8.25, 4.125, 7.75]},
			"faces": {
				"north": {"uv": [0, 0, 1, 0.2], "texture": "#1"},
				"east": {"uv": [0, 0, 0.7, 0.2], "texture": "#1"},
				"south": {"uv": [0, 0, 1, 0.2], "texture": "#1"},
				"west": {"uv": [0, 0, 0.7, 0.2], "texture": "#1"},
				"up": {"uv": [0, 2, 16, 3], "texture": "#1"},
				"down": {"uv": [0, 2, 16, 2.7], "texture": "#1"}
			}
		},
		{
			"name": "thirdrail",
			"from": [8.9, 3.4, -16],
			"to": [9.1, 3.8, 32],
			"rotation": {"angle": 0, "axis": "y", "origin": [8.25, 4.125, 7.75]},
			"faces": {
				"north": {"uv": [0, 0, 1, 0.2], "texture": "#1"},
				"east": {"uv": [0, 0, 0.7, 0.2], "texture": "#1"},
				"south": {"uv": [0, 0, 1, 0.2], "texture": "#1"},
				"west": {"uv": [0, 0, 0.7, 0.2], "texture": "#1"},
				"up": {"uv": [0, 2, 16, 3], "texture": "#1"},
				"down": {"uv": [0, 2, 16, 2.7], "texture": "#1"}
			}
		},
		{
			"from": [8.5, 4.1, -16],
			"to": [9.5, 4.3, 32],
			"rotation": {"angle": 0, "axis": "y", "origin": [8.25, 4.125, 7.75]},
			"faces": {
				"north": {"uv": [0, 0, 1, 0.2], "texture": "#1"},
				"east": {"uv": [0, 0, 16, 0.2], "texture": "#1"},
				"south": {"uv": [0, 0, 1, 0.2], "texture": "#1"},
				"west": {"uv": [0, 0, 16, 0.2], "texture": "#1"},
				"up": {"uv": [7, 0, 8, 16], "texture": "#1"},
				"down": {"uv": [11, 0, 12, 16], "texture": "#1"}
			}
		},
		{
			"from": [9.5, 3.3, -16],
			"to": [9.7, 4.3, 32],
			"rotation": {"angle": 0, "axis": "z", "origin": [9.9, 3.8, 8]},
			"faces": {
				"north": {"uv": [0, 0, 1, 0.2], "rotation": 270, "texture": "#1"},
				"east": {"uv": [7, 0, 8, 16], "rotation": 90, "texture": "#1"},
				"south": {"uv": [0, 0, 1, 0.2], "rotation": 90, "texture": "#1"},
				"west": {"uv": [11, 0, 12, 16], "rotation": 90, "texture": "#1"},
				"up": {"uv": [7, 0, 8.2, 16], "texture": "#1"},
				"down": {"uv": [0, 0, 16, 0.2], "rotation": 90, "texture": "#1"}
			}
		},
		{
			"from": [8.3, 3.3, -16],
			"to": [8.5, 4.3, 32],
			"rotation": {"angle": 0, "axis": "z", "origin": [9.9, 3.8, 8]},
			"faces": {
				"north": {"uv": [0, 0, 1, 0.2], "rotation": 270, "texture": "#1"},
				"east": {"uv": [7, 0, 8, 16], "rotation": 90, "texture": "#1"},
				"south": {"uv": [0, 0, 1, 0.2], "rotation": 90, "texture": "#1"},
				"west": {"uv": [11, 0, 12, 16], "rotation": 90, "texture": "#1"},
				"up": {"uv": [7, 0, 8.2, 16], "texture": "#1"},
				"down": {"uv": [0, 0, 16, 0.2], "rotation": 90, "texture": "#1"}
			}
		}
	],
	"display": {
		"thirdperson_righthand": {
			"rotation": [-113.5, 0, 0],
			"translation": [0.5, -6.5, -14.5],
			"scale": [2.4, 2.4, 2.4]
		},
		"gui": {
			"translation": [-1.5, 18.75, 0],
			"scale": [3.27, 3.27, 3.27]
		},
		"head": {
			"scale": [3.5, 3.6, 3.5]
		},
		"fixed": {
			"rotation": [-90, 0, 0],
			"translation": [-4.5, 0, -31.75],
			"scale": [4, 4, 4]
		}
	},
	"groups": [
		0,
		1,
		{
			"name": "insulator",
			"origin": [7.75, 3.89097, 8.10024],
			"color": 0,
			"children": [2, 3, 4, 5, 6, 7, 8, 9, 10, 11, 12, 13, 14, 15, 16, 17]
		},
		{
			"name": "insulator",
			"origin": [7.75, 3.89097, 8.10024],
			"color": 0,
			"children": [18, 19, 20, 21, 22, 23, 24, 25, 26, 27, 28, 29, 30, 31, 32, 33]
		},
		{
			"name": "insulator",
			"origin": [7.75, 3.89097, 8.10024],
			"color": 0,
			"children": [34, 35, 36, 37, 38, 39, 40, 41, 42, 43, 44, 45, 46, 47, 48, 49]
		},
		50,
		51,
		52,
		53,
		54,
		55,
		56
	]
}