{
	"credit": "Made by Mike Shafter",
	"textures": {
		"0": "block/black_stained_glass",
		"2": "block/red_concrete",
		"3": "block/white_concrete",
		"4": "block/light_gray_concrete",
		"6": "block/quartz_block_bottom",
		"7": "block/light_gray_shulker_box",
		"8": "block/cobbled_deepslate",
		"9": "block/black_concrete",
		"12": "block/ent_controller",
		"13": "block/glass",
		"14": "block/ent_logo",
		"15": "block/newtransit/L4",
		"particle": "block/black_stained_glass"
	},
	"elements": [
		{
			"from": [-7, -1, -5.5],
			"to": [1, 9, -1.5],
			"rotation": {"angle": 0, "axis": "y", "origin": [16, -5, -7]},
			"faces": {
				"east": {"uv": [4, 0, 0, 12], "texture": "#8"},
				"south": {"uv": [8, 0, 0, 12], "texture": "#8"},
				"west": {"uv": [4, 0, 0, 12], "texture": "#8"},
				"up": {"uv": [0, 0, 16, 16], "texture": "#12"},
				"down": {"uv": [8, 0, 0, 4], "texture": "#8"}
			}
		},
		{
			"from": [-2.5, 9, -3.5],
			"to": [-0.75, 9.5, -3],
			"rotation": {"angle": 0, "axis": "y", "origin": [16, -5, -7]},
			"faces": {
				"north": {"uv": [7, 0, 0, 2], "texture": "#3"},
				"east": {"uv": [0.5, 0, 0, 0.5], "texture": "#3"},
				"south": {"uv": [7, 0, 0, 2], "texture": "#3"},
				"west": {"uv": [0.5, 0, 0, 0.5], "texture": "#3"},
				"up": {"uv": [7, 0, 0, 2], "texture": "#3"}
			}
		},
		{
			"from": [-6.5, 9, -3.5],
			"to": [-4.75, 9.5, -3],
			"rotation": {"angle": 0, "axis": "y", "origin": [16, -5, -7]},
			"faces": {
				"north": {"uv": [7, 0, 0, 2], "texture": "#3"},
				"east": {"uv": [0.5, 0, 0, 0.5], "texture": "#3"},
				"south": {"uv": [7, 0, 0, 2], "texture": "#3"},
				"west": {"uv": [0.5, 0, 0, 0.5], "texture": "#3"},
				"up": {"uv": [7, 0, 0, 2], "texture": "#3"}
			}
		},
		{
			"from": [-8.5, -5, -3],
			"to": [-8, 7, 7],
			"rotation": {"angle": 0, "axis": "y", "origin": [0, -5, -7]},
			"faces": {
				"east": {"uv": [0, 0, 16, 16], "texture": "#3"},
				"west": {"uv": [0, 0, 16, 16], "texture": "#3"}
			}
		},
		{
			"from": [-8.5, 17.75, -1],
			"to": [-8, 19.75, 5],
			"rotation": {"angle": 0, "axis": "y", "origin": [0, -5, -7]},
			"faces": {
				"east": {"uv": [0, 0, 16, 16], "texture": "#3"},
				"west": {"uv": [0, 0, 16, 16], "texture": "#3"}
			}
		},
		{
			"from": [-8.5, 7, -1],
			"to": [-8, 17.75, 5],
			"rotation": {"angle": 0, "axis": "y", "origin": [0, -5, -7]},
			"faces": {
				"east": {"uv": [0, 0, 16, 16], "texture": "#13"},
				"west": {"uv": [0, 0, 16, 16], "texture": "#13"}
			}
		},
		{
			"from": [-8.5, 7, -3],
			"to": [-8, 19.75, -1],
			"rotation": {"angle": 0, "axis": "y", "origin": [0, -5, -7]},
			"faces": {
				"east": {"uv": [0, 0, 16, 16], "texture": "#3"},
				"west": {"uv": [0, 0, 16, 16], "texture": "#3"}
			}
		},
		{
			"from": [-8.5, 7, 5],
			"to": [-8, 19.75, 7],
			"rotation": {"angle": 0, "axis": "y", "origin": [0, -5, -7]},
			"faces": {
				"east": {"uv": [0, 0, 16, 16], "texture": "#3"},
				"west": {"uv": [0, 0, 16, 16], "texture": "#3"}
			}
		},
		{
			"from": [24, -5, -3],
			"to": [24.5, 7, 7],
			"rotation": {"angle": 0, "axis": "y", "origin": [16, -5, -7]},
			"faces": {
				"east": {"uv": [16, 0, 0, 16], "texture": "#3"},
				"west": {"uv": [16, 0, 0, 16], "texture": "#3"}
			}
		},
		{
			"from": [24, 17.75, -1],
			"to": [24.5, 19.75, 5],
			"rotation": {"angle": 0, "axis": "y", "origin": [16, -5, -7]},
			"faces": {
				"east": {"uv": [16, 0, 0, 16], "texture": "#3"},
				"west": {"uv": [16, 0, 0, 16], "texture": "#3"}
			}
		},
		{
			"from": [24, 7, -1],
			"to": [24.5, 17.75, 5],
			"rotation": {"angle": 0, "axis": "y", "origin": [16, -5, -7]},
			"faces": {
				"east": {"uv": [16, 0, 0, 16], "texture": "#13"},
				"west": {"uv": [16, 0, 0, 16], "texture": "#13"}
			}
		},
		{
			"from": [24, 7, -3],
			"to": [24.5, 19.75, -1],
			"rotation": {"angle": 0, "axis": "y", "origin": [16, -5, -7]},
			"faces": {
				"east": {"uv": [16, 0, 0, 16], "texture": "#3"},
				"west": {"uv": [16, 0, 0, 16], "texture": "#3"}
			}
		},
		{
			"from": [24, 7, 5],
			"to": [24.5, 19.75, 7],
			"rotation": {"angle": 0, "axis": "y", "origin": [16, -5, -7]},
			"faces": {
				"east": {"uv": [16, 0, 0, 16], "texture": "#3"},
				"west": {"uv": [16, 0, 0, 16], "texture": "#3"}
			}
		},
		{
			"from": [-9, -5, 9],
			"to": [25, -4, 20],
			"rotation": {"angle": 0, "axis": "y", "origin": [0, -5, 13]},
			"faces": {
				"east": {"uv": [0, 0, 16, 1], "texture": "#4"},
				"south": {"uv": [0, 0, 14, 1], "texture": "#6"},
				"west": {"uv": [0, 0, 16, 1], "texture": "#4"},
				"up": {"uv": [0, 0, 16, 16], "texture": "#6"},
				"down": {"uv": [0, 0, 14, 16], "texture": "#4"}
			}
		},
		{
			"from": [24, -5, 9],
			"to": [25, -1, 11],
			"rotation": {"angle": 0, "axis": "z", "origin": [15, -5, 13]},
			"faces": {
				"east": {"uv": [0, 0, 2, 4], "texture": "#4"},
				"south": {"uv": [1, 0, 0, 4], "texture": "#6"},
				"west": {"uv": [0, 12, 2, 16], "texture": "#6"}
			}
		},
		{
			"from": [-9, -5, 9],
			"to": [-8, -1, 11],
			"rotation": {"angle": 0, "axis": "z", "origin": [1, -5, 13]},
			"faces": {
				"east": {"uv": [2, 12, 0, 16], "texture": "#6"},
				"south": {"uv": [0, 0, 1, 4], "texture": "#6"},
				"west": {"uv": [2, 0, 0, 4], "texture": "#4"}
			}
		},
		{
			"from": [-9, 19.75, -5],
			"to": [-8, 23.75, 20],
			"rotation": {"angle": 0, "axis": "z", "origin": [1, -2, 13]},
			"faces": {
				"east": {"uv": [0, 0, 16, 4], "texture": "#6"},
				"south": {"uv": [0, 0, 1, 3.25], "texture": "#6"},
				"west": {"uv": [3, 3, 13, 13], "texture": "#7"},
				"down": {"uv": [0, 0, 1, 16], "texture": "#4"}
			}
		},
		{
			"from": [-4.60454, 27.41606, -5],
			"to": [20.59546, 28.41606, 1],
			"rotation": {"angle": 0, "axis": "z", "origin": [7.89546, 27.79106, 2]},
			"faces": {
				"north": {"uv": [0, 0, 16, 16], "texture": "#4"},
				"east": {"uv": [0, 0, 16, 16], "texture": "#4"},
				"west": {"uv": [0, 0, 16, 16], "texture": "#4"},
				"up": {"uv": [0, 0, 16, 16], "texture": "#4"},
				"down": {"uv": [0, 0, 16, 16], "texture": "#4"}
			}
		},
		{
			"from": [-4.60454, 27.08095, 0.6847],
			"to": [20.59546, 28.08095, 11.1847],
			"rotation": {"angle": 22.5, "axis": "x", "origin": [7.89546, 27.45595, 1.6847]},
			"faces": {
				"east": {"uv": [0, 0, 16, 16], "texture": "#4"},
				"west": {"uv": [0, 0, 16, 16], "texture": "#4"},
				"up": {"uv": [0, 0, 16, 16], "texture": "#4"},
				"down": {"uv": [0, 0, 16, 16], "texture": "#4"}
			}
		},
		{
			"from": [-8, 23.5, -5],
			"to": [24, 24.5, 20],
			"rotation": {"angle": 0, "axis": "z", "origin": [8, 27.875, 2]},
			"faces": {
				"north": {"uv": [0, 0, 16, 16], "texture": "#4"},
				"south": {"uv": [0, 0, 16, 16], "texture": "#4"},
				"up": {"uv": [0, 0, 16, 16], "texture": "#4"},
				"down": {"uv": [0, 0, 16, 16], "texture": "#4"}
			}
		},
		{
			"from": [24, -1, 9],
			"to": [25, 4, 11],
			"rotation": {"angle": 0, "axis": "z", "origin": [15, -5, 13]},
			"faces": {
				"east": {"uv": [14, 5, 16, 11], "texture": "#7"},
				"south": {"uv": [1, 0, 2, 5.25], "texture": "#6"},
				"west": {"uv": [0, 5, 2, 11], "texture": "#6"}
			}
		},
		{
			"from": [-9, -1, 9],
			"to": [-8, 4, 11],
			"rotation": {"angle": 0, "axis": "z", "origin": [1, -5, 13]},
			"faces": {
				"east": {"uv": [2, 5, 0, 11], "texture": "#6"},
				"south": {"uv": [2, 0, 1, 5.25], "texture": "#6"},
				"west": {"uv": [2, 5, 0, 11], "texture": "#7"}
			}
		},
		{
			"from": [-8, -4, 8],
			"to": [2, 24, 9],
			"rotation": {"angle": 0, "axis": "z", "origin": [1, -5, 13]},
			"faces": {
				"north": {"uv": [16, 0, 0, 16], "texture": "#6"},
				"east": {"uv": [16, 0, 0, 16], "texture": "#6"},
				"south": {"uv": [16, 0, 0, 16], "texture": "#6"}
			}
		},
		{
			"from": [14, -4, 8],
			"to": [24, 10, 9],
			"rotation": {"angle": 0, "axis": "z", "origin": [1, -5, 13]},
			"faces": {
				"north": {"uv": [0, 0, 16, 14], "texture": "#6"},
				"south": {"uv": [0, 2, 16, 16], "texture": "#6"},
				"west": {"uv": [16, 0, 0, 16], "texture": "#6"}
			}
		},
		{
			"from": [14, 20, 8],
			"to": [24, 23.5, 9],
			"rotation": {"angle": 0, "axis": "z", "origin": [1, -5, 13]},
			"faces": {
				"north": {"uv": [0, 0, 16, 3.5], "texture": "#6"},
				"south": {"uv": [0, 0, 16, 3.5], "texture": "#6"}
			}
		},
		{
			"from": [2, 20, 8],
			"to": [14, 23.5, 9],
			"rotation": {"angle": 0, "axis": "z", "origin": [1, -5, 13]},
			"faces": {
				"north": {"uv": [0, 0, 16, 3.5], "texture": "#6"},
				"south": {"uv": [0, 0, 16, 3.5], "texture": "#6"},
				"down": {"uv": [16, 0, 0, 16], "texture": "#6"}
			}
		},
		{
			"from": [1, 20, -3.5],
			"to": [2, 23.5, 8],
			"rotation": {"angle": 0, "axis": "z", "origin": [1, -5, 13]},
			"faces": {
				"north": {"uv": [0, 0, 16, 3.5], "texture": "#6"},
				"east": {"uv": [0, 0, 16, 3.5], "texture": "#6"},
				"south": {"uv": [0, 0, 16, 3.5], "texture": "#6"},
				"west": {"uv": [0, 0, 16, 3.5], "texture": "#6"},
				"up": {"uv": [0, 0, 16, 3.5], "texture": "#6"},
				"down": {"uv": [0, 0, 16, 3.5], "texture": "#6"}
			}
		},
		{
			"from": [14, 10, 8],
			"to": [24, 20, 9],
			"rotation": {"angle": 0, "axis": "z", "origin": [1, -5, 13]},
			"faces": {
				"north": {"uv": [16, 0, 0, 16], "texture": "#13"},
				"south": {"uv": [16, 0, 0, 16], "texture": "#13"},
				"west": {"uv": [16, 0, 0, 16], "texture": "#6"}
			}
		},
		{
			"from": [25.001, 14, -4],
			"to": [25.001, 30, 12],
			"rotation": {"angle": 0, "axis": "z", "origin": [15, -2, 13]},
			"faces": {
				"east": {"uv": [0, 0, 16, 16], "texture": "#14"}
			}
		},
		{
			"from": [-9.001, 14, -4],
			"to": [-9.001, 30, 12],
			"rotation": {"angle": 0, "axis": "z", "origin": [1, -2, 13]},
			"faces": {
				"west": {"uv": [0, 0, 16, 16], "texture": "#14"}
			}
		},
		{
			"from": [24, 19.75, -5],
			"to": [25, 23.75, 20],
			"rotation": {"angle": 0, "axis": "z", "origin": [15, -2, 13]},
			"faces": {
				"east": {"uv": [3, 3, 13, 13], "texture": "#7"},
				"south": {"uv": [1, 0, 2, 3.25], "texture": "#6"},
				"west": {"uv": [0, 0, 16, 4], "texture": "#6"},
				"down": {"uv": [1, 0, 2, 16], "texture": "#4"}
			}
		},
		{
			"from": [-9, 4, 9],
			"to": [-8, 19.75, 11],
			"rotation": {"angle": 0, "axis": "y", "origin": [0, -5, 13]},
			"faces": {
				"east": {"uv": [0, 0, 2, 12.75], "texture": "#6"},
				"south": {"uv": [0, 0, 1, 12.75], "texture": "#6"},
				"west": {"uv": [0, 0, 2, 12.75], "texture": "#3"}
			}
		},
		{
			"from": [24, 4, 9],
			"to": [25, 19.75, 11],
			"rotation": {"angle": 0, "axis": "y", "origin": [0, -5, 13]},
			"faces": {
				"east": {"uv": [0, 0, 2, 12.75], "texture": "#3"},
				"south": {"uv": [0, 0, 1, 12.75], "texture": "#6"},
				"west": {"uv": [0, 0, 2, 12.75], "texture": "#6"}
			}
		},
		{
			"from": [-9, 4, 7],
			"to": [-8, 19.75, 9],
			"rotation": {"angle": 0, "axis": "y", "origin": [8, 11.1147, 1]},
			"faces": {
				"north": {"uv": [1, 0, 0, 12.75], "texture": "#4"},
				"east": {"uv": [2, 0, 0, 12.75], "texture": "#6"},
				"west": {"uv": [2, 0, 0, 12.75], "texture": "#3"}
			}
		},
		{
			"from": [24, 4, 7],
			"to": [25, 19.75, 9],
			"rotation": {"angle": 0, "axis": "y", "origin": [8, 11.1147, 1]},
			"faces": {
				"north": {"uv": [0, 0, 1, 12.75], "texture": "#4"},
				"east": {"uv": [0, 0, 2, 12.75], "texture": "#3"},
				"west": {"uv": [0, 0, 2, 12.75], "texture": "#6"}
			}
		},
		{
			"from": [-9, -5, 7],
			"to": [-8, -1, 9],
			"rotation": {"angle": 0, "axis": "z", "origin": [8, 11.1147, 1]},
			"faces": {
				"north": {"uv": [1, 0, 0, 4], "texture": "#4"},
				"east": {"uv": [16, 0, 0, 4], "texture": "#6"},
				"west": {"uv": [16, 0, 0, 4], "texture": "#4"}
			}
		},
		{
			"from": [-9, -6, -5],
			"to": [25, -5, 20],
			"rotation": {"angle": 0, "axis": "z", "origin": [-7.93934, -5.35355, 8]},
			"faces": {
				"north": {"uv": [5, 3, 3, 5], "rotation": 90, "texture": "#7"},
				"east": {"uv": [0, 16, 1, 0], "rotation": 270, "texture": "#4"},
				"south": {"uv": [1, 0, 0, 4], "rotation": 270, "texture": "#6"},
				"west": {"uv": [0, 16, 1, 0], "rotation": 270, "texture": "#4"},
				"up": {"uv": [16, 0, 0, 4], "rotation": 270, "texture": "#4"},
				"down": {"uv": [16, 0, 0, 4], "rotation": 270, "texture": "#4"}
			}
		},
		{
			"from": [-9, -1, 7],
			"to": [-8, 4, 9],
			"rotation": {"angle": 0, "axis": "z", "origin": [8, 11.1147, 1]},
			"faces": {
				"north": {"uv": [1, 0, 0, 5.25], "texture": "#4"},
				"east": {"uv": [16, 0, 0, 5.25], "texture": "#6"},
				"west": {"uv": [13, 3, 3, 13], "texture": "#7"}
			}
		},
		{
			"from": [24, -1, 7],
			"to": [25, 4, 9],
			"rotation": {"angle": 0, "axis": "z", "origin": [8, 11.1147, 1]},
			"faces": {
				"north": {"uv": [0, 0, 1, 5.25], "texture": "#4"},
				"east": {"uv": [3, 3, 13, 13], "texture": "#7"},
				"west": {"uv": [0, 0, 16, 5.25], "texture": "#6"}
			}
		},
		{
			"from": [24, -5, 7],
			"to": [25, -1, 9],
			"rotation": {"angle": 0, "axis": "z", "origin": [8, 11.1147, 1]},
			"faces": {
				"north": {"uv": [0, 0, 1, 4], "texture": "#4"},
				"east": {"uv": [0, 0, 16, 4], "texture": "#4"},
				"west": {"uv": [0, 0, 16, 4], "texture": "#6"}
			}
		},
		{
			"from": [-9, 4, -5],
			"to": [-8, 19.75, -3],
			"rotation": {"angle": 0, "axis": "y", "origin": [8, 11.1147, -7]},
			"faces": {
				"east": {"uv": [2, 0, 0, 12.75], "texture": "#6"},
				"south": {"uv": [1, 0, 0, 12.75], "texture": "#4"},
				"west": {"uv": [2, 0, 0, 12.75], "texture": "#3"}
			}
		},
		{
			"from": [-9, -1, -5],
			"to": [-8, 4, -3],
			"rotation": {"angle": 0, "axis": "z", "origin": [8, 11.1147, -7]},
			"faces": {
				"east": {"uv": [16, 0, 0, 5.25], "texture": "#6"},
				"south": {"uv": [1, 0, 0, 5.25], "texture": "#4"},
				"west": {"uv": [13, 3, 3, 13], "texture": "#7"}
			}
		},
		{
			"from": [-9, -5, -5],
			"to": [-8, -1, -3],
			"rotation": {"angle": 0, "axis": "z", "origin": [8, 11.1147, -7]},
			"faces": {
				"north": {"uv": [5, 3, 3, 5], "texture": "#7"},
				"east": {"uv": [16, 0, 0, 4], "texture": "#6"},
				"south": {"uv": [1, 0, 0, 4], "texture": "#4"},
				"west": {"uv": [16, 0, 0, 4], "texture": "#4"}
			}
		},
		{
			"from": [24, -5, -5],
			"to": [25, -1, -3],
			"rotation": {"angle": 0, "axis": "z", "origin": [8, 11.1147, -7]},
			"faces": {
				"north": {"uv": [3, 3, 5, 5], "texture": "#7"},
				"east": {"uv": [0, 0, 16, 4], "texture": "#4"},
				"south": {"uv": [0, 0, 1, 4], "texture": "#4"},
				"west": {"uv": [0, 0, 16, 4], "texture": "#6"}
			}
		},
		{
			"from": [24, 4, -5],
			"to": [25, 19.75, -3],
			"rotation": {"angle": 0, "axis": "y", "origin": [8, 11.1147, -7]},
			"faces": {
				"east": {"uv": [0, 0, 2, 12.75], "texture": "#3"},
				"south": {"uv": [0, 0, 1, 12.75], "texture": "#4"},
				"west": {"uv": [0, 0, 2, 12.75], "texture": "#6"}
			}
		},
		{
			"from": [24, -1, -5],
			"to": [25, 4, -3],
			"rotation": {"angle": 0, "axis": "z", "origin": [8, 11.1147, -7]},
			"faces": {
				"east": {"uv": [3, 3, 13, 13], "texture": "#7"},
				"south": {"uv": [0, 0, 1, 5.25], "texture": "#4"},
				"west": {"uv": [0, 0, 16, 5.25], "texture": "#6"}
			}
		},
		{
			"from": [-8, -5, -5],
			"to": [24, -4, 9.5],
			"rotation": {"angle": 0, "axis": "y", "origin": [8, 11.1147, -7]},
			"faces": {
				"north": {"uv": [3, 3, 13, 13], "texture": "#7"},
				"up": {"uv": [0, 16, 14, 0], "texture": "#6"},
				"down": {"uv": [0, 16, 14, 0], "texture": "#4"}
			}
		},
		{
			"from": [24, -1.9, -7],
			"to": [25, 23.75, -5],
			"rotation": {"angle": 0, "axis": "z", "origin": [8, 11.1147, -13]},
			"faces": {
				"north": {"uv": [3, 3, 13, 13], "texture": "#2"},
				"east": {"uv": [3, 3, 13, 13], "texture": "#2"},
				"west": {"uv": [3, 3, 13, 13], "texture": "#2"},
				"up": {"uv": [13, 3, 3, 13], "texture": "#2"},
				"down": {"uv": [13, 4, 3, 13], "texture": "#2"}
			}
		},
		{
			"from": [-8, -4, -6.5],
			"to": [2, 6, -5.5],
			"rotation": {"angle": 0, "axis": "y", "origin": [0, -5, -7]},
			"faces": {
				"north": {"uv": [3, 3, 13, 13], "texture": "#2"},
				"south": {"uv": [3, 3, 13, 13], "texture": "#2"}
			}
		},
		{
			"from": [-6.75, -5.5, -6.5],
			"to": [22.75, -3.5, -5.5],
			"rotation": {"angle": 0, "axis": "y", "origin": [0, -5, -7]},
			"faces": {
				"north": {"uv": [3, 3, 13, 13], "texture": "#2"},
				"south": {"uv": [3, 3, 13, 13], "texture": "#2"},
				"up": {"uv": [0, 15, 16, 16], "texture": "#2"}
			}
		},
		{
			"from": [-8, 23, -6.5],
			"to": [2, 26.125, -5.5],
			"rotation": {"angle": 0, "axis": "y", "origin": [0, -5, -7]},
			"faces": {
				"north": {"uv": [3, 3, 13, 13], "texture": "#9"},
				"east": {"uv": [0, 0, 16, 16], "texture": "#9"},
				"south": {"uv": [3, 3, 13, 13], "texture": "#2"}
			}
		},
		{
			"from": [-6.5, 26.125, -6.5],
			"to": [2, 27.45, -5.5],
			"rotation": {"angle": 0, "axis": "y", "origin": [0, -5, -7]},
			"faces": {
				"north": {"uv": [3, 3, 13, 13], "texture": "#9"},
				"east": {"uv": [0, 0, 16, 16], "texture": "#9"},
				"south": {"uv": [3, 3, 13, 13], "texture": "#2"}
			}
		},
		{
			"from": [14, 26.125, -6.5],
			"to": [22.5, 27.45, -5.5],
			"rotation": {"angle": 0, "axis": "y", "origin": [16, -5, -7]},
			"faces": {
				"north": {"uv": [13, 3, 3, 13], "texture": "#9"},
				"south": {"uv": [13, 3, 3, 13], "texture": "#2"},
				"west": {"uv": [16, 0, 0, 16], "texture": "#9"}
			}
		},
		{
			"from": [14, 23, -6.5],
			"to": [24, 26.125, -5.5],
			"rotation": {"angle": 0, "axis": "y", "origin": [16, -5, -7]},
			"faces": {
				"north": {"uv": [13, 3, 3, 13], "texture": "#9"},
				"south": {"uv": [13, 3, 3, 13], "texture": "#2"},
				"west": {"uv": [16, 0, 0, 16], "texture": "#9"}
			}
		},
		{
			"from": [2, 20, -6.5],
			"to": [14, 24, -5.5],
			"rotation": {"angle": 0, "axis": "y", "origin": [13, 22, -6]},
			"faces": {
				"north": {"uv": [3, 3, 13, 13], "texture": "#9"},
				"south": {"uv": [3, 3, 13, 13], "texture": "#2"},
				"up": {"uv": [0, 15, 16, 16], "texture": "#2"},
				"down": {"uv": [0, 0, 16, 16], "texture": "#9"}
			}
		},
		{
			"from": [2, 20, -5.5],
			"to": [24, 24, -2.5],
			"rotation": {"angle": 0, "axis": "y", "origin": [13, 22, -6]},
			"faces": {
				"north": {"uv": [3, 3, 13, 13], "texture": "#9"},
				"south": {"uv": [3, 3, 13, 13], "texture": "#4"},
				"up": {"uv": [0, 15, 16, 16], "texture": "#2"},
				"down": {"uv": [0, 0, 16, 16], "texture": "#4"}
			}
		},
		{
			"from": [2, 24, -5.75],
			"to": [14, 27, -5.5],
			"rotation": {"angle": 0, "axis": "y", "origin": [0, -5, -7]},
			"faces": {
				"north": {"uv": [0, 0, 16, 16], "texture": "#15"},
				"south": {"uv": [3, 3, 13, 13], "texture": "#2"}
			}
		},
		{
			"from": [2, 27, -6.5],
			"to": [14, 27.5, -5.5],
			"rotation": {"angle": 0, "axis": "y", "origin": [0, -5, -7]},
			"faces": {
				"north": {"uv": [3, 3, 13, 13], "texture": "#9"},
				"south": {"uv": [3, 3, 13, 13], "texture": "#2"},
				"down": {"uv": [0, 0, 16, 16], "texture": "#9"}
			}
		},
		{
			"from": [14, -4, -6.5],
			"to": [24, 6, -5.5],
			"rotation": {"angle": 0, "axis": "y", "origin": [0, -5, -7]},
			"faces": {
				"north": {"uv": [3, 3, 13, 13], "texture": "#2"},
				"south": {"uv": [3, 3, 13, 13], "texture": "#2"}
			}
		},
		{
			"from": [-8, 9, -6.5],
			"to": [2, 23, -5.5],
			"rotation": {"angle": 0, "axis": "y", "origin": [0, -5, -7]},
			"faces": {
				"north": {"uv": [0, 0, 16, 16], "texture": "#0"},
				"south": {"uv": [0, 0, 16, 16], "texture": "#13"}
			}
		},
		{
			"from": [2, -3.5, -6.5],
			"to": [3, 20, -5.5],
			"rotation": {"angle": 0, "axis": "y", "origin": [0, -5, -7]},
			"faces": {
				"north": {"uv": [0, 0, 1, 16], "texture": "#9"},
				"east": {"uv": [0, 0, 1, 16], "texture": "#9"}
			}
		},
		{
			"from": [2.80239, -4, -6.53387],
			"to": [3.80239, 23.75, -3.78387],
			"rotation": {"angle": -22.5, "axis": "y", "origin": [0.80239, -4.5, -8.03387]},
			"faces": {
				"north": {"uv": [0, 0, 1, 16], "texture": "#2"},
				"east": {"uv": [0, 0, 2, 16], "texture": "#2"},
				"south": {"uv": [0, 0, 1, 16], "texture": "#2"},
				"west": {"uv": [0, 0, 2, 16], "texture": "#2"}
			}
		},
		{
			"from": [13, -3.5, -6.5],
			"to": [14, 20, -5.5],
			"rotation": {"angle": 0, "axis": "y", "origin": [0, -5, -7]},
			"faces": {
				"north": {"uv": [0, 0, 1, 16], "texture": "#9"},
				"south": {"uv": [0, 0, 1, 16], "texture": "#9"},
				"west": {"uv": [0, 0, 1, 16], "texture": "#9"}
			}
		},
		{
			"from": [14, 9, -6.5],
			"to": [24, 23, -5.5],
			"rotation": {"angle": 0, "axis": "y", "origin": [0, -5, -7]},
			"faces": {
				"north": {"uv": [0, 0, 16, 16], "texture": "#0"},
				"south": {"uv": [0, 0, 16, 16], "texture": "#13"}
			}
		},
		{
			"from": [-8, 6, -6.5],
			"to": [2, 9, -5.5],
			"rotation": {"angle": 0, "axis": "y", "origin": [0, -5, -7]},
			"faces": {
				"north": {"uv": [11, 0, 13, 2], "texture": "#9"},
				"south": {"uv": [3, 3, 13, 13], "texture": "#2"}
			}
		},
		{
			"from": [14, 6, -6.5],
			"to": [24, 9, -5.5],
			"rotation": {"angle": 0, "axis": "y", "origin": [0, -5, -7]},
			"faces": {
				"north": {"uv": [11, 0, 13, 2], "texture": "#9"},
				"south": {"uv": [3, 3, 13, 13], "texture": "#2"}
			}
		},
		{
			"from": [-7.5, 1.9, 2.47444],
			"to": [1.5, 3.1, 8.07444],
			"rotation": {"angle": 0, "axis": "y", "origin": [-5.2, 4.82536, 6.58722]},
			"faces": {
				"north": {"uv": [8, 0, 0, 6], "texture": "#7"},
				"east": {"uv": [16, 13, 0, 16], "texture": "#7"},
				"west": {"uv": [16, 13, 0, 16], "texture": "#7"},
				"up": {"uv": [16, 0, 0, 16], "rotation": 90, "texture": "#7"},
				"down": {"uv": [16, 0, 0, 16], "rotation": 270, "texture": "#7"}
			}
		},
		{
			"from": [-7.5, 3.1, 7.37444],
			"to": [1.5, 13.1, 8.07444],
			"rotation": {"angle": 0, "axis": "y", "origin": [-5.2, 4.82536, 6.58722]},
			"faces": {
				"north": {"uv": [16, 0, 0, 16], "texture": "#7"},
				"east": {"uv": [1, 0, 0, 8], "texture": "#7"},
				"west": {"uv": [1, 0, 0, 8], "texture": "#7"},
				"up": {"uv": [1, 0, 0, 8], "rotation": 90, "texture": "#7"}
			}
		},
		{
			"from": [-7.5, 2.67419, 6.30347],
			"to": [1.5, 7.57419, 7.00347],
			"rotation": {"angle": 22.5, "axis": "x", "origin": [-5.2, 4.82536, 6.58722]},
			"faces": {
				"north": {"uv": [16, 7, 0, 16], "texture": "#7"},
				"east": {"uv": [1, 0, 0, 7], "texture": "#7"},
				"south": {"uv": [16, 0, 0, 16], "texture": "#7"},
				"west": {"uv": [1, 0, 0, 7], "texture": "#7"}
			}
		},
		{
			"from": [-9, -1.9, -7],
			"to": [-8, 23.75, -5],
			"rotation": {"angle": 0, "axis": "z", "origin": [8, 11.1147, -13]},
			"faces": {
				"north": {"uv": [3, 3, 13, 13], "texture": "#2"},
				"east": {"uv": [3, 3, 13, 13], "texture": "#2"},
				"west": {"uv": [3, 3, 13, 13], "texture": "#2"},
				"up": {"uv": [3, 3, 13, 13], "texture": "#2"},
				"down": {"uv": [3, 4, 13, 13], "texture": "#2"}
			}
		},
		{
			"from": [-4.60454, -6.41606, -7],
			"to": [20.57046, -5.41606, -5],
			"rotation": {"angle": 0, "axis": "z", "origin": [7.97046, 9.69864, -13]},
			"faces": {
				"north": {"uv": [3, 3, 13, 13], "texture": "#2"},
				"east": {"uv": [3, 3, 13, 13], "texture": "#2"},
				"south": {"uv": [1, 0, 2, 5.25], "texture": "#4"},
				"west": {"uv": [3, 3, 13, 13], "texture": "#2"},
				"up": {"uv": [3, 3, 13, 13], "texture": "#2"},
				"down": {"uv": [3, 4, 13, 13], "texture": "#2"}
			}
		},
		{
			"from": [12.6, -13.5, -4],
			"to": [24.4, -4.5, -3],
			"rotation": {"angle": -22.5, "axis": "y", "origin": [17.5, -10, -5.5]},
			"faces": {
				"north": {"uv": [3, 4, 13, 13], "texture": "#4"},
				"east": {"uv": [3, 4, 13, 13], "texture": "#4"},
				"south": {"uv": [3, 4, 13, 13], "texture": "#4"},
				"west": {"uv": [3, 4, 13, 13], "texture": "#4"},
				"up": {"uv": [3, 4, 13, 13], "texture": "#4"},
				"down": {"uv": [3, 4, 13, 13], "texture": "#4"}
			}
		},
		{
			"from": [-8.4, -13.5, -4],
			"to": [3.4, -4.5, -3],
			"rotation": {"angle": 22.5, "axis": "y", "origin": [-1.5, -10, -5.5]},
			"faces": {
				"north": {"uv": [3, 4, 13, 13], "texture": "#4"},
				"east": {"uv": [3, 4, 13, 13], "texture": "#4"},
				"south": {"uv": [3, 4, 13, 13], "texture": "#4"},
				"west": {"uv": [3, 4, 13, 13], "texture": "#4"},
				"up": {"uv": [3, 4, 13, 13], "texture": "#4"},
				"down": {"uv": [3, 4, 13, 13], "texture": "#4"}
			}
		},
		{
			"from": [-7.30074, -13.5, -1.47366],
			"to": [-6.30074, -4.5, 10.32634],
			"rotation": {"angle": 0, "axis": "y", "origin": [-4.80074, -10, 5.42634]},
			"faces": {
				"north": {"uv": [3, 4, 13, 13], "texture": "#4"},
				"east": {"uv": [3, 4, 13, 13], "texture": "#4"},
				"south": {"uv": [3, 4, 13, 13], "texture": "#4"},
				"west": {"uv": [3, 4, 13, 13], "texture": "#4"},
				"up": {"uv": [3, 4, 13, 13], "rotation": 90, "texture": "#4"},
				"down": {"uv": [3, 4, 13, 13], "rotation": 270, "texture": "#4"}
			}
		},
		{
			"from": [22.30074, -13.5, -1.47366],
			"to": [23.30074, -4.5, 10.32634],
			"rotation": {"angle": 0, "axis": "y", "origin": [20.80074, -10, 5.42634]},
			"faces": {
				"north": {"uv": [3, 4, 13, 13], "texture": "#4"},
				"east": {"uv": [3, 4, 13, 13], "texture": "#4"},
				"south": {"uv": [3, 4, 13, 13], "texture": "#4"},
				"west": {"uv": [3, 4, 13, 13], "texture": "#4"},
				"up": {"uv": [13, 13, 3, 4], "rotation": 90, "texture": "#4"},
				"down": {"uv": [13, 13, 3, 4], "rotation": 270, "texture": "#4"}
			}
		},
		{
			"from": [-4.60454, 27.41606, -7],
			"to": [20.59546, 28.41606, -5],
			"rotation": {"angle": 0, "axis": "z", "origin": [7.79546, 11.03076, -13]},
			"faces": {
				"north": {"uv": [3, 3, 13, 13], "texture": "#2"},
				"east": {"uv": [3, 3, 13, 13], "texture": "#2"},
				"west": {"uv": [3, 3, 13, 13], "texture": "#2"},
				"up": {"uv": [3, 3, 13, 13], "texture": "#2"},
				"down": {"uv": [3, 4, 13, 13], "texture": "#2"}
			}
		},
		{
			"name": "grabpole",
			"from": [7.5, 20, 9],
			"to": [8.5, 21, 20],
			"rotation": {"angle": 0, "axis": "y", "origin": [8, 18.5, 8]},
			"faces": {
				"east": {"uv": [0, 0, 1, 16], "texture": "#2"},
				"south": {"uv": [0, 0, 1, 16], "texture": "#2"},
				"west": {"uv": [0, 0, 1, 16], "texture": "#2"},
				"up": {"uv": [0, 0, 1, 16], "texture": "#2"},
				"down": {"uv": [0, 0, 1, 16], "texture": "#2"}
			}
		},
		{
			"name": "gapfiller",
			"from": [-10, -5, 11],
			"to": [-9, -4, 20],
			"rotation": {"angle": 0, "axis": "y", "origin": [8, 11.26613, 8]},
			"faces": {
				"north": {"uv": [0, 0, 16, 16], "texture": "#8"},
				"east": {"uv": [0, 0, 16, 16], "texture": "#8"},
				"south": {"uv": [0, 0, 16, 16], "texture": "#8"},
				"west": {"uv": [0, 0, 16, 16], "texture": "#8"},
				"up": {"uv": [0, 0, 16, 16], "texture": "#8"},
				"down": {"uv": [0, 0, 16, 16], "texture": "#8"}
			}
		},
		{
			"name": "gapfiller",
			"from": [25, -5, 11],
			"to": [26, -4, 20],
			"rotation": {"angle": 0, "axis": "y", "origin": [8, 11.26613, 8]},
			"faces": {
				"north": {"uv": [0, 0, 16, 16], "texture": "#8"},
				"east": {"uv": [0, 0, 16, 16], "texture": "#8"},
				"south": {"uv": [0, 0, 16, 16], "texture": "#8"},
				"west": {"uv": [0, 0, 16, 16], "texture": "#8"},
				"up": {"uv": [0, 0, 16, 16], "texture": "#8"},
				"down": {"uv": [0, 0, 16, 16], "texture": "#8"}
			}
		},
		{
			"name": "hexadecagon",
			"from": [-5.68494, 26.36613, -5],
			"to": [-3.43494, 27.36613, 20],
			"rotation": {"angle": 45, "axis": "z", "origin": [-5.28712, 23.86613, 8]},
			"faces": {
				"north": {"uv": [3, 4, 4, 3], "texture": "#4"},
				"east": {"uv": [3, 4, 4, 3], "texture": "#4"},
				"south": {"uv": [3, 4, 4, 3], "texture": "#4"},
				"west": {"uv": [3, 4, 4, 3], "texture": "#4"},
				"up": {"uv": [3, 4, 4, 3], "texture": "#4"},
				"down": {"uv": [3, 4, 4, 3], "texture": "#4"}
			}
		},
		{
			"name": "hexadecagon",
			"from": [-6.29124, 23.59099, -5],
			"to": [-4.29124, 27.84099, 20],
			"rotation": {"angle": 22.5, "axis": "z", "origin": [-5.89342, 27.34099, 8]},
			"faces": {
				"north": {"uv": [3, 4, 4, 3], "texture": "#4"},
				"east": {"uv": [3, 4, 4, 3], "texture": "#4"},
				"south": {"uv": [3, 4, 4, 3], "texture": "#4"},
				"west": {"uv": [3, 4, 4, 3], "texture": "#4"},
				"up": {"uv": [3, 4, 4, 3], "texture": "#4"},
				"down": {"uv": [3, 4, 4, 3], "texture": "#4"}
			}
		},
		{
			"from": [-8.4162, 23.43496, -5],
			"to": [-7.4162, 25.93496, 20],
			"rotation": {"angle": -22.5, "axis": "z", "origin": [-7.9162, 25.05996, 8]},
			"faces": {
				"north": {"uv": [0, 0, 1, 16], "texture": "#4"},
				"east": {"uv": [0, 0, 1, 16], "texture": "#4"},
				"south": {"uv": [0, 0, 1, 16], "texture": "#4"},
				"west": {"uv": [0, 0, 1, 16], "texture": "#4"},
				"up": {"uv": [0, 0, 1, 16], "texture": "#4"},
				"down": {"uv": [0, 0, 1, 16], "texture": "#4"}
			}
		},
		{
			"name": "hexadecagon",
			"from": [19.43494, 26.36613, -5],
			"to": [21.68494, 27.36613, 20],
			"rotation": {"angle": -45, "axis": "z", "origin": [21.28712, 23.86613, 8]},
			"faces": {
				"north": {"uv": [4, 4, 3, 3], "texture": "#4"},
				"east": {"uv": [4, 4, 3, 3], "texture": "#4"},
				"south": {"uv": [4, 4, 3, 3], "texture": "#4"},
				"west": {"uv": [4, 4, 3, 3], "texture": "#4"},
				"up": {"uv": [4, 4, 3, 3], "texture": "#4"},
				"down": {"uv": [4, 4, 3, 3], "texture": "#4"}
			}
		},
		{
			"name": "hexadecagon",
			"from": [20.29124, 23.59099, -5],
			"to": [22.29124, 27.84099, 20],
			"rotation": {"angle": -22.5, "axis": "z", "origin": [21.89342, 27.34099, 8]},
			"faces": {
				"north": {"uv": [4, 4, 3, 3], "texture": "#4"},
				"east": {"uv": [4, 4, 3, 3], "texture": "#4"},
				"south": {"uv": [4, 4, 3, 3], "texture": "#4"},
				"west": {"uv": [4, 4, 3, 3], "texture": "#4"},
				"up": {"uv": [4, 4, 3, 3], "texture": "#4"},
				"down": {"uv": [4, 4, 3, 3], "texture": "#4"}
			}
		},
		{
			"from": [23.4162, 23.43496, -5],
			"to": [24.4162, 25.93496, 20],
			"rotation": {"angle": 22.5, "axis": "z", "origin": [23.9162, 25.05996, 8]},
			"faces": {
				"north": {"uv": [1, 0, 0, 16], "texture": "#4"},
				"east": {"uv": [1, 0, 0, 16], "texture": "#4"},
				"south": {"uv": [1, 0, 0, 16], "texture": "#4"},
				"west": {"uv": [1, 0, 0, 16], "texture": "#4"},
				"up": {"uv": [1, 0, 0, 16], "texture": "#4"},
				"down": {"uv": [1, 0, 0, 16], "texture": "#4"}
			}
		},
		{
			"name": "hexadecagon",
			"from": [-5.68494, 26.36613, -7],
			"to": [-3.43494, 27.36613, -5],
			"rotation": {"angle": 45, "axis": "z", "origin": [-5.28712, 23.86613, 8]},
			"faces": {
				"north": {"uv": [3, 4, 4, 3], "texture": "#2"},
				"east": {"uv": [3, 4, 4, 3], "texture": "#2"},
				"south": {"uv": [3, 4, 4, 3], "texture": "#2"},
				"west": {"uv": [3, 4, 4, 3], "texture": "#2"},
				"up": {"uv": [3, 4, 4, 3], "texture": "#2"},
				"down": {"uv": [3, 4, 4, 3], "texture": "#2"}
			}
		},
		{
			"name": "hexadecagon",
			"from": [-6.29124, 26.84099, -7],
			"to": [-4.29124, 27.84099, -5],
			"rotation": {"angle": 22.5, "axis": "z", "origin": [-5.89342, 27.34099, 8]},
			"faces": {
				"north": {"uv": [3, 4, 4, 3], "texture": "#2"},
				"east": {"uv": [3, 4, 4, 3], "texture": "#2"},
				"south": {"uv": [3, 4, 4, 3], "texture": "#2"},
				"west": {"uv": [3, 4, 4, 3], "texture": "#2"},
				"up": {"uv": [3, 4, 4, 3], "texture": "#2"},
				"down": {"uv": [3, 4, 4, 3], "texture": "#2"}
			}
		},
		{
			"from": [-8.4162, 23.43496, -7],
			"to": [-7.4162, 25.93496, -5],
			"rotation": {"angle": -22.5, "axis": "z", "origin": [-7.9162, 25.05996, 8]},
			"faces": {
				"north": {"uv": [3, 3, 13, 13], "texture": "#2"},
				"east": {"uv": [3, 3, 13, 13], "texture": "#2"},
				"south": {"uv": [3, 3, 13, 13], "texture": "#2"},
				"west": {"uv": [3, 3, 13, 13], "texture": "#2"},
				"up": {"uv": [3, 3, 13, 13], "texture": "#2"},
				"down": {"uv": [3, 3, 13, 13], "texture": "#2"}
			}
		},
		{
			"name": "hexadecagon",
			"from": [19.43494, 26.36613, -7],
			"to": [21.68494, 27.36613, -5],
			"rotation": {"angle": -45, "axis": "z", "origin": [21.28712, 23.86613, 8]},
			"faces": {
				"north": {"uv": [4, 4, 3, 3], "texture": "#2"},
				"east": {"uv": [4, 4, 3, 3], "texture": "#2"},
				"south": {"uv": [4, 4, 3, 3], "texture": "#2"},
				"west": {"uv": [4, 4, 3, 3], "texture": "#2"},
				"up": {"uv": [4, 4, 3, 3], "texture": "#2"},
				"down": {"uv": [4, 4, 3, 3], "texture": "#2"}
			}
		},
		{
			"name": "hexadecagon",
			"from": [20.29124, 26.84099, -7],
			"to": [22.29124, 27.84099, -5],
			"rotation": {"angle": -22.5, "axis": "z", "origin": [21.89342, 27.34099, 8]},
			"faces": {
				"north": {"uv": [4, 4, 3, 3], "texture": "#2"},
				"east": {"uv": [4, 4, 3, 3], "texture": "#2"},
				"south": {"uv": [4, 4, 3, 3], "texture": "#2"},
				"west": {"uv": [4, 4, 3, 3], "texture": "#2"},
				"up": {"uv": [4, 4, 3, 3], "texture": "#2"},
				"down": {"uv": [4, 4, 3, 3], "texture": "#2"}
			}
		},
		{
			"from": [23.4162, 23.43496, -7],
			"to": [24.4162, 25.93496, -5],
			"rotation": {"angle": 22.5, "axis": "z", "origin": [23.9162, 25.05996, 8]},
			"faces": {
				"north": {"uv": [13, 3, 3, 13], "texture": "#2"},
				"east": {"uv": [13, 3, 3, 13], "texture": "#2"},
				"south": {"uv": [13, 3, 3, 13], "texture": "#2"},
				"west": {"uv": [13, 3, 3, 13], "texture": "#2"},
				"up": {"uv": [13, 3, 3, 13], "texture": "#2"},
				"down": {"uv": [13, 3, 3, 13], "texture": "#2"}
			}
		},
		{
			"name": "hexadecagon",
			"from": [-5.68494, -5.36613, -7],
			"to": [-3.43494, -4.36613, -5],
			"rotation": {"angle": -45, "axis": "z", "origin": [-5.28712, -1.86613, 8]},
			"faces": {
				"north": {"uv": [3, 3, 4, 4], "texture": "#2"},
				"east": {"uv": [3, 3, 4, 4], "texture": "#2"},
				"south": {"uv": [3, 3, 4, 4], "texture": "#2"},
				"west": {"uv": [3, 3, 4, 4], "texture": "#2"},
				"up": {"uv": [3, 3, 4, 4], "texture": "#2"},
				"down": {"uv": [3, 3, 4, 4], "texture": "#2"}
			}
		},
		{
			"name": "hexadecagon",
			"from": [-6.29124, -5.84099, -7],
			"to": [-4.29124, -4.84099, -5],
			"rotation": {"angle": -22.5, "axis": "z", "origin": [-5.89342, -5.34099, 8]},
			"faces": {
				"north": {"uv": [3, 3, 4, 4], "texture": "#2"},
				"east": {"uv": [3, 3, 4, 4], "texture": "#2"},
				"south": {"uv": [3, 3, 4, 4], "texture": "#2"},
				"west": {"uv": [3, 3, 4, 4], "texture": "#2"},
				"up": {"uv": [3, 3, 4, 4], "texture": "#2"},
				"down": {"uv": [3, 3, 4, 4], "texture": "#2"}
			}
		},
		{
			"from": [-8.4162, -3.93496, -7],
			"to": [-7.4162, -1.43496, -5],
			"rotation": {"angle": 22.5, "axis": "z", "origin": [-7.9162, -3.05996, 8]},
			"faces": {
				"north": {"uv": [3, 13, 13, 3], "texture": "#2"},
				"east": {"uv": [3, 13, 13, 3], "texture": "#2"},
				"south": {"uv": [3, 13, 13, 3], "texture": "#2"},
				"west": {"uv": [3, 13, 13, 3], "texture": "#2"},
				"up": {"uv": [3, 13, 13, 3], "texture": "#2"},
				"down": {"uv": [3, 13, 13, 3], "texture": "#2"}
			}
		},
		{
			"name": "hexadecagon",
			"from": [19.43494, -5.36613, -7],
			"to": [21.68494, -4.36613, -5],
			"rotation": {"angle": 45, "axis": "z", "origin": [21.28712, -1.86613, 8]},
			"faces": {
				"north": {"uv": [4, 3, 3, 4], "texture": "#2"},
				"east": {"uv": [4, 3, 3, 4], "texture": "#2"},
				"south": {"uv": [4, 3, 3, 4], "texture": "#2"},
				"west": {"uv": [4, 3, 3, 4], "texture": "#2"},
				"up": {"uv": [4, 3, 3, 4], "texture": "#2"},
				"down": {"uv": [4, 3, 3, 4], "texture": "#2"}
			}
		},
		{
			"name": "hexadecagon",
			"from": [20.29124, -5.84099, -7],
			"to": [22.29124, -4.84099, -5],
			"rotation": {"angle": 22.5, "axis": "z", "origin": [21.89342, -5.34099, 8]},
			"faces": {
				"north": {"uv": [4, 3, 3, 4], "texture": "#2"},
				"east": {"uv": [4, 3, 3, 4], "texture": "#2"},
				"south": {"uv": [4, 3, 3, 4], "texture": "#2"},
				"west": {"uv": [4, 3, 3, 4], "texture": "#2"},
				"up": {"uv": [4, 3, 3, 4], "texture": "#2"},
				"down": {"uv": [4, 3, 3, 4], "texture": "#2"}
			}
		},
		{
			"from": [23.4162, -3.93496, -7],
			"to": [24.4162, -1.43496, -5],
			"rotation": {"angle": -22.5, "axis": "z", "origin": [23.9162, -3.05996, 8]},
			"faces": {
				"north": {"uv": [13, 13, 3, 3], "texture": "#2"},
				"east": {"uv": [13, 13, 3, 3], "texture": "#2"},
				"south": {"uv": [13, 13, 3, 3], "texture": "#2"},
				"west": {"uv": [13, 13, 3, 3], "texture": "#2"},
				"up": {"uv": [13, 13, 3, 3], "texture": "#2"},
				"down": {"uv": [13, 13, 3, 3], "texture": "#2"}
			}
		}
	],
	"display": {
		"head": {
			"translation": [0, 10, 10],
			"scale": [2, 2, 2]
		}
	},
	"groups": [
		0,
		1,
		2,
		3,
		4,
		5,
		6,
		7,
		8,
		9,
		10,
		11,
		12,
		13,
		14,
		15,
		16,
		17,
		18,
		19,
		20,
		21,
		22,
		23,
		24,
		25,
		26,
		27,
		28,
		29,
		30,
		31,
		32,
		33,
		34,
		35,
		36,
		37,
		38,
		39,
		40,
		41,
		42,
		43,
		44,
		45,
		46,
		47,
		48,
		49,
		50,
		51,
		52,
		53,
		54,
		55,
		56,
		57,
		58,
		59,
		60,
		61,
		62,
		63,
		64,
		65,
		66,
		67,
		68,
		69,
		70,
		71,
		72,
		73,
		74,
		75,
		76,
		77,
		78,
		{
			"name": "hexadecagon",
			"origin": [8, 8, 8],
			"color": 0,
			"children": [79, 80, 81, 82, 83, 84]
		},
		{
			"name": "hexadecagon",
			"origin": [8, 8, 8],
			"color": 0,
			"children": [85, 86, 87, 88, 89, 90]
		},
		{
			"name": "hexadecagon",
			"origin": [8, 8, 8],
			"color": 0,
			"children": [91, 92, 93, 94, 95, 96]
		}
	]
}