{
	"credit": "Made with Blockbench",
	"textures": {
		"4": "block/s-trec/b37/ev-wb37",
		"5": "block/s-trec/l1_color",
		"6": "block/s-trec/l2_color",
		"7": "block/s-trec/b37/s-trec_akasaka",
		"8": "block/s-trec/NBM",
		"9": "block/s-trec/dort",
		"10": "block/s-trec/b37/energy_absolute",
		"11": "block/s-trec/b37/gray",
		"12": "block/s-trec/b37/interior_wall",
		"15": "block/s-trec/b37/compartment",
		"18": "block/s-trec/b37/pure_white",
		"19": "block/s-trec/b37/black",
		"20": "block/s-trec/b37/aluminum",
		"22": "block/s-trec/b37/seat",
		"23": "block/s-trec/b37/sos",
		"24": "block/s-trec/b37/s-trec_b37_nameplate",
		"25": "block/s-trec/strecsubway",
		"26": "block/s-trec/nbm_subdisplay",
		"27": "block/s-trec/b37/light",
		"28": "block/s-trec/b37/transparency",
		"29": "block/s-trec/b37/front_window",
		"32": "block/s-trec/b37/airconditioner",
		"particle": "block/s-trec/l1_color"
	},
	"elements": [
		{
			"from": [-0.5, 17.5, -10.35],
			"to": [1, 19.95, -8.4],
			"rotation": {"angle": 0, "axis": "y", "origin": [0, 4.9, -11.6]},
			"faces": {
				"north": {"uv": [0, 0, 1, 6.25], "texture": "#20"},
				"east": {"uv": [0, 5.024, 16, 7.786], "texture": "#20"},
				"south": {"uv": [0, 0, 1, 6.25], "texture": "#20"},
				"west": {"uv": [0, 6.112, 16, 9.834], "texture": "#20"},
				"up": {"uv": [0, 0, 1, 16], "texture": "#20"},
				"down": {"uv": [0, 0, 1, 16], "texture": "#20"}
			}
		},
		{
			"from": [0, 16.3, -10.35],
			"to": [1, 17.5, -8.4],
			"rotation": {"angle": 0, "axis": "y", "origin": [0, 4.7, -11.6]},
			"faces": {
				"north": {"uv": [0, 0, 1, 6.25], "texture": "#20"},
				"east": {"uv": [0, 5.024, 16, 7.786], "texture": "#12"},
				"south": {"uv": [0, 0, 1, 6.25], "texture": "#20"},
				"west": {"uv": [0, 6.112, 16, 9.834], "texture": "#20"},
				"up": {"uv": [0, 0, 1, 16], "texture": "#20"},
				"down": {"uv": [0, 0, 1, 16], "texture": "#20"}
			}
		},
		{
			"from": [0, 11.05, -10.35],
			"to": [1, 16.3, -8.4],
			"rotation": {"angle": 0, "axis": "y", "origin": [0, 4.7, -11.6]},
			"faces": {
				"north": {"uv": [0, 0, 1, 6.25], "texture": "#20"},
				"east": {"uv": [0, 5.024, 16, 7.786], "texture": "#12"},
				"south": {"uv": [0, 0, 1, 6.25], "texture": "#20"},
				"west": {"uv": [0, 6.112, 16, 9.834], "texture": "#20"},
				"up": {"uv": [0, 0, 1, 16], "texture": "#20"},
				"down": {"uv": [0, 0, 1, 16], "texture": "#20"}
			}
		},
		{
			"from": [0, 8.3, -10.35],
			"to": [1, 9.3, -8.4],
			"rotation": {"angle": 0, "axis": "y", "origin": [0, 1, -11.6]},
			"faces": {
				"north": {"uv": [0, 0, 1, 6.25], "texture": "#20"},
				"east": {"uv": [0, 5.024, 16, 7.786], "texture": "#12"},
				"south": {"uv": [0, 0, 1, 6.25], "texture": "#20"},
				"west": {"uv": [0, 6.112, 16, 9.834], "texture": "#6"},
				"up": {"uv": [0, 0, 1, 16], "texture": "#20"},
				"down": {"uv": [0, 0, 1, 16], "texture": "#20"}
			}
		},
		{
			"from": [0, 9.3, -10.35],
			"to": [1, 11.05, -8.4],
			"rotation": {"angle": 0, "axis": "y", "origin": [0, 4.7, -11.6]},
			"faces": {
				"north": {"uv": [0, 0, 1, 6.25], "texture": "#20"},
				"east": {"uv": [0, 5.024, 16, 7.786], "texture": "#12"},
				"south": {"uv": [0, 0, 1, 6.25], "texture": "#20"},
				"west": {"uv": [0, 6.112, 16, 9.834], "texture": "#20"},
				"up": {"uv": [0, 0, 1, 16], "texture": "#20"},
				"down": {"uv": [0, 0, 1, 16], "texture": "#20"}
			}
		},
		{
			"from": [0, 7.3, -10.35],
			"to": [1, 8.3, -8.4],
			"rotation": {"angle": 0, "axis": "y", "origin": [0, 0, -11.6]},
			"faces": {
				"north": {"uv": [0, 0, 1, 6.25], "texture": "#20"},
				"east": {"uv": [0, 5.024, 16, 7.786], "texture": "#12"},
				"south": {"uv": [0, 0, 1, 6.25], "texture": "#20"},
				"west": {"uv": [0, 6.112, 16, 9.834], "texture": "#5"},
				"up": {"uv": [0, 0, 1, 16], "texture": "#20"},
				"down": {"uv": [0, 0, 1, 16], "texture": "#20"}
			}
		},
		{
			"from": [0, 4.6, -10.35],
			"to": [1, 7.3, -8.4],
			"rotation": {"angle": 0, "axis": "y", "origin": [0, 0, -11.6]},
			"faces": {
				"north": {"uv": [0, 0, 1, 6.25], "texture": "#20"},
				"east": {"uv": [0, 5.024, 16, 7.786], "texture": "#12"},
				"south": {"uv": [0, 0, 1, 6.25], "texture": "#20"},
				"west": {"uv": [0, 6.112, 16, 9.834], "texture": "#20"},
				"up": {"uv": [0, 0, 1, 16], "texture": "#20"},
				"down": {"uv": [0, 0, 1, 16], "texture": "#20"}
			}
		},
		{
			"from": [0, 4.6, 10.35],
			"to": [1, 7.3, 13.25],
			"rotation": {"angle": 0, "axis": "y", "origin": [0, 0, -14.7]},
			"faces": {
				"north": {"uv": [0, 0, 1, 6.25], "texture": "#20"},
				"east": {"uv": [0, 5.024, 16, 7.786], "texture": "#12"},
				"south": {"uv": [0, 0, 1, 6.25], "texture": "#20"},
				"west": {"uv": [0, 6.112, 16, 9.834], "texture": "#20"},
				"up": {"uv": [0, 0, 1, 16], "texture": "#20"},
				"down": {"uv": [0, 0, 1, 16], "texture": "#20"}
			}
		},
		{
			"from": [-0.5, 3.15, -16],
			"to": [1, 4.6, 14.25],
			"rotation": {"angle": 0, "axis": "y", "origin": [0, -1.95, -14.7]},
			"faces": {
				"north": {"uv": [0, 0, 1, 6.25], "texture": "#20"},
				"east": {"uv": [0, 5.024, 16, 7.786], "texture": "#20"},
				"south": {"uv": [0, 0, 1, 6.25], "texture": "#20"},
				"west": {"uv": [0, 6.112, 16, 9.834], "texture": "#20"},
				"up": {"uv": [0, 0, 1, 16], "texture": "#20"},
				"down": {"uv": [0, 0, 1, 16], "texture": "#20"}
			}
		},
		{
			"from": [1, 3.15, 13.25],
			"to": [8, 4.6, 14.25],
			"rotation": {"angle": 0, "axis": "y", "origin": [0, -1.95, -14.7]},
			"faces": {
				"north": {"uv": [0, 0, 1, 6.25], "texture": "#20"},
				"east": {"uv": [0, 5.024, 16, 7.786], "texture": "#20"},
				"south": {"uv": [0, 0, 1, 6.25], "texture": "#20"},
				"west": {"uv": [0, 6.112, 16, 9.834], "texture": "#20"},
				"up": {"uv": [0, 0, 1, 16], "texture": "#11"},
				"down": {"uv": [0, 0, 1, 16], "texture": "#20"}
			}
		},
		{
			"from": [8, 17.5, 13.25],
			"to": [15, 18.45, 14.25],
			"rotation": {"angle": 0, "axis": "y", "origin": [16, -2.6, -14.7]},
			"faces": {
				"north": {"uv": [1, 0, 0, 6.25], "texture": "#12"},
				"east": {"uv": [16, 6.112, 0, 9.834], "texture": "#20"},
				"south": {"uv": [1, 0, 0, 6.25], "texture": "#20"},
				"west": {"uv": [16, 5.024, 0, 7.786], "texture": "#20"},
				"up": {"uv": [1, 0, 0, 16], "texture": "#20"},
				"down": {"uv": [1, 0, 0, 16], "texture": "#12"}
			}
		},
		{
			"from": [1, 17.5, 13.25],
			"to": [8, 18.45, 14.25],
			"rotation": {"angle": 0, "axis": "y", "origin": [0, -2.6, -14.7]},
			"faces": {
				"north": {"uv": [0, 0, 1, 6.25], "texture": "#12"},
				"east": {"uv": [0, 5.024, 16, 7.786], "texture": "#20"},
				"south": {"uv": [0, 0, 1, 6.25], "texture": "#20"},
				"west": {"uv": [0, 6.112, 16, 9.834], "texture": "#20"},
				"up": {"uv": [0, 0, 1, 16], "texture": "#20"},
				"down": {"uv": [0, 0, 1, 16], "texture": "#12"}
			}
		},
		{
			"from": [1, 3.15, -16],
			"to": [8, 4.6, 13.25],
			"rotation": {"angle": 0, "axis": "y", "origin": [0, -1.95, -14.7]},
			"faces": {
				"north": {"uv": [0, 0, 1, 6.25], "texture": "#20"},
				"east": {"uv": [0, 5.024, 16, 7.786], "texture": "#20"},
				"south": {"uv": [0, 0, 1, 6.25], "texture": "#20"},
				"west": {"uv": [0, 6.112, 16, 9.834], "texture": "#20"},
				"up": {"uv": [0, 0, 1, 16], "texture": "#11"},
				"down": {"uv": [0, 0, 1, 16], "texture": "#20"}
			}
		},
		{
			"from": [8, 18.45, -16],
			"to": [14.55, 19.3, 14.25],
			"rotation": {"angle": 0, "axis": "y", "origin": [0, -1.95, -14.7]},
			"faces": {
				"north": {"uv": [0, 0, 1, 6.25], "texture": "#20"},
				"east": {"uv": [0, 5.024, 16, 7.786], "texture": "#20"},
				"south": {"uv": [0, 0, 1, 6.25], "texture": "#20"},
				"west": {"uv": [0, 6.112, 16, 9.834], "texture": "#20"},
				"up": {"uv": [0, 0, 1, 16], "texture": "#20"},
				"down": {"uv": [0, 0, 1, 16], "texture": "#12"}
			}
		},
		{
			"from": [7.2, 18.35, -16],
			"to": [8.75, 19.2, 13.5],
			"rotation": {"angle": 0, "axis": "y", "origin": [0, -1.95, -14.7]},
			"faces": {
				"north": {"uv": [0, 0, 1, 6.25], "texture": "#20"},
				"east": {"uv": [0, 5.024, 16, 7.786], "texture": "#20"},
				"south": {"uv": [0, 0, 1, 6.25], "texture": "#20"},
				"west": {"uv": [0, 6.112, 16, 9.834], "texture": "#20"},
				"up": {"uv": [0, 0, 1, 16], "texture": "#20"},
				"down": {"uv": [16, 0, 0, 16], "texture": "#27"}
			}
		},
		{
			"from": [1.35, 18.45, -16],
			"to": [8, 19.3, 14.25],
			"rotation": {"angle": 0, "axis": "y", "origin": [0, -1.95, -14.7]},
			"faces": {
				"north": {"uv": [0, 0, 1, 6.25], "texture": "#20"},
				"east": {"uv": [0, 5.024, 16, 7.786], "texture": "#20"},
				"south": {"uv": [0, 0, 1, 6.25], "texture": "#20"},
				"west": {"uv": [0, 6.112, 16, 9.834], "texture": "#20"},
				"up": {"uv": [0, 0, 1, 16], "texture": "#20"},
				"down": {"uv": [0, 0, 1, 16], "texture": "#12"}
			}
		},
		{
			"from": [13.76185, 29.52505, -16],
			"to": [15.76185, 30.97505, 14.25],
			"rotation": {"angle": -45, "axis": "z", "origin": [0.76185, 24.42505, -14.7]},
			"faces": {
				"north": {"uv": [0, 0, 1, 6.25], "texture": "#20"},
				"east": {"uv": [0, 5.024, 16, 7.786], "texture": "#20"},
				"south": {"uv": [0, 0, 1, 6.25], "texture": "#20"},
				"west": {"uv": [0, 6.112, 16, 9.834], "texture": "#20"},
				"up": {"uv": [0, 0, 1, 16], "texture": "#20"},
				"down": {"uv": [0, 0, 1, 16], "texture": "#12"}
			}
		},
		{
			"from": [-2.62556, 14.11134, -16],
			"to": [-1.17556, 16.11134, 14.25],
			"rotation": {"angle": -45, "axis": "z", "origin": [3.92444, 13.11134, -14.7]},
			"faces": {
				"north": {"uv": [0, 0, 1, 6.25], "rotation": 90, "texture": "#20"},
				"east": {"uv": [0, 0, 1, 16], "rotation": 270, "texture": "#12"},
				"south": {"uv": [0, 0, 1, 6.25], "rotation": 270, "texture": "#20"},
				"west": {"uv": [0, 0, 1, 16], "rotation": 270, "texture": "#20"},
				"up": {"uv": [0, 5.024, 16, 7.786], "rotation": 270, "texture": "#20"},
				"down": {"uv": [0, 6.112, 16, 9.834], "rotation": 270, "texture": "#20"}
			}
		},
		{
			"from": [14.26185, 29.47505, -7],
			"to": [15.76185, 31.07505, 7],
			"rotation": {"angle": -45, "axis": "z", "origin": [0.76185, 24.42505, -14.7]},
			"faces": {
				"north": {"uv": [0, 0, 1, 6.25], "texture": "#20"},
				"east": {"uv": [0, 5.024, 16, 7.786], "texture": "#20"},
				"south": {"uv": [0, 0, 1, 6.25], "texture": "#20"},
				"west": {"uv": [0, 6.112, 16, 9.834], "texture": "#20"},
				"up": {"uv": [0, 0, 1, 16], "texture": "#20"},
				"down": {"uv": [0, 0, 16, 16], "texture": "#26"}
			}
		},
		{
			"from": [-2.12556, 14.11134, -7],
			"to": [-1.07556, 15.61134, 7],
			"rotation": {"angle": -45, "axis": "z", "origin": [3.92444, 13.11134, -14.7]},
			"faces": {
				"north": {"uv": [0, 0, 1, 6.25], "rotation": 90, "texture": "#20"},
				"east": {"uv": [16, 16, 0, 0], "rotation": 270, "texture": "#26"},
				"south": {"uv": [0, 0, 1, 6.25], "rotation": 270, "texture": "#20"},
				"west": {"uv": [0, 0, 1, 16], "rotation": 270, "texture": "#20"},
				"up": {"uv": [0, 5.024, 16, 7.786], "rotation": 270, "texture": "#20"},
				"down": {"uv": [0, 6.112, 16, 9.834], "rotation": 270, "texture": "#20"}
			}
		},
		{
			"from": [8, 3.15, -16],
			"to": [15, 4.6, 13.25],
			"rotation": {"angle": 0, "axis": "y", "origin": [0, -1.95, -14.7]},
			"faces": {
				"north": {"uv": [0, 0, 1, 6.25], "texture": "#20"},
				"east": {"uv": [0, 5.024, 16, 7.786], "texture": "#20"},
				"south": {"uv": [0, 0, 1, 6.25], "texture": "#20"},
				"west": {"uv": [0, 6.112, 16, 9.834], "texture": "#20"},
				"up": {"uv": [0, 0, 1, 16], "texture": "#11"},
				"down": {"uv": [0, 0, 1, 16], "texture": "#20"}
			}
		},
		{
			"from": [9.75, 7.9, -13.5],
			"to": [15, 8.35, -10.5],
			"rotation": {"angle": 0, "axis": "y", "origin": [0, -1.95, -14.7]},
			"faces": {
				"north": {"uv": [0, 0, 16, 6.25], "texture": "#22"},
				"east": {"uv": [0, 5.024, 16, 7.786], "texture": "#18"},
				"south": {"uv": [0, 0, 1, 6.25], "texture": "#18"},
				"west": {"uv": [0, 6.112, 16, 9.834], "texture": "#18"},
				"up": {"uv": [0, 0, 16, 16], "texture": "#22"},
				"down": {"uv": [0, 0, 1, 16], "texture": "#18"}
			}
		},
		{
			"from": [9.35, 9.9, -13.25],
			"to": [9.75, 10.35, -10.15],
			"rotation": {"angle": 0, "axis": "y", "origin": [0, -1.95, -14.7]},
			"faces": {
				"north": {"uv": [0, 0, 16, 6.25], "texture": "#19"},
				"east": {"uv": [0, 5.024, 16, 7.786], "texture": "#19"},
				"south": {"uv": [0, 0, 1, 6.25], "texture": "#19"},
				"west": {"uv": [0, 6.112, 16, 9.834], "texture": "#19"},
				"up": {"uv": [0, 0, 16, 16], "texture": "#19"},
				"down": {"uv": [0, 0, 1, 16], "texture": "#19"}
			}
		},
		{
			"from": [6.25, 9.9, -13.25],
			"to": [6.65, 10.35, -10.15],
			"rotation": {"angle": 0, "axis": "y", "origin": [0, -1.95, -14.7]},
			"faces": {
				"north": {"uv": [0, 0, 16, 6.25], "texture": "#19"},
				"east": {"uv": [0, 5.024, 16, 7.786], "texture": "#19"},
				"south": {"uv": [0, 0, 1, 6.25], "texture": "#19"},
				"west": {"uv": [0, 6.112, 16, 9.834], "texture": "#19"},
				"up": {"uv": [0, 0, 16, 16], "texture": "#19"},
				"down": {"uv": [0, 0, 1, 16], "texture": "#19"}
			}
		},
		{
			"from": [1, 9.9, 7.25],
			"to": [4.5, 10.35, 7.65],
			"rotation": {"angle": 0, "axis": "y", "origin": [0, -1.95, -14.7]},
			"faces": {
				"north": {"uv": [0, 0, 16, 6.25], "texture": "#19"},
				"east": {"uv": [0, 5.024, 16, 7.786], "texture": "#19"},
				"south": {"uv": [0, 0, 1, 6.25], "texture": "#19"},
				"west": {"uv": [0, 6.112, 16, 9.834], "texture": "#19"},
				"up": {"uv": [0, 0, 16, 16], "texture": "#19"},
				"down": {"uv": [0, 0, 1, 16], "texture": "#19"}
			}
		},
		{
			"from": [11.5, 9.9, 7.25],
			"to": [15, 10.35, 7.65],
			"rotation": {"angle": 0, "axis": "y", "origin": [0, -1.95, -14.7]},
			"faces": {
				"north": {"uv": [0, 0, 16, 6.25], "texture": "#19"},
				"east": {"uv": [0, 5.024, 16, 7.786], "texture": "#19"},
				"south": {"uv": [0, 0, 1, 6.25], "texture": "#19"},
				"west": {"uv": [0, 6.112, 16, 9.834], "texture": "#19"},
				"up": {"uv": [0, 0, 16, 16], "texture": "#19"},
				"down": {"uv": [0, 0, 1, 16], "texture": "#19"}
			}
		},
		{
			"from": [1, 7.9, -10.5],
			"to": [6.25, 12.1, -10.15],
			"rotation": {"angle": 0, "axis": "y", "origin": [0, -1.95, -14.7]},
			"faces": {
				"north": {"uv": [0, 0, 16, 16], "texture": "#22"},
				"east": {"uv": [0, 5.024, 16, 7.786], "texture": "#18"},
				"south": {"uv": [0, 0, 1, 6.25], "texture": "#18"},
				"west": {"uv": [0, 6.112, 16, 9.834], "texture": "#18"},
				"up": {"uv": [0, 0, 1, 16], "texture": "#18"},
				"down": {"uv": [0, 0, 1, 16], "texture": "#18"}
			}
		},
		{
			"from": [1, 7.9, -13.5],
			"to": [6.25, 8.35, -10.5],
			"rotation": {"angle": 0, "axis": "y", "origin": [0, -1.95, -14.7]},
			"faces": {
				"north": {"uv": [0, 0, 16, 6.25], "texture": "#22"},
				"east": {"uv": [0, 5.024, 16, 7.786], "texture": "#18"},
				"south": {"uv": [0, 0, 1, 6.25], "texture": "#18"},
				"west": {"uv": [0, 6.112, 16, 9.834], "texture": "#18"},
				"up": {"uv": [0, 0, 16, 16], "texture": "#22"},
				"down": {"uv": [0, 0, 1, 16], "texture": "#18"}
			}
		},
		{
			"from": [11.5, 7.9, 7.65],
			"to": [14.5, 8.35, 13.25],
			"rotation": {"angle": 0, "axis": "y", "origin": [0, -1.95, -14.7]},
			"faces": {
				"north": {"uv": [0, 0, 16, 6.25], "texture": "#18"},
				"east": {"uv": [0, 5.024, 16, 7.786], "texture": "#18"},
				"south": {"uv": [0, 0, 1, 6.25], "texture": "#18"},
				"west": {"uv": [0, 6.112, 16, 9.834], "texture": "#22"},
				"up": {"uv": [0, 0, 16, 16], "texture": "#22"},
				"down": {"uv": [0, 0, 1, 16], "texture": "#18"}
			}
		},
		{
			"from": [1.5, 7.9, 7.65],
			"to": [4.5, 8.35, 13.25],
			"rotation": {"angle": 0, "axis": "y", "origin": [0, -1.95, -14.7]},
			"faces": {
				"north": {"uv": [0, 0, 16, 6.25], "texture": "#18"},
				"east": {"uv": [0, 5.024, 16, 7.786], "texture": "#22"},
				"south": {"uv": [0, 0, 1, 6.25], "texture": "#18"},
				"west": {"uv": [0, 6.112, 16, 9.834], "texture": "#18"},
				"up": {"uv": [0, 0, 16, 16], "texture": "#22"},
				"down": {"uv": [0, 0, 1, 16], "texture": "#18"}
			}
		},
		{
			"from": [1, 7.9, 7.65],
			"to": [1.5, 12.1, 13.25],
			"rotation": {"angle": 0, "axis": "y", "origin": [0, -2, -14.7]},
			"faces": {
				"north": {"uv": [0, 0, 16, 6.25], "texture": "#18"},
				"east": {"uv": [0, 5.024, 16, 7.786], "texture": "#22"},
				"south": {"uv": [0, 0, 1, 6.25], "texture": "#18"},
				"west": {"uv": [0, 6.112, 16, 9.834], "texture": "#18"},
				"up": {"uv": [0, 0, 16, 16], "texture": "#18"},
				"down": {"uv": [0, 0, 1, 16], "texture": "#18"}
			}
		},
		{
			"from": [14.5, 7.9, 7.65],
			"to": [15, 12.1, 13.25],
			"rotation": {"angle": 0, "axis": "y", "origin": [7, -2, -14.7]},
			"faces": {
				"north": {"uv": [0, 0, 16, 6.25], "texture": "#18"},
				"east": {"uv": [0, 5.024, 16, 7.786], "texture": "#18"},
				"south": {"uv": [0, 0, 1, 6.25], "texture": "#18"},
				"west": {"uv": [0, 6.112, 16, 9.834], "texture": "#22"},
				"up": {"uv": [0, 0, 16, 16], "texture": "#18"},
				"down": {"uv": [0, 0, 1, 16], "texture": "#18"}
			}
		},
		{
			"from": [9.75, 7.9, -10.5],
			"to": [15, 12.1, -10.15],
			"rotation": {"angle": 0, "axis": "y", "origin": [0, -1.95, -14.7]},
			"faces": {
				"north": {"uv": [0, 0, 16, 16], "texture": "#22"},
				"east": {"uv": [0, 5.024, 16, 7.786], "texture": "#18"},
				"south": {"uv": [0, 0, 1, 6.25], "texture": "#18"},
				"west": {"uv": [0, 6.112, 16, 9.834], "texture": "#18"},
				"up": {"uv": [0, 0, 1, 16], "texture": "#18"},
				"down": {"uv": [0, 0, 1, 16], "texture": "#18"}
			}
		},
		{
			"from": [5.5, 1.7, 5.25],
			"to": [8, 3.15, 10.25],
			"rotation": {"angle": 0, "axis": "y", "origin": [0, -1.95, -14.7]},
			"faces": {
				"north": {"uv": [0, 0, 1, 6.25], "texture": "#20"},
				"east": {"uv": [0, 5.024, 16, 7.786], "texture": "#20"},
				"south": {"uv": [0, 0, 1, 6.25], "texture": "#20"},
				"west": {"uv": [0, 6.112, 16, 9.834], "texture": "#20"},
				"up": {"uv": [0, 0, 1, 16], "texture": "#20"},
				"down": {"uv": [0, 0, 1, 16], "texture": "#20"}
			}
		},
		{
			"from": [8, 1.7, 5.25],
			"to": [10.5, 3.15, 10.25],
			"rotation": {"angle": 0, "axis": "y", "origin": [0, -1.95, -14.7]},
			"faces": {
				"north": {"uv": [0, 0, 1, 6.25], "texture": "#20"},
				"east": {"uv": [0, 5.024, 16, 7.786], "texture": "#20"},
				"south": {"uv": [0, 0, 1, 6.25], "texture": "#20"},
				"west": {"uv": [0, 6.112, 16, 9.834], "texture": "#20"},
				"up": {"uv": [0, 0, 1, 16], "texture": "#20"},
				"down": {"uv": [0, 0, 1, 16], "texture": "#20"}
			}
		},
		{
			"from": [7, 1.95, 11],
			"to": [9, 3.15, 13],
			"rotation": {"angle": 0, "axis": "y", "origin": [0, -1.95, -14.7]},
			"faces": {
				"north": {"uv": [0, 0, 1, 6.25], "texture": "#20"},
				"east": {"uv": [0, 5.024, 16, 7.786], "texture": "#20"},
				"south": {"uv": [0, 0, 1, 6.25], "texture": "#20"},
				"west": {"uv": [0, 6.112, 16, 9.834], "texture": "#20"},
				"up": {"uv": [0, 0, 1, 16], "texture": "#20"},
				"down": {"uv": [0, 0, 1, 16], "texture": "#20"}
			}
		},
		{
			"from": [7, 1.95, 13],
			"to": [9, 2.15, 15.75],
			"rotation": {"angle": 0, "axis": "y", "origin": [0, -1.95, -14.7]},
			"faces": {
				"north": {"uv": [0, 0, 1, 6.25], "texture": "#15"},
				"east": {"uv": [0, 5.024, 16, 7.786], "texture": "#15"},
				"south": {"uv": [0, 0, 1, 6.25], "texture": "#15"},
				"west": {"uv": [0, 6.112, 16, 9.834], "texture": "#15"},
				"up": {"uv": [0, 0, 1, 16], "texture": "#15"},
				"down": {"uv": [0, 0, 1, 16], "texture": "#15"}
			}
		},
		{
			"from": [6.25, 1.2, 15.5],
			"to": [9.75, 2.9, 15.75],
			"rotation": {"angle": 0, "axis": "y", "origin": [0, -1.95, -14.7]},
			"faces": {
				"north": {"uv": [0, 0, 1, 6.25], "texture": "#15"},
				"east": {"uv": [0, 5.024, 16, 7.786], "texture": "#15"},
				"south": {"uv": [0, 0, 1, 6.25], "texture": "#15"},
				"west": {"uv": [0, 6.112, 16, 9.834], "texture": "#15"},
				"up": {"uv": [0, 0, 1, 16], "texture": "#15"},
				"down": {"uv": [0, 0, 1, 16], "texture": "#15"}
			}
		},
		{
			"from": [6.25, 1.2, 15.75],
			"to": [6.5, 2.9, 16.25],
			"rotation": {"angle": 0, "axis": "y", "origin": [0, -1.95, -14.7]},
			"faces": {
				"north": {"uv": [0, 0, 1, 6.25], "texture": "#15"},
				"east": {"uv": [0, 5.024, 16, 7.786], "texture": "#15"},
				"south": {"uv": [0, 0, 1, 6.25], "texture": "#15"},
				"west": {"uv": [0, 6.112, 16, 9.834], "texture": "#15"},
				"up": {"uv": [0, 0, 1, 16], "texture": "#15"},
				"down": {"uv": [0, 0, 1, 16], "texture": "#15"}
			}
		},
		{
			"from": [9.5, 1.2, 15.75],
			"to": [9.75, 2.9, 16.25],
			"rotation": {"angle": 0, "axis": "y", "origin": [0, -1.95, -14.7]},
			"faces": {
				"north": {"uv": [0, 0, 1, 6.25], "texture": "#15"},
				"east": {"uv": [0, 5.024, 16, 7.786], "texture": "#15"},
				"south": {"uv": [0, 0, 1, 6.25], "texture": "#15"},
				"west": {"uv": [0, 6.112, 16, 9.834], "texture": "#15"},
				"up": {"uv": [0, 0, 1, 16], "texture": "#15"},
				"down": {"uv": [0, 0, 1, 16], "texture": "#15"}
			}
		},
		{
			"from": [8.1, 1.4, 15.75],
			"to": [9.5, 2.7, 16.75],
			"rotation": {"angle": 0, "axis": "y", "origin": [-1.4, -1.95, -14.7]},
			"faces": {
				"north": {"uv": [0, 0, 1, 6.25], "texture": "#15"},
				"east": {"uv": [0, 5.024, 16, 7.786], "texture": "#15"},
				"south": {"uv": [0, 0, 1, 6.25], "texture": "#15"},
				"west": {"uv": [0, 6.112, 16, 9.834], "texture": "#15"},
				"up": {"uv": [0, 0, 1, 16], "texture": "#15"},
				"down": {"uv": [0, 0, 1, 16], "texture": "#15"}
			}
		},
		{
			"from": [6.35, 2.7, 15.75],
			"to": [9.6, 2.9, 16.25],
			"rotation": {"angle": 0, "axis": "y", "origin": [0, -1.95, -14.7]},
			"faces": {
				"north": {"uv": [0, 0, 1, 6.25], "texture": "#15"},
				"east": {"uv": [0, 5.024, 16, 7.786], "texture": "#15"},
				"south": {"uv": [0, 0, 1, 6.25], "texture": "#15"},
				"west": {"uv": [0, 6.112, 16, 9.834], "texture": "#15"},
				"up": {"uv": [0, 0, 1, 16], "texture": "#15"},
				"down": {"uv": [0, 0, 1, 16], "texture": "#15"}
			}
		},
		{
			"from": [6.35, 1.2, 15.75],
			"to": [9.6, 1.4, 16.25],
			"rotation": {"angle": 0, "axis": "y", "origin": [0, -1.95, -14.7]},
			"faces": {
				"north": {"uv": [0, 0, 1, 6.25], "texture": "#15"},
				"east": {"uv": [0, 5.024, 16, 7.786], "texture": "#15"},
				"south": {"uv": [0, 0, 1, 6.25], "texture": "#15"},
				"west": {"uv": [0, 6.112, 16, 9.834], "texture": "#15"},
				"up": {"uv": [0, 0, 1, 16], "texture": "#15"},
				"down": {"uv": [0, 0, 1, 16], "texture": "#15"}
			}
		},
		{
			"from": [7.85, 1.2, 15.75],
			"to": [8.1, 2.9, 16],
			"rotation": {"angle": 0, "axis": "y", "origin": [0, -1.95, -14.7]},
			"faces": {
				"north": {"uv": [0, 0, 1, 6.25], "texture": "#15"},
				"east": {"uv": [0, 5.024, 16, 7.786], "texture": "#15"},
				"south": {"uv": [0, 0, 1, 6.25], "texture": "#15"},
				"west": {"uv": [0, 6.112, 16, 9.834], "texture": "#15"},
				"up": {"uv": [0, 0, 1, 16], "texture": "#15"},
				"down": {"uv": [0, 0, 1, 16], "texture": "#15"}
			}
		},
		{
			"from": [15, 4.6, -16],
			"to": [16, 7.3, -10.35],
			"rotation": {"angle": 0, "axis": "y", "origin": [16, 0, -13.55]},
			"faces": {
				"north": {"uv": [1, 0, 0, 6.25], "texture": "#20"},
				"east": {"uv": [16, 6.112, 0, 9.834], "texture": "#20"},
				"south": {"uv": [1, 0, 0, 6.25], "texture": "#20"},
				"west": {"uv": [16, 5.024, 0, 7.786], "texture": "#12"},
				"up": {"uv": [1, 0, 0, 16], "texture": "#20"},
				"down": {"uv": [1, 0, 0, 16], "texture": "#20"}
			}
		},
		{
			"from": [15, 4.6, -10.35],
			"to": [16, 7.3, -8.4],
			"rotation": {"angle": 0, "axis": "y", "origin": [16, 0, -11.6]},
			"faces": {
				"north": {"uv": [1, 0, 0, 6.25], "texture": "#20"},
				"east": {"uv": [16, 6.112, 0, 9.834], "texture": "#20"},
				"south": {"uv": [1, 0, 0, 6.25], "texture": "#20"},
				"west": {"uv": [16, 5.024, 0, 7.786], "texture": "#12"},
				"up": {"uv": [1, 0, 0, 16], "texture": "#20"},
				"down": {"uv": [1, 0, 0, 16], "texture": "#20"}
			}
		},
		{
			"from": [15, 7.3, -8.4],
			"to": [16, 8.3, -6.45],
			"rotation": {"angle": 0, "axis": "y", "origin": [16, 0, -9.65]},
			"faces": {
				"north": {"uv": [1, 0, 0, 6.25], "texture": "#20"},
				"east": {"uv": [16, 6.112, 0, 9.834], "texture": "#5"},
				"south": {"uv": [1, 0, 0, 6.25], "texture": "#12"},
				"west": {"uv": [16, 5.024, 0, 7.786], "texture": "#12"},
				"up": {"uv": [1, 0, 0, 16], "texture": "#20"},
				"down": {"uv": [1, 0, 0, 16], "texture": "#20"}
			}
		},
		{
			"from": [15, 4.6, -8.4],
			"to": [16, 7.3, -6.45],
			"rotation": {"angle": 0, "axis": "y", "origin": [16, 0, -9.65]},
			"faces": {
				"north": {"uv": [1, 0, 0, 6.25], "texture": "#20"},
				"east": {"uv": [16, 6.112, 0, 9.834], "texture": "#20"},
				"south": {"uv": [1, 0, 0, 6.25], "texture": "#12"},
				"west": {"uv": [16, 5.024, 0, 7.786], "texture": "#12"},
				"up": {"uv": [1, 0, 0, 16], "texture": "#20"},
				"down": {"uv": [1, 0, 0, 16], "texture": "#20"}
			}
		},
		{
			"from": [15, 7.3, -10.35],
			"to": [16, 8.3, -8.4],
			"rotation": {"angle": 0, "axis": "y", "origin": [16, 0, -11.6]},
			"faces": {
				"north": {"uv": [1, 0, 0, 6.25], "texture": "#20"},
				"east": {"uv": [16, 6.112, 0, 9.834], "texture": "#5"},
				"south": {"uv": [1, 0, 0, 6.25], "texture": "#20"},
				"west": {"uv": [16, 5.024, 0, 7.786], "texture": "#12"},
				"up": {"uv": [1, 0, 0, 16], "texture": "#20"},
				"down": {"uv": [1, 0, 0, 16], "texture": "#20"}
			}
		},
		{
			"from": [15, 7.3, -16],
			"to": [16, 8.3, -10.35],
			"rotation": {"angle": 0, "axis": "y", "origin": [16, 0, -13.55]},
			"faces": {
				"north": {"uv": [1, 0, 0, 6.25], "texture": "#5"},
				"east": {"uv": [16, 6.112, 0, 9.834], "texture": "#5"},
				"south": {"uv": [1, 0, 0, 6.25], "texture": "#20"},
				"west": {"uv": [16, 5.024, 0, 7.786], "texture": "#12"},
				"up": {"uv": [1, 0, 0, 16], "texture": "#20"},
				"down": {"uv": [1, 0, 0, 16], "texture": "#20"}
			}
		},
		{
			"from": [15, 8.3, -16],
			"to": [16, 9.3, -10.35],
			"rotation": {"angle": 0, "axis": "y", "origin": [16, 1, -13.55]},
			"faces": {
				"north": {"uv": [1, 0, 0, 6.25], "texture": "#6"},
				"east": {"uv": [16, 6.112, 0, 9.834], "texture": "#6"},
				"south": {"uv": [1, 0, 0, 6.25], "texture": "#20"},
				"west": {"uv": [16, 5.024, 0, 7.786], "texture": "#12"},
				"up": {"uv": [1, 0, 0, 16], "texture": "#20"},
				"down": {"uv": [1, 0, 0, 16], "texture": "#20"}
			}
		},
		{
			"from": [15, 8.3, -10.35],
			"to": [16, 9.3, -8.4],
			"rotation": {"angle": 0, "axis": "y", "origin": [16, 1, -11.6]},
			"faces": {
				"north": {"uv": [1, 0, 0, 6.25], "texture": "#20"},
				"east": {"uv": [16, 6.112, 0, 9.834], "texture": "#6"},
				"south": {"uv": [1, 0, 0, 6.25], "texture": "#20"},
				"west": {"uv": [16, 5.024, 0, 7.786], "texture": "#12"},
				"up": {"uv": [1, 0, 0, 16], "texture": "#20"},
				"down": {"uv": [1, 0, 0, 16], "texture": "#20"}
			}
		},
		{
			"from": [15, 8.3, -8.4],
			"to": [16, 9.3, -6.45],
			"rotation": {"angle": 0, "axis": "y", "origin": [16, 1, -9.65]},
			"faces": {
				"north": {"uv": [1, 0, 0, 6.25], "texture": "#20"},
				"east": {"uv": [16, 6.112, 0, 9.834], "texture": "#6"},
				"south": {"uv": [1, 0, 0, 6.25], "texture": "#12"},
				"west": {"uv": [16, 5.024, 0, 7.786], "texture": "#12"},
				"up": {"uv": [1, 0, 0, 16], "texture": "#20"},
				"down": {"uv": [1, 0, 0, 16], "texture": "#20"}
			}
		},
		{
			"from": [15, 9.3, -8.4],
			"to": [16, 11.05, -6.45],
			"rotation": {"angle": 0, "axis": "y", "origin": [16, 4.7, -9.65]},
			"faces": {
				"north": {"uv": [1, 0, 0, 6.25], "texture": "#20"},
				"east": {"uv": [16, 6.112, 0, 9.834], "texture": "#20"},
				"south": {"uv": [1, 0, 0, 6.25], "texture": "#12"},
				"west": {"uv": [16, 5.024, 0, 7.786], "texture": "#12"},
				"up": {"uv": [1, 0, 0, 16], "texture": "#20"},
				"down": {"uv": [1, 0, 0, 16], "texture": "#20"}
			}
		},
		{
			"from": [15, 9.3, -16],
			"to": [16, 11.05, -10.35],
			"rotation": {"angle": 0, "axis": "y", "origin": [16, 4.7, -13.55]},
			"faces": {
				"north": {"uv": [1, 0, 0, 6.25], "texture": "#20"},
				"east": {"uv": [16, 6.112, 0, 9.834], "texture": "#20"},
				"south": {"uv": [1, 0, 0, 6.25], "texture": "#20"},
				"west": {"uv": [16, 5.024, 0, 7.786], "texture": "#12"},
				"up": {"uv": [1, 0, 0, 16], "texture": "#20"},
				"down": {"uv": [1, 0, 0, 16], "texture": "#20"}
			}
		},
		{
			"from": [15, 9.3, -10.35],
			"to": [16, 11.05, -8.4],
			"rotation": {"angle": 0, "axis": "y", "origin": [16, 4.7, -11.6]},
			"faces": {
				"north": {"uv": [1, 0, 0, 6.25], "texture": "#20"},
				"east": {"uv": [16, 6.112, 0, 9.834], "texture": "#20"},
				"south": {"uv": [1, 0, 0, 6.25], "texture": "#20"},
				"west": {"uv": [16, 5.024, 0, 7.786], "texture": "#12"},
				"up": {"uv": [1, 0, 0, 16], "texture": "#20"},
				"down": {"uv": [1, 0, 0, 16], "texture": "#20"}
			}
		},
		{
			"from": [15, 11.05, -8.4],
			"to": [16, 16.3, -6.45],
			"rotation": {"angle": 0, "axis": "y", "origin": [16, 4.7, -9.65]},
			"faces": {
				"north": {"uv": [1, 0, 0, 6.25], "texture": "#20"},
				"east": {"uv": [12, 7.112, 3, 7.834], "texture": "#20"},
				"south": {"uv": [1, 0, 0, 6.25], "texture": "#12"},
				"west": {"uv": [12, 4, 3, 13], "texture": "#23"},
				"up": {"uv": [1, 0, 0, 16], "texture": "#20"},
				"down": {"uv": [1, 0, 0, 16], "texture": "#20"}
			}
		},
		{
			"from": [15, 11.05, -10.35],
			"to": [16, 16.3, -8.4],
			"rotation": {"angle": 0, "axis": "y", "origin": [16, 4.7, -11.6]},
			"faces": {
				"north": {"uv": [1, 0, 0, 6.25], "texture": "#20"},
				"east": {"uv": [16, 6.112, 0, 9.834], "texture": "#20"},
				"south": {"uv": [1, 0, 0, 6.25], "texture": "#20"},
				"west": {"uv": [16, 5.024, 0, 7.786], "texture": "#12"},
				"up": {"uv": [1, 0, 0, 16], "texture": "#20"},
				"down": {"uv": [1, 0, 0, 16], "texture": "#20"}
			}
		},
		{
			"from": [15, 16.3, -16],
			"to": [16, 17.5, -10.35],
			"rotation": {"angle": 0, "axis": "y", "origin": [16, 4.7, -13.55]},
			"faces": {
				"north": {"uv": [1, 0, 0, 6.25], "texture": "#20"},
				"east": {"uv": [16, 6.112, 0, 9.834], "texture": "#20"},
				"south": {"uv": [1, 0, 0, 6.25], "texture": "#20"},
				"west": {"uv": [16, 5.024, 0, 7.786], "texture": "#12"},
				"up": {"uv": [1, 0, 0, 16], "texture": "#20"},
				"down": {"uv": [1, 0, 0, 16], "texture": "#20"}
			}
		},
		{
			"from": [15, 16.3, -10.35],
			"to": [16, 17.5, -8.4],
			"rotation": {"angle": 0, "axis": "y", "origin": [16, 4.7, -11.6]},
			"faces": {
				"north": {"uv": [1, 0, 0, 6.25], "texture": "#20"},
				"east": {"uv": [16, 6.112, 0, 9.834], "texture": "#20"},
				"south": {"uv": [1, 0, 0, 6.25], "texture": "#20"},
				"west": {"uv": [16, 5.024, 0, 7.786], "texture": "#12"},
				"up": {"uv": [1, 0, 0, 16], "texture": "#20"},
				"down": {"uv": [1, 0, 0, 16], "texture": "#20"}
			}
		},
		{
			"from": [15, 16.3, -8.4],
			"to": [16, 17.5, -6.45],
			"rotation": {"angle": 0, "axis": "y", "origin": [16, 4.7, -9.65]},
			"faces": {
				"north": {"uv": [1, 0, 0, 6.25], "texture": "#20"},
				"east": {"uv": [16, 6.112, 0, 9.834], "texture": "#20"},
				"south": {"uv": [1, 0, 0, 6.25], "texture": "#12"},
				"west": {"uv": [16, 5.024, 0, 7.786], "texture": "#12"},
				"up": {"uv": [1, 0, 0, 16], "texture": "#20"},
				"down": {"uv": [1, 0, 0, 16], "texture": "#20"}
			}
		},
		{
			"from": [15, 17.5, -8.4],
			"to": [16.5, 19.95, 0],
			"rotation": {"angle": 0, "axis": "y", "origin": [16, 4.9, -9.65]},
			"faces": {
				"north": {"uv": [1, 0, 0, 6.25], "texture": "#20"},
				"east": {"uv": [16, 6.112, 0, 9.834], "texture": "#20"},
				"south": {"uv": [1, 0, 0, 6.25], "texture": "#20"},
				"west": {"uv": [16, 5.024, 0, 7.786], "texture": "#20"},
				"up": {"uv": [1, 0, 0, 16], "texture": "#20"},
				"down": {"uv": [1, 0, 0, 16], "texture": "#20"}
			}
		},
		{
			"from": [15, 17.5, -10.35],
			"to": [16.5, 19.95, -8.4],
			"rotation": {"angle": 0, "axis": "y", "origin": [16, 4.9, -11.6]},
			"faces": {
				"north": {"uv": [1, 0, 0, 6.25], "texture": "#20"},
				"east": {"uv": [16, 6.112, 0, 9.834], "texture": "#20"},
				"south": {"uv": [1, 0, 0, 6.25], "texture": "#20"},
				"west": {"uv": [16, 5.024, 0, 7.786], "texture": "#20"},
				"up": {"uv": [1, 0, 0, 16], "texture": "#20"},
				"down": {"uv": [1, 0, 0, 16], "texture": "#20"}
			}
		},
		{
			"from": [15, 17.5, -16],
			"to": [16.5, 19.95, -10.35],
			"rotation": {"angle": 0, "axis": "y", "origin": [16, 4.9, -13.55]},
			"faces": {
				"north": {"uv": [1, 0, 0, 6.25], "texture": "#20"},
				"east": {"uv": [16, 6.112, 0, 9.834], "texture": "#20"},
				"south": {"uv": [1, 0, 0, 6.25], "texture": "#20"},
				"west": {"uv": [16, 5.024, 0, 7.786], "texture": "#20"},
				"up": {"uv": [1, 0, 0, 16], "texture": "#20"},
				"down": {"uv": [1, 0, 0, 16], "texture": "#20"}
			}
		},
		{
			"from": [15, 4.6, 6.45],
			"to": [16, 7.3, 8.4],
			"rotation": {"angle": 0, "axis": "y", "origin": [16, 0, 5.2]},
			"faces": {
				"north": {"uv": [1, 0, 0, 6.25], "texture": "#12"},
				"east": {"uv": [16, 6.112, 0, 9.834], "texture": "#20"},
				"south": {"uv": [1, 0, 0, 6.25], "texture": "#20"},
				"west": {"uv": [16, 5.024, 0, 7.786], "texture": "#12"},
				"up": {"uv": [1, 0, 0, 16], "texture": "#20"},
				"down": {"uv": [1, 0, 0, 16], "texture": "#20"}
			}
		},
		{
			"from": [15, 4.6, 8.4],
			"to": [16, 7.3, 10.35],
			"rotation": {"angle": 0, "axis": "y", "origin": [16, 0, -20.35]},
			"faces": {
				"north": {"uv": [1, 0, 0, 6.25], "texture": "#20"},
				"east": {"uv": [16, 6.112, 0, 9.834], "texture": "#20"},
				"south": {"uv": [1, 0, 0, 6.25], "texture": "#20"},
				"west": {"uv": [16, 5.024, 0, 7.786], "texture": "#12"},
				"up": {"uv": [1, 0, 0, 16], "texture": "#20"},
				"down": {"uv": [1, 0, 0, 16], "texture": "#20"}
			}
		},
		{
			"from": [15, 7.3, 8.4],
			"to": [16, 8.3, 10.35],
			"rotation": {"angle": 0, "axis": "y", "origin": [16, 0, -20.35]},
			"faces": {
				"north": {"uv": [1, 0, 0, 6.25], "texture": "#20"},
				"east": {"uv": [16, 6.112, 0, 9.834], "texture": "#5"},
				"south": {"uv": [1, 0, 0, 6.25], "texture": "#20"},
				"west": {"uv": [16, 5.024, 0, 7.786], "texture": "#12"},
				"up": {"uv": [1, 0, 0, 16], "texture": "#20"},
				"down": {"uv": [1, 0, 0, 16], "texture": "#20"}
			}
		},
		{
			"from": [15, 7.3, 6.45],
			"to": [16, 8.3, 8.4],
			"rotation": {"angle": 0, "axis": "y", "origin": [16, 0, 5.2]},
			"faces": {
				"north": {"uv": [1, 0, 0, 6.25], "texture": "#12"},
				"east": {"uv": [16, 6.112, 0, 9.834], "texture": "#5"},
				"south": {"uv": [1, 0, 0, 6.25], "texture": "#20"},
				"west": {"uv": [16, 5.024, 0, 7.786], "texture": "#12"},
				"up": {"uv": [1, 0, 0, 16], "texture": "#20"},
				"down": {"uv": [1, 0, 0, 16], "texture": "#20"}
			}
		},
		{
			"from": [15, 8.3, 6.45],
			"to": [16, 9.3, 8.4],
			"rotation": {"angle": 0, "axis": "y", "origin": [16, 1, 5.2]},
			"faces": {
				"north": {"uv": [1, 0, 0, 6.25], "texture": "#12"},
				"east": {"uv": [16, 6.112, 0, 9.834], "texture": "#6"},
				"south": {"uv": [1, 0, 0, 6.25], "texture": "#20"},
				"west": {"uv": [16, 5.024, 0, 7.786], "texture": "#12"},
				"up": {"uv": [1, 0, 0, 16], "texture": "#20"},
				"down": {"uv": [1, 0, 0, 16], "texture": "#20"}
			}
		},
		{
			"from": [15, 8.3, 8.4],
			"to": [16, 9.3, 10.35],
			"rotation": {"angle": 0, "axis": "y", "origin": [16, 1, -20.35]},
			"faces": {
				"north": {"uv": [1, 0, 0, 6.25], "texture": "#20"},
				"east": {"uv": [16, 6.112, 0, 9.834], "texture": "#6"},
				"south": {"uv": [1, 0, 0, 6.25], "texture": "#20"},
				"west": {"uv": [16, 5.024, 0, 7.786], "texture": "#12"},
				"up": {"uv": [1, 0, 0, 16], "texture": "#20"},
				"down": {"uv": [1, 0, 0, 16], "texture": "#20"}
			}
		},
		{
			"from": [15, 9.3, 8.4],
			"to": [16, 11.05, 10.35],
			"rotation": {"angle": 0, "axis": "y", "origin": [16, 4.7, -20.35]},
			"faces": {
				"north": {"uv": [1, 0, 0, 6.25], "texture": "#20"},
				"east": {"uv": [16, 6.112, 0, 9.834], "texture": "#20"},
				"south": {"uv": [1, 0, 0, 6.25], "texture": "#20"},
				"west": {"uv": [16, 5.024, 0, 7.786], "texture": "#12"},
				"up": {"uv": [1, 0, 0, 16], "texture": "#20"},
				"down": {"uv": [1, 0, 0, 16], "texture": "#20"}
			}
		},
		{
			"from": [15, 11.05, 8.4],
			"to": [16, 16.3, 10.35],
			"rotation": {"angle": 0, "axis": "y", "origin": [16, 4.7, -20.35]},
			"faces": {
				"north": {"uv": [1, 0, 0, 6.25], "texture": "#20"},
				"east": {"uv": [16, 6.112, 0, 9.834], "texture": "#20"},
				"south": {"uv": [1, 0, 0, 6.25], "texture": "#20"},
				"west": {"uv": [16, 5.024, 0, 7.786], "texture": "#12"},
				"up": {"uv": [1, 0, 0, 16], "texture": "#20"},
				"down": {"uv": [1, 0, 0, 16], "texture": "#20"}
			}
		},
		{
			"from": [15, 11.05, 6.45],
			"to": [16, 16.3, 8.4],
			"rotation": {"angle": 0, "axis": "y", "origin": [16, 4.7, 5.2]},
			"faces": {
				"north": {"uv": [1, 0, 0, 6.25], "texture": "#12"},
				"east": {"uv": [16, 6.112, 0, 9.834], "texture": "#20"},
				"south": {"uv": [1, 0, 0, 6.25], "texture": "#20"},
				"west": {"uv": [16, 5.024, 0, 7.786], "texture": "#12"},
				"up": {"uv": [1, 0, 0, 16], "texture": "#20"},
				"down": {"uv": [1, 0, 0, 16], "texture": "#20"}
			}
		},
		{
			"from": [15, 9.3, 6.45],
			"to": [16, 11.05, 8.4],
			"rotation": {"angle": 0, "axis": "y", "origin": [16, 4.7, 5.2]},
			"faces": {
				"north": {"uv": [1, 0, 0, 6.25], "texture": "#12"},
				"east": {"uv": [16, 6.112, 0, 9.834], "texture": "#20"},
				"south": {"uv": [1, 0, 0, 6.25], "texture": "#20"},
				"west": {"uv": [16, 5.024, 0, 7.786], "texture": "#12"},
				"up": {"uv": [1, 0, 0, 16], "texture": "#20"},
				"down": {"uv": [1, 0, 0, 16], "texture": "#20"}
			}
		},
		{
			"from": [15, 16.3, 8.4],
			"to": [16, 17.5, 10.35],
			"rotation": {"angle": 0, "axis": "y", "origin": [16, 4.7, -20.35]},
			"faces": {
				"north": {"uv": [1, 0, 0, 6.25], "texture": "#20"},
				"east": {"uv": [16, 6.112, 0, 9.834], "texture": "#20"},
				"south": {"uv": [1, 0, 0, 6.25], "texture": "#20"},
				"west": {"uv": [16, 5.024, 0, 7.786], "texture": "#12"},
				"up": {"uv": [1, 0, 0, 16], "texture": "#20"},
				"down": {"uv": [1, 0, 0, 16], "texture": "#20"}
			}
		},
		{
			"from": [15, 16.3, 6.45],
			"to": [16, 17.5, 8.4],
			"rotation": {"angle": 0, "axis": "y", "origin": [16, 4.7, 5.2]},
			"faces": {
				"north": {"uv": [1, 0, 0, 6.25], "texture": "#12"},
				"east": {"uv": [16, 6.112, 0, 9.834], "texture": "#20"},
				"south": {"uv": [1, 0, 0, 6.25], "texture": "#20"},
				"west": {"uv": [16, 5.024, 0, 7.786], "texture": "#12"},
				"up": {"uv": [1, 0, 0, 16], "texture": "#20"},
				"down": {"uv": [1, 0, 0, 16], "texture": "#20"}
			}
		},
		{
			"from": [15, 17.5, 0],
			"to": [16.5, 19.95, 8.4],
			"rotation": {"angle": 0, "axis": "y", "origin": [16, 4.9, -1.25]},
			"faces": {
				"north": {"uv": [1, 0, 0, 6.25], "texture": "#20"},
				"east": {"uv": [16, 6.112, 0, 9.834], "texture": "#20"},
				"south": {"uv": [1, 0, 0, 6.25], "texture": "#20"},
				"west": {"uv": [16, 5.024, 0, 7.786], "texture": "#20"},
				"up": {"uv": [1, 0, 0, 16], "texture": "#20"},
				"down": {"uv": [1, 0, 0, 16], "texture": "#20"}
			}
		},
		{
			"from": [15, 17.5, 8.4],
			"to": [16.5, 19.95, 10.35],
			"rotation": {"angle": 0, "axis": "y", "origin": [16, 4.9, -20.35]},
			"faces": {
				"north": {"uv": [1, 0, 0, 6.25], "texture": "#20"},
				"east": {"uv": [16, 6.112, 0, 9.834], "texture": "#20"},
				"south": {"uv": [1, 0, 0, 6.25], "texture": "#20"},
				"west": {"uv": [16, 5.024, 0, 7.786], "texture": "#20"},
				"up": {"uv": [1, 0, 0, 16], "texture": "#20"},
				"down": {"uv": [1, 0, 0, 16], "texture": "#20"}
			}
		},
		{
			"from": [15, 17.5, 10.35],
			"to": [16.5, 19.95, 14.25],
			"rotation": {"angle": 0, "axis": "y", "origin": [16, 4.9, -14.7]},
			"faces": {
				"north": {"uv": [1, 0, 0, 6.25], "texture": "#20"},
				"east": {"uv": [16, 6.112, 0, 9.834], "texture": "#20"},
				"south": {"uv": [1, 0, 0, 6.25], "texture": "#20"},
				"west": {"uv": [16, 5.024, 0, 7.786], "texture": "#20"},
				"up": {"uv": [1, 0, 0, 16], "texture": "#20"},
				"down": {"uv": [1, 0, 0, 16], "texture": "#20"}
			}
		},
		{
			"from": [15, 16.3, 10.35],
			"to": [16, 17.5, 13.25],
			"rotation": {"angle": 0, "axis": "y", "origin": [16, 4.7, -14.7]},
			"faces": {
				"north": {"uv": [1, 0, 0, 6.25], "texture": "#20"},
				"east": {"uv": [16, 6.112, 0, 9.834], "texture": "#20"},
				"south": {"uv": [1, 0, 0, 6.25], "texture": "#20"},
				"west": {"uv": [16, 5.024, 0, 7.786], "texture": "#12"},
				"up": {"uv": [1, 0, 0, 16], "texture": "#20"},
				"down": {"uv": [1, 0, 0, 16], "texture": "#20"}
			}
		},
		{
			"from": [15, 11.05, 10.35],
			"to": [16, 16.3, 13.25],
			"rotation": {"angle": 0, "axis": "y", "origin": [16, 4.7, -14.7]},
			"faces": {
				"north": {"uv": [1, 0, 0, 6.25], "texture": "#20"},
				"east": {"uv": [16, 6.112, 0, 9.834], "texture": "#20"},
				"south": {"uv": [1, 0, 0, 6.25], "texture": "#20"},
				"west": {"uv": [16, 5.024, 0, 7.786], "texture": "#12"},
				"up": {"uv": [1, 0, 0, 16], "texture": "#20"},
				"down": {"uv": [1, 0, 0, 16], "texture": "#20"}
			}
		},
		{
			"from": [15, 9.3, 10.35],
			"to": [16, 11.05, 13.25],
			"rotation": {"angle": 0, "axis": "y", "origin": [16, 4.7, -14.7]},
			"faces": {
				"north": {"uv": [1, 0, 0, 6.25], "texture": "#20"},
				"east": {"uv": [16, 6.112, 0, 9.834], "texture": "#20"},
				"south": {"uv": [1, 0, 0, 6.25], "texture": "#20"},
				"west": {"uv": [16, 5.024, 0, 7.786], "texture": "#12"},
				"up": {"uv": [1, 0, 0, 16], "texture": "#20"},
				"down": {"uv": [1, 0, 0, 16], "texture": "#20"}
			}
		},
		{
			"from": [15, 7.3, 10.35],
			"to": [16, 8.3, 13.25],
			"rotation": {"angle": 0, "axis": "y", "origin": [16, 0, -14.7]},
			"faces": {
				"north": {"uv": [1, 0, 0, 6.25], "texture": "#20"},
				"east": {"uv": [16, 6.112, 0, 9.834], "texture": "#5"},
				"south": {"uv": [1, 0, 0, 6.25], "texture": "#20"},
				"west": {"uv": [16, 5.024, 0, 7.786], "texture": "#12"},
				"up": {"uv": [1, 0, 0, 16], "texture": "#20"},
				"down": {"uv": [1, 0, 0, 16], "texture": "#20"}
			}
		},
		{
			"from": [15, 8.3, 10.35],
			"to": [16, 9.3, 13.25],
			"rotation": {"angle": 0, "axis": "y", "origin": [16, 1, -14.7]},
			"faces": {
				"north": {"uv": [1, 0, 0, 6.25], "texture": "#20"},
				"east": {"uv": [16, 6.112, 0, 9.834], "texture": "#6"},
				"south": {"uv": [1, 0, 0, 6.25], "texture": "#20"},
				"west": {"uv": [16, 5.024, 0, 7.786], "texture": "#12"},
				"up": {"uv": [1, 0, 0, 16], "texture": "#20"},
				"down": {"uv": [1, 0, 0, 16], "texture": "#20"}
			}
		},
		{
			"from": [15, 4.6, 10.35],
			"to": [16, 7.3, 13.25],
			"rotation": {"angle": 0, "axis": "y", "origin": [16, 0, -14.7]},
			"faces": {
				"north": {"uv": [1, 0, 0, 6.25], "texture": "#20"},
				"east": {"uv": [16, 6.112, 0, 9.834], "texture": "#20"},
				"south": {"uv": [1, 0, 0, 6.25], "texture": "#20"},
				"west": {"uv": [16, 5.024, 0, 7.786], "texture": "#12"},
				"up": {"uv": [1, 0, 0, 16], "texture": "#20"},
				"down": {"uv": [1, 0, 0, 16], "texture": "#20"}
			}
		},
		{
			"from": [15, 3.15, -16],
			"to": [16.5, 4.6, 14.25],
			"rotation": {"angle": 0, "axis": "y", "origin": [16, -1.95, -14.7]},
			"faces": {
				"north": {"uv": [1, 0, 0, 6.25], "texture": "#20"},
				"east": {"uv": [16, 6.112, 0, 9.834], "texture": "#20"},
				"south": {"uv": [1, 0, 0, 6.25], "texture": "#20"},
				"west": {"uv": [16, 5.024, 0, 7.786], "texture": "#20"},
				"up": {"uv": [1, 0, 0, 16], "texture": "#20"},
				"down": {"uv": [1, 0, 0, 16], "texture": "#20"}
			}
		},
		{
			"from": [10.5, 16.3, 13.25],
			"to": [16, 17.5, 14.25],
			"rotation": {"angle": 0, "axis": "y", "origin": [16, 4.7, -14.7]},
			"faces": {
				"north": {"uv": [1, 0, 0, 6.25], "texture": "#12"},
				"east": {"uv": [16, 6.112, 0, 9.834], "texture": "#20"},
				"south": {"uv": [1, 0, 0, 6.25], "texture": "#20"},
				"west": {"uv": [16, 5.024, 0, 7.786], "texture": "#12"},
				"up": {"uv": [1, 0, 0, 16], "texture": "#20"},
				"down": {"uv": [1, 0, 0, 16], "texture": "#20"}
			}
		},
		{
			"from": [10.5, 11.05, 13.25],
			"to": [16, 16.3, 14.25],
			"rotation": {"angle": 0, "axis": "y", "origin": [16, 4.7, -14.7]},
			"faces": {
				"north": {"uv": [1, 0, 0, 6.25], "texture": "#12"},
				"east": {"uv": [16, 6.112, 0, 9.834], "texture": "#20"},
				"south": {"uv": [1, 0, 0, 6.25], "texture": "#20"},
				"west": {"uv": [16, 5.024, 0, 7.786], "texture": "#12"},
				"up": {"uv": [1, 0, 0, 16], "texture": "#20"},
				"down": {"uv": [1, 0, 0, 16], "texture": "#20"}
			}
		},
		{
			"from": [10.5, 9.3, 13.25],
			"to": [16, 11.05, 14.25],
			"rotation": {"angle": 0, "axis": "y", "origin": [16, 4.7, -14.7]},
			"faces": {
				"north": {"uv": [1, 0, 0, 6.25], "texture": "#12"},
				"east": {"uv": [16, 6.112, 0, 9.834], "texture": "#20"},
				"south": {"uv": [1, 0, 0, 6.25], "texture": "#20"},
				"west": {"uv": [16, 5.024, 0, 7.786], "texture": "#12"},
				"up": {"uv": [1, 0, 0, 16], "texture": "#20"},
				"down": {"uv": [1, 0, 0, 16], "texture": "#20"}
			}
		},
		{
			"from": [10.5, 8.3, 13.25],
			"to": [16, 9.3, 14.25],
			"rotation": {"angle": 0, "axis": "y", "origin": [16, 1, -14.7]},
			"faces": {
				"north": {"uv": [1, 0, 0, 6.25], "texture": "#12"},
				"east": {"uv": [16, 6.112, 0, 9.834], "texture": "#6"},
				"south": {"uv": [1, 0, 0, 6.25], "texture": "#6"},
				"west": {"uv": [16, 5.024, 0, 7.786], "texture": "#12"},
				"up": {"uv": [1, 0, 0, 16], "texture": "#20"},
				"down": {"uv": [1, 0, 0, 16], "texture": "#20"}
			}
		},
		{
			"from": [10.5, 7.3, 13.25],
			"to": [16, 8.3, 14.25],
			"rotation": {"angle": 0, "axis": "y", "origin": [16, 0, -14.7]},
			"faces": {
				"north": {"uv": [1, 0, 0, 6.25], "texture": "#12"},
				"east": {"uv": [16, 6.112, 0, 9.834], "texture": "#5"},
				"south": {"uv": [1, 0, 0, 6.25], "texture": "#5"},
				"west": {"uv": [16, 5.024, 0, 7.786], "texture": "#12"},
				"up": {"uv": [1, 0, 0, 16], "texture": "#20"},
				"down": {"uv": [1, 0, 0, 16], "texture": "#20"}
			}
		},
		{
			"from": [10.5, 4.6, 13.25],
			"to": [16, 7.3, 14.25],
			"rotation": {"angle": 0, "axis": "y", "origin": [16, 0, -14.7]},
			"faces": {
				"north": {"uv": [1, 0, 0, 6.25], "texture": "#12"},
				"east": {"uv": [16, 6.112, 0, 9.834], "texture": "#20"},
				"south": {"uv": [1, 0, 0, 6.25], "texture": "#20"},
				"west": {"uv": [16, 5.024, 0, 7.786], "texture": "#12"},
				"up": {"uv": [1, 0, 0, 16], "texture": "#20"},
				"down": {"uv": [1, 0, 0, 16], "texture": "#20"}
			}
		},
		{
			"from": [5.5, 9.3, 13.25],
			"to": [10.5, 11.05, 14.25],
			"rotation": {"angle": 0, "axis": "y", "origin": [16, 4.7, -14.7]},
			"faces": {
				"north": {"uv": [1, 0, 0, 6.25], "texture": "#12"},
				"east": {"uv": [16, 6.112, 0, 9.834], "texture": "#20"},
				"south": {"uv": [1, 0, 0, 6.25], "texture": "#20"},
				"west": {"uv": [16, 5.024, 0, 7.786], "texture": "#12"},
				"up": {"uv": [1, 0, 0, 16], "texture": "#20"},
				"down": {"uv": [1, 0, 0, 16], "texture": "#20"}
			}
		},
		{
			"from": [5.5, 16.3, 13.25],
			"to": [10.5, 17.5, 14.25],
			"rotation": {"angle": 0, "axis": "y", "origin": [16, 4.7, -14.7]},
			"faces": {
				"north": {"uv": [1, 0, 0, 6.25], "texture": "#12"},
				"east": {"uv": [16, 6.112, 0, 9.834], "texture": "#20"},
				"south": {"uv": [1, 0, 0, 6.25], "texture": "#20"},
				"west": {"uv": [16, 5.024, 0, 7.786], "texture": "#12"},
				"up": {"uv": [1, 0, 0, 16], "texture": "#20"},
				"down": {"uv": [1, 0, 0, 16], "texture": "#20"}
			}
		},
		{
			"from": [5.5, 11.05, 13.25],
			"to": [10.5, 16.3, 14.25],
			"rotation": {"angle": 0, "axis": "y", "origin": [16, 4.7, -14.7]},
			"faces": {
				"north": {"uv": [1, 0, 0, 6.25], "texture": "#29"},
				"east": {"uv": [16, 6.112, 0, 9.834], "texture": "#29"},
				"south": {"uv": [1, 0, 0, 6.25], "texture": "#29"},
				"west": {"uv": [16, 5.024, 0, 7.786], "texture": "#29"},
				"up": {"uv": [1, 0, 0, 16], "texture": "#29"},
				"down": {"uv": [1, 0, 0, 16], "texture": "#29"}
			}
		},
		{
			"from": [5.5, 8.3, 13.25],
			"to": [10.5, 9.3, 14.25],
			"rotation": {"angle": 0, "axis": "y", "origin": [16, 1, -14.7]},
			"faces": {
				"north": {"uv": [1, 0, 0, 6.25], "texture": "#12"},
				"east": {"uv": [16, 6.112, 0, 9.834], "texture": "#6"},
				"south": {"uv": [1, 0, 0, 6.25], "texture": "#6"},
				"west": {"uv": [16, 5.024, 0, 7.786], "texture": "#12"},
				"up": {"uv": [1, 0, 0, 16], "texture": "#20"},
				"down": {"uv": [1, 0, 0, 16], "texture": "#20"}
			}
		},
		{
			"from": [5.5, 7.3, 13.25],
			"to": [10.5, 8.3, 14.25],
			"rotation": {"angle": 0, "axis": "y", "origin": [16, 0, -14.7]},
			"faces": {
				"north": {"uv": [1, 0, 0, 6.25], "texture": "#12"},
				"east": {"uv": [16, 6.112, 0, 9.834], "texture": "#5"},
				"south": {"uv": [1, 0, 0, 6.25], "texture": "#5"},
				"west": {"uv": [16, 5.024, 0, 7.786], "texture": "#12"},
				"up": {"uv": [1, 0, 0, 16], "texture": "#20"},
				"down": {"uv": [1, 0, 0, 16], "texture": "#20"}
			}
		},
		{
			"from": [5.5, 4.6, 13.25],
			"to": [10.5, 7.3, 14.25],
			"rotation": {"angle": 0, "axis": "y", "origin": [16, 0, -14.7]},
			"faces": {
				"north": {"uv": [1, 0, 0, 6.25], "texture": "#12"},
				"east": {"uv": [16, 6.112, 0, 9.834], "texture": "#20"},
				"south": {"uv": [1, 0, 0, 6.25], "texture": "#20"},
				"west": {"uv": [16, 5.024, 0, 7.786], "texture": "#12"},
				"up": {"uv": [1, 0, 0, 16], "texture": "#20"},
				"down": {"uv": [1, 0, 0, 16], "texture": "#20"}
			}
		},
		{
			"from": [8, 3.15, 13.25],
			"to": [15, 4.6, 14.25],
			"rotation": {"angle": 0, "axis": "y", "origin": [16, -1.95, -14.7]},
			"faces": {
				"north": {"uv": [1, 0, 0, 6.25], "texture": "#20"},
				"east": {"uv": [16, 6.112, 0, 9.834], "texture": "#20"},
				"south": {"uv": [1, 0, 0, 6.25], "texture": "#20"},
				"west": {"uv": [16, 5.024, 0, 7.786], "texture": "#20"},
				"up": {"uv": [1, 0, 0, 16], "texture": "#11"},
				"down": {"uv": [1, 0, 0, 16], "texture": "#20"}
			}
		},
		{
			"from": [-0.5, 0.9, 13.75],
			"to": [5.75, 3.15, 14.25],
			"rotation": {"angle": 0, "axis": "y", "origin": [0, -1.95, -14.7]},
			"faces": {
				"north": {"uv": [0, 0, 1, 6.25], "texture": "#20"},
				"east": {"uv": [0, 5.024, 16, 7.786], "texture": "#20"},
				"south": {"uv": [0, 0, 1, 6.25], "texture": "#20"},
				"west": {"uv": [0, 6.112, 16, 9.834], "texture": "#20"},
				"up": {"uv": [0, 0, 1, 16], "texture": "#11"},
				"down": {"uv": [0, 0, 1, 16], "texture": "#20"}
			}
		},
		{
			"from": [10.25, 0.9, 13.75],
			"to": [16.5, 3.15, 14.25],
			"rotation": {"angle": 0, "axis": "y", "origin": [16, -1.95, -14.7]},
			"faces": {
				"north": {"uv": [1, 0, 0, 6.25], "texture": "#20"},
				"east": {"uv": [16, 6.112, 0, 9.834], "texture": "#20"},
				"south": {"uv": [1, 0, 0, 6.25], "texture": "#20"},
				"west": {"uv": [16, 5.024, 0, 7.786], "texture": "#20"},
				"up": {"uv": [1, 0, 0, 16], "texture": "#11"},
				"down": {"uv": [1, 0, 0, 16], "texture": "#20"}
			}
		},
		{
			"from": [0, 7.3, 10.35],
			"to": [1, 8.3, 13.25],
			"rotation": {"angle": 0, "axis": "y", "origin": [0, 0, -14.7]},
			"faces": {
				"north": {"uv": [0, 0, 1, 6.25], "texture": "#20"},
				"east": {"uv": [0, 5.024, 16, 7.786], "texture": "#12"},
				"south": {"uv": [0, 0, 1, 6.25], "texture": "#20"},
				"west": {"uv": [0, 6.112, 16, 9.834], "texture": "#5"},
				"up": {"uv": [0, 0, 1, 16], "texture": "#20"},
				"down": {"uv": [0, 0, 1, 16], "texture": "#20"}
			}
		},
		{
			"from": [0, 16.3, 13.25],
			"to": [5.5, 17.5, 14.25],
			"rotation": {"angle": 0, "axis": "y", "origin": [0, 4.7, -14.7]},
			"faces": {
				"north": {"uv": [0, 0, 1, 6.25], "texture": "#12"},
				"east": {"uv": [0, 5.024, 16, 7.786], "texture": "#12"},
				"south": {"uv": [0, 0, 1, 6.25], "texture": "#20"},
				"west": {"uv": [0, 6.112, 16, 9.834], "texture": "#20"},
				"up": {"uv": [0, 0, 1, 16], "texture": "#20"},
				"down": {"uv": [0, 0, 1, 16], "texture": "#20"}
			}
		},
		{
			"from": [0, 11.05, 13.25],
			"to": [5.5, 16.3, 14.25],
			"rotation": {"angle": 0, "axis": "y", "origin": [0, 4.7, -14.7]},
			"faces": {
				"north": {"uv": [0, 0, 1, 6.25], "texture": "#12"},
				"east": {"uv": [0, 5.024, 16, 7.786], "texture": "#12"},
				"south": {"uv": [0, 0, 1, 6.25], "texture": "#20"},
				"west": {"uv": [0, 6.112, 16, 9.834], "texture": "#20"},
				"up": {"uv": [0, 0, 1, 16], "texture": "#20"},
				"down": {"uv": [0, 0, 1, 16], "texture": "#20"}
			}
		},
		{
			"from": [0, 4.6, 13.25],
			"to": [5.5, 7.3, 14.25],
			"rotation": {"angle": 0, "axis": "y", "origin": [0, 0, -14.7]},
			"faces": {
				"north": {"uv": [0, 0, 1, 6.25], "texture": "#12"},
				"east": {"uv": [0, 5.024, 16, 7.786], "texture": "#12"},
				"south": {"uv": [0, 0, 1, 6.25], "texture": "#20"},
				"west": {"uv": [0, 6.112, 16, 9.834], "texture": "#20"},
				"up": {"uv": [0, 0, 1, 16], "texture": "#20"},
				"down": {"uv": [0, 0, 1, 16], "texture": "#20"}
			}
		},
		{
			"from": [0, 9.3, 13.25],
			"to": [5.5, 11.05, 14.25],
			"rotation": {"angle": 0, "axis": "y", "origin": [0, 4.7, -14.7]},
			"faces": {
				"north": {"uv": [0, 0, 1, 6.25], "texture": "#12"},
				"east": {"uv": [0, 5.024, 16, 7.786], "texture": "#12"},
				"south": {"uv": [0, 0, 1, 6.25], "texture": "#20"},
				"west": {"uv": [0, 6.112, 16, 9.834], "texture": "#20"},
				"up": {"uv": [0, 0, 1, 16], "texture": "#20"},
				"down": {"uv": [0, 0, 1, 16], "texture": "#20"}
			}
		},
		{
			"from": [0, 8.3, 13.25],
			"to": [5.5, 9.3, 14.25],
			"rotation": {"angle": 0, "axis": "y", "origin": [0, 1, -14.7]},
			"faces": {
				"north": {"uv": [0, 0, 1, 6.25], "texture": "#12"},
				"east": {"uv": [0, 5.024, 16, 7.786], "texture": "#12"},
				"south": {"uv": [0, 0, 1, 6.25], "texture": "#6"},
				"west": {"uv": [0, 6.112, 16, 9.834], "texture": "#6"},
				"up": {"uv": [0, 0, 1, 16], "texture": "#20"},
				"down": {"uv": [0, 0, 1, 16], "texture": "#20"}
			}
		},
		{
			"from": [0, 7.3, 13.25],
			"to": [5.5, 8.3, 14.25],
			"rotation": {"angle": 0, "axis": "y", "origin": [0, 0, -14.7]},
			"faces": {
				"north": {"uv": [0, 0, 1, 6.25], "texture": "#12"},
				"east": {"uv": [0, 5.024, 16, 7.786], "texture": "#12"},
				"south": {"uv": [0, 0, 1, 6.25], "texture": "#5"},
				"west": {"uv": [0, 6.112, 16, 9.834], "texture": "#5"},
				"up": {"uv": [0, 0, 1, 16], "texture": "#20"},
				"down": {"uv": [0, 0, 1, 16], "texture": "#20"}
			}
		},
		{
			"from": [0.45, 12.05, 13.26],
			"to": [4.3, 14.55, 14.26],
			"rotation": {"angle": 0, "axis": "y", "origin": [0, 0, -14.7]},
			"faces": {
				"north": {"uv": [0, 0, 1, 6.25], "texture": "#12"},
				"east": {"uv": [0, 5.024, 16, 7.786], "texture": "#12"},
				"south": {"uv": [0, 0, 16, 16], "texture": "#24"},
				"west": {"uv": [0, 6.112, 16, 9.834], "texture": "#5"},
				"up": {"uv": [0, 0, 1, 16], "texture": "#20"},
				"down": {"uv": [0, 0, 1, 16], "texture": "#20"}
			}
		},
		{
			"from": [1.25, 13.3, 13.24],
			"to": [5.1, 15.8, 14.24],
			"rotation": {"angle": 0, "axis": "y", "origin": [0, 0, -14.7]},
			"faces": {
				"north": {"uv": [0, 0, 16, 16], "texture": "#25"},
				"east": {"uv": [0, 5.024, 16, 7.786], "texture": "#12"},
				"south": {"uv": [0, 0, 16, 16], "texture": "#24"},
				"west": {"uv": [0, 6.112, 16, 9.834], "texture": "#5"},
				"up": {"uv": [0, 0, 1, 16], "texture": "#20"},
				"down": {"uv": [0, 0, 1, 16], "texture": "#20"}
			}
		},
		{
			"from": [0, 8.3, 10.35],
			"to": [1, 9.3, 13.25],
			"rotation": {"angle": 0, "axis": "y", "origin": [0, 1, -14.7]},
			"faces": {
				"north": {"uv": [0, 0, 1, 6.25], "texture": "#20"},
				"east": {"uv": [0, 5.024, 16, 7.786], "texture": "#12"},
				"south": {"uv": [0, 0, 1, 6.25], "texture": "#20"},
				"west": {"uv": [0, 6.112, 16, 9.834], "texture": "#6"},
				"up": {"uv": [0, 0, 1, 16], "texture": "#20"},
				"down": {"uv": [0, 0, 1, 16], "texture": "#20"}
			}
		},
		{
			"from": [0, 9.3, 10.35],
			"to": [1, 11.05, 13.25],
			"rotation": {"angle": 0, "axis": "y", "origin": [0, 4.7, -14.7]},
			"faces": {
				"north": {"uv": [0, 0, 1, 6.25], "texture": "#20"},
				"east": {"uv": [0, 5.024, 16, 7.786], "texture": "#12"},
				"south": {"uv": [0, 0, 1, 6.25], "texture": "#20"},
				"west": {"uv": [0, 6.112, 16, 9.834], "texture": "#20"},
				"up": {"uv": [0, 0, 1, 16], "texture": "#20"},
				"down": {"uv": [0, 0, 1, 16], "texture": "#20"}
			}
		},
		{
			"from": [0, 11.05, 12.85],
			"to": [1, 16.3, 13.25],
			"rotation": {"angle": 0, "axis": "y", "origin": [0, 4.7, -14.7]},
			"faces": {
				"north": {"uv": [0, 0, 1, 6.25], "texture": "#20"},
				"east": {"uv": [0, 5.024, 16, 7.786], "texture": "#12"},
				"south": {"uv": [0, 0, 1, 6.25], "texture": "#20"},
				"west": {"uv": [0, 6.112, 16, 9.834], "texture": "#20"},
				"up": {"uv": [0, 0, 1, 16], "texture": "#20"},
				"down": {"uv": [0, 0, 1, 16], "texture": "#20"}
			}
		},
		{
			"from": [0, 16.3, 10.35],
			"to": [1, 17.5, 13.25],
			"rotation": {"angle": 0, "axis": "y", "origin": [0, 4.7, -14.7]},
			"faces": {
				"north": {"uv": [0, 0, 1, 6.25], "texture": "#20"},
				"east": {"uv": [0, 5.024, 16, 7.786], "texture": "#12"},
				"south": {"uv": [0, 0, 1, 6.25], "texture": "#20"},
				"west": {"uv": [0, 6.112, 16, 9.834], "texture": "#20"},
				"up": {"uv": [0, 0, 1, 16], "texture": "#20"},
				"down": {"uv": [0, 0, 1, 16], "texture": "#20"}
			}
		},
		{
			"from": [-0.5, 17.5, 10.35],
			"to": [1, 19.95, 14.25],
			"rotation": {"angle": 0, "axis": "y", "origin": [0, 4.9, -14.7]},
			"faces": {
				"north": {"uv": [0, 0, 1, 6.25], "texture": "#20"},
				"east": {"uv": [0, 5.024, 16, 7.786], "texture": "#20"},
				"south": {"uv": [0, 0, 1, 6.25], "texture": "#20"},
				"west": {"uv": [0, 6.112, 16, 9.834], "texture": "#20"},
				"up": {"uv": [0, 0, 1, 16], "texture": "#20"},
				"down": {"uv": [0, 0, 1, 16], "texture": "#20"}
			}
		},
		{
			"from": [-0.5, 17.5, 8.4],
			"to": [1, 19.95, 10.35],
			"rotation": {"angle": 0, "axis": "y", "origin": [0, 4.9, -20.35]},
			"faces": {
				"north": {"uv": [0, 0, 1, 6.25], "texture": "#20"},
				"east": {"uv": [0, 5.024, 16, 7.786], "texture": "#20"},
				"south": {"uv": [0, 0, 1, 6.25], "texture": "#20"},
				"west": {"uv": [0, 6.112, 16, 9.834], "texture": "#20"},
				"up": {"uv": [0, 0, 1, 16], "texture": "#20"},
				"down": {"uv": [0, 0, 1, 16], "texture": "#20"}
			}
		},
		{
			"from": [0, 16.3, 8.4],
			"to": [1, 17.5, 10.35],
			"rotation": {"angle": 0, "axis": "y", "origin": [0, 4.7, -20.35]},
			"faces": {
				"north": {"uv": [0, 0, 1, 6.25], "texture": "#20"},
				"east": {"uv": [0, 5.024, 16, 7.786], "texture": "#12"},
				"south": {"uv": [0, 0, 1, 6.25], "texture": "#20"},
				"west": {"uv": [0, 6.112, 16, 9.834], "texture": "#20"},
				"up": {"uv": [0, 0, 1, 16], "texture": "#20"},
				"down": {"uv": [0, 0, 1, 16], "texture": "#20"}
			}
		},
		{
			"from": [0, 9.3, 8.4],
			"to": [1, 11.05, 10.35],
			"rotation": {"angle": 0, "axis": "y", "origin": [0, 4.7, -20.35]},
			"faces": {
				"north": {"uv": [0, 0, 1, 6.25], "texture": "#20"},
				"east": {"uv": [0, 5.024, 16, 7.786], "texture": "#12"},
				"south": {"uv": [0, 0, 1, 6.25], "texture": "#20"},
				"west": {"uv": [0, 6.112, 16, 9.834], "texture": "#20"},
				"up": {"uv": [0, 0, 1, 16], "texture": "#20"},
				"down": {"uv": [0, 0, 1, 16], "texture": "#20"}
			}
		},
		{
			"from": [0, 8.3, 8.4],
			"to": [1, 9.3, 10.35],
			"rotation": {"angle": 0, "axis": "y", "origin": [0, 1, -20.35]},
			"faces": {
				"north": {"uv": [0, 0, 1, 6.25], "texture": "#20"},
				"east": {"uv": [0, 5.024, 16, 7.786], "texture": "#12"},
				"south": {"uv": [0, 0, 1, 6.25], "texture": "#20"},
				"west": {"uv": [0, 6.112, 16, 9.834], "texture": "#6"},
				"up": {"uv": [0, 0, 1, 16], "texture": "#20"},
				"down": {"uv": [0, 0, 1, 16], "texture": "#20"}
			}
		},
		{
			"from": [0, 7.3, 8.4],
			"to": [1, 8.3, 10.35],
			"rotation": {"angle": 0, "axis": "y", "origin": [0, 0, -20.35]},
			"faces": {
				"north": {"uv": [0, 0, 1, 6.25], "texture": "#20"},
				"east": {"uv": [0, 5.024, 16, 7.786], "texture": "#12"},
				"south": {"uv": [0, 0, 1, 6.25], "texture": "#20"},
				"west": {"uv": [0, 6.112, 16, 9.834], "texture": "#5"},
				"up": {"uv": [0, 0, 1, 16], "texture": "#20"},
				"down": {"uv": [0, 0, 1, 16], "texture": "#20"}
			}
		},
		{
			"from": [0, 4.6, 8.4],
			"to": [1, 7.3, 10.35],
			"rotation": {"angle": 0, "axis": "y", "origin": [0, 0, -20.35]},
			"faces": {
				"north": {"uv": [0, 0, 1, 6.25], "texture": "#20"},
				"east": {"uv": [0, 5.024, 16, 7.786], "texture": "#12"},
				"south": {"uv": [0, 0, 1, 6.25], "texture": "#20"},
				"west": {"uv": [0, 6.112, 16, 9.834], "texture": "#20"},
				"up": {"uv": [0, 0, 1, 16], "texture": "#20"},
				"down": {"uv": [0, 0, 1, 16], "texture": "#20"}
			}
		},
		{
			"from": [-0.5, 17.5, -16],
			"to": [1, 19.95, -10.35],
			"rotation": {"angle": 0, "axis": "y", "origin": [0, 4.9, -13.55]},
			"faces": {
				"north": {"uv": [0, 0, 1, 6.25], "texture": "#20"},
				"east": {"uv": [0, 5.024, 16, 7.786], "texture": "#20"},
				"south": {"uv": [0, 0, 1, 6.25], "texture": "#20"},
				"west": {"uv": [0, 6.112, 16, 9.834], "texture": "#20"},
				"up": {"uv": [0, 0, 1, 16], "texture": "#20"},
				"down": {"uv": [0, 0, 1, 16], "texture": "#20"}
			}
		},
		{
			"from": [0, 16.3, -16],
			"to": [1, 17.5, -10.35],
			"rotation": {"angle": 0, "axis": "y", "origin": [0, 4.7, -13.55]},
			"faces": {
				"north": {"uv": [0, 0, 1, 6.25], "texture": "#20"},
				"east": {"uv": [0, 5.024, 16, 7.786], "texture": "#12"},
				"south": {"uv": [0, 0, 1, 6.25], "texture": "#20"},
				"west": {"uv": [0, 6.112, 16, 9.834], "texture": "#20"},
				"up": {"uv": [0, 0, 1, 16], "texture": "#20"},
				"down": {"uv": [0, 0, 1, 16], "texture": "#20"}
			}
		},
		{
			"from": [0, 9.3, -16],
			"to": [1, 11.05, -10.35],
			"rotation": {"angle": 0, "axis": "y", "origin": [0, 4.7, -13.55]},
			"faces": {
				"north": {"uv": [0, 0, 1, 6.25], "texture": "#20"},
				"east": {"uv": [0, 5.024, 16, 7.786], "texture": "#12"},
				"south": {"uv": [0, 0, 1, 6.25], "texture": "#20"},
				"west": {"uv": [0, 6.112, 16, 9.834], "texture": "#20"},
				"up": {"uv": [0, 0, 1, 16], "texture": "#20"},
				"down": {"uv": [0, 0, 1, 16], "texture": "#20"}
			}
		},
		{
			"from": [0, 8.3, -16],
			"to": [1, 9.3, -10.35],
			"rotation": {"angle": 0, "axis": "y", "origin": [0, 1, -13.55]},
			"faces": {
				"north": {"uv": [0, 0, 1, 6.25], "texture": "#6"},
				"east": {"uv": [0, 5.024, 16, 7.786], "texture": "#12"},
				"south": {"uv": [0, 0, 1, 6.25], "texture": "#20"},
				"west": {"uv": [0, 6.112, 16, 9.834], "texture": "#6"},
				"up": {"uv": [0, 0, 1, 16], "texture": "#20"},
				"down": {"uv": [0, 0, 1, 16], "texture": "#20"}
			}
		},
		{
			"from": [0, 7.3, -16],
			"to": [1, 8.3, -10.35],
			"rotation": {"angle": 0, "axis": "y", "origin": [0, 0, -13.55]},
			"faces": {
				"north": {"uv": [0, 0, 1, 6.25], "texture": "#5"},
				"east": {"uv": [0, 5.024, 16, 7.786], "texture": "#12"},
				"south": {"uv": [0, 0, 1, 6.25], "texture": "#20"},
				"west": {"uv": [0, 6.112, 16, 9.834], "texture": "#5"},
				"up": {"uv": [0, 0, 1, 16], "texture": "#20"},
				"down": {"uv": [0, 0, 1, 16], "texture": "#20"}
			}
		},
		{
			"from": [0, 4.6, -16],
			"to": [1, 7.3, -10.35],
			"rotation": {"angle": 0, "axis": "y", "origin": [0, 0, -13.55]},
			"faces": {
				"north": {"uv": [0, 0, 1, 6.25], "texture": "#20"},
				"east": {"uv": [0, 5.024, 16, 7.786], "texture": "#12"},
				"south": {"uv": [0, 0, 1, 6.25], "texture": "#20"},
				"west": {"uv": [0, 6.112, 16, 9.834], "texture": "#20"},
				"up": {"uv": [0, 0, 1, 16], "texture": "#20"},
				"down": {"uv": [0, 0, 1, 16], "texture": "#20"}
			}
		},
		{
			"from": [0, 9.3, -8.4],
			"to": [1, 11.05, -6.45],
			"rotation": {"angle": 0, "axis": "y", "origin": [0, 4.7, -9.65]},
			"faces": {
				"north": {"uv": [0, 0, 1, 6.25], "texture": "#20"},
				"east": {"uv": [0, 5.024, 16, 7.786], "texture": "#12"},
				"south": {"uv": [0, 0, 1, 6.25], "texture": "#12"},
				"west": {"uv": [0, 6.112, 16, 9.834], "texture": "#20"},
				"up": {"uv": [0, 0, 1, 16], "texture": "#20"},
				"down": {"uv": [0, 0, 1, 16], "texture": "#20"}
			}
		},
		{
			"from": [0, 11.05, -8.4],
			"to": [1, 16.3, -6.45],
			"rotation": {"angle": 0, "axis": "y", "origin": [0, 4.7, -9.65]},
			"faces": {
				"north": {"uv": [0, 0, 1, 6.25], "texture": "#20"},
				"east": {"uv": [3, 4, 12, 13], "texture": "#23"},
				"south": {"uv": [0, 0, 1, 6.25], "texture": "#12"},
				"west": {"uv": [3, 7.112, 12, 7.834], "texture": "#20"},
				"up": {"uv": [0, 0, 1, 16], "texture": "#20"},
				"down": {"uv": [0, 0, 1, 16], "texture": "#20"}
			}
		},
		{
			"from": [0, 4.6, 6.45],
			"to": [1, 7.3, 8.4],
			"rotation": {"angle": 0, "axis": "y", "origin": [0, 0, 5.2]},
			"faces": {
				"north": {"uv": [0, 0, 1, 6.25], "texture": "#12"},
				"east": {"uv": [0, 5.024, 16, 7.786], "texture": "#12"},
				"south": {"uv": [0, 0, 1, 6.25], "texture": "#20"},
				"west": {"uv": [0, 6.112, 16, 9.834], "texture": "#20"},
				"up": {"uv": [0, 0, 1, 16], "texture": "#20"},
				"down": {"uv": [0, 0, 1, 16], "texture": "#20"}
			}
		},
		{
			"from": [0, 7.3, 6.45],
			"to": [1, 8.3, 8.4],
			"rotation": {"angle": 0, "axis": "y", "origin": [0, 0, 5.2]},
			"faces": {
				"north": {"uv": [0, 0, 1, 6.25], "texture": "#12"},
				"east": {"uv": [0, 5.024, 16, 7.786], "texture": "#12"},
				"south": {"uv": [0, 0, 1, 6.25], "texture": "#20"},
				"west": {"uv": [0, 6.112, 16, 9.834], "texture": "#5"},
				"up": {"uv": [0, 0, 1, 16], "texture": "#20"},
				"down": {"uv": [0, 0, 1, 16], "texture": "#20"}
			}
		},
		{
			"from": [0, 8.3, 6.45],
			"to": [1, 9.3, 8.4],
			"rotation": {"angle": 0, "axis": "y", "origin": [0, 1, 5.2]},
			"faces": {
				"north": {"uv": [0, 0, 1, 6.25], "texture": "#12"},
				"east": {"uv": [0, 5.024, 16, 7.786], "texture": "#12"},
				"south": {"uv": [0, 0, 1, 6.25], "texture": "#20"},
				"west": {"uv": [0, 6.112, 16, 9.834], "texture": "#6"},
				"up": {"uv": [0, 0, 1, 16], "texture": "#20"},
				"down": {"uv": [0, 0, 1, 16], "texture": "#20"}
			}
		},
		{
			"from": [0, 9.3, 6.45],
			"to": [1, 11.05, 8.4],
			"rotation": {"angle": 0, "axis": "y", "origin": [0, 4.7, 5.2]},
			"faces": {
				"north": {"uv": [0, 0, 1, 6.25], "texture": "#12"},
				"east": {"uv": [0, 5.024, 16, 7.786], "texture": "#12"},
				"south": {"uv": [0, 0, 1, 6.25], "texture": "#20"},
				"west": {"uv": [0, 6.112, 16, 9.834], "texture": "#20"},
				"up": {"uv": [0, 0, 1, 16], "texture": "#20"},
				"down": {"uv": [0, 0, 1, 16], "texture": "#20"}
			}
		},
		{
			"from": [0, 16.3, 6.45],
			"to": [1, 17.5, 8.4],
			"rotation": {"angle": 0, "axis": "y", "origin": [0, 4.7, 5.2]},
			"faces": {
				"north": {"uv": [0, 0, 1, 6.25], "texture": "#12"},
				"east": {"uv": [0, 5.024, 16, 7.786], "texture": "#12"},
				"south": {"uv": [0, 0, 1, 6.25], "texture": "#20"},
				"west": {"uv": [0, 6.112, 16, 9.834], "texture": "#20"},
				"up": {"uv": [0, 0, 1, 16], "texture": "#20"},
				"down": {"uv": [0, 0, 1, 16], "texture": "#20"}
			}
		},
		{
			"from": [0, 11.05, 6.45],
			"to": [1, 16.3, 8.15],
			"rotation": {"angle": 0, "axis": "y", "origin": [0, 4.7, 5.2]},
			"faces": {
				"north": {"uv": [0, 0, 1, 6.25], "texture": "#12"},
				"east": {"uv": [0, 5.024, 16, 7.786], "texture": "#12"},
				"south": {"uv": [0, 0, 1, 6.25], "texture": "#20"},
				"west": {"uv": [0, 6.112, 16, 9.834], "texture": "#20"},
				"up": {"uv": [0, 0, 1, 16], "texture": "#20"},
				"down": {"uv": [0, 0, 1, 16], "texture": "#20"}
			}
		},
		{
			"from": [0, 16.3, -8.4],
			"to": [1, 17.5, -6.45],
			"rotation": {"angle": 0, "axis": "y", "origin": [0, 4.7, -9.65]},
			"faces": {
				"north": {"uv": [0, 0, 1, 6.25], "texture": "#20"},
				"east": {"uv": [0, 5.024, 16, 7.786], "texture": "#12"},
				"south": {"uv": [0, 0, 1, 6.25], "texture": "#12"},
				"west": {"uv": [0, 6.112, 16, 9.834], "texture": "#20"},
				"up": {"uv": [0, 0, 1, 16], "texture": "#20"},
				"down": {"uv": [0, 0, 1, 16], "texture": "#20"}
			}
		},
		{
			"from": [-0.5, 17.5, -8.4],
			"to": [1, 19.95, 0],
			"rotation": {"angle": 0, "axis": "y", "origin": [0, 4.9, -9.65]},
			"faces": {
				"north": {"uv": [0, 0, 1, 6.25], "texture": "#20"},
				"east": {"uv": [0, 5.024, 16, 7.786], "texture": "#20"},
				"south": {"uv": [0, 0, 1, 6.25], "texture": "#20"},
				"west": {"uv": [0, 6.112, 16, 9.834], "texture": "#20"},
				"up": {"uv": [0, 0, 1, 16], "texture": "#20"},
				"down": {"uv": [0, 0, 1, 16], "texture": "#20"}
			}
		},
		{
			"from": [-0.5, 17.5, 0],
			"to": [1, 19.95, 8.4],
			"rotation": {"angle": 0, "axis": "y", "origin": [0, 4.9, -1.25]},
			"faces": {
				"north": {"uv": [0, 0, 1, 6.25], "texture": "#20"},
				"east": {"uv": [0, 5.024, 16, 7.786], "texture": "#20"},
				"south": {"uv": [0, 0, 1, 6.25], "texture": "#20"},
				"west": {"uv": [0, 6.112, 16, 9.834], "texture": "#20"},
				"up": {"uv": [0, 0, 1, 16], "texture": "#20"},
				"down": {"uv": [0, 0, 1, 16], "texture": "#20"}
			}
		},
		{
			"from": [0, 4.6, -8.4],
			"to": [1, 7.3, -6.45],
			"rotation": {"angle": 0, "axis": "y", "origin": [0, 0, -9.65]},
			"faces": {
				"north": {"uv": [0, 0, 1, 6.25], "texture": "#20"},
				"east": {"uv": [0, 5.024, 16, 7.786], "texture": "#12"},
				"south": {"uv": [0, 0, 1, 6.25], "texture": "#12"},
				"west": {"uv": [0, 6.112, 16, 9.834], "texture": "#20"},
				"up": {"uv": [0, 0, 1, 16], "texture": "#20"},
				"down": {"uv": [0, 0, 1, 16], "texture": "#20"}
			}
		},
		{
			"from": [0, 7.3, -8.4],
			"to": [1, 8.3, -6.45],
			"rotation": {"angle": 0, "axis": "y", "origin": [0, 0, -9.65]},
			"faces": {
				"north": {"uv": [0, 0, 1, 6.25], "texture": "#20"},
				"east": {"uv": [0, 5.024, 16, 7.786], "texture": "#12"},
				"south": {"uv": [0, 0, 1, 6.25], "texture": "#12"},
				"west": {"uv": [0, 6.112, 16, 9.834], "texture": "#5"},
				"up": {"uv": [0, 0, 1, 16], "texture": "#20"},
				"down": {"uv": [0, 0, 1, 16], "texture": "#20"}
			}
		},
		{
			"from": [0, 8.3, -8.4],
			"to": [1, 9.3, -6.45],
			"rotation": {"angle": 0, "axis": "y", "origin": [0, 1, -9.65]},
			"faces": {
				"north": {"uv": [0, 0, 1, 6.25], "texture": "#20"},
				"east": {"uv": [0, 5.024, 16, 7.786], "texture": "#12"},
				"south": {"uv": [0, 0, 1, 6.25], "texture": "#12"},
				"west": {"uv": [0, 6.112, 16, 9.834], "texture": "#6"},
				"up": {"uv": [0, 0, 1, 16], "texture": "#20"},
				"down": {"uv": [0, 0, 1, 16], "texture": "#20"}
			}
		},
		{
			"from": [-0.01, 7, -16],
			"to": [0.99, 9.5, -14.75],
			"rotation": {"angle": 0, "axis": "y", "origin": [0, 0, -9.75]},
			"faces": {
				"north": {"uv": [0, 0, 1, 6.25], "texture": "#28"},
				"east": {"uv": [0, 5.024, 16, 7.786], "texture": "#28"},
				"south": {"uv": [0, 0, 1, 6.25], "texture": "#28"},
				"west": {"uv": [8, 0, 16, 16], "texture": "#9"},
				"up": {"uv": [0, 0, 1, 16], "texture": "#28"},
				"down": {"uv": [0, 0, 1, 16], "texture": "#28"}
			}
		},
		{
			"from": [-0.01, 4.8, -14.5],
			"to": [0.99, 7.05, -8.45],
			"rotation": {"angle": 0, "axis": "y", "origin": [0, 0, -9.75]},
			"faces": {
				"north": {"uv": [0, 0, 1, 6.25], "texture": "#28"},
				"east": {"uv": [0, 5.024, 16, 7.786], "texture": "#28"},
				"south": {"uv": [0, 0, 1, 6.25], "texture": "#28"},
				"west": {"uv": [0, 0, 16, 16], "texture": "#10"},
				"up": {"uv": [0, 0, 1, 16], "texture": "#28"},
				"down": {"uv": [0, 0, 1, 16], "texture": "#28"}
			}
		},
		{
			"from": [15.01, 7, -16],
			"to": [16.01, 9.5, -14.75],
			"rotation": {"angle": 0, "axis": "y", "origin": [0, 0, -9.75]},
			"faces": {
				"north": {"uv": [0, 0, 1, 6.25], "texture": "#28"},
				"east": {"uv": [0, 0, 8, 16], "texture": "#9"},
				"south": {"uv": [0, 0, 1, 6.25], "texture": "#28"},
				"west": {"uv": [8, 0, 16, 16], "texture": "#28"},
				"up": {"uv": [0, 0, 1, 16], "texture": "#28"},
				"down": {"uv": [0, 0, 1, 16], "texture": "#28"}
			}
		},
		{
			"from": [15.01, 12, 9],
			"to": [16.01, 14.75, 11.75],
			"rotation": {"angle": 0, "axis": "y", "origin": [0, 0, -9.75]},
			"faces": {
				"north": {"uv": [0, 0, 1, 6.25], "texture": "#28"},
				"east": {"uv": [0, 0, 16, 16], "texture": "#8"},
				"south": {"uv": [0, 0, 1, 6.25], "texture": "#28"},
				"west": {"uv": [0, 0, 16, 16], "texture": "#28"},
				"up": {"uv": [0, 0, 1, 16], "texture": "#28"},
				"down": {"uv": [0, 0, 1, 16], "texture": "#28"}
			}
		},
		{
			"from": [15.01, 17.8, 3.5],
			"to": [16.51, 19.45, 13.5],
			"faces": {
				"north": {"uv": [0, 0, 1, 0.75], "texture": "#28"},
				"east": {"uv": [0, 0, 16, 16], "texture": "#7"},
				"south": {"uv": [0, 0, 1, 0.75], "texture": "#28"},
				"west": {"uv": [0, 0, 10.25, 0.75], "texture": "#28"},
				"up": {"uv": [0, 0, 1, 10.25], "texture": "#28"},
				"down": {"uv": [0, 0, 1, 10.25], "texture": "#28"}
			}
		},
		{
			"from": [-0.51, 17.8, 3.5],
			"to": [0.99, 19.45, 13.5],
			"faces": {
				"north": {"uv": [0, 0, 1, 0.75], "texture": "#28"},
				"east": {"uv": [0, 0, 10.25, 0.75], "texture": "#28"},
				"south": {"uv": [0, 0, 1, 0.75], "texture": "#28"},
				"west": {"uv": [0, 0, 16, 16], "texture": "#4"},
				"up": {"uv": [0, 0, 1, 10.25], "texture": "#28"},
				"down": {"uv": [0, 0, 1, 10.25], "texture": "#28"}
			}
		},
		{
			"from": [4.26, 18.65, -16],
			"to": [11.76, 20.05, -7.25],
			"faces": {
				"north": {"uv": [0, 0, 1, 0.75], "texture": "#20"},
				"east": {"uv": [0, 0, 5.33333, 5.33333], "texture": "#20"},
				"south": {"uv": [0, 0, 1, 0.75], "texture": "#20"},
				"west": {"uv": [0, 0, 10.25, 0.75], "texture": "#20"},
				"up": {"uv": [1.696, 0, 11.904, 12.928], "texture": "#32"},
				"down": {"uv": [0, 0, 1, 10.25], "texture": "#20"}
			}
		},
		{
			"from": [5.25, 17.5, -16],
			"to": [5.75, 18, 14],
			"rotation": {"angle": 0, "axis": "y", "origin": [0, 1.5, 0]},
			"faces": {
				"north": {"uv": [0, 0, 16, 4.25], "texture": "#5"},
				"east": {"uv": [0, 0, 1.5, 4.25], "texture": "#5"},
				"south": {"uv": [3.392, 10.632, 12.672, 13.594], "texture": "#5"},
				"west": {"uv": [0, 0, 1.5, 4.25], "texture": "#5"},
				"up": {"uv": [0, 0, 16, 1.5], "texture": "#5"},
				"down": {"uv": [0, 0, 16, 1.5], "texture": "#5"}
			}
		},
		{
			"from": [10.25, 17.5, -16],
			"to": [10.75, 18, 14],
			"rotation": {"angle": 0, "axis": "y", "origin": [0, 1.5, 0]},
			"faces": {
				"north": {"uv": [0, 0, 16, 4.25], "texture": "#5"},
				"east": {"uv": [0, 0, 1.5, 4.25], "texture": "#5"},
				"south": {"uv": [3.392, 10.632, 12.672, 13.594], "texture": "#5"},
				"west": {"uv": [0, 0, 1.5, 4.25], "texture": "#5"},
				"up": {"uv": [0, 0, 16, 1.5], "texture": "#5"},
				"down": {"uv": [0, 0, 16, 1.5], "texture": "#5"}
			}
		},
		{
			"from": [10.25, 18, -6.25],
			"to": [10.75, 19.25, -5.75],
			"rotation": {"angle": 0, "axis": "y", "origin": [0, 1.5, 0]},
			"faces": {
				"north": {"uv": [0, 0, 16, 4.25], "texture": "#5"},
				"east": {"uv": [0, 0, 1.5, 4.25], "texture": "#5"},
				"south": {"uv": [3.392, 10.632, 12.672, 13.594], "texture": "#5"},
				"west": {"uv": [0, 0, 1.5, 4.25], "texture": "#5"},
				"up": {"uv": [0, 0, 16, 1.5], "texture": "#5"},
				"down": {"uv": [0, 0, 16, 1.5], "texture": "#5"}
			}
		},
		{
			"from": [5.25, 18, -6.25],
			"to": [5.75, 19.25, -5.75],
			"rotation": {"angle": 0, "axis": "y", "origin": [0, 1.5, 0]},
			"faces": {
				"north": {"uv": [0, 0, 16, 4.25], "texture": "#5"},
				"east": {"uv": [0, 0, 1.5, 4.25], "texture": "#5"},
				"south": {"uv": [3.392, 10.632, 12.672, 13.594], "texture": "#5"},
				"west": {"uv": [0, 0, 1.5, 4.25], "texture": "#5"},
				"up": {"uv": [0, 0, 16, 1.5], "texture": "#5"},
				"down": {"uv": [0, 0, 16, 1.5], "texture": "#5"}
			}
		},
		{
			"from": [5.75, 18.75, 6],
			"to": [10.25, 19.25, 6.5],
			"rotation": {"angle": 0, "axis": "y", "origin": [0, 1.5, -2]},
			"color": 3,
			"faces": {
				"north": {"uv": [0, 0, 16, 4.25], "texture": "#missing"},
				"east": {"uv": [0, 0, 1.5, 4.25], "texture": "#missing"},
				"south": {"uv": [3.392, 10.632, 12.672, 13.594], "texture": "#missing"},
				"west": {"uv": [0, 0, 1.5, 4.25], "texture": "#missing"},
				"up": {"uv": [0, 0, 16, 1.5], "texture": "#missing"},
				"down": {"uv": [0, 0, 16, 1.5], "texture": "#missing"}
			}
		},
		{
			"from": [7.75, 4.8, -0.15],
			"to": [8.25, 19.25, 0.1],
			"rotation": {"angle": 0, "axis": "y", "origin": [0, 0, -2]},
			"faces": {
				"north": {"uv": [0, 0, 16, 4.25], "texture": "#5"},
				"east": {"uv": [0, 0, 1.5, 4.25], "texture": "#5"},
				"south": {"uv": [3.392, 10.632, 12.672, 13.594], "texture": "#5"},
				"west": {"uv": [0, 0, 1.5, 4.25], "texture": "#5"},
				"up": {"uv": [0, 0, 16, 1.5], "texture": "#5"},
				"down": {"uv": [0, 0, 16, 1.5], "texture": "#5"}
			}
		},
		{
			"from": [15.1, 11.05, -16],
			"to": [15.9, 16.3, -10.4],
			"rotation": {"angle": 0, "axis": "y", "origin": [14.75, 4.7, -16.1]},
			"faces": {
				"north": {"uv": [1, 0, 0, 6.25], "texture": "#29"},
				"east": {"uv": [16, 6.112, 0, 9.834], "texture": "#29"},
				"south": {"uv": [1, 0, 0, 6.25], "texture": "#29"},
				"west": {"uv": [16, 5.024, 0, 7.786], "texture": "#29"},
				"up": {"uv": [1, 0, 0, 16], "texture": "#29"},
				"down": {"uv": [1, 0, 0, 16], "texture": "#29"}
			}
		},
		{
			"from": [0.1, 11.05, -16],
			"to": [0.9, 16.3, -10.4],
			"rotation": {"angle": 0, "axis": "y", "origin": [14.75, 4.7, -16.1]},
			"faces": {
				"north": {"uv": [1, 0, 0, 6.25], "texture": "#29"},
				"east": {"uv": [16, 6.112, 0, 9.834], "texture": "#29"},
				"south": {"uv": [1, 0, 0, 6.25], "texture": "#29"},
				"west": {"uv": [16, 5.024, 0, 7.786], "texture": "#29"},
				"up": {"uv": [1, 0, 0, 16], "texture": "#29"},
				"down": {"uv": [1, 0, 0, 16], "texture": "#29"}
			}
		},
		{
			"from": [0.1, 11.05, 8.1],
			"to": [0.9, 16.3, 12.85],
			"rotation": {"angle": 0, "axis": "y", "origin": [14.75, 4.7, -16.1]},
			"faces": {
				"north": {"uv": [1, 0, 0, 6.25], "texture": "#29"},
				"east": {"uv": [16, 6.112, 0, 9.834], "texture": "#29"},
				"south": {"uv": [1, 0, 0, 6.25], "texture": "#29"},
				"west": {"uv": [16, 5.024, 0, 7.786], "texture": "#29"},
				"up": {"uv": [1, 0, 0, 16], "texture": "#29"},
				"down": {"uv": [1, 0, 0, 16], "texture": "#29"}
			}
		},
		{
			"from": [10.25, 18, 5.75],
			"to": [10.75, 19.25, 6.25],
			"rotation": {"angle": 0, "axis": "y", "origin": [0, 1.5, 0]},
			"faces": {
				"north": {"uv": [0, 0, 16, 4.25], "texture": "#5"},
				"east": {"uv": [0, 0, 1.5, 4.25], "texture": "#5"},
				"south": {"uv": [3.392, 10.632, 12.672, 13.594], "texture": "#5"},
				"west": {"uv": [0, 0, 1.5, 4.25], "texture": "#5"},
				"up": {"uv": [0, 0, 16, 1.5], "texture": "#5"},
				"down": {"uv": [0, 0, 16, 1.5], "texture": "#5"}
			}
		},
		{
			"from": [5.25, 18, 5.75],
			"to": [5.75, 19.25, 6.25],
			"rotation": {"angle": 0, "axis": "y", "origin": [0, 1.5, 0]},
			"faces": {
				"north": {"uv": [0, 0, 16, 4.25], "texture": "#5"},
				"east": {"uv": [0, 0, 1.5, 4.25], "texture": "#5"},
				"south": {"uv": [3.392, 10.632, 12.672, 13.594], "texture": "#5"},
				"west": {"uv": [0, 0, 1.5, 4.25], "texture": "#5"},
				"up": {"uv": [0, 0, 16, 1.5], "texture": "#5"},
				"down": {"uv": [0, 0, 16, 1.5], "texture": "#5"}
			}
		},
		{
			"from": [7.71106, 23.01716, -7],
			"to": [9.71106, 23.51716, -6.5],
			"rotation": {"angle": -45, "axis": "z", "origin": [-6.78894, 8.11716, 2]},
			"faces": {
				"north": {"uv": [0, 0, 16, 4.25], "texture": "#5"},
				"east": {"uv": [0, 0, 1.5, 4.25], "texture": "#5"},
				"south": {"uv": [3.392, 10.632, 12.672, 13.594], "texture": "#5"},
				"west": {"uv": [0, 0, 1.5, 4.25], "texture": "#5"},
				"up": {"uv": [0, 0, 16, 1.5], "texture": "#5"},
				"down": {"uv": [0, 0, 16, 1.5], "texture": "#5"}
			}
		},
		{
			"from": [14, 8.4, -7],
			"to": [14.5, 15.4, -6.5],
			"rotation": {"angle": 0, "axis": "y", "origin": [0, 0, 2]},
			"faces": {
				"north": {"uv": [0, 0, 16, 4.25], "texture": "#5"},
				"east": {"uv": [0, 0, 1.5, 4.25], "texture": "#5"},
				"south": {"uv": [3.392, 10.632, 12.672, 13.594], "texture": "#5"},
				"west": {"uv": [0, 0, 1.5, 4.25], "texture": "#5"},
				"up": {"uv": [0, 0, 16, 1.5], "texture": "#5"},
				"down": {"uv": [0, 0, 16, 1.5], "texture": "#5"}
			}
		},
		{
			"from": [29.1364, 9.15751, -7],
			"to": [31.1364, 9.65751, -6.5],
			"rotation": {"angle": 45, "axis": "z", "origin": [14.6364, -5.74249, 2]},
			"faces": {
				"north": {"uv": [0, 0, 16, 4.25], "texture": "#5"},
				"east": {"uv": [0, 0, 1.5, 4.25], "texture": "#5"},
				"south": {"uv": [3.392, 10.632, 12.672, 13.594], "texture": "#5"},
				"west": {"uv": [0, 0, 1.5, 4.25], "texture": "#5"},
				"up": {"uv": [0, 0, 16, 1.5], "texture": "#5"},
				"down": {"uv": [0, 0, 16, 1.5], "texture": "#5"}
			}
		},
		{
			"from": [-8.83919, 24.3603, 6.5],
			"to": [-6.83919, 24.8603, 7],
			"rotation": {"angle": -45, "axis": "z", "origin": [-13.83919, 9.4603, 15.5]},
			"faces": {
				"north": {"uv": [0, 0, 16, 4.25], "texture": "#5"},
				"east": {"uv": [0, 0, 1.5, 4.25], "texture": "#5"},
				"south": {"uv": [3.392, 10.632, 12.672, 13.594], "texture": "#5"},
				"west": {"uv": [0, 0, 1.5, 4.25], "texture": "#5"},
				"up": {"uv": [0, 0, 16, 1.5], "texture": "#5"},
				"down": {"uv": [0, 0, 16, 1.5], "texture": "#5"}
			}
		},
		{
			"from": [1.5, 8.4, 6.5],
			"to": [2, 15.4, 7],
			"rotation": {"angle": 0, "axis": "y", "origin": [0, 0, 15.5]},
			"faces": {
				"north": {"uv": [0, 0, 16, 4.25], "texture": "#5"},
				"east": {"uv": [0, 0, 1.5, 4.25], "texture": "#5"},
				"south": {"uv": [3.392, 10.632, 12.672, 13.594], "texture": "#5"},
				"west": {"uv": [0, 0, 1.5, 4.25], "texture": "#5"},
				"up": {"uv": [0, 0, 16, 1.5], "texture": "#5"},
				"down": {"uv": [0, 0, 16, 1.5], "texture": "#5"}
			}
		},
		{
			"from": [12.73259, 7.46081, 6.5],
			"to": [14.73259, 7.96081, 7],
			"rotation": {"angle": 45, "axis": "z", "origin": [7.23259, -7.43919, 15.5]},
			"faces": {
				"north": {"uv": [0, 0, 16, 4.25], "texture": "#5"},
				"east": {"uv": [0, 0, 1.5, 4.25], "texture": "#5"},
				"south": {"uv": [3.392, 10.632, 12.672, 13.594], "texture": "#5"},
				"west": {"uv": [0, 0, 1.5, 4.25], "texture": "#5"},
				"up": {"uv": [0, 0, 16, 1.5], "texture": "#5"},
				"down": {"uv": [0, 0, 16, 1.5], "texture": "#5"}
			}
		},
		{
			"from": [7.71106, 23.01716, 6.5],
			"to": [9.71106, 23.51716, 7],
			"rotation": {"angle": -45, "axis": "z", "origin": [-6.78894, 8.11716, 15.5]},
			"faces": {
				"north": {"uv": [0, 0, 16, 4.25], "texture": "#5"},
				"east": {"uv": [0, 0, 1.5, 4.25], "texture": "#5"},
				"south": {"uv": [3.392, 10.632, 12.672, 13.594], "texture": "#5"},
				"west": {"uv": [0, 0, 1.5, 4.25], "texture": "#5"},
				"up": {"uv": [0, 0, 16, 1.5], "texture": "#5"},
				"down": {"uv": [0, 0, 16, 1.5], "texture": "#5"}
			}
		},
		{
			"from": [14, 8.4, 6.5],
			"to": [14.5, 15.4, 7],
			"rotation": {"angle": 0, "axis": "y", "origin": [0, 0, 15.5]},
			"faces": {
				"north": {"uv": [0, 0, 16, 4.25], "texture": "#5"},
				"east": {"uv": [0, 0, 1.5, 4.25], "texture": "#5"},
				"south": {"uv": [3.392, 10.632, 12.672, 13.594], "texture": "#5"},
				"west": {"uv": [0, 0, 1.5, 4.25], "texture": "#5"},
				"up": {"uv": [0, 0, 16, 1.5], "texture": "#5"},
				"down": {"uv": [0, 0, 16, 1.5], "texture": "#5"}
			}
		},
		{
			"from": [29.1364, 9.15751, 6.5],
			"to": [31.1364, 9.65751, 7],
			"rotation": {"angle": 45, "axis": "z", "origin": [14.6364, -5.74249, 15.5]},
			"faces": {
				"north": {"uv": [0, 0, 16, 4.25], "texture": "#5"},
				"east": {"uv": [0, 0, 1.5, 4.25], "texture": "#5"},
				"south": {"uv": [3.392, 10.632, 12.672, 13.594], "texture": "#5"},
				"west": {"uv": [0, 0, 1.5, 4.25], "texture": "#5"},
				"up": {"uv": [0, 0, 16, 1.5], "texture": "#5"},
				"down": {"uv": [0, 0, 16, 1.5], "texture": "#5"}
			}
		},
		{
			"from": [12.73259, 7.46081, -7],
			"to": [14.73259, 7.96081, -6.5],
			"rotation": {"angle": 45, "axis": "z", "origin": [7.23259, -7.43919, 2]},
			"faces": {
				"north": {"uv": [0, 0, 16, 4.25], "texture": "#5"},
				"east": {"uv": [0, 0, 1.5, 4.25], "texture": "#5"},
				"south": {"uv": [3.392, 10.632, 12.672, 13.594], "texture": "#5"},
				"west": {"uv": [0, 0, 1.5, 4.25], "texture": "#5"},
				"up": {"uv": [0, 0, 16, 1.5], "texture": "#5"},
				"down": {"uv": [0, 0, 16, 1.5], "texture": "#5"}
			}
		},
		{
			"from": [1.5, 8.4, -7],
			"to": [2, 15.4, -6.5],
			"rotation": {"angle": 0, "axis": "y", "origin": [0, 0, 2]},
			"faces": {
				"north": {"uv": [0, 0, 16, 4.25], "texture": "#5"},
				"east": {"uv": [0, 0, 1.5, 4.25], "texture": "#5"},
				"south": {"uv": [3.392, 10.632, 12.672, 13.594], "texture": "#5"},
				"west": {"uv": [0, 0, 1.5, 4.25], "texture": "#5"},
				"up": {"uv": [0, 0, 16, 1.5], "texture": "#5"},
				"down": {"uv": [0, 0, 16, 1.5], "texture": "#5"}
			}
		},
		{
			"from": [-8.83919, 24.3603, -7],
			"to": [-6.83919, 24.8603, -6.5],
			"rotation": {"angle": -45, "axis": "z", "origin": [-13.83919, 9.4603, 2]},
			"faces": {
				"north": {"uv": [0, 0, 16, 4.25], "texture": "#5"},
				"east": {"uv": [0, 0, 1.5, 4.25], "texture": "#5"},
				"south": {"uv": [3.392, 10.632, 12.672, 13.594], "texture": "#5"},
				"west": {"uv": [0, 0, 1.5, 4.25], "texture": "#5"},
				"up": {"uv": [0, 0, 16, 1.5], "texture": "#5"},
				"down": {"uv": [0, 0, 16, 1.5], "texture": "#5"}
			}
		}
	],
	"display": {
		"thirdperson_righthand": {
			"scale": [4, 4, 4]
		},
		"head": {
			"scale": [4, 4, 4]
		}
	}
}