{
	"credit": "Made with Blockbench",
	"textures": {
		"detail": "rails/activator_rail_on"
	},
	"elements": [
		{
			"name": "First tie left activator",
			"from": [4, 9, -1.49],
			"to": [6, 10, 0.51],
			"rotation": {"angle": 45, "axis": "x", "origin": [8, 9.65, 8]},
			"faces": {
				"north": {"uv": [4, 1, 6, 2], "rotation": 180, "texture": "#detail", "cullface": "Know2Good"},
				"east": {"uv": [5, 1, 6, 3], "rotation": 90, "texture": "#detail", "cullface": "Know2Good"},
				"south": {"uv": [4, 2, 6, 3], "texture": "#detail", "cullface": "Know2Good"},
				"up": {"uv": [4, 1, 6, 3], "texture": "#detail", "cullface": "Know2Good"}
			}
		},
		{
			"name": "First tie left activator",
			"from": [7, 9, 0.51],
			"to": [9, 10, 4.17],
			"rotation": {"angle": 45, "axis": "x", "origin": [8, 9.65, 8]},
			"faces": {
				"north": {"uv": [7, 3, 9, 4], "rotation": 180, "texture": "#detail", "cullface": "Know2Good"},
				"east": {"uv": [8, 3, 9, 5], "rotation": 90, "texture": "#detail", "cullface": "Know2Good"},
				"south": {"uv": [7, 4, 9, 5], "texture": "#detail", "cullface": "Know2Good"},
				"west": {"uv": [7, 3, 8, 5], "rotation": 270, "texture": "#detail"},
				"up": {"uv": [7, 3, 9, 5], "texture": "#detail", "cullface": "Know2Good"},
				"down": {"uv": [7, 3, 9, 5], "rotation": 270, "texture": "#detail"}
			}
		},
		{
			"name": "HQ",
			"from": [7, 9, 0],
			"to": [9, 9.5, 1],
			"rotation": {"angle": 45, "axis": "x", "origin": [8, 9.65, 8]},
			"faces": {
				"north": {"uv": [7, 3, 9, 4], "rotation": 180, "texture": "#detail", "cullface": "west"},
				"east": {"uv": [8, 3, 9, 4], "texture": "#detail", "cullface": "west"},
				"south": {"uv": [7, 3, 8, 4], "rotation": 270, "texture": "#detail", "cullface": "west"},
				"west": {"uv": [7, 3, 8, 4], "rotation": 270, "texture": "#detail", "cullface": "west"},
				"up": {"uv": [7, 3, 9, 4], "texture": "#detail", "cullface": "west"}
			}
		},
		{
			"name": "First tie left activator",
			"from": [7, 9, 6.17],
			"to": [9, 10, 9.83],
			"rotation": {"angle": 45, "axis": "x", "origin": [8, 9.65, 8]},
			"faces": {
				"north": {"uv": [7, 7, 9, 8], "rotation": 180, "texture": "#detail", "cullface": "Know2Good"},
				"east": {"uv": [8, 7, 9, 9], "rotation": 90, "texture": "#detail", "cullface": "Know2Good"},
				"south": {"uv": [7, 8, 9, 9], "texture": "#detail", "cullface": "Know2Good"},
				"west": {"uv": [7, 7, 8, 9], "rotation": 270, "texture": "#detail"},
				"up": {"uv": [7, 7, 9, 9], "texture": "#detail", "cullface": "Know2Good"},
				"down": {"uv": [7, 7, 9, 9], "rotation": 270, "texture": "#detail"}
			}
		},
		{
			"name": "First tie left activator",
			"from": [7, 9, 11.83],
			"to": [9, 10, 15.49],
			"rotation": {"angle": 45, "axis": "x", "origin": [8, 9.65, 8]},
			"faces": {
				"north": {"uv": [7, 11, 9, 12], "rotation": 180, "texture": "#detail", "cullface": "Know2Good"},
				"east": {"uv": [8, 11, 9, 13], "rotation": 90, "texture": "#detail", "cullface": "Know2Good"},
				"south": {"uv": [7, 12, 9, 13], "texture": "#detail", "cullface": "Know2Good"},
				"west": {"uv": [7, 11, 8, 13], "rotation": 270, "texture": "#detail"},
				"up": {"uv": [7, 11, 9, 13], "texture": "#detail", "cullface": "Know2Good"},
				"down": {"uv": [7, 11, 9, 13], "rotation": 270, "texture": "#detail"}
			}
		},
		{
			"name": "First tie right activator",
			"from": [10, 9, -1.49],
			"to": [12, 10, 0.51],
			"rotation": {"angle": 45, "axis": "x", "origin": [8, 9.65, 8]},
			"faces": {
				"north": {"uv": [10, 1, 12, 2], "rotation": 180, "texture": "#detail", "cullface": "Know2Good"},
				"south": {"uv": [10, 2, 12, 3], "texture": "#detail", "cullface": "Know2Good"},
				"west": {"uv": [10, 1, 11, 3], "rotation": 270, "texture": "#detail", "cullface": "Know2Good"},
				"up": {"uv": [10, 1, 12, 3], "texture": "#detail", "cullface": "Know2Good"}
			}
		},
		{
			"name": "Second tie left activator",
			"from": [4, 9, 4.17],
			"to": [6, 10, 6.17],
			"rotation": {"angle": 45, "axis": "x", "origin": [8, 9.65, 8]},
			"faces": {
				"north": {"uv": [4, 5, 6, 6], "rotation": 180, "texture": "#detail", "cullface": "Know2Good"},
				"east": {"uv": [5, 5, 6, 7], "rotation": 90, "texture": "#detail", "cullface": "Know2Good"},
				"south": {"uv": [4, 6, 6, 7], "texture": "#detail", "cullface": "Know2Good"},
				"up": {"uv": [4, 5, 6, 7], "texture": "#detail", "cullface": "Know2Good"}
			}
		},
		{
			"name": "Second tie right activator",
			"from": [10, 9, 4.17],
			"to": [12, 10, 6.17],
			"rotation": {"angle": 45, "axis": "x", "origin": [8, 9.65, 8]},
			"faces": {
				"north": {"uv": [10, 5, 12, 6], "rotation": 180, "texture": "#detail", "cullface": "Know2Good"},
				"south": {"uv": [10, 6, 12, 7], "texture": "#detail", "cullface": "Know2Good"},
				"west": {"uv": [10, 5, 11, 7], "rotation": 270, "texture": "#detail", "cullface": "Know2Good"},
				"up": {"uv": [10, 5, 12, 7], "texture": "#detail", "cullface": "Know2Good"}
			}
		},
		{
			"name": "Third tie left activator",
			"from": [4, 9, 9.83],
			"to": [6, 10, 11.83],
			"rotation": {"angle": 45, "axis": "x", "origin": [8, 9.65, 8]},
			"faces": {
				"north": {"uv": [4, 9, 6, 10], "rotation": 180, "texture": "#detail", "cullface": "Know2Good"},
				"east": {"uv": [5, 9, 6, 11], "rotation": 90, "texture": "#detail", "cullface": "Know2Good"},
				"south": {"uv": [4, 10, 6, 11], "texture": "#detail", "cullface": "Know2Good"},
				"up": {"uv": [4, 9, 6, 11], "texture": "#detail", "cullface": "Know2Good"}
			}
		},
		{
			"name": "Third tie right activator",
			"from": [10, 9, 9.83],
			"to": [12, 10, 11.83],
			"rotation": {"angle": 45, "axis": "x", "origin": [8, 9.65, 8]},
			"faces": {
				"north": {"uv": [10, 9, 12, 10], "rotation": 180, "texture": "#detail", "cullface": "Know2Good"},
				"south": {"uv": [10, 10, 12, 11], "texture": "#detail", "cullface": "Know2Good"},
				"west": {"uv": [10, 9, 11, 11], "rotation": 270, "texture": "#detail", "cullface": "Know2Good"},
				"up": {"uv": [10, 9, 12, 11], "texture": "#detail", "cullface": "Know2Good"}
			}
		},
		{
			"name": "Fourth tie left activator",
			"from": [4, 9, 15.49],
			"to": [6, 10, 17.49],
			"rotation": {"angle": 45, "axis": "x", "origin": [8, 9.65, 8]},
			"faces": {
				"north": {"uv": [4, 13, 6, 14], "rotation": 180, "texture": "#detail", "cullface": "Know2Good"},
				"east": {"uv": [5, 13, 6, 15], "rotation": 90, "texture": "#detail", "cullface": "Know2Good"},
				"south": {"uv": [4, 14, 6, 15], "texture": "#detail", "cullface": "Know2Good"},
				"up": {"uv": [4, 13, 6, 15], "texture": "#detail", "cullface": "Know2Good"}
			}
		},
		{
			"name": "Fourth tie right activator",
			"from": [10, 9, 15.49],
			"to": [12, 10, 17.49],
			"rotation": {"angle": 45, "axis": "x", "origin": [8, 9.65, 8]},
			"faces": {
				"north": {"uv": [10, 13, 12, 14], "rotation": 180, "texture": "#detail", "cullface": "Know2Good"},
				"south": {"uv": [10, 14, 12, 15], "texture": "#detail", "cullface": "Know2Good"},
				"west": {"uv": [10, 13, 11, 15], "rotation": 270, "texture": "#detail", "cullface": "Know2Good"},
				"up": {"uv": [10, 13, 12, 15], "texture": "#detail", "cullface": "Know2Good"}
			}
		}
	]
}
