{
	"credit": "Made with Blockbench",
	"textures": {
		"0": "block/black_concrete_powder",
		"1": "block/gray_concrete",
		"2": "block/yellow_concrete",
		"particle": "block/black_concrete_powder"
	},
	"elements": [
		{
			"from": [7, 5, 0],
			"to": [7.75, 7, 16],
			"rotation": {"angle": 22.5, "axis": "x", "origin": [8, 6, 0]},
			"faces": {
				"north": {"uv": [0, 0, 0.75, 2], "texture": "#1"},
				"east": {"uv": [0, 0, 16, 2], "texture": "#1"},
				"south": {"uv": [0, 0, 0.75, 2], "texture": "#1"},
				"west": {"uv": [0, 0, 16, 2], "texture": "#1"},
				"up": {"uv": [0, 0, 0.75, 16], "texture": "#1"},
				"down": {"uv": [0, 0, 0.75, 16], "texture": "#1"}
			}
		},
		{
			"from": [8.25, 5, 0],
			"to": [9, 7, 16],
			"rotation": {"angle": 22.5, "axis": "x", "origin": [8, 6, 0]},
			"faces": {
				"north": {"uv": [0, 0, 0.75, 2], "texture": "#1"},
				"east": {"uv": [0, 0, 16, 2], "texture": "#1"},
				"south": {"uv": [0, 0, 0.75, 2], "texture": "#1"},
				"west": {"uv": [0, 0, 16, 2], "texture": "#1"},
				"up": {"uv": [0, 0, 0.75, 16], "texture": "#1"},
				"down": {"uv": [0, 0, 0.75, 16], "texture": "#1"}
			}
		},
		{
			"from": [7.75, 5, 0],
			"to": [8.25, 7, 16],
			"rotation": {"angle": 22.5, "axis": "x", "origin": [8, 6, 0]},
			"faces": {
				"north": {"uv": [0, 0, 0.5, 2], "texture": "#2"},
				"east": {"uv": [0, 0, 16, 2], "texture": "#1"},
				"south": {"uv": [0, 0, 0.5, 2], "texture": "#2"},
				"west": {"uv": [0, 0, 16, 2], "texture": "#1"},
				"up": {"uv": [0, 0, 0.5, 16], "texture": "#2"},
				"down": {"uv": [0, 0, 0.5, 16], "texture": "#2"}
			}
		},
		{
			"from": [7.75, 5, 0],
			"to": [8.25, 7, 16],
			"rotation": {"angle": -22.5, "axis": "x", "origin": [8, 6, 0]},
			"faces": {
				"north": {"uv": [0, 0, 0.5, 2], "texture": "#2"},
				"east": {"uv": [0, 0, 16, 2], "texture": "#1"},
				"south": {"uv": [0, 0, 0.5, 2], "texture": "#2"},
				"west": {"uv": [0, 0, 16, 2], "texture": "#1"},
				"up": {"uv": [0, 0, 0.5, 16], "texture": "#2"},
				"down": {"uv": [0, 0, 0.5, 16], "texture": "#2"}
			}
		},
		{
			"from": [7, 5, 0],
			"to": [7.75, 7, 16],
			"rotation": {"angle": -22.5, "axis": "x", "origin": [8, 6, 0]},
			"faces": {
				"north": {"uv": [0, 0, 0.75, 2], "texture": "#1"},
				"east": {"uv": [0, 0, 16, 2], "texture": "#1"},
				"south": {"uv": [0, 0, 0.75, 2], "texture": "#1"},
				"west": {"uv": [0, 0, 16, 2], "texture": "#1"},
				"up": {"uv": [0, 0, 0.75, 16], "texture": "#1"},
				"down": {"uv": [0, 0, 0.75, 16], "texture": "#1"}
			}
		},
		{
			"from": [8.25, 5, 0],
			"to": [9, 7, 16],
			"rotation": {"angle": -22.5, "axis": "x", "origin": [8, 6, 0]},
			"faces": {
				"north": {"uv": [0, 0, 0.75, 2], "texture": "#1"},
				"east": {"uv": [0, 0, 16, 2], "texture": "#1"},
				"south": {"uv": [0, 0, 0.75, 2], "texture": "#1"},
				"west": {"uv": [0, 0, 16, 2], "texture": "#1"},
				"up": {"uv": [0, 0, 0.75, 16], "texture": "#1"},
				"down": {"uv": [0, 0, 0.75, 16], "texture": "#1"}
			}
		},
		{
			"from": [0, 14, 13],
			"to": [16, 15, 14],
			"faces": {
				"north": {"uv": [0, 0, 16, 1], "texture": "#0"},
				"east": {"uv": [0, 0, 1, 1], "texture": "#1"},
				"south": {"uv": [0, 0, 16, 1], "texture": "#0"},
				"west": {"uv": [0, 0, 1, 1], "texture": "#1"},
				"up": {"uv": [0, 0, 16, 1], "texture": "#0"},
				"down": {"uv": [0, 0, 16, 1], "texture": "#1"}
			}
		},
		{
			"from": [0, 14, 15],
			"to": [16, 15, 16],
			"faces": {
				"north": {"uv": [0, 0, 16, 1], "texture": "#0"},
				"east": {"uv": [0, 0, 1, 1], "texture": "#1"},
				"south": {"uv": [0, 0, 16, 1], "texture": "#0"},
				"west": {"uv": [0, 0, 1, 1], "texture": "#1"},
				"up": {"uv": [0, 0, 16, 1], "texture": "#0"},
				"down": {"uv": [0, 0, 16, 1], "texture": "#1"}
			}
		},
		{
			"from": [5, 12, 12],
			"to": [11, 14, 17],
			"faces": {
				"north": {"uv": [0, 0, 6, 2], "texture": "#2"},
				"east": {"uv": [0, 0, 5, 2], "texture": "#1"},
				"south": {"uv": [0, 0, 6, 2], "texture": "#2"},
				"west": {"uv": [0, 0, 5, 2], "texture": "#1"},
				"up": {"uv": [0, 0, 6, 5], "texture": "#2"},
				"down": {"uv": [0, 0, 6, 5], "texture": "#2"}
			}
		},
		{
			"from": [16, 14, 15],
			"to": [20, 15, 16],
			"rotation": {"angle": -45, "axis": "z", "origin": [16, 15, 14.5]},
			"faces": {
				"north": {"uv": [0, 0, 4, 1], "texture": "#1"},
				"east": {"uv": [0, 0, 1, 1], "texture": "#1"},
				"south": {"uv": [0, 0, 4, 1], "texture": "#1"},
				"west": {"uv": [0, 0, 1, 1], "texture": "#1"},
				"up": {"uv": [0, 0, 4, 1], "texture": "#1"},
				"down": {"uv": [0, 0, 4, 1], "texture": "#1"}
			}
		},
		{
			"from": [16, 14, 13],
			"to": [20, 15, 14],
			"rotation": {"angle": -45, "axis": "z", "origin": [16, 14.5, 14.5]},
			"faces": {
				"north": {"uv": [0, 0, 4, 1], "texture": "#1"},
				"east": {"uv": [0, 0, 1, 1], "texture": "#1"},
				"south": {"uv": [0, 0, 4, 1], "texture": "#1"},
				"west": {"uv": [0, 0, 1, 1], "texture": "#1"},
				"up": {"uv": [0, 0, 4, 1], "texture": "#1"},
				"down": {"uv": [0, 0, 4, 1], "texture": "#1"}
			}
		},
		{
			"from": [-4, 14, 15],
			"to": [0, 15, 16],
			"rotation": {"angle": 45, "axis": "z", "origin": [0, 15, 14.5]},
			"faces": {
				"north": {"uv": [0, 0, 4, 1], "texture": "#1"},
				"east": {"uv": [0, 0, 1, 1], "texture": "#1"},
				"south": {"uv": [0, 0, 4, 1], "texture": "#1"},
				"west": {"uv": [0, 0, 1, 1], "texture": "#1"},
				"up": {"uv": [0, 0, 4, 1], "texture": "#1"},
				"down": {"uv": [0, 0, 4, 1], "texture": "#1"}
			}
		},
		{
			"from": [-4, 14, 13],
			"to": [0, 15, 14],
			"rotation": {"angle": 45, "axis": "z", "origin": [0, 15, 14.5]},
			"faces": {
				"north": {"uv": [0, 0, 4, 1], "texture": "#1"},
				"east": {"uv": [0, 0, 1, 1], "texture": "#1"},
				"south": {"uv": [0, 0, 4, 1], "texture": "#1"},
				"west": {"uv": [0, 0, 1, 1], "texture": "#1"},
				"up": {"uv": [0, 0, 4, 1], "texture": "#1"},
				"down": {"uv": [0, 0, 4, 1], "texture": "#1"}
			}
		}
	],
	"display": {
		"head": {
			"scale": [1.7, 1.5, 2]
		}
	}
}