{
	"credit": "Made with Blockbench",
	"textures": {
		"0": "block/gray_concrete",
		"particle": "block/gray_concrete"
	},
	"elements": [
		{
			"from": [5.5, 3.25, 2.25],
			"to": [10.5, 4.5, 13.75],
			"rotation": {"angle": 0, "axis": "y", "origin": [0, 0, -20.5]},
			"faces": {
				"north": {"uv": [0, 0, 12.5, 0.75], "texture": "#0"},
				"east": {"uv": [0, 0, 4, 0.75], "texture": "#0"},
				"south": {"uv": [0, 0, 12.5, 0.75], "texture": "#0"},
				"west": {"uv": [0, 0, 4, 0.75], "texture": "#0"},
				"up": {"uv": [0, 0, 12.5, 4], "texture": "#0"},
				"down": {"uv": [0, 0, 12.5, 4], "texture": "#0"}
			}
		}
	],
	"display": {
		"firstperson_lefthand": {
			"scale": [4, 4, 4]
		},
		"head": {
			"scale": [4, 4, 4]
		}
	}
}