{
	"credit": "Made with Blockbench",
	"textures": {
		"0": "block/light_gray_concrete_powder",
		"2": "block/gray_concrete",
		"3": "block/light_gray_concrete",
		"4": "block/white_concrete",
		"6": "block/lime_concrete",
		"7": "block/cyan_concrete",
		"8": "block/black_concrete",
		"9": "block/mrt/danger_black_concrete",
		"10": "block/glass",
		"12": "block/quartz_block_bottom",
		"13": "block/yellow_concrete",
		"14": "block/gray_wool",
		"15": "block/mrt/konno_quartz_block_buttom",
		"16": "block/black_wool",
		"19": "block/pink_concrete",
		"20": "block/purple_concrete",
		"21": "block/sea_lantern",
		"22": "block/redstone_block",
		"23": "block/mrt/ktb_pinky",
		"particle": "block/light_gray_concrete_powder"
	},
	"elements": [
		{
			"from": [0, 3, -16],
			"to": [16, 5, -3],
			"faces": {
				"north": {"uv": [0, 0, 16, 1.5], "texture": "#20"},
				"east": {"uv": [0, 0, 16, 1.5], "texture": "#20"},
				"south": {"uv": [0, 0, 16, 1.5], "texture": "#missing"},
				"west": {"uv": [0, 0, 16, 1.5], "texture": "#20"},
				"up": {"uv": [0, 0, 16, 10], "texture": "#0"},
				"down": {"uv": [0, 0, 16, 16], "texture": "#3"}
			}
		},
		{
			"from": [0, 3, -3],
			"to": [16, 5, 26.25],
			"faces": {
				"north": {"uv": [0, 0, 16, 1.5], "texture": "#missing"},
				"east": {"uv": [0, 0, 16, 1.5], "texture": "#20"},
				"south": {"uv": [0, 0, 16, 1.5], "texture": "#4"},
				"west": {"uv": [0, 0, 16, 1.5], "texture": "#20"},
				"up": {"uv": [0, 0, 6, 16], "texture": "#0"},
				"down": {"uv": [0, 0, 16, 16], "texture": "#3"}
			}
		},
		{
			"from": [2.75, 1, -16],
			"to": [13.25, 3, 3.25],
			"faces": {
				"north": {"uv": [0, 0, 16, 1.5], "texture": "#2"},
				"east": {"uv": [0, 0, 16, 1.5], "texture": "#2"},
				"south": {"uv": [0, 0, 16, 1.5], "texture": "#2"},
				"west": {"uv": [0, 0, 16, 1.5], "texture": "#2"},
				"up": {"uv": [0, 0, 6, 16], "texture": "#missing"},
				"down": {"uv": [0, 0, 16, 16], "texture": "#2"}
			}
		},
		{
			"from": [15, 18.75, -16],
			"to": [16, 19.75, 20],
			"faces": {
				"north": {"uv": [0, 0, 1, 1], "texture": "#20"},
				"east": {"uv": [0, 0, 16, 1], "texture": "#20"},
				"south": {"uv": [0, 0, 1, 1], "texture": "#7"},
				"west": {"uv": [0, 0, 16, 1], "texture": "#12"},
				"up": {"uv": [0, 0, 1, 16], "texture": "#missing"},
				"down": {"uv": [0, 0, 1, 16], "texture": "#missing"}
			}
		},
		{
			"from": [0, 18.75, -16],
			"to": [1, 19.75, 20],
			"faces": {
				"north": {"uv": [0, 0, 1, 1], "texture": "#20"},
				"east": {"uv": [0, 0, 16, 1], "texture": "#12"},
				"south": {"uv": [0, 0, 1, 1], "texture": "#7"},
				"west": {"uv": [0, 0, 16, 1], "texture": "#20"},
				"up": {"uv": [0, 0, 1, 16], "texture": "#missing"},
				"down": {"uv": [0, 0, 1, 16], "texture": "#missing"}
			}
		},
		{
			"from": [13, 19.55, -16],
			"to": [14, 19.75, 20],
			"rotation": {"angle": 0, "axis": "y", "origin": [10.5, 0, 0]},
			"faces": {
				"north": {"uv": [0, 0, 1, 0.2], "texture": "#20"},
				"east": {"uv": [0, 0, 16, 0.2], "texture": "#missing"},
				"south": {"uv": [0, 0, 1, 0.2], "texture": "#7"},
				"west": {"uv": [0, 0, 16, 0.2], "texture": "#3"},
				"up": {"uv": [0, 0, 1, 16], "texture": "#missing"},
				"down": {"uv": [5, 6, 10.75, 11], "texture": "#21"}
			}
		},
		{
			"from": [2, 19.55, -16],
			"to": [3, 19.75, 20],
			"rotation": {"angle": 0, "axis": "y", "origin": [-0.5, 0, 0]},
			"faces": {
				"north": {"uv": [0, 0, 1, 0.2], "texture": "#20"},
				"east": {"uv": [0, 0, 16, 0.2], "texture": "#3"},
				"south": {"uv": [0, 0, 1, 0.2], "texture": "#7"},
				"west": {"uv": [0, 0, 16, 0.2], "texture": "#missing"},
				"up": {"uv": [0, 0, 1, 16], "texture": "#missing"},
				"down": {"uv": [5, 6, 10.75, 11], "texture": "#21"}
			}
		},
		{
			"from": [2, 19.75, -16],
			"to": [14, 20.5, 20],
			"faces": {
				"north": {"uv": [0, 0, 12, 0.75], "texture": "#20"},
				"east": {"uv": [0, 0, 16, 0.75], "texture": "#missing"},
				"south": {"uv": [0, 0, 12, 0.75], "texture": "#7"},
				"west": {"uv": [0, 0, 16, 0.75], "texture": "#missing"},
				"up": {"uv": [0, 0, 12, 16], "texture": "#missing"},
				"down": {"uv": [0, 0, 12, 16], "texture": "#12"}
			}
		},
		{
			"from": [3.65, 20.5, -16],
			"to": [12.35, 20.75, 20],
			"faces": {
				"north": {"uv": [0, 0, 8.7, 0.25], "texture": "#20"},
				"east": {"uv": [0, 0, 16, 0.25], "texture": "#missing"},
				"south": {"uv": [0, 0, 8.7, 0.25], "texture": "#7"},
				"west": {"uv": [0, 0, 16, 0.25], "texture": "#missing"},
				"up": {"uv": [0, 0, 8.7, 16], "texture": "#4"},
				"down": {"uv": [0, 0, 8.7, 16], "texture": "#missing"}
			}
		},
		{
			"from": [3.65, 18.75, 20],
			"to": [12.35, 21.25, 22.5],
			"faces": {
				"north": {"uv": [0, 0, 8.7, 0.25], "texture": "#20"},
				"east": {"uv": [0, 0, 16, 0.25], "texture": "#missing"},
				"south": {"uv": [0, 0, 8.7, 0.25], "texture": "#20"},
				"west": {"uv": [0, 0, 16, 0.25], "texture": "#missing"},
				"up": {"uv": [0, 0, 8.7, 16], "texture": "#20"},
				"down": {"uv": [0, 0, 8.7, 16], "texture": "#7"}
			}
		},
		{
			"from": [5.4, 20.75, -5],
			"to": [10.6, 21.75, 8.25],
			"faces": {
				"north": {"uv": [0, 0, 5.2, 1], "texture": "#3"},
				"east": {"uv": [0, 0, 13.25, 1], "texture": "#3"},
				"south": {"uv": [0, 0, 5.2, 1], "texture": "#3"},
				"west": {"uv": [0, 0, 13.25, 1], "texture": "#3"},
				"up": {"uv": [8.288, 5.792, 11.28, 13.856], "texture": "#9"},
				"down": {"uv": [0, 0, 5.2, 13.25], "texture": "#missing"}
			}
		},
		{
			"from": [7.558, 20.25338, -16],
			"to": [11.558, 21.25338, 20],
			"rotation": {"angle": 22.5, "axis": "z", "origin": [7.558, 1.50338, 0]},
			"faces": {
				"north": {"uv": [0, 0, 4, 1], "texture": "#20"},
				"east": {"uv": [0, 0, 16, 1], "texture": "#20"},
				"south": {"uv": [0, 0, 4, 1], "texture": "#7"},
				"west": {"uv": [0, 0, 16, 1], "texture": "#missing"},
				"up": {"uv": [0, 0, 4, 16], "texture": "#20"},
				"down": {"uv": [0, 0, 4, 16], "texture": "#12"}
			}
		},
		{
			"from": [4.74648, 21.78411, -16],
			"to": [8.74648, 22.78411, 20],
			"rotation": {"angle": -22.5, "axis": "z", "origin": [4.74648, 3.03411, 0]},
			"faces": {
				"north": {"uv": [0, 0, 4, 1], "texture": "#20"},
				"east": {"uv": [0, 0, 16, 1], "texture": "#missing"},
				"south": {"uv": [0, 0, 4, 1], "texture": "#7"},
				"west": {"uv": [0, 0, 16, 1], "texture": "#20"},
				"up": {"uv": [0, 0, 4, 16], "texture": "#20"},
				"down": {"uv": [0, 0, 4, 16], "texture": "#12"}
			}
		},
		{
			"from": [0, 5, -9.25],
			"to": [1, 11.25, 26.25],
			"faces": {
				"north": {"uv": [0, 0, 1, 6.25], "texture": "#12"},
				"east": {"uv": [0, 5.024, 16, 7.786], "texture": "#12"},
				"south": {"uv": [0, 0, 1, 6.25], "texture": "#4"},
				"west": {"uv": [0, 0.864, 16, 3.658], "texture": "#19"},
				"up": {"uv": [0, 0, 1, 16], "texture": "#8"},
				"down": {"uv": [0, 0, 1, 16], "texture": "#missing"}
			}
		},
		{
			"from": [15, 5, -9.25],
			"to": [16, 11.25, 26.25],
			"faces": {
				"north": {"uv": [0, 0, 1, 6.25], "texture": "#12"},
				"east": {"uv": [0, 5.024, 16, 7.786], "texture": "#19"},
				"south": {"uv": [0, 0, 1, 6.25], "texture": "#4"},
				"west": {"uv": [0, 0, 16, 6.25], "texture": "#12"},
				"up": {"uv": [0, 0, 1, 16], "texture": "#8"},
				"down": {"uv": [0, 0, 1, 16], "texture": "#missing"}
			}
		},
		{
			"from": [11.25, 7, -0.5],
			"to": [15, 8.5, 12.75],
			"faces": {
				"north": {"uv": [0, 0, 3.75, 1.5], "texture": "#missing"},
				"east": {"uv": [0, 0, 16, 1.5], "texture": "#missing"},
				"south": {"uv": [0, 0, 3.75, 1.5], "texture": "#missing"},
				"west": {"uv": [0, 0, 16, 1.5], "texture": "#14"},
				"up": {"uv": [0, 0, 3.75, 16], "texture": "#14"},
				"down": {"uv": [0, 0, 3.75, 16], "texture": "#4"}
			}
		},
		{
			"from": [14.5, 8.5, -0.5],
			"to": [15, 11.25, 12.75],
			"faces": {
				"north": {"uv": [0, 0, 0.5, 2.75], "texture": "#14"},
				"east": {"uv": [0, 0, 16, 2.75], "texture": "#missing"},
				"south": {"uv": [0, 0, 0.5, 2.75], "texture": "#14"},
				"west": {"uv": [0, 0, 16, 2.75], "texture": "#14"},
				"up": {"uv": [0, 0, 0.5, 16], "texture": "#14"},
				"down": {"uv": [0, 0, 0.5, 16], "texture": "#missing"}
			}
		},
		{
			"from": [11.25, 7, -1.75],
			"to": [15, 10.5, -0.5],
			"faces": {
				"north": {"uv": [0, 0, 3.75, 3.5], "texture": "#4"},
				"east": {"uv": [0, 0, 1.25, 3.5], "texture": "#missing"},
				"south": {"uv": [0, 0, 3.75, 3.5], "texture": "#4"},
				"west": {"uv": [0, 0, 1.25, 3.5], "texture": "#4"},
				"up": {"uv": [0, 0, 3.75, 1.25], "texture": "#4"},
				"down": {"uv": [0, 0, 3.75, 1.25], "texture": "#4"}
			}
		},
		{
			"from": [19.5, 4.52208, 13],
			"to": [25.25, 5.02208, 13.75],
			"rotation": {"angle": 45, "axis": "z", "origin": [9, -2.22792, 14.5]},
			"faces": {
				"north": {"uv": [0, 0, 5.75, 0.5], "texture": "#13"},
				"east": {"uv": [0, 0, 0.75, 0.5], "texture": "#missing"},
				"south": {"uv": [0, 0, 5.75, 0.5], "texture": "#13"},
				"west": {"uv": [0, 0, 0.75, 0.5], "texture": "#missing"},
				"up": {"uv": [0, 0, 5.75, 0.75], "texture": "#13"},
				"down": {"uv": [0, 0, 5.75, 0.75], "texture": "#13"}
			}
		},
		{
			"from": [11.25, 7, 12.75],
			"to": [15, 10.5, 14],
			"rotation": {"angle": 0, "axis": "y", "origin": [0, 0, 14.5]},
			"faces": {
				"north": {"uv": [0, 0, 3.75, 3.5], "texture": "#4"},
				"east": {"uv": [0, 0, 1.25, 3.5], "texture": "#missing"},
				"south": {"uv": [0, 0, 3.75, 3.5], "texture": "#4"},
				"west": {"uv": [0, 0, 1.25, 3.5], "texture": "#4"},
				"up": {"uv": [0, 0, 3.75, 1.25], "texture": "#4"},
				"down": {"uv": [0, 0, 3.75, 1.25], "texture": "#4"}
			}
		},
		{
			"from": [1, 8.25, -0.75],
			"to": [2, 11.75, -0.5],
			"faces": {
				"north": {"uv": [0, 0, 1, 3.5], "texture": "#4"},
				"east": {"uv": [0, 0, 0.25, 3.5], "texture": "#4"},
				"south": {"uv": [0, 0, 1, 3.5], "texture": "#4"},
				"west": {"uv": [0, 0, 0.25, 3.5], "texture": "#missing"},
				"up": {"uv": [0, 0, 1, 0.25], "texture": "#4"},
				"down": {"uv": [0, 0, 1, 0.25], "texture": "#4"}
			}
		},
		{
			"from": [1, 8.5, -0.5],
			"to": [1.5, 11.25, 12.75],
			"faces": {
				"north": {"uv": [0, 0, 0.5, 2.75], "texture": "#missing"},
				"east": {"uv": [0, 0, 16, 2.75], "texture": "#14"},
				"south": {"uv": [0, 0, 0.5, 2.75], "texture": "#missing"},
				"west": {"uv": [0, 0, 16, 2.75], "texture": "#missing"},
				"up": {"uv": [0, 0, 0.5, 16], "texture": "#14"},
				"down": {"uv": [0, 0, 0.5, 16], "texture": "#14"}
			}
		},
		{
			"from": [1, 8.25, 12.75],
			"to": [2, 11.75, 13],
			"rotation": {"angle": 0, "axis": "y", "origin": [0, 0, 14.5]},
			"faces": {
				"north": {"uv": [0, 0, 1, 3.5], "texture": "#4"},
				"east": {"uv": [0, 0, 0.25, 3.5], "texture": "#4"},
				"south": {"uv": [0, 0, 1, 3.5], "texture": "#4"},
				"west": {"uv": [0, 0, 0.25, 3.5], "texture": "#missing"},
				"up": {"uv": [0, 0, 1, 0.25], "texture": "#4"},
				"down": {"uv": [0, 0, 1, 0.25], "texture": "#4"}
			}
		},
		{
			"from": [19.5, 4.52208, -1.5],
			"to": [25.25, 5.02208, -0.75],
			"rotation": {"angle": 45, "axis": "z", "origin": [9, -2.22792, 0]},
			"faces": {
				"north": {"uv": [0, 0, 5.75, 0.5], "texture": "#13"},
				"east": {"uv": [0, 0, 0.75, 0.5], "texture": "#missing"},
				"south": {"uv": [0, 0, 5.75, 0.5], "texture": "#13"},
				"west": {"uv": [0, 0, 0.75, 0.5], "texture": "#missing"},
				"up": {"uv": [0, 0, 5.75, 0.75], "texture": "#13"},
				"down": {"uv": [0, 0, 5.75, 0.75], "texture": "#13"}
			}
		},
		{
			"from": [1.75, 18.75, 15.25],
			"to": [14.25, 19.75, 20],
			"faces": {
				"north": {"uv": [0, 0, 12.5, 1], "texture": "#12"},
				"east": {"uv": [0, 0, 1, 1], "texture": "#missing"},
				"south": {"uv": [0, 0, 12.5, 1], "texture": "#7"},
				"west": {"uv": [0, 0, 1, 1], "texture": "#missing"},
				"up": {"uv": [0, 0, 12.5, 1], "texture": "#missing"},
				"down": {"uv": [0, 0, 12.5, 1], "texture": "#12"}
			}
		},
		{
			"from": [3.75, 18.25, 20],
			"to": [12.25, 20.25, 21.75],
			"faces": {
				"north": {"uv": [0, 0, 12.5, 1], "texture": "#16"},
				"east": {"uv": [0, 0, 1, 1], "texture": "#16"},
				"south": {"uv": [0, 0, 12.5, 8], "texture": "#8"},
				"west": {"uv": [0, 0, 1, 1], "texture": "#16"},
				"up": {"uv": [0, 0, 12.5, 1], "texture": "#16"},
				"down": {"uv": [0, 0, 12.5, 1], "texture": "#16"}
			}
		},
		{
			"from": [2, 18.75, 20],
			"to": [3.75, 20.25, 22.5],
			"faces": {
				"north": {"uv": [0, 0, 12.5, 1], "texture": "#7"},
				"east": {"uv": [0, 0, 1, 1], "texture": "#7"},
				"south": {"uv": [0, 0, 12.5, 1], "texture": "#20"},
				"west": {"uv": [0, 0, 1, 1], "texture": "#7"},
				"up": {"uv": [0, 0, 12.5, 1], "texture": "#7"},
				"down": {"uv": [0, 0, 12.5, 1], "texture": "#7"}
			}
		},
		{
			"from": [12.25, 18.75, 20],
			"to": [14, 20.25, 22.5],
			"faces": {
				"north": {"uv": [0, 0, 12.5, 1], "texture": "#7"},
				"east": {"uv": [0, 0, 1, 1], "texture": "#7"},
				"south": {"uv": [0, 0, 12.5, 1], "texture": "#20"},
				"west": {"uv": [0, 0, 1, 1], "texture": "#7"},
				"up": {"uv": [0, 0, 12.5, 1], "texture": "#7"},
				"down": {"uv": [0, 0, 12.5, 1], "texture": "#7"}
			}
		},
		{
			"from": [1, 18.75, 20],
			"to": [3.75, 19.5, 22.5],
			"faces": {
				"north": {"uv": [0, 0, 12.5, 1], "texture": "#7"},
				"east": {"uv": [0, 0, 1, 1], "texture": "#7"},
				"south": {"uv": [0, 0, 12.5, 1], "texture": "#20"},
				"west": {"uv": [0, 0, 1, 1], "texture": "#7"},
				"up": {"uv": [0, 0, 12.5, 1], "texture": "#7"},
				"down": {"uv": [0, 0, 12.5, 1], "texture": "#7"}
			}
		},
		{
			"from": [0.25, 17.75, 20.75],
			"to": [15.75, 18.75, 22.5],
			"faces": {
				"north": {"uv": [0, 0, 12.5, 1], "texture": "#7"},
				"east": {"uv": [0, 0, 1, 1], "texture": "#7"},
				"south": {"uv": [0, 0, 12.5, 1], "texture": "#19"},
				"west": {"uv": [0, 0, 1, 1], "texture": "#7"},
				"up": {"uv": [0, 0, 12.5, 1], "texture": "#7"},
				"down": {"uv": [0, 0, 12.5, 1], "texture": "#7"}
			}
		},
		{
			"from": [12.25, 18.75, 20],
			"to": [15, 19.5, 22.5],
			"faces": {
				"north": {"uv": [0, 0, 12.5, 1], "texture": "#7"},
				"east": {"uv": [0, 0, 1, 1], "texture": "#7"},
				"south": {"uv": [0, 0, 12.5, 1], "texture": "#20"},
				"west": {"uv": [0, 0, 1, 1], "texture": "#7"},
				"up": {"uv": [0, 0, 12.5, 1], "texture": "#7"},
				"down": {"uv": [0, 0, 12.5, 1], "texture": "#7"}
			}
		},
		{
			"from": [1.5, 18.75, 15.25],
			"to": [14.5, 19.5, 20],
			"faces": {
				"north": {"uv": [0, 0, 13, 0.75], "texture": "#12"},
				"east": {"uv": [0, 0, 1, 0.75], "texture": "#missing"},
				"south": {"uv": [0, 0, 13, 0.75], "texture": "#7"},
				"west": {"uv": [0, 0, 1, 0.75], "texture": "#missing"},
				"up": {"uv": [0, 0, 13, 1], "texture": "#missing"},
				"down": {"uv": [0, 0, 13, 1], "texture": "#12"}
			}
		},
		{
			"from": [1.25, 18.75, 15.25],
			"to": [14.75, 19.25, 20],
			"faces": {
				"north": {"uv": [0, 0, 13.5, 0.5], "texture": "#12"},
				"east": {"uv": [0, 0, 1, 0.5], "texture": "#missing"},
				"south": {"uv": [0, 0, 13.5, 0.5], "texture": "#7"},
				"west": {"uv": [0, 0, 1, 0.5], "texture": "#missing"},
				"up": {"uv": [0, 0, 13.5, 1], "texture": "#missing"},
				"down": {"uv": [0, 0, 13.5, 1], "texture": "#12"}
			}
		},
		{
			"from": [1, 18.75, 15.25],
			"to": [15, 19.35, 20],
			"faces": {
				"north": {"uv": [0, 0, 14, 0.6], "texture": "#12"},
				"east": {"uv": [0, 0, 1, 0.6], "texture": "#missing"},
				"south": {"uv": [0, 0, 14, 0.6], "texture": "#7"},
				"west": {"uv": [0, 0, 1, 0.6], "texture": "#missing"},
				"up": {"uv": [0, 0, 14, 1], "texture": "#missing"},
				"down": {"uv": [0, 0, 14, 1], "texture": "#12"}
			}
		},
		{
			"from": [15, 11.25, -9.25],
			"to": [16, 18, -0.5],
			"faces": {
				"north": {"uv": [0, 0, 1, 6.75], "texture": "#12"},
				"east": {"uv": [0, 0, 5.25, 6.75], "texture": "#19"},
				"south": {"uv": [0, 0, 1, 6.75], "texture": "#8"},
				"west": {"uv": [0, 0, 10.786, 12.094], "texture": "#15"},
				"up": {"uv": [0, 0, 1, 5.25], "texture": "#missing"},
				"down": {"uv": [0, 0, 1, 5.25], "texture": "#missing"}
			}
		},
		{
			"from": [15.2, 11.25, -0.5],
			"to": [15.8, 16, 12.5],
			"faces": {
				"north": {"uv": [0, 0, 0.6, 4.75], "texture": "#missing"},
				"east": {"uv": [1, 1, 15, 15], "texture": "#10"},
				"south": {"uv": [0, 0, 0.6, 4.75], "texture": "#missing"},
				"west": {"uv": [1, 1, 15, 15], "texture": "#10"},
				"up": {"uv": [0, 0, 0.6, 16], "texture": "#8"},
				"down": {"uv": [0, 0, 0.6, 16], "texture": "#missing"}
			}
		},
		{
			"from": [15.2, 12.5, 16.25],
			"to": [15.8, 17, 21.25],
			"faces": {
				"north": {"uv": [0, 0, 0.6, 4.75], "texture": "#missing"},
				"east": {"uv": [1, 1, 15, 15], "texture": "#10"},
				"south": {"uv": [0, 0, 0.6, 4.75], "texture": "#missing"},
				"west": {"uv": [1, 1, 15, 15], "texture": "#10"},
				"up": {"uv": [0, 0, 0.6, 16], "texture": "#8"},
				"down": {"uv": [0, 0, 0.6, 16], "texture": "#missing"}
			}
		},
		{
			"from": [0.2, 12.5, 16.25],
			"to": [0.8, 17, 21.25],
			"faces": {
				"north": {"uv": [0, 0, 0.6, 4.75], "texture": "#missing"},
				"east": {"uv": [1, 1, 15, 15], "texture": "#10"},
				"south": {"uv": [0, 0, 0.6, 4.75], "texture": "#missing"},
				"west": {"uv": [1, 1, 15, 15], "texture": "#10"},
				"up": {"uv": [0, 0, 0.6, 16], "texture": "#8"},
				"down": {"uv": [0, 0, 0.6, 16], "texture": "#missing"}
			}
		},
		{
			"from": [15.2, 12.5, 22.5],
			"to": [15.8, 17, 23],
			"faces": {
				"north": {"uv": [5, 5, 12.6, 12.75], "texture": "#10"},
				"east": {"uv": [4, 4, 13, 13], "texture": "#10"},
				"south": {"uv": [5, 5, 12.6, 12.75], "texture": "#10"},
				"west": {"uv": [4, 4, 13, 13], "texture": "#10"},
				"up": {"uv": [5, 5, 12.6, 11], "texture": "#10"},
				"down": {"uv": [6, 5, 12.6, 12], "texture": "#10"}
			}
		},
		{
			"from": [0.2, 12.5, 22.5],
			"to": [0.8, 17, 23],
			"faces": {
				"north": {"uv": [5, 5, 12.6, 12.75], "texture": "#10"},
				"east": {"uv": [4, 4, 13, 13], "texture": "#10"},
				"south": {"uv": [5, 5, 12.6, 12.75], "texture": "#10"},
				"west": {"uv": [4, 4, 13, 13], "texture": "#10"},
				"up": {"uv": [5, 5, 12.6, 11], "texture": "#10"},
				"down": {"uv": [6, 5, 12.6, 12], "texture": "#10"}
			}
		},
		{
			"from": [15.2, 12.5, 22.5],
			"to": [15.8, 15.5, 24],
			"faces": {
				"north": {"uv": [5, 5, 12.6, 12.75], "texture": "#10"},
				"east": {"uv": [4, 4, 13, 13], "texture": "#10"},
				"south": {"uv": [5, 5, 12.6, 12.75], "texture": "#10"},
				"west": {"uv": [4, 4, 13, 13], "texture": "#10"},
				"up": {"uv": [5, 5, 12.6, 11], "texture": "#10"},
				"down": {"uv": [6, 5, 12.6, 12], "texture": "#10"}
			}
		},
		{
			"from": [0.2, 12.5, 22.5],
			"to": [0.8, 15.5, 24],
			"faces": {
				"north": {"uv": [5, 5, 12.6, 12.75], "texture": "#10"},
				"east": {"uv": [4, 4, 13, 13], "texture": "#10"},
				"south": {"uv": [5, 5, 12.6, 12.75], "texture": "#10"},
				"west": {"uv": [4, 4, 13, 13], "texture": "#10"},
				"up": {"uv": [5, 5, 12.6, 11], "texture": "#10"},
				"down": {"uv": [6, 5, 12.6, 12], "texture": "#10"}
			}
		},
		{
			"from": [15.2, 12.5, 22.5],
			"to": [15.8, 15.25, 24.5],
			"faces": {
				"north": {"uv": [5, 5, 12.6, 12.75], "texture": "#10"},
				"east": {"uv": [4, 4, 13, 13], "texture": "#10"},
				"south": {"uv": [5, 5, 12.6, 12.75], "texture": "#10"},
				"west": {"uv": [4, 4, 13, 13], "texture": "#10"},
				"up": {"uv": [5, 5, 12.6, 11], "texture": "#10"},
				"down": {"uv": [6, 5, 12.6, 12], "texture": "#10"}
			}
		},
		{
			"from": [0.2, 12.5, 22.5],
			"to": [0.8, 15.25, 24.5],
			"faces": {
				"north": {"uv": [5, 5, 12.6, 12.75], "texture": "#10"},
				"east": {"uv": [4, 4, 13, 13], "texture": "#10"},
				"south": {"uv": [5, 5, 12.6, 12.75], "texture": "#10"},
				"west": {"uv": [4, 4, 13, 13], "texture": "#10"},
				"up": {"uv": [5, 5, 12.6, 11], "texture": "#10"},
				"down": {"uv": [6, 5, 12.6, 12], "texture": "#10"}
			}
		},
		{
			"from": [15.2, 12.5, 22.5],
			"to": [15.8, 14.25, 25.5],
			"faces": {
				"north": {"uv": [5, 5, 12.6, 12.75], "texture": "#10"},
				"east": {"uv": [4, 4, 13, 13], "texture": "#10"},
				"south": {"uv": [5, 5, 12.6, 12.75], "texture": "#10"},
				"west": {"uv": [4, 4, 13, 13], "texture": "#10"},
				"up": {"uv": [5, 5, 12.6, 11], "texture": "#10"},
				"down": {"uv": [6, 5, 12.6, 12], "texture": "#10"}
			}
		},
		{
			"from": [0.2, 12.5, 22.5],
			"to": [0.8, 14.25, 25.5],
			"faces": {
				"north": {"uv": [5, 5, 12.6, 12.75], "texture": "#10"},
				"east": {"uv": [4, 4, 13, 13], "texture": "#10"},
				"south": {"uv": [5, 5, 12.6, 12.75], "texture": "#10"},
				"west": {"uv": [4, 4, 13, 13], "texture": "#10"},
				"up": {"uv": [5, 5, 12.6, 11], "texture": "#10"},
				"down": {"uv": [6, 5, 12.6, 12], "texture": "#10"}
			}
		},
		{
			"from": [15.2, 12.5, 22.5],
			"to": [15.8, 13.25, 26.25],
			"faces": {
				"north": {"uv": [0, 0, 0.6, 4.75], "texture": "#missing"},
				"east": {"uv": [4, 4, 13, 13], "texture": "#10"},
				"south": {"uv": [0, 0, 0.6, 4.75], "texture": "#missing"},
				"west": {"uv": [4, 4, 13, 13], "texture": "#10"},
				"up": {"uv": [11, 7, 11.6, 10], "texture": "#10"},
				"down": {"uv": [0, 0, 0.6, 16], "texture": "#missing"}
			}
		},
		{
			"from": [0.2, 12.5, 22.5],
			"to": [0.8, 13.25, 26.25],
			"faces": {
				"north": {"uv": [0, 0, 0.6, 4.75], "texture": "#missing"},
				"east": {"uv": [4, 4, 13, 13], "texture": "#10"},
				"south": {"uv": [0, 0, 0.6, 4.75], "texture": "#missing"},
				"west": {"uv": [4, 4, 13, 13], "texture": "#10"},
				"up": {"uv": [11, 7, 11.6, 10], "texture": "#10"},
				"down": {"uv": [0, 0, 0.6, 16], "texture": "#missing"}
			}
		},
		{
			"from": [15.2, 16, -0.5],
			"to": [15.8, 18, 12.5],
			"faces": {
				"north": {"uv": [0, 0, 0.6, 2], "texture": "#missing"},
				"east": {"uv": [0.75, 0, 15.25, 16], "texture": "#10"},
				"south": {"uv": [0, 0, 0.6, 2], "texture": "#missing"},
				"west": {"uv": [0.75, 0, 15.25, 16], "texture": "#10"},
				"up": {"uv": [0, 0, 0.6, 16], "texture": "#missing"},
				"down": {"uv": [0, 0, 0.6, 16], "texture": "#8"}
			}
		},
		{
			"from": [15, 11.25, 12.5],
			"to": [16, 18, 16.25],
			"faces": {
				"north": {"uv": [0, 0, 1, 6.75], "texture": "#8"},
				"east": {"uv": [0, 0, 6.75, 6.75], "texture": "#19"},
				"south": {"uv": [0, 0, 1, 6.75], "texture": "#8"},
				"west": {"uv": [0, 0, 6.75, 6.75], "texture": "#12"},
				"up": {"uv": [0, 0, 1, 6.75], "texture": "#missing"},
				"down": {"uv": [0, 0, 1, 6.75], "texture": "#missing"}
			}
		},
		{
			"from": [0, 11.25, 21.25],
			"to": [1, 16.9, 22.5],
			"faces": {
				"north": {"uv": [0, 0, 1, 6.75], "texture": "#8"},
				"east": {"uv": [0, 0, 6.75, 6.75], "texture": "#12"},
				"south": {"uv": [0, 0, 1, 6.75], "texture": "#8"},
				"west": {"uv": [0, 0, 6.75, 6.75], "texture": "#19"},
				"up": {"uv": [0, 0, 1, 6.75], "texture": "#missing"},
				"down": {"uv": [0, 0, 1, 6.75], "texture": "#missing"}
			}
		},
		{
			"from": [15, 11.25, 21.25],
			"to": [16, 16.9, 22.5],
			"faces": {
				"north": {"uv": [0, 0, 1, 6.75], "texture": "#8"},
				"east": {"uv": [0, 0, 6.75, 6.75], "texture": "#19"},
				"south": {"uv": [0, 0, 1, 6.75], "texture": "#8"},
				"west": {"uv": [0, 0, 6.75, 6.75], "texture": "#12"},
				"up": {"uv": [0, 0, 1, 6.75], "texture": "#missing"},
				"down": {"uv": [0, 0, 1, 6.75], "texture": "#missing"}
			}
		},
		{
			"from": [0, 11.25, -9.25],
			"to": [1, 18, -0.5],
			"faces": {
				"north": {"uv": [0, 0, 1, 6.75], "texture": "#12"},
				"east": {"uv": [6.59, 0, 16, 13.758], "texture": "#15"},
				"south": {"uv": [0, 0, 1, 6.75], "texture": "#8"},
				"west": {"uv": [0, 0, 5.25, 6.75], "texture": "#19"},
				"up": {"uv": [0, 0, 1, 5.25], "texture": "#missing"},
				"down": {"uv": [0, 0, 1, 5.25], "texture": "#missing"}
			}
		},
		{
			"from": [0.2, 16, -0.5],
			"to": [0.8, 18, 12.5],
			"faces": {
				"north": {"uv": [0, 0, 0.6, 2], "texture": "#missing"},
				"east": {"uv": [0.75, 0, 15.25, 16], "texture": "#10"},
				"south": {"uv": [0, 0, 0.6, 2], "texture": "#missing"},
				"west": {"uv": [0.75, 0, 15.25, 16], "texture": "#10"},
				"up": {"uv": [0, 0, 0.6, 16], "texture": "#missing"},
				"down": {"uv": [0, 0, 0.6, 16], "texture": "#8"}
			}
		},
		{
			"from": [0.2, 11.25, -0.5],
			"to": [0.8, 16, 12.5],
			"faces": {
				"north": {"uv": [0, 0, 0.6, 4.75], "texture": "#missing"},
				"east": {"uv": [1, 1, 15, 15], "texture": "#10"},
				"south": {"uv": [0, 0, 0.6, 4.75], "texture": "#missing"},
				"west": {"uv": [1, 1, 15, 15], "texture": "#10"},
				"up": {"uv": [0, 0, 0.6, 16], "texture": "#8"},
				"down": {"uv": [0, 0, 0.6, 16], "texture": "#missing"}
			}
		},
		{
			"from": [0, 11.25, 12.5],
			"to": [1, 18, 16.25],
			"faces": {
				"north": {"uv": [0, 0, 1, 6.75], "texture": "#8"},
				"east": {"uv": [0, 0, 6.75, 6.75], "texture": "#12"},
				"south": {"uv": [0, 0, 1, 6.75], "texture": "#8"},
				"west": {"uv": [0, 0, 6.75, 6.75], "texture": "#19"},
				"up": {"uv": [0, 0, 1, 6.75], "texture": "#missing"},
				"down": {"uv": [0, 0, 1, 6.75], "texture": "#missing"}
			}
		},
		{
			"from": [15, 11.25, 16.25],
			"to": [16, 12.5, 26.25],
			"faces": {
				"north": {"uv": [0, 0, 1, 6.75], "texture": "#8"},
				"east": {"uv": [0, 0, 6.75, 6.75], "texture": "#19"},
				"south": {"uv": [0, 0, 1, 6.75], "texture": "#6"},
				"west": {"uv": [0, 0, 6.75, 6.75], "texture": "#12"},
				"up": {"uv": [0, 0, 1, 6.75], "texture": "#8"},
				"down": {"uv": [0, 0, 1, 6.75], "texture": "#missing"}
			}
		},
		{
			"from": [0, 11.25, 16.25],
			"to": [1, 12.5, 26.25],
			"faces": {
				"north": {"uv": [0, 0, 1, 6.75], "texture": "#8"},
				"east": {"uv": [0, 0, 6.75, 6.75], "texture": "#12"},
				"south": {"uv": [0, 0, 1, 6.75], "texture": "#6"},
				"west": {"uv": [0, 0, 6.75, 6.75], "texture": "#19"},
				"up": {"uv": [0, 0, 1, 6.75], "texture": "#8"},
				"down": {"uv": [0, 0, 1, 6.75], "texture": "#missing"}
			}
		},
		{
			"from": [15, 18, -5.75],
			"to": [16, 18.75, 20],
			"faces": {
				"north": {"uv": [0, 0, 1, 0.75], "texture": "#missing"},
				"east": {"uv": [0, 0, 16, 0.75], "texture": "#19"},
				"south": {"uv": [0, 0, 1, 0.75], "texture": "#7"},
				"west": {"uv": [0, 0, 16, 0.75], "texture": "#12"},
				"up": {"uv": [0, 0, 1, 16], "texture": "#missing"},
				"down": {"uv": [0, 0, 1, 16], "texture": "#8"}
			}
		},
		{
			"from": [0, 18, -5.75],
			"to": [1, 18.75, 20],
			"faces": {
				"north": {"uv": [0, 0, 1, 0.75], "texture": "#missing"},
				"east": {"uv": [0, 0, 16, 0.75], "texture": "#12"},
				"south": {"uv": [0, 0, 1, 0.75], "texture": "#7"},
				"west": {"uv": [0, 0, 16, 0.75], "texture": "#19"},
				"up": {"uv": [0, 0, 1, 16], "texture": "#missing"},
				"down": {"uv": [0, 0, 1, 16], "texture": "#8"}
			}
		},
		{
			"from": [15, 18.75, 20],
			"to": [16, 19.75, 22.5],
			"faces": {
				"north": {"uv": [0, 0, 1, 1], "texture": "#missing"},
				"east": {"uv": [0, 0, 16, 1], "texture": "#20"},
				"south": {"uv": [0, 0, 1, 1], "texture": "#20"},
				"west": {"uv": [0, 0, 16, 1], "texture": "#12"},
				"up": {"uv": [0, 0, 1, 16], "texture": "#missing"},
				"down": {"uv": [0, 0, 1, 16], "texture": "#missing"}
			}
		},
		{
			"from": [4.74648, 21.78411, 20],
			"to": [8.74648, 22.78411, 22.5],
			"rotation": {"angle": -22.5, "axis": "z", "origin": [4.74648, 3.03411, 0]},
			"faces": {
				"north": {"uv": [0, 0, 4, 1], "texture": "#missing"},
				"east": {"uv": [0, 0, 16, 1], "texture": "#missing"},
				"south": {"uv": [0, 0, 4, 1], "texture": "#20"},
				"west": {"uv": [0, 0, 16, 1], "texture": "#7"},
				"up": {"uv": [0, 0, 4, 16], "texture": "#20"},
				"down": {"uv": [0, 0, 4, 16], "texture": "#7"}
			}
		},
		{
			"from": [15, 18, 20],
			"to": [16, 18.75, 22.5],
			"faces": {
				"north": {"uv": [0, 0, 1, 0.75], "texture": "#missing"},
				"east": {"uv": [0, 0, 16, 0.75], "texture": "#19"},
				"south": {"uv": [0, 0, 1, 0.75], "texture": "#19"},
				"west": {"uv": [0, 0, 16, 0.75], "texture": "#12"},
				"up": {"uv": [0, 0, 1, 16], "texture": "#missing"},
				"down": {"uv": [0, 0, 1, 16], "texture": "#8"}
			}
		},
		{
			"from": [7.558, 20.25338, 20],
			"to": [11.558, 21.25338, 22.5],
			"rotation": {"angle": 22.5, "axis": "z", "origin": [7.558, 1.50338, 0]},
			"faces": {
				"north": {"uv": [0, 0, 4, 1], "texture": "#missing"},
				"east": {"uv": [0, 0, 16, 1], "texture": "#7"},
				"south": {"uv": [0, 0, 4, 1], "texture": "#20"},
				"west": {"uv": [0, 0, 16, 1], "texture": "#missing"},
				"up": {"uv": [0, 0, 4, 16], "texture": "#20"},
				"down": {"uv": [0, 0, 4, 16], "texture": "#7"}
			}
		},
		{
			"from": [0, 18.75, 20],
			"to": [1, 19.75, 22.5],
			"faces": {
				"north": {"uv": [0, 0, 1, 1], "texture": "#missing"},
				"east": {"uv": [0, 0, 16, 1], "texture": "#12"},
				"south": {"uv": [0, 0, 1, 1], "texture": "#20"},
				"west": {"uv": [0, 0, 16, 1], "texture": "#20"},
				"up": {"uv": [0, 0, 1, 16], "texture": "#missing"},
				"down": {"uv": [0, 0, 1, 16], "texture": "#missing"}
			}
		},
		{
			"from": [0, 18, 20],
			"to": [1, 18.75, 22.5],
			"faces": {
				"north": {"uv": [0, 0, 1, 0.75], "texture": "#missing"},
				"east": {"uv": [0, 0, 16, 0.75], "texture": "#12"},
				"south": {"uv": [0, 0, 1, 0.75], "texture": "#19"},
				"west": {"uv": [0, 0, 16, 0.75], "texture": "#19"},
				"up": {"uv": [0, 0, 1, 16], "texture": "#missing"},
				"down": {"uv": [0, 0, 1, 16], "texture": "#8"}
			}
		},
		{
			"from": [0, 16.9, 16.25],
			"to": [1, 18, 22.5],
			"faces": {
				"north": {"uv": [0, 0, 1, 0.75], "texture": "#missing"},
				"east": {"uv": [0, 0, 16, 0.75], "texture": "#12"},
				"south": {"uv": [0, 0, 1, 0.75], "texture": "#19"},
				"west": {"uv": [0, 0, 16, 0.75], "texture": "#19"},
				"up": {"uv": [0, 0, 1, 16], "texture": "#missing"},
				"down": {"uv": [0, 0, 1, 16], "texture": "#8"}
			}
		},
		{
			"from": [15, 16.9, 16.25],
			"to": [16, 18, 22.5],
			"faces": {
				"north": {"uv": [0, 0, 1, 0.75], "texture": "#missing"},
				"east": {"uv": [0, 0, 16, 0.75], "texture": "#19"},
				"south": {"uv": [0, 0, 1, 0.75], "texture": "#19"},
				"west": {"uv": [0, 0, 16, 0.75], "texture": "#12"},
				"up": {"uv": [0, 0, 1, 16], "texture": "#missing"},
				"down": {"uv": [0, 0, 1, 16], "texture": "#8"}
			}
		},
		{
			"from": [1, 16.65, 21.5],
			"to": [15, 17.75, 22.5],
			"faces": {
				"north": {"uv": [0, 0, 1, 0.75], "texture": "#12"},
				"east": {"uv": [0, 0, 16, 0.75], "texture": "#12"},
				"south": {"uv": [0, 0, 1, 0.75], "texture": "#8"},
				"west": {"uv": [0, 0, 16, 0.75], "texture": "#12"},
				"up": {"uv": [0, 0, 1, 16], "texture": "#12"},
				"down": {"uv": [0, 0, 1, 16], "texture": "#12"}
			}
		},
		{
			"from": [1, 17.4, 19.5],
			"to": [15, 18.5, 21.5],
			"faces": {
				"north": {"uv": [0, 0, 1, 0.75], "texture": "#12"},
				"east": {"uv": [0, 0, 16, 0.75], "texture": "#12"},
				"south": {"uv": [0, 0, 1, 0.75], "texture": "#12"},
				"west": {"uv": [0, 0, 16, 0.75], "texture": "#12"},
				"up": {"uv": [0, 0, 1, 16], "texture": "#12"},
				"down": {"uv": [0, 0, 1, 16], "texture": "#12"}
			}
		},
		{
			"from": [1, 16.9, 20.25],
			"to": [15, 18.5, 21.5],
			"faces": {
				"north": {"uv": [0, 0, 1, 0.75], "texture": "#12"},
				"east": {"uv": [0, 0, 16, 0.75], "texture": "#12"},
				"south": {"uv": [0, 0, 1, 0.75], "texture": "#12"},
				"west": {"uv": [0, 0, 16, 0.75], "texture": "#12"},
				"up": {"uv": [0, 0, 1, 16], "texture": "#12"},
				"down": {"uv": [0, 0, 1, 16], "texture": "#12"}
			}
		},
		{
			"from": [1, 16.65, 21.25],
			"to": [15, 18.5, 21.5],
			"faces": {
				"north": {"uv": [0, 0, 1, 0.75], "texture": "#12"},
				"east": {"uv": [0, 0, 16, 0.75], "texture": "#12"},
				"south": {"uv": [0, 0, 1, 0.75], "texture": "#12"},
				"west": {"uv": [0, 0, 16, 0.75], "texture": "#12"},
				"up": {"uv": [0, 0, 1, 16], "texture": "#12"},
				"down": {"uv": [0, 0, 1, 16], "texture": "#12"}
			}
		},
		{
			"from": [1, 17.9, 18.25],
			"to": [15, 19, 20.25],
			"faces": {
				"north": {"uv": [0, 0, 1, 0.75], "texture": "#12"},
				"east": {"uv": [0, 0, 16, 0.75], "texture": "#12"},
				"south": {"uv": [0, 0, 1, 0.75], "texture": "#12"},
				"west": {"uv": [0, 0, 16, 0.75], "texture": "#12"},
				"up": {"uv": [0, 0, 1, 16], "texture": "#12"},
				"down": {"uv": [0, 0, 1, 16], "texture": "#12"}
			}
		},
		{
			"from": [1, 18.4, 17.5],
			"to": [15, 19.5, 19.5],
			"faces": {
				"north": {"uv": [0, 0, 1, 0.75], "texture": "#12"},
				"east": {"uv": [0, 0, 16, 0.75], "texture": "#12"},
				"south": {"uv": [0, 0, 1, 0.75], "texture": "#12"},
				"west": {"uv": [0, 0, 16, 0.75], "texture": "#12"},
				"up": {"uv": [0, 0, 1, 16], "texture": "#12"},
				"down": {"uv": [0, 0, 1, 16], "texture": "#12"}
			}
		},
		{
			"from": [15, 18, -16],
			"to": [16, 18.75, -5.75],
			"faces": {
				"north": {"uv": [0, 0, 1, 0.75], "texture": "#19"},
				"east": {"uv": [0, 0, 10.25, 0.75], "texture": "#19"},
				"south": {"uv": [0, 0, 1, 0.75], "texture": "#missing"},
				"west": {"uv": [0, 0, 10.25, 0.75], "texture": "#12"},
				"up": {"uv": [0, 0, 1, 10.25], "texture": "#missing"},
				"down": {"uv": [0, 0, 1, 10.25], "texture": "#12"}
			}
		},
		{
			"from": [0, 18, -16],
			"to": [1, 18.75, -5.75],
			"faces": {
				"north": {"uv": [0, 0, 1, 0.75], "texture": "#19"},
				"east": {"uv": [0, 0, 10.25, 0.75], "texture": "#12"},
				"south": {"uv": [0, 0, 1, 0.75], "texture": "#missing"},
				"west": {"uv": [0, 0, 10.25, 0.75], "texture": "#19"},
				"up": {"uv": [0, 0, 1, 10.25], "texture": "#missing"},
				"down": {"uv": [0, 0, 1, 10.25], "texture": "#12"}
			}
		},
		{
			"from": [-0.75, 4.25, -16],
			"to": [0, 5, -5.75],
			"faces": {
				"north": {"uv": [0, 0, 1.25, 0.75], "texture": "#3"},
				"east": {"uv": [0, 0, 10.25, 0.75], "texture": "#missing"},
				"south": {"uv": [0, 0, 1.25, 0.75], "texture": "#missing"},
				"west": {"uv": [0, 0, 10.25, 0.75], "texture": "#3"},
				"up": {"uv": [0, 0, 1.25, 10.25], "texture": "#3"},
				"down": {"uv": [0, 0, 1.25, 10.25], "texture": "#3"}
			}
		},
		{
			"from": [-0.75, 4.25, -5.75],
			"to": [0, 5, 2.5],
			"faces": {
				"north": {"uv": [0, 0, 1.25, 0.75], "texture": "#missing"},
				"east": {"uv": [0, 0, 8.25, 0.75], "texture": "#missing"},
				"south": {"uv": [0, 0, 1.25, 0.75], "texture": "#3"},
				"west": {"uv": [0, 0, 8.25, 0.75], "texture": "#3"},
				"up": {"uv": [0, 0, 1.25, 8.25], "texture": "#3"},
				"down": {"uv": [0, 0, 1.25, 8.25], "texture": "#3"}
			}
		},
		{
			"from": [16, 4.25, -16],
			"to": [16.75, 5, -5.75],
			"faces": {
				"north": {"uv": [0, 0, 1.25, 0.75], "texture": "#3"},
				"east": {"uv": [0, 0, 10.25, 0.75], "texture": "#3"},
				"south": {"uv": [0, 0, 1.25, 0.75], "texture": "#missing"},
				"west": {"uv": [0, 0, 10.25, 0.75], "texture": "#missing"},
				"up": {"uv": [0, 0, 1.25, 10.25], "texture": "#3"},
				"down": {"uv": [0, 0, 1.25, 10.25], "texture": "#3"}
			}
		},
		{
			"from": [16, 4.25, -5.75],
			"to": [16.75, 5, 2.5],
			"faces": {
				"north": {"uv": [0, 0, 1.25, 0.75], "texture": "#missing"},
				"east": {"uv": [0, 0, 8.25, 0.75], "texture": "#3"},
				"south": {"uv": [0, 0, 1.25, 0.75], "texture": "#3"},
				"west": {"uv": [0, 0, 8.25, 0.75], "texture": "#missing"},
				"up": {"uv": [0, 0, 1.25, 8.25], "texture": "#3"},
				"down": {"uv": [0, 0, 1.25, 8.25], "texture": "#3"}
			}
		},
		{
			"from": [0, 3, 26.25],
			"to": [16, 5, 27.75],
			"faces": {
				"north": {"uv": [0, 0, 16, 2.5], "texture": "#12"},
				"east": {"uv": [0, 0, 1.5, 2.5], "texture": "#20"},
				"south": {"uv": [0, 0, 16, 2.5], "texture": "#20"},
				"west": {"uv": [0, 0, 1.5, 2.5], "texture": "#20"},
				"up": {"uv": [0, 0, 16, 1.5], "texture": "#missing"},
				"down": {"uv": [0, 0, 16, 1.5], "texture": "#3"}
			}
		},
		{
			"from": [0, 11.25, 26.25],
			"to": [16, 12.5, 27.75],
			"faces": {
				"north": {"uv": [0, 0, 16, 4.25], "texture": "#12"},
				"east": {"uv": [0, 0, 1.5, 4.25], "texture": "#19"},
				"south": {"uv": [3.392, 10.888, 12.672, 13.594], "texture": "#19"},
				"west": {"uv": [0, 0, 1.5, 4.25], "texture": "#19"},
				"up": {"uv": [0, 0, 16, 1.5], "texture": "#8"},
				"down": {"uv": [0, 0, 16, 1.5], "texture": "#missing"}
			}
		},
		{
			"from": [1, 14.90354, 16.86459],
			"to": [3, 22.65354, 18.36459],
			"rotation": {"angle": -45, "axis": "x", "origin": [0, 25.03096, 25.95863]},
			"faces": {
				"north": {"uv": [0, 0, 16, 4.25], "texture": "#12"},
				"east": {"uv": [0, 0, 1.5, 4.25], "texture": "#8"},
				"south": {"uv": [3.392, 10.888, 12.672, 13.594], "texture": "#19"},
				"west": {"uv": [0, 0, 1.5, 4.25], "texture": "#6"},
				"up": {"uv": [0, 0, 16, 1.5], "texture": "#12"},
				"down": {"uv": [0, 0, 16, 1.5], "texture": "#missing"}
			}
		},
		{
			"from": [3, 14.90354, 17.96459],
			"to": [13, 22.40354, 18.36459],
			"rotation": {"angle": -45, "axis": "x", "origin": [0, 25.03096, 25.95863]},
			"faces": {
				"north": {"uv": [0, 0, 16, 16], "texture": "#10"},
				"east": {"uv": [0, 0, 1.5, 4.25], "texture": "#8"},
				"south": {"uv": [0, 0, 16, 16], "texture": "#10"},
				"west": {"uv": [0, 0, 1.5, 4.25], "texture": "#8"},
				"up": {"uv": [0, 0, 16, 1.5], "texture": "#8"},
				"down": {"uv": [0, 0, 16, 1.5], "texture": "#8"}
			}
		},
		{
			"from": [0, 14.90354, 16.86459],
			"to": [1, 22.65354, 18.36459],
			"rotation": {"angle": -45, "axis": "x", "origin": [0, 25.03096, 25.95863]},
			"faces": {
				"north": {"uv": [0, 0, 16, 4.25], "texture": "#8"},
				"east": {"uv": [0, 0, 1.5, 4.25], "texture": "#6"},
				"south": {"uv": [3.392, 10.888, 12.672, 13.594], "texture": "#19"},
				"west": {"uv": [0, 0, 1.5, 4.25], "texture": "#19"},
				"up": {"uv": [0, 0, 16, 1.5], "texture": "#6"},
				"down": {"uv": [0, 0, 16, 1.5], "texture": "#6"}
			}
		},
		{
			"from": [15, 14.90354, 16.86459],
			"to": [16, 22.65354, 18.36459],
			"rotation": {"angle": -45, "axis": "x", "origin": [0, 25.03096, 25.95863]},
			"faces": {
				"north": {"uv": [0, 0, 16, 4.25], "texture": "#8"},
				"east": {"uv": [0, 0, 1.5, 4.25], "texture": "#19"},
				"south": {"uv": [3.392, 10.888, 12.672, 13.594], "texture": "#19"},
				"west": {"uv": [0, 0, 1.5, 4.25], "texture": "#6"},
				"up": {"uv": [0, 0, 16, 1.5], "texture": "#6"},
				"down": {"uv": [0, 0, 16, 1.5], "texture": "#6"}
			}
		},
		{
			"from": [13, 14.90354, 16.86459],
			"to": [15, 22.65354, 18.36459],
			"rotation": {"angle": -45, "axis": "x", "origin": [0, 25.03096, 25.95863]},
			"faces": {
				"north": {"uv": [0, 0, 16, 4.25], "texture": "#12"},
				"east": {"uv": [0, 0, 1.5, 4.25], "texture": "#6"},
				"south": {"uv": [3.392, 10.888, 12.672, 13.594], "texture": "#19"},
				"west": {"uv": [0, 0, 1.5, 4.25], "texture": "#8"},
				"up": {"uv": [0, 0, 16, 1.5], "texture": "#12"},
				"down": {"uv": [0, 0, 16, 1.5], "texture": "#missing"}
			}
		},
		{
			"from": [5.5, 14.90354, 13.61459],
			"to": [6, 19.65354, 14.11459],
			"rotation": {"angle": -45, "axis": "x", "origin": [0, 25.03096, 25.95863]},
			"faces": {
				"north": {"uv": [0, 0, 16, 4.25], "texture": "#13"},
				"east": {"uv": [0, 0, 1.5, 4.25], "texture": "#13"},
				"south": {"uv": [3.392, 10.888, 12.672, 13.594], "texture": "#13"},
				"west": {"uv": [0, 0, 1.5, 4.25], "texture": "#13"},
				"up": {"uv": [0, 0, 16, 1.5], "texture": "#13"},
				"down": {"uv": [0, 0, 16, 1.5], "texture": "#13"}
			}
		},
		{
			"from": [10, 14.90354, 13.61459],
			"to": [10.5, 19.65354, 14.11459],
			"rotation": {"angle": -45, "axis": "x", "origin": [0, 25.03096, 25.95863]},
			"faces": {
				"north": {"uv": [0, 0, 16, 4.25], "texture": "#13"},
				"east": {"uv": [0, 0, 1.5, 4.25], "texture": "#13"},
				"south": {"uv": [3.392, 10.888, 12.672, 13.594], "texture": "#13"},
				"west": {"uv": [0, 0, 1.5, 4.25], "texture": "#13"},
				"up": {"uv": [0, 0, 16, 1.5], "texture": "#13"},
				"down": {"uv": [0, 0, 16, 1.5], "texture": "#13"}
			}
		},
		{
			"from": [0, 5, 26.25],
			"to": [16, 11.25, 27.75],
			"faces": {
				"north": {"uv": [0, 0, 16, 4.25], "texture": "#12"},
				"east": {"uv": [0, 0, 1.5, 4.25], "texture": "#19"},
				"south": {"uv": [0, 2.784, 16, 12.89], "texture": "#23"},
				"west": {"uv": [0, 0, 1.5, 4.25], "texture": "#19"},
				"up": {"uv": [0, 0, 16, 1.5], "texture": "#missing"},
				"down": {"uv": [0, 0, 16, 1.5], "texture": "#missing"}
			}
		},
		{
			"from": [3.25, 12.4, 21],
			"to": [12.75, 12.9, 21.5],
			"faces": {
				"north": {"uv": [0, 0, 16, 4.25], "texture": "#13"},
				"east": {"uv": [0, 0, 1.5, 4.25], "texture": "#13"},
				"south": {"uv": [3.392, 10.632, 12.672, 13.594], "texture": "#13"},
				"west": {"uv": [0, 0, 1.5, 4.25], "texture": "#13"},
				"up": {"uv": [0, 0, 16, 1.5], "texture": "#13"},
				"down": {"uv": [0, 0, 16, 1.5], "texture": "#13"}
			}
		},
		{
			"from": [14, 8.4, -9],
			"to": [14.5, 15.4, -8.5],
			"faces": {
				"north": {"uv": [0, 0, 16, 4.25], "texture": "#13"},
				"east": {"uv": [0, 0, 1.5, 4.25], "texture": "#13"},
				"south": {"uv": [3.392, 10.632, 12.672, 13.594], "texture": "#13"},
				"west": {"uv": [0, 0, 1.5, 4.25], "texture": "#13"},
				"up": {"uv": [0, 0, 16, 1.5], "texture": "#13"},
				"down": {"uv": [0, 0, 16, 1.5], "texture": "#13"}
			}
		},
		{
			"from": [1.5, 8.4, -9],
			"to": [2, 15.4, -8.5],
			"faces": {
				"north": {"uv": [0, 0, 16, 4.25], "texture": "#13"},
				"east": {"uv": [0, 0, 1.5, 4.25], "texture": "#13"},
				"south": {"uv": [3.392, 10.632, 12.672, 13.594], "texture": "#13"},
				"west": {"uv": [0, 0, 1.5, 4.25], "texture": "#13"},
				"up": {"uv": [0, 0, 16, 1.5], "texture": "#13"},
				"down": {"uv": [0, 0, 16, 1.5], "texture": "#13"}
			}
		},
		{
			"from": [7.75, 5, -16],
			"to": [8.25, 19.75, -15.75],
			"faces": {
				"north": {"uv": [0, 0, 16, 4.25], "texture": "#13"},
				"east": {"uv": [0, 0, 1.5, 4.25], "texture": "#13"},
				"south": {"uv": [3.392, 10.632, 12.672, 13.594], "texture": "#13"},
				"west": {"uv": [0, 0, 1.5, 4.25], "texture": "#13"},
				"up": {"uv": [0, 0, 16, 1.5], "texture": "#13"},
				"down": {"uv": [0, 0, 16, 1.5], "texture": "#13"}
			}
		},
		{
			"from": [5.75, 18.75, -15.75],
			"to": [10.25, 19.25, -15.25],
			"rotation": {"angle": 0, "axis": "y", "origin": [0, 1.5, 0]},
			"faces": {
				"north": {"uv": [0, 0, 16, 4.25], "texture": "#13"},
				"east": {"uv": [0, 0, 1.5, 4.25], "texture": "#13"},
				"south": {"uv": [3.392, 10.632, 12.672, 13.594], "texture": "#13"},
				"west": {"uv": [0, 0, 1.5, 4.25], "texture": "#13"},
				"up": {"uv": [0, 0, 16, 1.5], "texture": "#13"},
				"down": {"uv": [0, 0, 16, 1.5], "texture": "#13"}
			}
		},
		{
			"from": [10.25, 18.75, -16],
			"to": [10.75, 19.25, 12],
			"rotation": {"angle": 0, "axis": "y", "origin": [0, 1.5, 0]},
			"faces": {
				"north": {"uv": [0, 0, 16, 4.25], "texture": "#13"},
				"east": {"uv": [0, 0, 1.5, 4.25], "texture": "#13"},
				"south": {"uv": [3.392, 10.632, 12.672, 13.594], "texture": "#13"},
				"west": {"uv": [0, 0, 1.5, 4.25], "texture": "#13"},
				"up": {"uv": [0, 0, 16, 1.5], "texture": "#13"},
				"down": {"uv": [0, 0, 16, 1.5], "texture": "#13"}
			}
		},
		{
			"from": [5.25, 18.75, -16],
			"to": [5.75, 19.25, 12],
			"rotation": {"angle": 0, "axis": "y", "origin": [0, 1.5, 0]},
			"faces": {
				"north": {"uv": [0, 0, 16, 4.25], "texture": "#13"},
				"east": {"uv": [0, 0, 1.5, 4.25], "texture": "#13"},
				"south": {"uv": [3.392, 10.632, 12.672, 13.594], "texture": "#13"},
				"west": {"uv": [0, 0, 1.5, 4.25], "texture": "#13"},
				"up": {"uv": [0, 0, 16, 1.5], "texture": "#13"},
				"down": {"uv": [0, 0, 16, 1.5], "texture": "#13"}
			}
		},
		{
			"from": [10.25, 19.25, -1.25],
			"to": [10.75, 20.25, -0.75],
			"rotation": {"angle": 0, "axis": "y", "origin": [0, 1.5, 0]},
			"faces": {
				"north": {"uv": [0, 0, 16, 4.25], "texture": "#13"},
				"east": {"uv": [0, 0, 1.5, 4.25], "texture": "#13"},
				"south": {"uv": [3.392, 10.632, 12.672, 13.594], "texture": "#13"},
				"west": {"uv": [0, 0, 1.5, 4.25], "texture": "#13"},
				"up": {"uv": [0, 0, 16, 1.5], "texture": "#13"},
				"down": {"uv": [0, 0, 16, 1.5], "texture": "#13"}
			}
		},
		{
			"from": [5.25, 19.25, -1.25],
			"to": [5.75, 20.25, -0.75],
			"rotation": {"angle": 0, "axis": "y", "origin": [0, 1.5, 0]},
			"faces": {
				"north": {"uv": [0, 0, 16, 4.25], "texture": "#13"},
				"east": {"uv": [0, 0, 1.5, 4.25], "texture": "#13"},
				"south": {"uv": [3.392, 10.632, 12.672, 13.594], "texture": "#13"},
				"west": {"uv": [0, 0, 1.5, 4.25], "texture": "#13"},
				"up": {"uv": [0, 0, 16, 1.5], "texture": "#13"},
				"down": {"uv": [0, 0, 16, 1.5], "texture": "#13"}
			}
		},
		{
			"from": [10.25, 21.85786, 25.00305],
			"to": [10.75, 22.35786, 27.25305],
			"rotation": {"angle": -45, "axis": "x", "origin": [0, 4.60786, 22.25305]},
			"faces": {
				"north": {"uv": [0, 0, 16, 4.25], "texture": "#13"},
				"east": {"uv": [0, 0, 1.5, 4.25], "texture": "#13"},
				"south": {"uv": [3.392, 10.632, 12.672, 13.594], "texture": "#13"},
				"west": {"uv": [0, 0, 1.5, 4.25], "texture": "#13"},
				"up": {"uv": [0, 0, 16, 1.5], "texture": "#13"},
				"down": {"uv": [0, 0, 16, 1.5], "texture": "#13"}
			}
		},
		{
			"from": [5.25, 21.85786, 25.00305],
			"to": [5.75, 22.35786, 27.25305],
			"rotation": {"angle": -45, "axis": "x", "origin": [0, 4.60786, 22.25305]},
			"faces": {
				"north": {"uv": [0, 0, 16, 4.25], "texture": "#13"},
				"east": {"uv": [0, 0, 1.5, 4.25], "texture": "#13"},
				"south": {"uv": [3.392, 10.632, 12.672, 13.594], "texture": "#13"},
				"west": {"uv": [0, 0, 1.5, 4.25], "texture": "#13"},
				"up": {"uv": [0, 0, 16, 1.5], "texture": "#13"},
				"down": {"uv": [0, 0, 16, 1.5], "texture": "#13"}
			}
		},
		{
			"from": [29.1364, 9.15751, -9],
			"to": [31.1364, 9.65751, -8.5],
			"rotation": {"angle": 45, "axis": "z", "origin": [14.6364, -5.74249, 0]},
			"faces": {
				"north": {"uv": [0, 0, 16, 4.25], "texture": "#13"},
				"east": {"uv": [0, 0, 1.5, 4.25], "texture": "#13"},
				"south": {"uv": [3.392, 10.632, 12.672, 13.594], "texture": "#13"},
				"west": {"uv": [0, 0, 1.5, 4.25], "texture": "#13"},
				"up": {"uv": [0, 0, 16, 1.5], "texture": "#13"},
				"down": {"uv": [0, 0, 16, 1.5], "texture": "#13"}
			}
		},
		{
			"from": [12.73259, 7.46081, -9],
			"to": [14.73259, 7.96081, -8.5],
			"rotation": {"angle": 45, "axis": "z", "origin": [7.23259, -7.43919, 0]},
			"faces": {
				"north": {"uv": [0, 0, 16, 4.25], "texture": "#13"},
				"east": {"uv": [0, 0, 1.5, 4.25], "texture": "#13"},
				"south": {"uv": [3.392, 10.632, 12.672, 13.594], "texture": "#13"},
				"west": {"uv": [0, 0, 1.5, 4.25], "texture": "#13"},
				"up": {"uv": [0, 0, 16, 1.5], "texture": "#13"},
				"down": {"uv": [0, 0, 16, 1.5], "texture": "#13"}
			}
		},
		{
			"from": [29.1364, 9.15751, 15],
			"to": [31.1364, 9.65751, 15.5],
			"rotation": {"angle": 45, "axis": "z", "origin": [14.6364, -5.74249, 24]},
			"faces": {
				"north": {"uv": [0, 0, 16, 4.25], "texture": "#13"},
				"east": {"uv": [0, 0, 1.5, 4.25], "texture": "#13"},
				"south": {"uv": [3.392, 10.632, 12.672, 13.594], "texture": "#13"},
				"west": {"uv": [0, 0, 1.5, 4.25], "texture": "#13"},
				"up": {"uv": [0, 0, 16, 1.5], "texture": "#13"},
				"down": {"uv": [0, 0, 16, 1.5], "texture": "#13"}
			}
		},
		{
			"from": [14, 8.4, 15],
			"to": [14.5, 15.4, 15.5],
			"rotation": {"angle": 0, "axis": "y", "origin": [0, 0, 24]},
			"faces": {
				"north": {"uv": [0, 0, 16, 4.25], "texture": "#13"},
				"east": {"uv": [0, 0, 1.5, 4.25], "texture": "#13"},
				"south": {"uv": [3.392, 10.632, 12.672, 13.594], "texture": "#13"},
				"west": {"uv": [0, 0, 1.5, 4.25], "texture": "#13"},
				"up": {"uv": [0, 0, 16, 1.5], "texture": "#13"},
				"down": {"uv": [0, 0, 16, 1.5], "texture": "#13"}
			}
		},
		{
			"from": [7.71106, 23.01716, 15],
			"to": [9.71106, 23.51716, 15.5],
			"rotation": {"angle": -45, "axis": "z", "origin": [-6.78894, 8.11716, 24]},
			"faces": {
				"north": {"uv": [0, 0, 16, 4.25], "texture": "#13"},
				"east": {"uv": [0, 0, 1.5, 4.25], "texture": "#13"},
				"south": {"uv": [3.392, 10.632, 12.672, 13.594], "texture": "#13"},
				"west": {"uv": [0, 0, 1.5, 4.25], "texture": "#13"},
				"up": {"uv": [0, 0, 16, 1.5], "texture": "#13"},
				"down": {"uv": [0, 0, 16, 1.5], "texture": "#13"}
			}
		},
		{
			"from": [-8.83919, 24.3603, 15],
			"to": [-6.83919, 24.8603, 15.5],
			"rotation": {"angle": -45, "axis": "z", "origin": [-13.83919, 9.4603, 24]},
			"faces": {
				"north": {"uv": [0, 0, 16, 4.25], "texture": "#13"},
				"east": {"uv": [0, 0, 1.5, 4.25], "texture": "#13"},
				"south": {"uv": [3.392, 10.632, 12.672, 13.594], "texture": "#13"},
				"west": {"uv": [0, 0, 1.5, 4.25], "texture": "#13"},
				"up": {"uv": [0, 0, 16, 1.5], "texture": "#13"},
				"down": {"uv": [0, 0, 16, 1.5], "texture": "#13"}
			}
		},
		{
			"from": [1.5, 8.4, 15],
			"to": [2, 15.4, 15.5],
			"rotation": {"angle": 0, "axis": "y", "origin": [0, 0, 24]},
			"faces": {
				"north": {"uv": [0, 0, 16, 4.25], "texture": "#13"},
				"east": {"uv": [0, 0, 1.5, 4.25], "texture": "#13"},
				"south": {"uv": [3.392, 10.632, 12.672, 13.594], "texture": "#13"},
				"west": {"uv": [0, 0, 1.5, 4.25], "texture": "#13"},
				"up": {"uv": [0, 0, 16, 1.5], "texture": "#13"},
				"down": {"uv": [0, 0, 16, 1.5], "texture": "#13"}
			}
		},
		{
			"from": [12.73259, 7.46081, 15],
			"to": [14.73259, 7.96081, 15.5],
			"rotation": {"angle": 45, "axis": "z", "origin": [7.23259, -7.43919, 24]},
			"faces": {
				"north": {"uv": [0, 0, 16, 4.25], "texture": "#13"},
				"east": {"uv": [0, 0, 1.5, 4.25], "texture": "#13"},
				"south": {"uv": [3.392, 10.632, 12.672, 13.594], "texture": "#13"},
				"west": {"uv": [0, 0, 1.5, 4.25], "texture": "#13"},
				"up": {"uv": [0, 0, 16, 1.5], "texture": "#13"},
				"down": {"uv": [0, 0, 16, 1.5], "texture": "#13"}
			}
		},
		{
			"from": [7.71106, 23.01716, -9],
			"to": [9.71106, 23.51716, -8.5],
			"rotation": {"angle": -45, "axis": "z", "origin": [-6.78894, 8.11716, 0]},
			"faces": {
				"north": {"uv": [0, 0, 16, 4.25], "texture": "#13"},
				"east": {"uv": [0, 0, 1.5, 4.25], "texture": "#13"},
				"south": {"uv": [3.392, 10.632, 12.672, 13.594], "texture": "#13"},
				"west": {"uv": [0, 0, 1.5, 4.25], "texture": "#13"},
				"up": {"uv": [0, 0, 16, 1.5], "texture": "#13"},
				"down": {"uv": [0, 0, 16, 1.5], "texture": "#13"}
			}
		},
		{
			"from": [-8.83919, 24.3603, -9],
			"to": [-6.83919, 24.8603, -8.5],
			"rotation": {"angle": -45, "axis": "z", "origin": [-13.83919, 9.4603, 0]},
			"faces": {
				"north": {"uv": [0, 0, 16, 4.25], "texture": "#13"},
				"east": {"uv": [0, 0, 1.5, 4.25], "texture": "#13"},
				"south": {"uv": [3.392, 10.632, 12.672, 13.594], "texture": "#13"},
				"west": {"uv": [0, 0, 1.5, 4.25], "texture": "#13"},
				"up": {"uv": [0, 0, 16, 1.5], "texture": "#13"},
				"down": {"uv": [0, 0, 16, 1.5], "texture": "#13"}
			}
		},
		{
			"from": [1, 5, 21.25],
			"to": [15, 11.25, 26.25],
			"faces": {
				"north": {"uv": [0, 0, 16, 4.25], "texture": "#12"},
				"east": {"uv": [0, 0, 1.5, 4.25], "texture": "#12"},
				"south": {"uv": [3.392, 10.632, 12.672, 13.594], "texture": "#12"},
				"west": {"uv": [0, 0, 1.5, 4.25], "texture": "#12"},
				"up": {"uv": [0, 0, 16, 1.5], "texture": "#12"},
				"down": {"uv": [0, 0, 16, 1.5], "texture": "#12"}
			}
		},
		{
			"from": [13, 7.25, 27.75],
			"to": [14.5, 8.75, 27.9],
			"faces": {
				"north": {"uv": [0, 0, 16, 4.25], "texture": "#19"},
				"east": {"uv": [0, 0, 1.5, 4.25], "texture": "#19"},
				"south": {"uv": [0, 0, 16, 16], "texture": "#21"},
				"west": {"uv": [0, 0, 1.5, 4.25], "texture": "#19"},
				"up": {"uv": [0, 0, 16, 1.5], "texture": "#19"},
				"down": {"uv": [0, 0, 16, 1.5], "texture": "#19"}
			}
		},
		{
			"from": [13, 7, 27.75],
			"to": [14.5, 7.25, 27.9],
			"faces": {
				"north": {"uv": [0, 0, 16, 4.25], "texture": "#19"},
				"east": {"uv": [0, 0, 1.5, 4.25], "texture": "#19"},
				"south": {"uv": [0, 0, 16, 16], "texture": "#22"},
				"west": {"uv": [0, 0, 1.5, 4.25], "texture": "#19"},
				"up": {"uv": [0, 0, 16, 1.5], "texture": "#19"},
				"down": {"uv": [0, 0, 16, 1.5], "texture": "#19"}
			}
		},
		{
			"from": [1.5, 8.75, 27.75],
			"to": [3, 9, 27.9],
			"faces": {
				"north": {"uv": [0, 0, 16, 4.25], "texture": "#19"},
				"east": {"uv": [0, 0, 1.5, 4.25], "texture": "#19"},
				"south": {"uv": [0, 0, 16, 16], "texture": "#22"},
				"west": {"uv": [0, 0, 1.5, 4.25], "texture": "#19"},
				"up": {"uv": [0, 0, 16, 1.5], "texture": "#19"},
				"down": {"uv": [0, 0, 16, 1.5], "texture": "#19"}
			}
		},
		{
			"from": [13, 8.75, 27.75],
			"to": [14.5, 9, 27.9],
			"faces": {
				"north": {"uv": [0, 0, 16, 4.25], "texture": "#19"},
				"east": {"uv": [0, 0, 1.5, 4.25], "texture": "#19"},
				"south": {"uv": [0, 0, 16, 16], "texture": "#22"},
				"west": {"uv": [0, 0, 1.5, 4.25], "texture": "#19"},
				"up": {"uv": [0, 0, 16, 1.5], "texture": "#19"},
				"down": {"uv": [0, 0, 16, 1.5], "texture": "#19"}
			}
		},
		{
			"from": [1.5, 7.25, 27.75],
			"to": [3, 8.75, 27.9],
			"faces": {
				"north": {"uv": [0, 0, 16, 4.25], "texture": "#19"},
				"east": {"uv": [0, 0, 1.5, 4.25], "texture": "#19"},
				"south": {"uv": [0, 0, 16, 16], "texture": "#21"},
				"west": {"uv": [0, 0, 1.5, 4.25], "texture": "#19"},
				"up": {"uv": [0, 0, 16, 1.5], "texture": "#19"},
				"down": {"uv": [0, 0, 16, 1.5], "texture": "#19"}
			}
		},
		{
			"from": [1.5, 7, 27.75],
			"to": [3, 7.25, 27.9],
			"faces": {
				"north": {"uv": [0, 0, 16, 4.25], "texture": "#19"},
				"east": {"uv": [0, 0, 1.5, 4.25], "texture": "#19"},
				"south": {"uv": [0, 0, 16, 16], "texture": "#22"},
				"west": {"uv": [0, 0, 1.5, 4.25], "texture": "#19"},
				"up": {"uv": [0, 0, 16, 1.5], "texture": "#19"},
				"down": {"uv": [0, 0, 16, 1.5], "texture": "#19"}
			}
		},
		{
			"from": [-0.75, 18.75, -16],
			"to": [0, 19.5, -5.75],
			"faces": {
				"north": {"uv": [0, 0, 0.75, 0.75], "texture": "#3"},
				"east": {"uv": [0, 0, 10.25, 0.75], "texture": "#3"},
				"south": {"uv": [0, 0, 0.75, 0.75], "texture": "#3"},
				"west": {"uv": [0, 0, 10.25, 0.75], "texture": "#3"},
				"up": {"uv": [0, 0, 0.75, 10.25], "texture": "#3"},
				"down": {"uv": [0, 0, 0.75, 10.25], "texture": "#3"}
			}
		},
		{
			"from": [-0.75, 18.75, -5.75],
			"to": [0, 19.5, 2.5],
			"faces": {
				"north": {"uv": [0, 0, 0.75, 0.75], "texture": "#3"},
				"east": {"uv": [0, 0, 8.25, 0.75], "texture": "#3"},
				"south": {"uv": [0, 0, 0.75, 0.75], "texture": "#3"},
				"west": {"uv": [0, 0, 8.25, 0.75], "texture": "#3"},
				"up": {"uv": [0, 0, 0.75, 8.25], "texture": "#3"},
				"down": {"uv": [0, 0, 0.75, 8.25], "texture": "#3"}
			}
		},
		{
			"from": [16, 18.75, -16],
			"to": [16.75, 19.5, -5.75],
			"faces": {
				"north": {"uv": [0, 0, 0.75, 0.75], "texture": "#3"},
				"east": {"uv": [0, 0, 10.25, 0.75], "texture": "#3"},
				"south": {"uv": [0, 0, 0.75, 0.75], "texture": "#3"},
				"west": {"uv": [0, 0, 10.25, 0.75], "texture": "#3"},
				"up": {"uv": [0, 0, 0.75, 10.25], "texture": "#3"},
				"down": {"uv": [0, 0, 0.75, 10.25], "texture": "#3"}
			}
		},
		{
			"from": [16, 18.75, -5.75],
			"to": [16.75, 19.5, 2.5],
			"faces": {
				"north": {"uv": [0, 0, 0.75, 0.75], "texture": "#3"},
				"east": {"uv": [0, 0, 8.25, 0.75], "texture": "#3"},
				"south": {"uv": [0, 0, 0.75, 0.75], "texture": "#3"},
				"west": {"uv": [0, 0, 8.25, 0.75], "texture": "#3"},
				"up": {"uv": [0, 0, 0.75, 8.25], "texture": "#3"},
				"down": {"uv": [0, 0, 0.75, 8.25], "texture": "#3"}
			}
		},
		{
			"from": [6.5, 3.25, 27.95],
			"to": [9.5, 3.75, 28.7],
			"faces": {
				"north": {"uv": [0, 0, 16, 16], "texture": "#2"},
				"east": {"uv": [0, 0, 1.5, 4.25], "texture": "#2"},
				"south": {"uv": [0, 0, 16, 16], "texture": "#2"},
				"west": {"uv": [0, 0, 1.5, 4.25], "texture": "#2"},
				"up": {"uv": [0, 0, 16, 1.5], "texture": "#2"},
				"down": {"uv": [0, 0, 16, 1.5], "texture": "#2"}
			}
		},
		{
			"from": [6, 3.25, 27.95],
			"to": [6.5, 4.75, 28.7],
			"faces": {
				"north": {"uv": [0, 0, 16, 16], "texture": "#2"},
				"east": {"uv": [0, 0, 1.5, 4.25], "texture": "#2"},
				"south": {"uv": [0, 0, 16, 16], "texture": "#2"},
				"west": {"uv": [0, 0, 1.5, 4.25], "texture": "#2"},
				"up": {"uv": [0, 0, 16, 1.5], "texture": "#2"},
				"down": {"uv": [0, 0, 16, 1.5], "texture": "#2"}
			}
		},
		{
			"from": [6.5, 4.25, 27.95],
			"to": [9.5, 4.75, 28.7],
			"faces": {
				"north": {"uv": [0, 0, 16, 16], "texture": "#2"},
				"east": {"uv": [0, 0, 1.5, 4.25], "texture": "#2"},
				"south": {"uv": [0, 0, 16, 16], "texture": "#2"},
				"west": {"uv": [0, 0, 1.5, 4.25], "texture": "#2"},
				"up": {"uv": [0, 0, 16, 1.5], "texture": "#2"},
				"down": {"uv": [0, 0, 16, 1.5], "texture": "#2"}
			}
		},
		{
			"from": [7.75, 3.75, 27.95],
			"to": [8.25, 4.25, 28.7],
			"faces": {
				"north": {"uv": [0, 0, 16, 16], "texture": "#2"},
				"east": {"uv": [0, 0, 1.5, 4.25], "texture": "#2"},
				"south": {"uv": [0, 0, 16, 16], "texture": "#2"},
				"west": {"uv": [0, 0, 1.5, 4.25], "texture": "#2"},
				"up": {"uv": [0, 0, 16, 1.5], "texture": "#2"},
				"down": {"uv": [0, 0, 16, 1.5], "texture": "#2"}
			}
		},
		{
			"from": [6.5, 3.75, 27.95],
			"to": [7.75, 4.25, 29.45],
			"faces": {
				"north": {"uv": [0, 0, 16, 16], "texture": "#2"},
				"east": {"uv": [0, 0, 1.5, 4.25], "texture": "#2"},
				"south": {"uv": [0, 0, 16, 16], "texture": "#2"},
				"west": {"uv": [0, 0, 1.5, 4.25], "texture": "#2"},
				"up": {"uv": [0, 0, 16, 1.5], "texture": "#2"},
				"down": {"uv": [0, 0, 16, 1.5], "texture": "#2"}
			}
		},
		{
			"from": [9.5, 3.25, 27.95],
			"to": [10, 4.75, 28.7],
			"faces": {
				"north": {"uv": [0, 0, 16, 16], "texture": "#2"},
				"east": {"uv": [0, 0, 1.5, 4.25], "texture": "#2"},
				"south": {"uv": [0, 0, 16, 16], "texture": "#2"},
				"west": {"uv": [0, 0, 1.5, 4.25], "texture": "#2"},
				"up": {"uv": [0, 0, 16, 1.5], "texture": "#2"},
				"down": {"uv": [0, 0, 16, 1.5], "texture": "#2"}
			}
		},
		{
			"from": [6, 3.25, 27.7],
			"to": [10, 4.75, 27.95],
			"faces": {
				"north": {"uv": [0, 0, 16, 16], "texture": "#2"},
				"east": {"uv": [0, 0, 1.5, 4.25], "texture": "#2"},
				"south": {"uv": [0, 0, 16, 16], "texture": "#2"},
				"west": {"uv": [0, 0, 1.5, 4.25], "texture": "#2"},
				"up": {"uv": [0, 0, 16, 1.5], "texture": "#2"},
				"down": {"uv": [0, 0, 16, 1.5], "texture": "#2"}
			}
		}
	],
	"display": {
		"thirdperson_righthand": {
			"scale": [4, 4, 4]
		},
		"head": {
			"scale": [4, 4, 4]
		}
	}
}