{
	"credit": "Made with Blockbench",
	"textures": {
		"1": "block/gray_wool",
		"2": "block/iron_block",
		"particle": "block/black_wool"
	},
	"elements": [
		{
			"from": [15, 3, 6],
			"to": [16, 18.75, 10],
			"rotation": {"angle": 0, "axis": "y", "origin": [0, 0, -21]},
			"faces": {
				"north": {"uv": [0, 0, 0.75, 13.75], "texture": "#1"},
				"east": {"uv": [0, 0, 2, 13.75], "texture": "#1"},
				"south": {"uv": [0, 0, 0.75, 13.75], "texture": "#1"},
				"west": {"uv": [0, 0, 2, 13.75], "texture": "#1"},
				"up": {"uv": [0, 0, 0.75, 2], "texture": "#1"},
				"down": {"uv": [0, 0, 0.75, 2], "texture": "#1"}
			}
		},
		{
			"from": [1, 5, 6],
			"to": [15, 5.05, 10],
			"rotation": {"angle": 0, "axis": "y", "origin": [0, 0, 2]},
			"faces": {
				"north": {"uv": [0, 0, 12.5, 0.75], "texture": "#1"},
				"east": {"uv": [0, 0, 2, 0.75], "texture": "#1"},
				"south": {"uv": [0, 0, 12.5, 0.75], "texture": "#1"},
				"west": {"uv": [0, 0, 2, 0.75], "texture": "#1"},
				"up": {"uv": [2, 6, 14.5, 8], "texture": "#2"},
				"down": {"uv": [0, 0, 12.5, 2], "texture": "#1"}
			}
		},
		{
			"from": [1, 3, 6],
			"to": [15, 5, 10],
			"rotation": {"angle": 0, "axis": "y", "origin": [0, 0, -21]},
			"faces": {
				"north": {"uv": [0, 0, 12.5, 0.75], "texture": "#1"},
				"east": {"uv": [0, 0, 2, 0.75], "texture": "#1"},
				"south": {"uv": [0, 0, 12.5, 0.75], "texture": "#1"},
				"west": {"uv": [0, 0, 2, 0.75], "texture": "#1"},
				"up": {"uv": [0, 0, 12.5, 2], "texture": "#1"},
				"down": {"uv": [0, 0, 12.5, 2], "texture": "#1"}
			}
		},
		{
			"from": [0, 3, 6],
			"to": [1, 18.75, 10],
			"rotation": {"angle": 0, "axis": "y", "origin": [0, 0, -21]},
			"faces": {
				"north": {"uv": [0, 0, 0.75, 13.75], "texture": "#1"},
				"east": {"uv": [0, 0, 2, 13.75], "texture": "#1"},
				"south": {"uv": [0, 0, 0.75, 13.75], "texture": "#1"},
				"west": {"uv": [0, 0, 2, 13.75], "texture": "#1"},
				"up": {"uv": [0, 0, 0.75, 2], "texture": "#1"},
				"down": {"uv": [0, 0, 0.75, 2], "texture": "#1"}
			}
		},
		{
			"from": [30.61181, 23.66332, 6],
			"to": [31.36181, 25.71332, 10],
			"rotation": {"angle": 45, "axis": "z", "origin": [29.61181, 2.66332, -21]},
			"faces": {
				"north": {"uv": [0, 0, 0.75, 1.05], "texture": "#1"},
				"east": {"uv": [0, 0, 2, 1.05], "texture": "#1"},
				"south": {"uv": [0, 0, 0.75, 1.05], "texture": "#1"},
				"west": {"uv": [0, 0, 2, 1.05], "texture": "#1"},
				"up": {"uv": [0, 0, 0.75, 2], "texture": "#1"},
				"down": {"uv": [0, 0, 0.75, 2], "texture": "#1"}
			}
		},
		{
			"from": [1.45, 19.75, 6],
			"to": [14.55, 20.2, 10],
			"rotation": {"angle": 0, "axis": "y", "origin": [0, 0, -21]},
			"faces": {
				"north": {"uv": [0, 0, 12.5, 0.75], "texture": "#1"},
				"east": {"uv": [0, 0, 2, 0.75], "texture": "#1"},
				"south": {"uv": [0, 0, 12.5, 0.75], "texture": "#1"},
				"west": {"uv": [0, 0, 2, 0.75], "texture": "#1"},
				"up": {"uv": [0, 0, 12.5, 2], "texture": "#1"},
				"down": {"uv": [0, 0, 12.5, 2], "texture": "#1"}
			}
		},
		{
			"from": [-14.55635, 25.60786, 6],
			"to": [-13.80635, 27.65786, 10],
			"rotation": {"angle": -45, "axis": "z", "origin": [-15.55635, 4.60786, -21]},
			"faces": {
				"north": {"uv": [0, 0, 0.75, 1.05], "texture": "#1"},
				"east": {"uv": [0, 0, 2, 1.05], "texture": "#1"},
				"south": {"uv": [0, 0, 0.75, 1.05], "texture": "#1"},
				"west": {"uv": [0, 0, 2, 1.05], "texture": "#1"},
				"up": {"uv": [0, 0, 0.75, 2], "texture": "#1"},
				"down": {"uv": [0, 0, 0.75, 2], "texture": "#1"}
			}
		}
	],
	"display": {
		"firstperson_lefthand": {
			"scale": [4, 4, 4]
		},
		"head": {
			"scale": [4, 4, 4]
		}
	}
}