{
	"credit": "Made with Blockbench",
	"textures": {
		"0": "block/glass",
		"1": "block/cyan_wool",
		"2": "block/pink_shulker_box",
		"3": "block/white_concrete",
		"4": "block/light_gray_concrete",
		"6": "block/stripped_birch_log",
		"8": "entetsu",
		"9": "block/blackstone_top",
		"particle": "block/glass"
	},
	"elements": [
		{
			"from": [0, 4, 2],
			"to": [1, 9, 14],
			"rotation": {"angle": 0, "axis": "z", "origin": [1, 0, -4]},
			"faces": {
				"north": {"uv": [0, 0, 1, 5.25], "texture": "#6"},
				"east": {"uv": [0, 0, 16, 5.25], "texture": "#6"},
				"south": {"uv": [0, 0, 1, 5.25], "texture": "#6"},
				"west": {"uv": [3, 3, 13, 13], "texture": "#2"},
				"up": {"uv": [0, 0, 1, 16], "texture": "#6"},
				"down": {"uv": [0, 0, 1, 16], "texture": "#6"}
			}
		},
		{
			"from": [0, 9, 2],
			"to": [1, 13, 14],
			"rotation": {"angle": 0, "axis": "z", "origin": [1, 0, -4]},
			"faces": {
				"north": {"uv": [0, 0, 1, 5.25], "texture": "#6"},
				"east": {"uv": [0, 0, 16, 5.25], "texture": "#6"},
				"south": {"uv": [0, 0, 1, 5.25], "texture": "#6"},
				"west": {"uv": [3, 3, 13, 13], "texture": "#3"},
				"up": {"uv": [0, 0, 1, 16], "texture": "#6"},
				"down": {"uv": [0, 0, 1, 16], "texture": "#6"}
			}
		},
		{
			"from": [0.25, 14.75, 4],
			"to": [1, 16.75, 12],
			"rotation": {"angle": 0, "axis": "z", "origin": [1, 0, -4]},
			"faces": {
				"north": {"uv": [0, 0, 1, 5.25], "texture": "#6"},
				"east": {"uv": [1, 11.75, 15, 16], "texture": "#0"},
				"south": {"uv": [0, 0, 1, 5.25], "texture": "#6"},
				"west": {"uv": [3, 3, 13, 13], "texture": "#3"},
				"up": {"uv": [0, 0, 1, 16], "texture": "#6"},
				"down": {"uv": [0, 0, 1, 16], "texture": "#6"}
			}
		},
		{
			"from": [0, 13, 4],
			"to": [1, 14.75, 12],
			"rotation": {"angle": 0, "axis": "z", "origin": [1, 0, -4]},
			"faces": {
				"north": {"uv": [0, 0, 1, 5.25], "texture": "#6"},
				"east": {"uv": [0, 0, 16, 5.25], "texture": "#6"},
				"south": {"uv": [0, 0, 1, 5.25], "texture": "#6"},
				"west": {"uv": [3, 3, 13, 13], "texture": "#3"},
				"up": {"uv": [0, 0, 1, 16], "texture": "#6"},
				"down": {"uv": [0, 0, 1, 16], "texture": "#6"}
			}
		},
		{
			"from": [0, 0, 2],
			"to": [1, 4, 14],
			"rotation": {"angle": 0, "axis": "z", "origin": [1, 0, -4]},
			"faces": {
				"north": {"uv": [0, 0, 1, 4], "texture": "#6"},
				"east": {"uv": [0, 0, 16, 4], "texture": "#6"},
				"south": {"uv": [0, 0, 1, 4], "texture": "#6"},
				"west": {"uv": [0, 0, 16, 4], "texture": "#4"},
				"up": {"uv": [0, 0, 1, 16], "texture": "#4"},
				"down": {"uv": [0, 0, 1, 16], "texture": "#4"}
			}
		},
		{
			"from": [15, 24.75, 2],
			"to": [16, 28, 14],
			"rotation": {"angle": 0, "axis": "z", "origin": [15, 3, -4]},
			"faces": {
				"north": {"uv": [1, 0, 0, 3.25], "texture": "#6"},
				"east": {"uv": [13, 3, 3, 13], "texture": "#2"},
				"south": {"uv": [1, 0, 0, 3.25], "texture": "#6"},
				"west": {"uv": [16, 0, 0, 3.25], "texture": "#6"},
				"up": {"uv": [1, 0, 0, 16], "texture": "#6"},
				"down": {"uv": [1, 0, 0, 16], "texture": "#6"}
			}
		},
		{
			"from": [15, 13, 12],
			"to": [16, 24.75, 14],
			"rotation": {"angle": 0, "axis": "y", "origin": [16, 0, -4]},
			"faces": {
				"north": {"uv": [1, 0, 0, 12.75], "texture": "#6"},
				"east": {"uv": [2, 0, 0, 12.75], "texture": "#3"},
				"south": {"uv": [1, 0, 0, 12.75], "texture": "#6"},
				"west": {"uv": [2, 0, 0, 12.75], "texture": "#6"},
				"up": {"uv": [1, 0, 0, 2], "texture": "#6"},
				"down": {"uv": [1, 0, 0, 2], "texture": "#6"}
			}
		},
		{
			"name": "window",
			"from": [15, 16.75, 4],
			"to": [16, 24.75, 12],
			"rotation": {"angle": 0, "axis": "y", "origin": [16, 0, -4]},
			"faces": {
				"north": {"uv": [1, 0, 0, 12.75], "texture": "#0"},
				"east": {"uv": [0, 0, 16, 16], "texture": "#8"},
				"south": {"uv": [1, 0, 0, 12.75], "texture": "#0"},
				"west": {"uv": [15, 0, 1, 12], "texture": "#0"},
				"up": {"uv": [1, 0, 0, 16], "texture": "#0"},
				"down": {"uv": [1, 0, 0, 16], "texture": "#0"}
			}
		},
		{
			"from": [15, 14.75, 4],
			"to": [15.75, 16.75, 12],
			"rotation": {"angle": 0, "axis": "z", "origin": [15, 0, -4]},
			"faces": {
				"north": {"uv": [1, 0, 0, 5.25], "texture": "#6"},
				"east": {"uv": [13, 3, 3, 13], "texture": "#3"},
				"south": {"uv": [1, 0, 0, 5.25], "texture": "#6"},
				"west": {"uv": [15, 11.75, 1, 16], "texture": "#0"},
				"up": {"uv": [1, 0, 0, 16], "texture": "#6"},
				"down": {"uv": [1, 0, 0, 16], "texture": "#6"}
			}
		},
		{
			"from": [15, 13, 4],
			"to": [16, 14.75, 12],
			"rotation": {"angle": 0, "axis": "z", "origin": [15, 0, -4]},
			"faces": {
				"north": {"uv": [1, 0, 0, 5.25], "texture": "#6"},
				"east": {"uv": [13, 3, 3, 13], "texture": "#3"},
				"south": {"uv": [1, 0, 0, 5.25], "texture": "#6"},
				"west": {"uv": [16, 0, 0, 5.25], "texture": "#6"},
				"up": {"uv": [1, 0, 0, 16], "texture": "#6"},
				"down": {"uv": [1, 0, 0, 16], "texture": "#6"}
			}
		},
		{
			"from": [15, 9, 2],
			"to": [16, 13, 14],
			"rotation": {"angle": 0, "axis": "z", "origin": [15, 0, -4]},
			"faces": {
				"north": {"uv": [1, 0, 0, 5.25], "texture": "#6"},
				"east": {"uv": [13, 3, 3, 13], "texture": "#3"},
				"south": {"uv": [1, 0, 0, 5.25], "texture": "#6"},
				"west": {"uv": [16, 0, 0, 5.25], "texture": "#6"},
				"up": {"uv": [1, 0, 0, 16], "texture": "#6"},
				"down": {"uv": [1, 0, 0, 16], "texture": "#6"}
			}
		},
		{
			"from": [15, 13, 2],
			"to": [16, 24.75, 4],
			"rotation": {"angle": 0, "axis": "y", "origin": [16, 0, -4]},
			"faces": {
				"north": {"uv": [1, 0, 0, 12.75], "texture": "#6"},
				"east": {"uv": [2, 0, 0, 12.75], "texture": "#3"},
				"south": {"uv": [1, 0, 0, 12.75], "texture": "#3"},
				"west": {"uv": [2, 0, 0, 12.75], "texture": "#6"},
				"up": {"uv": [1, 0, 0, 2], "texture": "#6"},
				"down": {"uv": [1, 0, 0, 2], "texture": "#6"}
			}
		},
		{
			"from": [15, 4, 2],
			"to": [16, 9, 14],
			"rotation": {"angle": 0, "axis": "z", "origin": [15, 0, -4]},
			"faces": {
				"north": {"uv": [1, 0, 0, 5.25], "texture": "#6"},
				"east": {"uv": [13, 3, 3, 13], "texture": "#2"},
				"south": {"uv": [1, 0, 0, 5.25], "texture": "#6"},
				"west": {"uv": [16, 0, 0, 5.25], "texture": "#6"},
				"up": {"uv": [1, 0, 0, 16], "texture": "#6"},
				"down": {"uv": [1, 0, 0, 16], "texture": "#6"}
			}
		},
		{
			"from": [15, 0, 2],
			"to": [16, 4, 14],
			"rotation": {"angle": 0, "axis": "z", "origin": [15, 0, -4]},
			"faces": {
				"north": {"uv": [1, 0, 0, 4], "texture": "#6"},
				"east": {"uv": [16, 0, 0, 4], "texture": "#4"},
				"south": {"uv": [1, 0, 0, 4], "texture": "#6"},
				"west": {"uv": [16, 0, 0, 4], "texture": "#6"},
				"up": {"uv": [1, 0, 0, 16], "texture": "#4"},
				"down": {"uv": [1, 0, 0, 16], "texture": "#4"}
			}
		},
		{
			"from": [1, 0, 2],
			"to": [15, 1, 14],
			"rotation": {"angle": 0, "axis": "y", "origin": [0, 0, -4]},
			"faces": {
				"north": {"uv": [0, 0, 14, 1], "texture": "#6"},
				"east": {"uv": [0, 0, 16, 1], "texture": "#6"},
				"south": {"uv": [0, 0, 14, 1], "texture": "#6"},
				"west": {"uv": [0, 0, 16, 1], "texture": "#6"},
				"up": {"uv": [0, 0, 14, 16], "texture": "#6"},
				"down": {"uv": [0, 0, 14, 16], "texture": "#4"}
			}
		},
		{
			"from": [0.65, 3.9, 2.25],
			"to": [6.25, 5.1, 13.85],
			"rotation": {"angle": 0, "axis": "y", "origin": [0.65, 0.9, 9.9]},
			"faces": {
				"north": {"uv": [0, 0, 8, 6], "texture": "#1"},
				"east": {"uv": [0, 0, 16, 6], "texture": "#1"},
				"south": {"uv": [0, 0, 8, 6], "texture": "#1"},
				"west": {"uv": [0, 0, 16, 6], "texture": "#1"},
				"up": {"uv": [0, 0, 8, 8], "texture": "#1"},
				"down": {"uv": [0, 0, 8, 8], "texture": "#1"}
			}
		},
		{
			"from": [0.65, 5.1, 2.25],
			"to": [1.35, 12.7, 13.85],
			"rotation": {"angle": 0, "axis": "y", "origin": [0.65, 0.9, 9.9]},
			"faces": {
				"north": {"uv": [0, 0, 1, 8], "texture": "#1"},
				"east": {"uv": [0, 0, 16, 8], "texture": "#1"},
				"south": {"uv": [0, 0, 1, 8], "texture": "#1"},
				"west": {"uv": [0, 0, 16, 8], "texture": "#1"},
				"up": {"uv": [0, 0, 1, 8], "texture": "#1"},
				"down": {"uv": [0, 0, 1, 8], "texture": "#1"}
			}
		},
		{
			"from": [1.075, 4.74707, 2.05513],
			"to": [1.775, 9.64707, 13.65513],
			"rotation": {"angle": 22.5, "axis": "z", "origin": [3.45, 8.24707, 8.50513]},
			"faces": {
				"north": {"uv": [0, 0, 1, 7], "texture": "#1"},
				"east": {"uv": [0, 0, 16, 7], "texture": "#1"},
				"south": {"uv": [0, 0, 1, 7], "texture": "#1"},
				"west": {"uv": [0, 0, 16, 7], "texture": "#1"},
				"up": {"uv": [0, 0, 1, 8], "texture": "#1"},
				"down": {"uv": [0, 0, 1, 8], "texture": "#1"}
			}
		},
		{
			"from": [13.9, 4.65, 2.25],
			"to": [15.1, 10.25, 13.85],
			"rotation": {"angle": 22.5, "axis": "z", "origin": [15, 5, 9.9]},
			"faces": {
				"north": {"uv": [8, 0, 0, 6], "rotation": 270, "texture": "#1"},
				"east": {"uv": [8, 0, 0, 8], "rotation": 90, "texture": "#1"},
				"south": {"uv": [8, 0, 0, 6], "rotation": 90, "texture": "#1"},
				"west": {"uv": [8, 0, 0, 8], "rotation": 90, "texture": "#1"},
				"up": {"uv": [16, 0, 0, 6], "rotation": 90, "texture": "#1"},
				"down": {"uv": [16, 0, 0, 6], "rotation": 90, "texture": "#1"}
			}
		},
		{
			"from": [14.65, 5.1, 2.25],
			"to": [15.35, 12.7, 13.85],
			"rotation": {"angle": 0, "axis": "y", "origin": [15.35, 0.9, 9.9]},
			"faces": {
				"north": {"uv": [1, 0, 0, 8], "texture": "#1"},
				"east": {"uv": [16, 0, 0, 8], "texture": "#1"},
				"south": {"uv": [1, 0, 0, 8], "texture": "#1"},
				"west": {"uv": [16, 0, 0, 8], "texture": "#1"},
				"up": {"uv": [1, 0, 0, 8], "texture": "#1"},
				"down": {"uv": [1, 0, 0, 8], "texture": "#1"}
			}
		},
		{
			"from": [14.225, 4.74707, 2.05513],
			"to": [14.925, 9.64707, 13.65513],
			"rotation": {"angle": 0, "axis": "z", "origin": [12.55, 8.24707, 8.50513]},
			"faces": {
				"north": {"uv": [1, 0, 0, 7], "texture": "#1"},
				"east": {"uv": [16, 0, 0, 7], "texture": "#1"},
				"south": {"uv": [1, 0, 0, 7], "texture": "#1"},
				"west": {"uv": [16, 0, 0, 7], "texture": "#1"},
				"up": {"uv": [1, 0, 0, 8], "texture": "#1"},
				"down": {"uv": [1, 0, 0, 8], "texture": "#1"}
			}
		},
		{
			"name": "window",
			"from": [0, 13, -10],
			"to": [1, 24.75, 2],
			"rotation": {"angle": 0, "axis": "y", "origin": [0, 0, -18]},
			"faces": {
				"north": {"uv": [0, 0, 1, 12.75], "texture": "#0"},
				"east": {"uv": [0, 0, 16, 16], "texture": "#0"},
				"south": {"uv": [0, 0, 1, 12.75], "texture": "#0"},
				"west": {"uv": [0, 0, 16, 16], "texture": "#0"},
				"up": {"uv": [0, 0, 1, 16], "texture": "#0"},
				"down": {"uv": [0, 0, 1, 16], "texture": "#0"}
			}
		},
		{
			"name": "window",
			"from": [15, 13, -10],
			"to": [16, 24.75, 2],
			"rotation": {"angle": 0, "axis": "y", "origin": [0, 0, -2]},
			"faces": {
				"north": {"uv": [1, 0, 0, 12.75], "texture": "#0"},
				"east": {"uv": [16, 0, 0, 16], "texture": "#0"},
				"south": {"uv": [1, 0, 0, 12.75], "texture": "#0"},
				"west": {"uv": [16, 0, 0, 16], "texture": "#0"},
				"up": {"uv": [0, 16, 1, 0], "texture": "#0"},
				"down": {"uv": [0, 16, 1, 0], "texture": "#0"}
			}
		},
		{
			"from": [15, 13, -12],
			"to": [16, 24.75, -10],
			"rotation": {"angle": 0, "axis": "y", "origin": [0, 0, -18]},
			"faces": {
				"north": {"uv": [0, 0, 1, 12.75], "texture": "#6"},
				"east": {"uv": [0, 0, 2, 12.75], "texture": "#3"},
				"south": {"uv": [0, 0, 1, 12.75], "texture": "#6"},
				"west": {"uv": [0, 0, 2, 12.75], "texture": "#6"},
				"up": {"uv": [0, 0, 1, 2], "texture": "#6"},
				"down": {"uv": [0, 0, 1, 2], "texture": "#6"}
			}
		},
		{
			"from": [0, 13, -12],
			"to": [1, 24.75, -10],
			"rotation": {"angle": 0, "axis": "y", "origin": [0, 0, -18]},
			"faces": {
				"north": {"uv": [0, 0, 1, 12.75], "texture": "#6"},
				"east": {"uv": [0, 0, 2, 12.75], "texture": "#6"},
				"south": {"uv": [0, 0, 1, 12.75], "texture": "#3"},
				"west": {"uv": [0, 0, 2, 12.75], "texture": "#3"},
				"up": {"uv": [0, 0, 1, 2], "texture": "#6"},
				"down": {"uv": [0, 0, 1, 2], "texture": "#6"}
			}
		},
		{
			"from": [15, 24.75, -12],
			"to": [16, 28, 2],
			"rotation": {"angle": 0, "axis": "z", "origin": [15, 3, -18]},
			"faces": {
				"north": {"uv": [1, 0, 2, 3.25], "texture": "#6"},
				"east": {"uv": [3, 3, 13, 13], "texture": "#2"},
				"south": {"uv": [1, 0, 2, 3.25], "texture": "#6"},
				"west": {"uv": [0, 0, 16, 3.25], "texture": "#6"},
				"up": {"uv": [1, 0, 2, 16], "texture": "#6"},
				"down": {"uv": [1, 0, 2, 16], "texture": "#6"}
			}
		},
		{
			"from": [15, 4, -12],
			"to": [16, 9, 2],
			"rotation": {"angle": 0, "axis": "z", "origin": [15, 0, -18]},
			"faces": {
				"north": {"uv": [1, 0, 2, 5.25], "texture": "#6"},
				"east": {"uv": [3, 3, 13, 13], "texture": "#2"},
				"south": {"uv": [1, 0, 2, 5.25], "texture": "#6"},
				"west": {"uv": [0, 0, 16, 5.25], "texture": "#6"},
				"up": {"uv": [1, 0, 2, 16], "texture": "#6"},
				"down": {"uv": [1, 0, 2, 16], "texture": "#6"}
			}
		},
		{
			"from": [15, 9, -12],
			"to": [16, 13, 2],
			"rotation": {"angle": 0, "axis": "z", "origin": [15, 0, -18]},
			"faces": {
				"north": {"uv": [1, 0, 2, 5.25], "texture": "#6"},
				"east": {"uv": [3, 3, 13, 13], "texture": "#3"},
				"south": {"uv": [1, 0, 2, 5.25], "texture": "#6"},
				"west": {"uv": [0, 0, 16, 5.25], "texture": "#6"},
				"up": {"uv": [1, 0, 2, 16], "texture": "#6"},
				"down": {"uv": [1, 0, 2, 16], "texture": "#6"}
			}
		},
		{
			"from": [0, 24.75, -12],
			"to": [1, 28, 2],
			"rotation": {"angle": 0, "axis": "z", "origin": [1, 3, -18]},
			"faces": {
				"north": {"uv": [0, 0, 1, 3.25], "texture": "#6"},
				"east": {"uv": [0, 0, 16, 3.25], "texture": "#6"},
				"south": {"uv": [0, 0, 1, 3.25], "texture": "#6"},
				"west": {"uv": [3, 3, 13, 13], "texture": "#2"},
				"up": {"uv": [0, 0, 1, 16], "texture": "#6"},
				"down": {"uv": [0, 0, 1, 16], "texture": "#6"}
			}
		},
		{
			"from": [0, 4, -12],
			"to": [1, 9, 2],
			"rotation": {"angle": 0, "axis": "z", "origin": [1, 0, -18]},
			"faces": {
				"north": {"uv": [0, 0, 1, 5.25], "texture": "#6"},
				"east": {"uv": [0, 0, 16, 5.25], "texture": "#6"},
				"south": {"uv": [0, 0, 1, 5.25], "texture": "#6"},
				"west": {"uv": [3, 3, 13, 13], "texture": "#2"},
				"up": {"uv": [0, 0, 1, 16], "texture": "#6"},
				"down": {"uv": [0, 0, 1, 16], "texture": "#6"}
			}
		},
		{
			"from": [0, 9, -12],
			"to": [1, 13, 2],
			"rotation": {"angle": 0, "axis": "z", "origin": [1, 0, -18]},
			"faces": {
				"north": {"uv": [0, 0, 1, 5.25], "texture": "#6"},
				"east": {"uv": [0, 0, 16, 5.25], "texture": "#6"},
				"south": {"uv": [0, 0, 1, 5.25], "texture": "#6"},
				"west": {"uv": [3, 3, 13, 13], "texture": "#3"},
				"up": {"uv": [0, 0, 1, 16], "texture": "#6"},
				"down": {"uv": [0, 0, 1, 16], "texture": "#6"}
			}
		},
		{
			"from": [15, 0, -12],
			"to": [16, 4, 2],
			"rotation": {"angle": 0, "axis": "z", "origin": [15, 0, -18]},
			"faces": {
				"north": {"uv": [1, 0, 0, 4], "texture": "#6"},
				"east": {"uv": [16, 0, 0, 4], "texture": "#4"},
				"south": {"uv": [1, 0, 0, 4], "texture": "#6"},
				"west": {"uv": [16, 0, 0, 4], "texture": "#6"},
				"up": {"uv": [1, 0, 0, 16], "texture": "#4"},
				"down": {"uv": [1, 0, 0, 16], "texture": "#4"}
			}
		},
		{
			"from": [0, 0, -12],
			"to": [1, 4, 2],
			"rotation": {"angle": 0, "axis": "z", "origin": [1, 0, -18]},
			"faces": {
				"north": {"uv": [0, 0, 1, 4], "texture": "#6"},
				"east": {"uv": [0, 0, 16, 4], "texture": "#6"},
				"south": {"uv": [0, 0, 1, 4], "texture": "#6"},
				"west": {"uv": [0, 0, 16, 4], "texture": "#4"},
				"up": {"uv": [0, 0, 1, 16], "texture": "#4"},
				"down": {"uv": [0, 0, 1, 16], "texture": "#4"}
			}
		},
		{
			"from": [1, 0, -12],
			"to": [15, 1, 2],
			"rotation": {"angle": 0, "axis": "y", "origin": [0, 0, -18]},
			"faces": {
				"north": {"uv": [0, 0, 14, 1], "texture": "#6"},
				"east": {"uv": [0, 0, 16, 1], "texture": "#6"},
				"south": {"uv": [0, 0, 14, 1], "texture": "#6"},
				"west": {"uv": [0, 0, 16, 1], "texture": "#6"},
				"up": {"uv": [0, 0, 14, 16], "texture": "#6"},
				"down": {"uv": [0, 0, 14, 16], "texture": "#4"}
			}
		},
		{
			"from": [0.65, 3.9, -11.75],
			"to": [6.25, 5.1, 1.85],
			"rotation": {"angle": 0, "axis": "y", "origin": [0.65, 0.9, -4.1]},
			"faces": {
				"north": {"uv": [0, 0, 8, 6], "texture": "#1"},
				"east": {"uv": [0, 0, 16, 6], "texture": "#1"},
				"south": {"uv": [0, 0, 8, 6], "texture": "#1"},
				"west": {"uv": [0, 0, 16, 6], "texture": "#1"},
				"up": {"uv": [0, 0, 8, 8], "texture": "#1"},
				"down": {"uv": [0, 0, 8, 8], "texture": "#1"}
			}
		},
		{
			"from": [0.65, 5.1, -11.75],
			"to": [1.35, 12.7, 1.85],
			"rotation": {"angle": 0, "axis": "y", "origin": [0.65, 0.9, -4.1]},
			"faces": {
				"north": {"uv": [0, 0, 1, 8], "texture": "#1"},
				"east": {"uv": [0, 0, 16, 8], "texture": "#1"},
				"south": {"uv": [0, 0, 1, 8], "texture": "#1"},
				"west": {"uv": [0, 0, 16, 8], "texture": "#1"},
				"up": {"uv": [0, 0, 1, 8], "texture": "#1"},
				"down": {"uv": [0, 0, 1, 8], "texture": "#1"}
			}
		},
		{
			"from": [1.075, 4.74707, -11.94487],
			"to": [1.775, 9.64707, 1.65513],
			"rotation": {"angle": 22.5, "axis": "z", "origin": [3.45, 8.24707, -5.49487]},
			"faces": {
				"north": {"uv": [0, 0, 1, 7], "texture": "#1"},
				"east": {"uv": [0, 0, 16, 7], "texture": "#1"},
				"south": {"uv": [0, 0, 1, 7], "texture": "#1"},
				"west": {"uv": [0, 0, 16, 7], "texture": "#1"},
				"up": {"uv": [0, 0, 1, 8], "texture": "#1"},
				"down": {"uv": [0, 0, 1, 8], "texture": "#1"}
			}
		},
		{
			"from": [13.9, 4.65, -11.75],
			"to": [15.1, 10.25, 1.85],
			"rotation": {"angle": 22.5, "axis": "z", "origin": [15, 5, -4.1]},
			"faces": {
				"north": {"uv": [8, 0, 0, 6], "rotation": 270, "texture": "#1"},
				"east": {"uv": [8, 0, 0, 8], "rotation": 90, "texture": "#1"},
				"south": {"uv": [8, 0, 0, 6], "rotation": 90, "texture": "#1"},
				"west": {"uv": [8, 0, 0, 8], "rotation": 90, "texture": "#1"},
				"up": {"uv": [16, 0, 0, 6], "rotation": 90, "texture": "#1"},
				"down": {"uv": [16, 0, 0, 6], "rotation": 90, "texture": "#1"}
			}
		},
		{
			"from": [14.65, 5.1, -11.75],
			"to": [15.35, 12.7, 1.85],
			"rotation": {"angle": 0, "axis": "y", "origin": [15.35, 0.9, -4.1]},
			"faces": {
				"north": {"uv": [1, 0, 0, 8], "texture": "#1"},
				"east": {"uv": [16, 0, 0, 8], "texture": "#1"},
				"south": {"uv": [1, 0, 0, 8], "texture": "#1"},
				"west": {"uv": [16, 0, 0, 8], "texture": "#1"},
				"up": {"uv": [1, 0, 0, 8], "texture": "#1"},
				"down": {"uv": [1, 0, 0, 8], "texture": "#1"}
			}
		},
		{
			"from": [14.225, 4.74707, -11.94487],
			"to": [14.925, 9.64707, 1.65513],
			"rotation": {"angle": 0, "axis": "z", "origin": [12.55, 8.24707, -5.49487]},
			"faces": {
				"north": {"uv": [1, 0, 0, 7], "texture": "#1"},
				"east": {"uv": [16, 0, 0, 7], "texture": "#1"},
				"south": {"uv": [1, 0, 0, 7], "texture": "#1"},
				"west": {"uv": [16, 0, 0, 7], "texture": "#1"},
				"up": {"uv": [1, 0, 0, 8], "texture": "#1"},
				"down": {"uv": [1, 0, 0, 8], "texture": "#1"}
			}
		},
		{
			"name": "window",
			"from": [0, 13, 14],
			"to": [1, 24.75, 26],
			"rotation": {"angle": 0, "axis": "y", "origin": [0, 0, 10]},
			"faces": {
				"north": {"uv": [0, 0, 1, 12.75], "texture": "#0"},
				"east": {"uv": [0, 0, 16, 16], "texture": "#0"},
				"south": {"uv": [0, 0, 1, 12.75], "texture": "#0"},
				"west": {"uv": [0, 0, 16, 16], "texture": "#0"},
				"up": {"uv": [0, 0, 1, 16], "texture": "#0"},
				"down": {"uv": [0, 0, 1, 16], "texture": "#0"}
			}
		},
		{
			"name": "window",
			"from": [15, 13, 14],
			"to": [16, 24.75, 26],
			"rotation": {"angle": 0, "axis": "y", "origin": [0, 0, 26]},
			"faces": {
				"north": {"uv": [1, 0, 0, 12.75], "texture": "#0"},
				"east": {"uv": [16, 0, 0, 16], "texture": "#0"},
				"south": {"uv": [1, 0, 0, 12.75], "texture": "#0"},
				"west": {"uv": [16, 0, 0, 16], "texture": "#0"},
				"up": {"uv": [0, 16, 1, 0], "texture": "#0"},
				"down": {"uv": [0, 16, 1, 0], "texture": "#0"}
			}
		},
		{
			"from": [15, 13, 26],
			"to": [16, 24.75, 28],
			"rotation": {"angle": 0, "axis": "y", "origin": [0, 0, 10]},
			"faces": {
				"north": {"uv": [0, 0, 1, 12.75], "texture": "#3"},
				"east": {"uv": [0, 0, 2, 12.75], "texture": "#3"},
				"south": {"uv": [0, 0, 1, 12.75], "texture": "#6"},
				"west": {"uv": [0, 0, 2, 12.75], "texture": "#6"},
				"up": {"uv": [0, 0, 1, 2], "texture": "#6"},
				"down": {"uv": [0, 0, 1, 2], "texture": "#6"}
			}
		},
		{
			"from": [0, 13, 26],
			"to": [1, 24.75, 28],
			"rotation": {"angle": 0, "axis": "y", "origin": [0, 0, 10]},
			"faces": {
				"north": {"uv": [0, 0, 1, 12.75], "texture": "#6"},
				"east": {"uv": [0, 0, 2, 12.75], "texture": "#6"},
				"south": {"uv": [0, 0, 1, 12.75], "texture": "#6"},
				"west": {"uv": [0, 0, 2, 12.75], "texture": "#3"},
				"up": {"uv": [0, 0, 1, 2], "texture": "#6"},
				"down": {"uv": [0, 0, 1, 2], "texture": "#6"}
			}
		},
		{
			"from": [15, 24.75, 14],
			"to": [16, 28, 28],
			"rotation": {"angle": 0, "axis": "z", "origin": [15, 3, 8]},
			"faces": {
				"north": {"uv": [1, 0, 2, 3.25], "texture": "#6"},
				"east": {"uv": [3, 3, 13, 13], "texture": "#2"},
				"south": {"uv": [1, 0, 2, 3.25], "texture": "#6"},
				"west": {"uv": [0, 0, 16, 3.25], "texture": "#6"},
				"up": {"uv": [1, 0, 2, 16], "texture": "#6"},
				"down": {"uv": [1, 0, 2, 16], "texture": "#6"}
			}
		},
		{
			"from": [15, 4, 14],
			"to": [16, 9, 28],
			"rotation": {"angle": 0, "axis": "z", "origin": [15, 0, 8]},
			"faces": {
				"north": {"uv": [1, 0, 2, 5.25], "texture": "#6"},
				"east": {"uv": [3, 3, 13, 13], "texture": "#2"},
				"south": {"uv": [1, 0, 2, 5.25], "texture": "#6"},
				"west": {"uv": [0, 0, 16, 5.25], "texture": "#6"},
				"up": {"uv": [1, 0, 2, 16], "texture": "#6"},
				"down": {"uv": [1, 0, 2, 16], "texture": "#6"}
			}
		},
		{
			"from": [15, 9, 14],
			"to": [16, 13, 28],
			"rotation": {"angle": 0, "axis": "z", "origin": [15, 0, 8]},
			"faces": {
				"north": {"uv": [1, 0, 2, 5.25], "texture": "#6"},
				"east": {"uv": [3, 3, 13, 13], "texture": "#3"},
				"south": {"uv": [1, 0, 2, 5.25], "texture": "#6"},
				"west": {"uv": [0, 0, 16, 5.25], "texture": "#6"},
				"up": {"uv": [1, 0, 2, 16], "texture": "#6"},
				"down": {"uv": [1, 0, 2, 16], "texture": "#6"}
			}
		},
		{
			"from": [0, 24.75, 14],
			"to": [1, 28, 28],
			"rotation": {"angle": 0, "axis": "z", "origin": [1, 3, 8]},
			"faces": {
				"north": {"uv": [0, 0, 1, 3.25], "texture": "#6"},
				"east": {"uv": [0, 0, 16, 3.25], "texture": "#6"},
				"south": {"uv": [0, 0, 1, 3.25], "texture": "#6"},
				"west": {"uv": [3, 3, 13, 13], "texture": "#2"},
				"up": {"uv": [0, 0, 1, 16], "texture": "#6"},
				"down": {"uv": [0, 0, 1, 16], "texture": "#6"}
			}
		},
		{
			"from": [0, 4, 14],
			"to": [1, 9, 28],
			"rotation": {"angle": 0, "axis": "z", "origin": [1, 0, 8]},
			"faces": {
				"north": {"uv": [0, 0, 1, 5.25], "texture": "#6"},
				"east": {"uv": [0, 0, 16, 5.25], "texture": "#6"},
				"south": {"uv": [0, 0, 1, 5.25], "texture": "#6"},
				"west": {"uv": [3, 3, 13, 13], "texture": "#2"},
				"up": {"uv": [0, 0, 1, 16], "texture": "#6"},
				"down": {"uv": [0, 0, 1, 16], "texture": "#6"}
			}
		},
		{
			"from": [0, 9, 14],
			"to": [1, 13, 28],
			"rotation": {"angle": 0, "axis": "z", "origin": [1, 0, 8]},
			"faces": {
				"north": {"uv": [0, 0, 1, 5.25], "texture": "#6"},
				"east": {"uv": [0, 0, 16, 5.25], "texture": "#6"},
				"south": {"uv": [0, 0, 1, 5.25], "texture": "#6"},
				"west": {"uv": [3, 3, 13, 13], "texture": "#3"},
				"up": {"uv": [0, 0, 1, 16], "texture": "#6"},
				"down": {"uv": [0, 0, 1, 16], "texture": "#6"}
			}
		},
		{
			"from": [15, 0, 14],
			"to": [16, 4, 28],
			"rotation": {"angle": 0, "axis": "z", "origin": [15, 0, 8]},
			"faces": {
				"north": {"uv": [1, 0, 0, 4], "texture": "#6"},
				"east": {"uv": [16, 0, 0, 4], "texture": "#4"},
				"south": {"uv": [1, 0, 0, 4], "texture": "#6"},
				"west": {"uv": [16, 0, 0, 4], "texture": "#6"},
				"up": {"uv": [1, 0, 0, 16], "texture": "#4"},
				"down": {"uv": [1, 0, 0, 16], "texture": "#4"}
			}
		},
		{
			"from": [0, 0, 14],
			"to": [1, 4, 28],
			"rotation": {"angle": 0, "axis": "z", "origin": [1, 0, 8]},
			"faces": {
				"north": {"uv": [0, 0, 1, 4], "texture": "#6"},
				"east": {"uv": [0, 0, 16, 4], "texture": "#6"},
				"south": {"uv": [0, 0, 1, 4], "texture": "#6"},
				"west": {"uv": [0, 0, 16, 4], "texture": "#4"},
				"up": {"uv": [0, 0, 1, 16], "texture": "#4"},
				"down": {"uv": [0, 0, 1, 16], "texture": "#4"}
			}
		},
		{
			"from": [1, 0, 14],
			"to": [15, 1, 28],
			"rotation": {"angle": 0, "axis": "y", "origin": [0, 0, 8]},
			"faces": {
				"north": {"uv": [0, 0, 14, 1], "texture": "#6"},
				"east": {"uv": [0, 0, 16, 1], "texture": "#6"},
				"south": {"uv": [0, 0, 14, 1], "texture": "#6"},
				"west": {"uv": [0, 0, 16, 1], "texture": "#6"},
				"up": {"uv": [0, 0, 14, 16], "texture": "#6"},
				"down": {"uv": [0, 0, 14, 16], "texture": "#4"}
			}
		},
		{
			"from": [0.65, 3.9, 14.25],
			"to": [6.25, 5.1, 27.85],
			"rotation": {"angle": 0, "axis": "y", "origin": [0.65, 0.9, 23.9]},
			"faces": {
				"north": {"uv": [0, 0, 8, 6], "texture": "#1"},
				"east": {"uv": [0, 0, 16, 6], "texture": "#1"},
				"south": {"uv": [0, 0, 8, 6], "texture": "#1"},
				"west": {"uv": [0, 0, 16, 6], "texture": "#1"},
				"up": {"uv": [0, 0, 8, 8], "texture": "#1"},
				"down": {"uv": [0, 0, 8, 8], "texture": "#1"}
			}
		},
		{
			"from": [0.65, 5.1, 14.25],
			"to": [1.35, 12.7, 27.85],
			"rotation": {"angle": 0, "axis": "y", "origin": [0.65, 0.9, 23.9]},
			"faces": {
				"north": {"uv": [0, 0, 1, 8], "texture": "#1"},
				"east": {"uv": [0, 0, 16, 8], "texture": "#1"},
				"south": {"uv": [0, 0, 1, 8], "texture": "#1"},
				"west": {"uv": [0, 0, 16, 8], "texture": "#1"},
				"up": {"uv": [0, 0, 1, 8], "texture": "#1"},
				"down": {"uv": [0, 0, 1, 8], "texture": "#1"}
			}
		},
		{
			"from": [1.075, 4.74707, 14.05513],
			"to": [1.775, 9.64707, 27.65513],
			"rotation": {"angle": 22.5, "axis": "z", "origin": [3.45, 8.24707, 22.50513]},
			"faces": {
				"north": {"uv": [0, 0, 1, 7], "texture": "#1"},
				"east": {"uv": [0, 0, 16, 7], "texture": "#1"},
				"south": {"uv": [0, 0, 1, 7], "texture": "#1"},
				"west": {"uv": [0, 0, 16, 7], "texture": "#1"},
				"up": {"uv": [0, 0, 1, 8], "texture": "#1"},
				"down": {"uv": [0, 0, 1, 8], "texture": "#1"}
			}
		},
		{
			"from": [14.65, 5.1, 14.25],
			"to": [15.35, 12.7, 27.85],
			"rotation": {"angle": 0, "axis": "y", "origin": [15.35, 0.9, 23.9]},
			"faces": {
				"north": {"uv": [1, 0, 0, 8], "texture": "#1"},
				"east": {"uv": [16, 0, 0, 8], "texture": "#1"},
				"south": {"uv": [1, 0, 0, 8], "texture": "#1"},
				"west": {"uv": [16, 0, 0, 8], "texture": "#1"},
				"up": {"uv": [1, 0, 0, 8], "texture": "#1"},
				"down": {"uv": [1, 0, 0, 8], "texture": "#1"}
			}
		},
		{
			"from": [14.225, 4.74707, 14.05513],
			"to": [14.925, 9.64707, 27.65513],
			"rotation": {"angle": 0, "axis": "z", "origin": [12.55, 8.24707, 22.50513]},
			"faces": {
				"north": {"uv": [1, 0, 0, 7], "texture": "#1"},
				"east": {"uv": [16, 0, 0, 7], "texture": "#1"},
				"south": {"uv": [1, 0, 0, 7], "texture": "#1"},
				"west": {"uv": [16, 0, 0, 7], "texture": "#1"},
				"up": {"uv": [1, 0, 0, 8], "texture": "#1"},
				"down": {"uv": [1, 0, 0, 8], "texture": "#1"}
			}
		},
		{
			"name": "window",
			"from": [0, 16.75, 4],
			"to": [1, 24.75, 12],
			"rotation": {"angle": 0, "axis": "y", "origin": [0, 0, -4]},
			"faces": {
				"north": {"uv": [0, 0, 1, 12.75], "texture": "#0"},
				"east": {"uv": [1, 0, 15, 12], "texture": "#0"},
				"south": {"uv": [0, 0, 1, 12.75], "texture": "#0"},
				"west": {"uv": [0, 0, 16, 16], "texture": "#8"},
				"up": {"uv": [0, 0, 1, 16], "texture": "#0"},
				"down": {"uv": [0, 0, 1, 16], "texture": "#0"}
			}
		},
		{
			"from": [13.9, 4.65, 14.25],
			"to": [15.1, 10.25, 27.85],
			"rotation": {"angle": 22.5, "axis": "z", "origin": [15, 5, 21.9]},
			"faces": {
				"north": {"uv": [8, 0, 0, 6], "rotation": 270, "texture": "#1"},
				"east": {"uv": [8, 0, 0, 8], "rotation": 90, "texture": "#1"},
				"south": {"uv": [8, 0, 0, 6], "rotation": 90, "texture": "#1"},
				"west": {"uv": [8, 0, 0, 8], "rotation": 90, "texture": "#1"},
				"up": {"uv": [16, 0, 0, 6], "rotation": 90, "texture": "#1"},
				"down": {"uv": [16, 0, 0, 6], "rotation": 90, "texture": "#1"}
			}
		},
		{
			"from": [0, 13, 12],
			"to": [1, 24.75, 14],
			"rotation": {"angle": 0, "axis": "y", "origin": [0, 0, -4]},
			"faces": {
				"north": {"uv": [0, 0, 1, 12.75], "texture": "#6"},
				"east": {"uv": [0, 0, 2, 12.75], "texture": "#6"},
				"south": {"uv": [0, 0, 1, 12.75], "texture": "#6"},
				"west": {"uv": [0, 0, 2, 12.75], "texture": "#3"},
				"up": {"uv": [0, 0, 1, 2], "texture": "#6"},
				"down": {"uv": [0, 0, 1, 2], "texture": "#6"}
			}
		},
		{
			"from": [0, 13, 2],
			"to": [1, 24.75, 4],
			"rotation": {"angle": 0, "axis": "y", "origin": [0, 0, -4]},
			"faces": {
				"north": {"uv": [0, 0, 1, 12.75], "texture": "#6"},
				"east": {"uv": [0, 0, 2, 12.75], "texture": "#6"},
				"south": {"uv": [0, 0, 1, 12.75], "texture": "#3"},
				"west": {"uv": [0, 0, 2, 12.75], "texture": "#3"},
				"up": {"uv": [0, 0, 1, 2], "texture": "#6"},
				"down": {"uv": [0, 0, 1, 2], "texture": "#6"}
			}
		},
		{
			"from": [0, 24.75, 2],
			"to": [1, 28, 14],
			"rotation": {"angle": 0, "axis": "z", "origin": [1, 3, -4]},
			"faces": {
				"north": {"uv": [0, 0, 1, 3.25], "texture": "#6"},
				"east": {"uv": [0, 0, 16, 3.25], "texture": "#6"},
				"south": {"uv": [0, 0, 1, 3.25], "texture": "#6"},
				"west": {"uv": [3, 3, 13, 13], "texture": "#2"},
				"up": {"uv": [0, 0, 1, 16], "texture": "#6"},
				"down": {"uv": [0, 0, 1, 16], "texture": "#6"}
			}
		},
		{
			"from": [1, -5, -10],
			"to": [15, 0, 26],
			"faces": {
				"north": {"uv": [0, 0, 16, 4], "texture": "#9"},
				"east": {"uv": [0, 0, 16, 4], "texture": "#9"},
				"south": {"uv": [0, 0, 16, 4], "texture": "#9"},
				"west": {"uv": [0, 0, 16, 4], "texture": "#9"},
				"up": {"uv": [0, 0, 16, 4], "texture": "#9"},
				"down": {"uv": [0, 0, 8, 16], "texture": "#9"}
			}
		},
		{
			"name": "roof",
			"from": [0.42095, 28.36626, -12],
			"to": [1.42095, 28.86626, 28],
			"rotation": {"angle": -22.5, "axis": "z", "origin": [0.42095, 29.46626, -3]},
			"faces": {
				"north": {"uv": [0, 0, 16, 16], "rotation": 90, "texture": "#4"},
				"east": {"uv": [0, 0, 16, 16], "rotation": 90, "texture": "#4"},
				"south": {"uv": [0, 0, 16, 16], "rotation": 90, "texture": "#4"},
				"west": {"uv": [0, 0, 16, 16], "rotation": 90, "texture": "#4"},
				"up": {"uv": [0, 0, 16, 16], "rotation": 90, "texture": "#4"},
				"down": {"uv": [0, 0, 16, 16], "rotation": 90, "texture": "#4"}
			}
		},
		{
			"name": "roof",
			"from": [0, 28, -12],
			"to": [1, 28.45, 28],
			"rotation": {"angle": 0, "axis": "y", "origin": [0, 29.05, -3]},
			"faces": {
				"north": {"uv": [0, 0, 16, 16], "rotation": 90, "texture": "#4"},
				"east": {"uv": [0, 0, 16, 16], "rotation": 90, "texture": "#4"},
				"south": {"uv": [0, 0, 16, 16], "rotation": 90, "texture": "#4"},
				"west": {"uv": [0, 0, 16, 16], "rotation": 90, "texture": "#4"},
				"up": {"uv": [0, 0, 16, 16], "rotation": 90, "texture": "#4"},
				"down": {"uv": [0, 0, 16, 16], "rotation": 90, "texture": "#4"}
			}
		},
		{
			"name": "roof",
			"from": [15, 28, -12],
			"to": [16, 28.45, 28],
			"rotation": {"angle": 0, "axis": "y", "origin": [16, 29.05, -3]},
			"faces": {
				"north": {"uv": [0, 0, 16, 16], "rotation": 90, "texture": "#4"},
				"east": {"uv": [0, 0, 16, 16], "rotation": 90, "texture": "#4"},
				"south": {"uv": [0, 0, 16, 16], "rotation": 90, "texture": "#4"},
				"west": {"uv": [0, 0, 16, 16], "rotation": 90, "texture": "#4"},
				"up": {"uv": [0, 0, 16, 16], "rotation": 90, "texture": "#4"},
				"down": {"uv": [0, 0, 16, 16], "rotation": 90, "texture": "#4"}
			}
		},
		{
			"name": "roof",
			"from": [14.57905, 28.36626, -12],
			"to": [15.57905, 28.86626, 28],
			"rotation": {"angle": 22.5, "axis": "z", "origin": [15.57905, 29.46626, -3]},
			"faces": {
				"north": {"uv": [0, 0, 16, 16], "rotation": 90, "texture": "#4"},
				"east": {"uv": [0, 0, 16, 16], "rotation": 90, "texture": "#4"},
				"south": {"uv": [0, 0, 16, 16], "rotation": 90, "texture": "#4"},
				"west": {"uv": [0, 0, 16, 16], "rotation": 90, "texture": "#4"},
				"up": {"uv": [0, 0, 16, 16], "rotation": 90, "texture": "#4"},
				"down": {"uv": [0, 0, 16, 16], "rotation": 90, "texture": "#4"}
			}
		},
		{
			"name": "roof",
			"from": [15.27729, 29.04331, -12],
			"to": [16.27729, 30.04331, 28],
			"rotation": {"angle": -45, "axis": "z", "origin": [14.67729, 30.04331, -3]},
			"faces": {
				"north": {"uv": [0, 0, 16, 16], "texture": "#4"},
				"east": {"uv": [0, 0, 16, 16], "texture": "#4"},
				"south": {"uv": [0, 0, 16, 16], "texture": "#4"},
				"west": {"uv": [0, 0, 16, 16], "texture": "#4"},
				"up": {"uv": [0, 0, 16, 16], "texture": "#4"},
				"down": {"uv": [0, 0, 16, 16], "texture": "#4"}
			}
		},
		{
			"name": "roof",
			"from": [13.47058, 28.71471, -12],
			"to": [15.12058, 29.71471, 28],
			"rotation": {"angle": -22.5, "axis": "z", "origin": [14.87058, 29.71471, -3]},
			"faces": {
				"north": {"uv": [0, 0, 16, 16], "texture": "#4"},
				"east": {"uv": [0, 0, 16, 16], "texture": "#4"},
				"south": {"uv": [0, 0, 16, 16], "texture": "#4"},
				"west": {"uv": [0, 0, 16, 16], "texture": "#4"},
				"up": {"uv": [0, 0, 16, 16], "texture": "#4"},
				"down": {"uv": [0, 0, 16, 16], "texture": "#4"}
			}
		},
		{
			"name": "roof",
			"from": [2.42285, 29.25047, -12],
			"to": [13.57705, 30.25047, 28],
			"rotation": {"angle": 0, "axis": "y", "origin": [7.99995, 29.75047, 6]},
			"faces": {
				"north": {"uv": [0, 0, 16, 16], "texture": "#4"},
				"east": {"uv": [0, 0, 16, 16], "texture": "#4"},
				"south": {"uv": [0, 0, 16, 16], "texture": "#4"},
				"west": {"uv": [0, 0, 16, 16], "texture": "#4"},
				"up": {"uv": [0, 0, 16, 16], "texture": "#4"},
				"down": {"uv": [0, 0, 16, 16], "texture": "#4"}
			}
		},
		{
			"name": "roof",
			"from": [0.87942, 28.71471, -12],
			"to": [2.52942, 29.71471, 28],
			"rotation": {"angle": 22.5, "axis": "z", "origin": [1.12942, 29.71471, -3]},
			"faces": {
				"north": {"uv": [0, 0, 16, 16], "texture": "#4"},
				"east": {"uv": [0, 0, 16, 16], "texture": "#4"},
				"south": {"uv": [0, 0, 16, 16], "texture": "#4"},
				"west": {"uv": [0, 0, 16, 16], "texture": "#4"},
				"up": {"uv": [0, 0, 16, 16], "texture": "#4"},
				"down": {"uv": [0, 0, 16, 16], "texture": "#4"}
			}
		},
		{
			"name": "roof",
			"from": [-0.27729, 29.04331, -12],
			"to": [0.72271, 30.04331, 28],
			"rotation": {"angle": 45, "axis": "z", "origin": [1.32271, 30.04331, -3]},
			"faces": {
				"north": {"uv": [0, 0, 16, 16], "texture": "#4"},
				"east": {"uv": [0, 0, 16, 16], "texture": "#4"},
				"south": {"uv": [0, 0, 16, 16], "texture": "#4"},
				"west": {"uv": [0, 0, 16, 16], "texture": "#4"},
				"up": {"uv": [0, 0, 16, 16], "texture": "#4"},
				"down": {"uv": [0, 0, 16, 16], "texture": "#4"}
			}
		}
	],
	"display": {
		"head": {
			"scale": [2, 2, 2]
		}
	},
	"groups": [
		0,
		1,
		2,
		3,
		4,
		5,
		6,
		7,
		8,
		9,
		10,
		11,
		12,
		13,
		14,
		15,
		16,
		17,
		18,
		19,
		20,
		21,
		22,
		23,
		24,
		25,
		26,
		27,
		28,
		29,
		30,
		31,
		32,
		33,
		34,
		35,
		36,
		37,
		38,
		39,
		{
			"name": "body",
			"origin": [0, 0, 0],
			"color": 0,
			"children": []
		},
		40,
		41,
		42,
		43,
		44,
		45,
		46,
		47,
		48,
		49,
		50,
		51,
		52,
		53,
		54,
		55,
		56,
		57,
		58,
		59,
		60,
		61,
		62,
		63,
		{
			"name": "riif",
			"origin": [1.32271, 30.04331, -7],
			"color": 0,
			"children": [64, 65, 66, 67, 68, 69, 70, 71, 72]
		}
	]
}