{"credit":"Made by Mike Shafter","textures":{"0":"block/black_stained_glass","2":"block/cyan_shulker_box","3":"block/white_concrete","4":"block/light_gray_concrete","5":"block/light_blue_shulker_box","6":"block/stripped_birch_log","7":"block/pink_shulker_box","8":"block/cobbled_deepslate","9":"block/black_concrete","10":"block/end_rod","11":"block/redstone_torch","12":"train_misc/entetsu_controller","13":"block/glass","14":"block/acacia_door_bottom","15":"block/acacia_door_top","particle":"block/black_stained_glass"},"elements":[{"from":[1,4,1.5],"to":[9,12,5.5],"rotation":{"angle":0,"axis":"y","origin":[16,0,0]},"faces":{"north":{"uv":[8,0,0,12],"texture":"#8"},"east":{"uv":[4,0,0,12],"texture":"#8"},"south":{"uv":[8,0,0,12],"texture":"#8"},"west":{"uv":[4,0,0,12],"texture":"#8"},"up":{"uv":[0,0,16,16],"texture":"#12"},"down":{"uv":[8,0,0,4],"texture":"#8"}}},{"from":[5.5,12,3.5],"to":[7.25,12.5,4],"rotation":{"angle":0,"axis":"y","origin":[16,0,0]},"faces":{"north":{"uv":[7,0,0,2],"texture":"#3"},"east":{"uv":[0.5,0,0,0.5],"texture":"#3"},"south":{"uv":[7,0,0,2],"texture":"#3"},"west":{"uv":[0.5,0,0,0.5],"texture":"#3"},"up":{"uv":[7,0,0,2],"texture":"#3"},"down":{"uv":[7,0,0,2],"texture":"#3"}}},{"from":[1.5,12,3.5],"to":[3.25,12.5,4],"rotation":{"angle":0,"axis":"y","origin":[16,0,0]},"faces":{"north":{"uv":[7,0,0,2],"texture":"#3"},"east":{"uv":[0.5,0,0,0.5],"texture":"#3"},"south":{"uv":[7,0,0,2],"texture":"#3"},"west":{"uv":[0.5,0,0,0.5],"texture":"#3"},"up":{"uv":[7,0,0,2],"texture":"#3"},"down":{"uv":[7,0,0,2],"texture":"#3"}}},{"from":[1,1,15],"to":[8,15,15.5],"faces":{"north":{"uv":[0,0,16,16],"texture":"#6"},"east":{"uv":[0,0,1,16],"texture":"#6"},"south":{"uv":[0,0,16,16],"texture":"#6"},"west":{"uv":[0,0,1,16],"texture":"#6"},"up":{"uv":[0,0,16,1],"texture":"#6"},"down":{"uv":[0,0,16,1],"texture":"#6"}}},{"from":[1,15,15],"to":[8,28,15.5],"faces":{"north":{"uv":[0,0,16,16],"texture":"#13"},"east":{"uv":[0,0,1,16],"texture":"#13"},"south":{"uv":[0,0,16,16],"texture":"#13"},"west":{"uv":[0,0,1,16],"texture":"#13"},"up":{"uv":[0,0,16,1],"texture":"#6"},"down":{"uv":[0,0,16,1],"texture":"#6"}}},{"from":[8,1,15],"to":[15,15,15.5],"faces":{"north":{"uv":[0,0,16,16],"texture":"#6"},"east":{"uv":[0,0,1,16],"texture":"#6"},"south":{"uv":[0,0,16,16],"texture":"#14"},"west":{"uv":[0,0,1,16],"texture":"#6"},"up":{"uv":[0,0,16,1],"texture":"#6"},"down":{"uv":[0,0,16,1],"texture":"#6"}}},{"from":[8,15,15],"to":[15,28,15.5],"faces":{"north":{"uv":[0,0,16,16],"texture":"#13"},"east":{"uv":[0,0,1,16],"texture":"#13"},"south":{"uv":[0,0,16,16],"texture":"#15"},"west":{"uv":[0,0,1,16],"texture":"#13"},"up":{"uv":[0,0,16,1],"texture":"#6"},"down":{"uv":[0,0,16,1],"texture":"#6"}}},{"from":[1,28,15],"to":[15,29.25,15.5],"faces":{"north":{"uv":[0,0,16,1],"texture":"#6"},"east":{"uv":[0,0,1,1],"texture":"#6"},"south":{"uv":[0,0,16,1],"texture":"#6"},"west":{"uv":[0,0,1,1],"texture":"#6"},"up":{"uv":[0,0,16,1],"texture":"#6"},"down":{"uv":[0,0,16,1],"texture":"#6"}}},{"from":[0.5,0,4],"to":[1,12,14],"faces":{"north":{"uv":[0,0,1,1],"texture":"#4"},"east":{"uv":[0,0,16,16],"texture":"#3"},"south":{"uv":[0,0,1,1],"texture":"#4"},"west":{"uv":[0,0,16,16],"texture":"#3"},"up":{"uv":[0,0,1,1],"texture":"#4"},"down":{"uv":[0,0,1,1],"texture":"#4"}}},{"from":[0.5,22.75,6],"to":[1,24.75,12],"faces":{"north":{"uv":[0,0,1,1],"texture":"#4"},"east":{"uv":[0,0,16,16],"texture":"#3"},"south":{"uv":[0,0,1,1],"texture":"#4"},"west":{"uv":[0,0,16,16],"texture":"#3"},"up":{"uv":[0,0,1,1],"texture":"#4"},"down":{"uv":[0,0,1,1],"texture":"#4"}}},{"from":[0.5,12,6],"to":[1,22.75,12],"faces":{"north":{"uv":[0,0,1,1],"texture":"#13"},"east":{"uv":[0,0,16,16],"texture":"#13"},"south":{"uv":[0,0,1,1],"texture":"#13"},"west":{"uv":[0,0,16,16],"texture":"#13"},"up":{"uv":[0,0,1,1],"texture":"#13"},"down":{"uv":[0,0,1,1],"texture":"#13"}}},{"from":[0.5,12,4],"to":[1,24.75,6],"faces":{"north":{"uv":[0,0,1,1],"texture":"#4"},"east":{"uv":[0,0,16,16],"texture":"#3"},"south":{"uv":[0,0,1,1],"texture":"#4"},"west":{"uv":[0,0,16,16],"texture":"#3"},"up":{"uv":[0,0,1,1],"texture":"#4"},"down":{"uv":[0,0,1,1],"texture":"#4"}}},{"from":[0.5,12,12],"to":[1,24.75,14],"faces":{"north":{"uv":[0,0,1,1],"texture":"#4"},"east":{"uv":[0,0,16,16],"texture":"#3"},"south":{"uv":[0,0,1,1],"texture":"#4"},"west":{"uv":[0,0,16,16],"texture":"#3"},"up":{"uv":[0,0,1,1],"texture":"#4"},"down":{"uv":[0,0,1,1],"texture":"#4"}}},{"from":[15,0,4],"to":[15.5,12,14],"rotation":{"angle":0,"axis":"y","origin":[16,0,0]},"faces":{"north":{"uv":[1,0,0,1],"texture":"#4"},"east":{"uv":[16,0,0,16],"texture":"#3"},"south":{"uv":[1,0,0,1],"texture":"#4"},"west":{"uv":[16,0,0,16],"texture":"#3"},"up":{"uv":[1,0,0,1],"texture":"#4"},"down":{"uv":[0,0,1,1],"texture":"#4"}}},{"from":[15,22.75,6],"to":[15.5,24.75,12],"rotation":{"angle":0,"axis":"y","origin":[16,0,0]},"faces":{"north":{"uv":[1,0,0,1],"texture":"#4"},"east":{"uv":[16,0,0,16],"texture":"#3"},"south":{"uv":[1,0,0,1],"texture":"#4"},"west":{"uv":[16,0,0,16],"texture":"#3"},"up":{"uv":[1,0,0,1],"texture":"#4"},"down":{"uv":[0,0,1,1],"texture":"#4"}}},{"from":[15,12,6],"to":[15.5,22.75,12],"rotation":{"angle":0,"axis":"y","origin":[16,0,0]},"faces":{"north":{"uv":[1,0,0,1],"texture":"#13"},"east":{"uv":[16,0,0,16],"texture":"#13"},"south":{"uv":[1,0,0,1],"texture":"#13"},"west":{"uv":[16,0,0,16],"texture":"#13"},"up":{"uv":[1,0,0,1],"texture":"#13"},"down":{"uv":[0,0,1,1],"texture":"#13"}}},{"from":[15,12,4],"to":[15.5,24.75,6],"rotation":{"angle":0,"axis":"y","origin":[16,0,0]},"faces":{"north":{"uv":[1,0,0,1],"texture":"#4"},"east":{"uv":[16,0,0,16],"texture":"#3"},"south":{"uv":[1,0,0,1],"texture":"#4"},"west":{"uv":[16,0,0,16],"texture":"#3"},"up":{"uv":[1,0,0,1],"texture":"#4"},"down":{"uv":[0,0,1,1],"texture":"#4"}}},{"from":[15,12,12],"to":[15.5,24.75,14],"rotation":{"angle":0,"axis":"y","origin":[16,0,0]},"faces":{"north":{"uv":[1,0,0,1],"texture":"#4"},"east":{"uv":[16,0,0,16],"texture":"#3"},"south":{"uv":[1,0,0,1],"texture":"#4"},"west":{"uv":[16,0,0,16],"texture":"#3"},"up":{"uv":[1,0,0,1],"texture":"#4"},"down":{"uv":[0,0,1,1],"texture":"#4"}}},{"from":[0,0,16],"to":[16,1,32],"rotation":{"angle":0,"axis":"y","origin":[0,0,20]},"faces":{"north":{"uv":[0,0,14,1],"texture":"#6"},"east":{"uv":[0,0,16,1],"texture":"#4"},"south":{"uv":[0,0,14,1],"texture":"#6"},"west":{"uv":[0,0,16,1],"texture":"#4"},"up":{"uv":[0,0,16,16],"texture":"#5"},"down":{"uv":[0,0,14,16],"texture":"#4"}}},{"from":[15,0,16],"to":[16,4,18],"rotation":{"angle":0,"axis":"z","origin":[15,0,20]},"faces":{"north":{"uv":[1,0,0,4],"texture":"#6"},"east":{"uv":[0,0,2,4],"texture":"#4"},"south":{"uv":[1,0,0,4],"texture":"#6"},"west":{"uv":[0,12,2,16],"texture":"#6"},"up":{"uv":[1,0,0,16],"texture":"#4"},"down":{"uv":[1,0,0,16],"texture":"#4"}}},{"from":[0,0,16],"to":[1,4,18],"rotation":{"angle":0,"axis":"z","origin":[1,0,20]},"faces":{"north":{"uv":[0,0,1,4],"texture":"#6"},"east":{"uv":[2,12,0,16],"texture":"#6"},"south":{"uv":[0,0,1,4],"texture":"#6"},"west":{"uv":[2,0,0,4],"texture":"#4"},"up":{"uv":[0,0,1,16],"texture":"#4"},"down":{"uv":[0,0,1,16],"texture":"#4"}}},{"from":[15,0,30],"to":[16,4,32],"rotation":{"angle":0,"axis":"z","origin":[15,0,20]},"faces":{"north":{"uv":[1,0,0,4],"texture":"#6"},"east":{"uv":[0,0,2,4],"texture":"#4"},"south":{"uv":[1,0,0,4],"texture":"#6"},"west":{"uv":[0,12,2,16],"texture":"#6"},"up":{"uv":[1,0,0,16],"texture":"#4"},"down":{"uv":[1,0,0,16],"texture":"#4"}}},{"from":[0,0,30],"to":[1,4,32],"rotation":{"angle":0,"axis":"z","origin":[1,0,20]},"faces":{"north":{"uv":[0,0,1,4],"texture":"#6"},"east":{"uv":[2,12,0,16],"texture":"#6"},"south":{"uv":[0,0,1,4],"texture":"#6"},"west":{"uv":[2,0,0,4],"texture":"#4"},"up":{"uv":[0,0,1,16],"texture":"#4"},"down":{"uv":[0,0,1,16],"texture":"#4"}}},{"from":[0,24.75,2],"to":[1,28,32],"rotation":{"angle":0,"axis":"z","origin":[1,3,20]},"faces":{"north":{"uv":[0,0,1,3.25],"texture":"#6"},"east":{"uv":[0,0,16,3.25],"texture":"#6"},"south":{"uv":[0,0,1,3.25],"texture":"#6"},"west":{"uv":[3,3,13,13],"texture":"#7"},"up":{"uv":[0,0,1,16],"texture":"#6"},"down":{"uv":[0,0,1,16],"texture":"#4"}}},{"from":[15,4,30],"to":[16,9,32],"rotation":{"angle":0,"axis":"z","origin":[15,0,20]},"faces":{"north":{"uv":[1,0,2,5.25],"texture":"#6"},"east":{"uv":[0,5,2,11],"texture":"#7"},"south":{"uv":[1,0,2,5.25],"texture":"#6"},"west":{"uv":[0,5,2,11],"texture":"#6"},"up":{"uv":[1,0,2,16],"texture":"#6"},"down":{"uv":[1,0,2,16],"texture":"#6"}}},{"from":[0,4,30],"to":[1,9,32],"rotation":{"angle":0,"axis":"z","origin":[1,0,20]},"faces":{"north":{"uv":[2,0,1,5.25],"texture":"#6"},"east":{"uv":[2,5,0,11],"texture":"#6"},"south":{"uv":[2,0,1,5.25],"texture":"#6"},"west":{"uv":[16,5,14,11],"texture":"#7"},"up":{"uv":[2,0,1,16],"texture":"#6"},"down":{"uv":[2,0,1,16],"texture":"#6"}}},{"from":[15,4,16],"to":[16,9,18],"rotation":{"angle":0,"axis":"z","origin":[15,0,20]},"faces":{"north":{"uv":[1,0,2,5.25],"texture":"#6"},"east":{"uv":[14,5,16,11],"texture":"#7"},"south":{"uv":[1,0,2,5.25],"texture":"#6"},"west":{"uv":[0,5,2,11],"texture":"#6"},"up":{"uv":[1,0,2,16],"texture":"#6"},"down":{"uv":[1,0,2,16],"texture":"#6"}}},{"from":[0,4,16],"to":[1,9,18],"rotation":{"angle":0,"axis":"z","origin":[1,0,20]},"faces":{"north":{"uv":[2,0,1,5.25],"texture":"#6"},"east":{"uv":[2,5,0,11],"texture":"#6"},"south":{"uv":[2,0,1,5.25],"texture":"#6"},"west":{"uv":[2,5,0,11],"texture":"#7"},"up":{"uv":[2,0,1,16],"texture":"#6"},"down":{"uv":[2,0,1,16],"texture":"#6"}}},{"from":[15,24.75,2],"to":[16,28,32],"rotation":{"angle":0,"axis":"z","origin":[15,3,20]},"faces":{"north":{"uv":[1,0,2,3.25],"texture":"#6"},"east":{"uv":[3,3,13,13],"texture":"#7"},"south":{"uv":[1,0,2,3.25],"texture":"#6"},"west":{"uv":[0,0,16,3.25],"texture":"#6"},"up":{"uv":[1,0,2,16],"texture":"#6"},"down":{"uv":[1,0,2,16],"texture":"#4"}}},{"from":[0,9,16],"to":[1,24.75,18],"rotation":{"angle":0,"axis":"y","origin":[0,0,20]},"faces":{"north":{"uv":[0,0,1,12.75],"texture":"#6"},"east":{"uv":[0,0,2,12.75],"texture":"#6"},"south":{"uv":[0,0,1,12.75],"texture":"#6"},"west":{"uv":[0,0,2,12.75],"texture":"#3"},"up":{"uv":[0,0,1,2],"texture":"#6"},"down":{"uv":[0,0,1,2],"texture":"#6"}}},{"from":[15,9,16],"to":[16,24.75,18],"rotation":{"angle":0,"axis":"y","origin":[0,0,20]},"faces":{"north":{"uv":[0,0,1,12.75],"texture":"#6"},"east":{"uv":[0,0,2,12.75],"texture":"#3"},"south":{"uv":[0,0,1,12.75],"texture":"#6"},"west":{"uv":[0,0,2,12.75],"texture":"#6"},"up":{"uv":[0,0,1,2],"texture":"#6"},"down":{"uv":[0,0,1,2],"texture":"#6"}}},{"from":[0,9,30],"to":[1,24.75,32],"rotation":{"angle":0,"axis":"y","origin":[0,0,20]},"faces":{"north":{"uv":[0,0,1,12.75],"texture":"#6"},"east":{"uv":[0,0,2,12.75],"texture":"#6"},"south":{"uv":[0,0,1,12.75],"texture":"#6"},"west":{"uv":[0,0,2,12.75],"texture":"#3"},"up":{"uv":[0,0,1,2],"texture":"#6"},"down":{"uv":[0,0,1,2],"texture":"#6"}}},{"from":[15,9,30],"to":[16,24.75,32],"rotation":{"angle":0,"axis":"y","origin":[0,0,20]},"faces":{"north":{"uv":[0,0,1,12.75],"texture":"#6"},"east":{"uv":[0,0,2,12.75],"texture":"#3"},"south":{"uv":[0,0,1,12.75],"texture":"#6"},"west":{"uv":[0,0,2,12.75],"texture":"#6"},"up":{"uv":[0,0,1,2],"texture":"#6"},"down":{"uv":[0,0,1,2],"texture":"#6"}}},{"from":[0,9,14],"to":[1,24.75,16],"rotation":{"angle":0,"axis":"y","origin":[8,16.1147,8]},"faces":{"north":{"uv":[1,0,0,12.75],"texture":"#4"},"east":{"uv":[2,0,0,12.75],"texture":"#6"},"south":{"uv":[1,0,0,12.75],"texture":"#6"},"west":{"uv":[2,0,0,12.75],"texture":"#3"},"up":{"uv":[0,2,1,0],"texture":"#6"},"down":{"uv":[0,2,1,0],"texture":"#6"}}},{"from":[0,4,14],"to":[1,9,16],"rotation":{"angle":0,"axis":"z","origin":[8,16.1147,8]},"faces":{"north":{"uv":[1,0,0,5.25],"texture":"#4"},"east":{"uv":[16,0,0,5.25],"texture":"#6"},"south":{"uv":[1,0,0,5.25],"texture":"#6"},"west":{"uv":[13,3,3,13],"texture":"#7"},"up":{"uv":[0,16,1,0],"texture":"#6"},"down":{"uv":[0,16,1,0],"texture":"#6"}}},{"from":[0,0,14],"to":[1,4,16],"rotation":{"angle":0,"axis":"z","origin":[8,16.1147,8]},"faces":{"north":{"uv":[1,0,0,4],"texture":"#4"},"east":{"uv":[16,0,0,4],"texture":"#6"},"south":{"uv":[1,0,0,4],"texture":"#6"},"west":{"uv":[16,0,0,4],"texture":"#4"},"up":{"uv":[0,16,1,0],"texture":"#4"},"down":{"uv":[0,16,1,0],"texture":"#4"}}},{"from":[15,9,14],"to":[16,24.75,16],"rotation":{"angle":0,"axis":"y","origin":[8,16.1147,8]},"faces":{"north":{"uv":[0,0,1,12.75],"texture":"#4"},"east":{"uv":[0,0,2,12.75],"texture":"#3"},"south":{"uv":[0,0,1,12.75],"texture":"#6"},"west":{"uv":[0,0,2,12.75],"texture":"#6"},"up":{"uv":[1,2,0,0],"texture":"#6"},"down":{"uv":[1,2,0,0],"texture":"#6"}}},{"from":[15,4,14],"to":[16,9,16],"rotation":{"angle":0,"axis":"z","origin":[8,16.1147,8]},"faces":{"north":{"uv":[0,0,1,5.25],"texture":"#4"},"east":{"uv":[3,3,13,13],"texture":"#7"},"south":{"uv":[0,0,1,5.25],"texture":"#6"},"west":{"uv":[0,0,16,5.25],"texture":"#6"},"up":{"uv":[1,16,0,0],"texture":"#6"},"down":{"uv":[1,16,0,0],"texture":"#6"}}},{"from":[15,0,14],"to":[16,4,16],"rotation":{"angle":0,"axis":"z","origin":[8,16.1147,8]},"faces":{"north":{"uv":[0,0,1,4],"texture":"#4"},"east":{"uv":[0,0,16,4],"texture":"#4"},"south":{"uv":[0,0,1,4],"texture":"#6"},"west":{"uv":[0,0,16,4],"texture":"#6"},"up":{"uv":[1,16,0,0],"texture":"#4"},"down":{"uv":[1,16,0,0],"texture":"#4"}}},{"from":[0,9,2],"to":[1,24.75,4],"rotation":{"angle":0,"axis":"y","origin":[8,16.1147,0]},"faces":{"north":{"uv":[1,0,0,12.75],"texture":"#3"},"east":{"uv":[2,0,0,12.75],"texture":"#6"},"south":{"uv":[1,0,0,12.75],"texture":"#4"},"west":{"uv":[2,0,0,12.75],"texture":"#3"},"up":{"uv":[0,2,1,0],"texture":"#6"},"down":{"uv":[0,2,1,0],"texture":"#6"}}},{"from":[0,4,2],"to":[1,9,4],"rotation":{"angle":0,"axis":"z","origin":[8,16.1147,0]},"faces":{"north":{"uv":[1,0,0,5.25],"texture":"#6"},"east":{"uv":[16,0,0,5.25],"texture":"#6"},"south":{"uv":[1,0,0,5.25],"texture":"#4"},"west":{"uv":[13,3,3,13],"texture":"#7"},"up":{"uv":[0,16,1,0],"texture":"#6"},"down":{"uv":[0,16,1,0],"texture":"#6"}}},{"from":[0,0,2],"to":[1,4,4],"rotation":{"angle":0,"axis":"z","origin":[8,16.1147,0]},"faces":{"north":{"uv":[1,0,0,4],"texture":"#4"},"east":{"uv":[16,0,0,4],"texture":"#6"},"south":{"uv":[1,0,0,4],"texture":"#4"},"west":{"uv":[16,0,0,4],"texture":"#4"},"up":{"uv":[0,16,1,0],"texture":"#4"},"down":{"uv":[0,16,1,0],"texture":"#4"}}},{"from":[15,0,2],"to":[16,4,4],"rotation":{"angle":0,"axis":"z","origin":[8,16.1147,0]},"faces":{"north":{"uv":[0,0,1,4],"texture":"#4"},"east":{"uv":[0,0,16,4],"texture":"#4"},"south":{"uv":[0,0,1,4],"texture":"#4"},"west":{"uv":[0,0,16,4],"texture":"#6"},"up":{"uv":[1,16,0,0],"texture":"#4"},"down":{"uv":[1,16,0,0],"texture":"#4"}}},{"from":[15,9,2],"to":[16,24.75,4],"rotation":{"angle":0,"axis":"y","origin":[8,16.1147,0]},"faces":{"north":{"uv":[0,0,1,12.75],"texture":"#3"},"east":{"uv":[0,0,2,12.75],"texture":"#3"},"south":{"uv":[0,0,1,12.75],"texture":"#4"},"west":{"uv":[0,0,2,12.75],"texture":"#6"},"up":{"uv":[1,2,0,0],"texture":"#6"},"down":{"uv":[1,2,0,0],"texture":"#6"}}},{"from":[15,4,2],"to":[16,9,4],"rotation":{"angle":0,"axis":"z","origin":[8,16.1147,0]},"faces":{"north":{"uv":[0,0,1,5.25],"texture":"#6"},"east":{"uv":[3,3,13,13],"texture":"#7"},"south":{"uv":[0,0,1,5.25],"texture":"#4"},"west":{"uv":[0,0,16,5.25],"texture":"#6"},"up":{"uv":[1,16,0,0],"texture":"#6"},"down":{"uv":[1,16,0,0],"texture":"#6"}}},{"from":[1,0,2],"to":[15,1,16],"rotation":{"angle":0,"axis":"y","origin":[8,16.1147,0]},"faces":{"north":{"uv":[14,0,0,1],"texture":"#4"},"east":{"uv":[16,0,0,1],"texture":"#6"},"south":{"uv":[14,0,0,1],"texture":"#6"},"west":{"uv":[16,0,0,1],"texture":"#6"},"up":{"uv":[0,16,14,0],"texture":"#6"},"down":{"uv":[0,16,14,0],"texture":"#4"}}},{"from":[0,1.5,0],"to":[1,28,2],"rotation":{"angle":0,"axis":"z","origin":[8,16.1147,-6]},"faces":{"north":{"uv":[3,3,13,13],"texture":"#2"},"east":{"uv":[3,3,13,13],"texture":"#2"},"south":{"uv":[1,0,2,5.25],"texture":"#6"},"west":{"uv":[3,3,13,13],"texture":"#2"},"up":{"uv":[3,3,13,13],"texture":"#2"},"down":{"uv":[3,4,13,13],"texture":"#2"}}},{"from":[15,1.5,0],"to":[16,28,2],"rotation":{"angle":0,"axis":"z","origin":[8,16.1147,-6]},"faces":{"north":{"uv":[3,3,13,13],"texture":"#2"},"east":{"uv":[3,3,13,13],"texture":"#2"},"south":{"uv":[2,0,1,5.25],"texture":"#6"},"west":{"uv":[3,3,13,13],"texture":"#2"},"up":{"uv":[13,3,3,13],"texture":"#2"},"down":{"uv":[13,4,3,13],"texture":"#2"}}},{"from":[1,0.75,0.5],"to":[15,12,1.5],"faces":{"north":{"uv":[3,3,13,13],"texture":"#2"},"east":{"uv":[0,0,16,16],"texture":"#9"},"south":{"uv":[3,3,13,13],"texture":"#2"},"west":{"uv":[0,0,16,16],"texture":"#9"},"up":{"uv":[0,15,16,16],"texture":"#2"},"down":{"uv":[0,0,16,16],"texture":"#9"}}},{"from":[1,14,0.5],"to":[7,29.25,1.5],"faces":{"north":{"uv":[9,0,16,16],"texture":"#0"},"east":{"uv":[0,0,16,16],"texture":"#9"},"south":{"uv":[0,0,7,16],"texture":"#13"},"west":{"uv":[0,0,16,16],"texture":"#9"},"up":{"uv":[0,0,16,16],"texture":"#9"},"down":{"uv":[0,0,16,16],"texture":"#9"}}},{"from":[5,12.5,0.25],"to":[6,13.5,1.25],"faces":{"north":{"uv":[7,6,9,8],"texture":"#11"},"east":{"uv":[0,0,2,15],"texture":"#10"},"south":{"uv":[0,0,7,16],"texture":"#9"},"west":{"uv":[0,0,16,16],"texture":"#9"},"up":{"uv":[0,0,16,16],"texture":"#9"},"down":{"uv":[0,0,16,16],"texture":"#9"}}},{"from":[2,12.5,0.25],"to":[3,13.5,1.25],"faces":{"north":{"uv":[7,6,9,8],"texture":"#11"},"east":{"uv":[0,0,16,16],"texture":"#9"},"south":{"uv":[0,0,7,16],"texture":"#9"},"west":{"uv":[0,0,16,16],"texture":"#9"},"up":{"uv":[0,0,16,16],"texture":"#9"},"down":{"uv":[0,0,16,16],"texture":"#9"}}},{"from":[1,12,0.5],"to":[7,14,1.5],"faces":{"north":{"uv":[11,0,13,2],"texture":"#9"},"east":{"uv":[0,0,16,16],"texture":"#9"},"south":{"uv":[0,0,7,16],"texture":"#9"},"west":{"uv":[0,0,16,16],"texture":"#9"},"up":{"uv":[0,0,16,16],"texture":"#9"},"down":{"uv":[0,0,16,16],"texture":"#9"}}},{"from":[7,14,0.5],"to":[15,29.25,1.5],"faces":{"north":{"uv":[0,0,9,16],"texture":"#9"},"east":{"uv":[0,0,16,16],"texture":"#9"},"south":{"uv":[7,0,16,16],"texture":"#13"},"west":{"uv":[0,0,16,16],"texture":"#9"},"up":{"uv":[0,0,16,16],"texture":"#9"},"down":{"uv":[0,0,16,16],"texture":"#9"}}},{"from":[7,12,1.25],"to":[15,14,1.5],"faces":{"north":{"uv":[0,0,2,15],"texture":"#10"},"east":{"uv":[0,0,16,16],"texture":"#9"},"south":{"uv":[7,0,16,16],"texture":"#9"},"west":{"uv":[0,0,16,16],"texture":"#9"},"up":{"uv":[0,0,16,16],"texture":"#9"},"down":{"uv":[0,0,16,16],"texture":"#9"}}},{"from":[2.5,6.9,9.47444],"to":[8.1,8.1,15.07444],"rotation":{"angle":0,"axis":"y","origin":[3.3,9.82536,13.58722]},"faces":{"north":{"uv":[8,0,0,6],"texture":"#7"},"east":{"uv":[16,13,0,16],"texture":"#7"},"south":{"uv":[16,13,0,16],"texture":"#7"},"west":{"uv":[16,13,0,16],"texture":"#7"},"up":{"uv":[16,0,0,16],"rotation":90,"texture":"#7"},"down":{"uv":[16,0,0,16],"rotation":270,"texture":"#7"}}},{"from":[2.5,8.1,14.37444],"to":[8.1,15.7,15.07444],"rotation":{"angle":0,"axis":"y","origin":[3.3,9.82536,13.58722]},"faces":{"north":{"uv":[16,0,0,16],"texture":"#7"},"east":{"uv":[1,0,0,8],"texture":"#7"},"south":{"uv":[16,0,0,13],"texture":"#7"},"west":{"uv":[1,0,0,8],"texture":"#7"},"up":{"uv":[1,0,0,8],"rotation":90,"texture":"#7"},"down":{"uv":[1,0,0,8],"rotation":270,"texture":"#7"}}},{"from":[2.5,7.67419,13.30347],"to":[8.1,12.57419,14.00347],"rotation":{"angle":22.5,"axis":"x","origin":[3.3,9.82536,13.58722]},"faces":{"north":{"uv":[16,7,0,16],"texture":"#7"},"east":{"uv":[1,0,0,7],"texture":"#7"},"south":{"uv":[16,0,0,16],"texture":"#7"},"west":{"uv":[1,0,0,7],"texture":"#7"},"up":{"uv":[1,0,0,8],"rotation":90,"texture":"#7"},"down":{"uv":[1,0,0,8],"rotation":270,"texture":"#7"}}},{"from":[0.42095,28.36626,2],"to":[1.42095,28.86626,32],"rotation":{"angle":-22.5,"axis":"z","origin":[0.42095,29.46626,11]},"faces":{"north":{"uv":[0,0,16,16],"rotation":90,"texture":"#4"},"east":{"uv":[0,0,16,16],"rotation":90,"texture":"#4"},"south":{"uv":[0,0,16,16],"rotation":90,"texture":"#4"},"west":{"uv":[0,0,16,16],"rotation":90,"texture":"#4"},"up":{"uv":[0,0,16,16],"rotation":90,"texture":"#4"},"down":{"uv":[0,0,16,16],"rotation":90,"texture":"#4"}}},{"from":[0,28,2],"to":[1,28.45,32],"rotation":{"angle":0,"axis":"y","origin":[0,29.05,11]},"faces":{"north":{"uv":[0,0,16,16],"rotation":90,"texture":"#4"},"east":{"uv":[0,0,16,16],"rotation":90,"texture":"#4"},"south":{"uv":[0,0,16,16],"rotation":90,"texture":"#4"},"west":{"uv":[0,0,16,16],"rotation":90,"texture":"#4"},"up":{"uv":[0,0,16,16],"rotation":90,"texture":"#4"},"down":{"uv":[0,0,16,16],"rotation":90,"texture":"#4"}}},{"from":[15,28,2],"to":[16,28.45,32],"rotation":{"angle":0,"axis":"y","origin":[16,29.05,11]},"faces":{"north":{"uv":[0,0,16,16],"rotation":90,"texture":"#4"},"east":{"uv":[0,0,16,16],"rotation":90,"texture":"#4"},"south":{"uv":[0,0,16,16],"rotation":90,"texture":"#4"},"west":{"uv":[0,0,16,16],"rotation":90,"texture":"#4"},"up":{"uv":[0,0,16,16],"rotation":90,"texture":"#4"},"down":{"uv":[0,0,16,16],"rotation":90,"texture":"#4"}}},{"from":[14.57905,28.36626,2],"to":[15.57905,28.86626,32],"rotation":{"angle":22.5,"axis":"z","origin":[15.57905,29.46626,11]},"faces":{"north":{"uv":[0,0,16,16],"rotation":90,"texture":"#4"},"east":{"uv":[0,0,16,16],"rotation":90,"texture":"#4"},"south":{"uv":[0,0,16,16],"rotation":90,"texture":"#4"},"west":{"uv":[0,0,16,16],"rotation":90,"texture":"#4"},"up":{"uv":[0,0,16,16],"rotation":90,"texture":"#4"},"down":{"uv":[0,0,16,16],"rotation":90,"texture":"#4"}}},{"from":[15.27729,29.04331,2],"to":[16.27729,30.04331,32],"rotation":{"angle":-45,"axis":"z","origin":[14.67729,30.04331,11]},"faces":{"north":{"uv":[0,0,16,16],"texture":"#4"},"east":{"uv":[0,0,16,16],"texture":"#4"},"south":{"uv":[0,0,16,16],"texture":"#4"},"west":{"uv":[0,0,16,16],"texture":"#4"},"up":{"uv":[0,0,16,16],"texture":"#4"},"down":{"uv":[0,0,16,16],"texture":"#4"}}},{"from":[13.47058,28.71471,2],"to":[15.12058,29.71471,32],"rotation":{"angle":-22.5,"axis":"z","origin":[14.87058,29.71471,11]},"faces":{"north":{"uv":[0,0,16,16],"texture":"#4"},"east":{"uv":[0,0,16,16],"texture":"#4"},"south":{"uv":[0,0,16,16],"texture":"#4"},"west":{"uv":[0,0,16,16],"texture":"#4"},"up":{"uv":[0,0,16,16],"texture":"#4"},"down":{"uv":[0,0,16,16],"texture":"#4"}}},{"from":[2.42285,29.25047,2],"to":[13.57705,30.25047,32],"rotation":{"angle":0,"axis":"y","origin":[7.99995,29.75047,20]},"faces":{"north":{"uv":[0,0,16,16],"texture":"#4"},"east":{"uv":[0,0,16,16],"texture":"#4"},"south":{"uv":[0,0,16,16],"texture":"#4"},"west":{"uv":[0,0,16,16],"texture":"#4"},"up":{"uv":[0,0,16,16],"texture":"#4"},"down":{"uv":[0,0,16,16],"texture":"#4"}}},{"from":[0.87942,28.71471,2],"to":[2.52942,29.71471,32],"rotation":{"angle":22.5,"axis":"z","origin":[1.12942,29.71471,11]},"faces":{"north":{"uv":[0,0,16,16],"texture":"#4"},"east":{"uv":[0,0,16,16],"texture":"#4"},"south":{"uv":[0,0,16,16],"texture":"#4"},"west":{"uv":[0,0,16,16],"texture":"#4"},"up":{"uv":[0,0,16,16],"texture":"#4"},"down":{"uv":[0,0,16,16],"texture":"#4"}}},{"from":[-0.27729,29.04331,2],"to":[0.72271,30.04331,32],"rotation":{"angle":45,"axis":"z","origin":[1.32271,30.04331,11]},"faces":{"north":{"uv":[0,0,16,16],"texture":"#4"},"east":{"uv":[0,0,16,16],"texture":"#4"},"south":{"uv":[0,0,16,16],"texture":"#4"},"west":{"uv":[0,0,16,16],"texture":"#4"},"up":{"uv":[0,0,16,16],"texture":"#4"},"down":{"uv":[0,0,16,16],"texture":"#4"}}},{"from":[0.42095,28.36626,0],"to":[1.42095,28.86626,2],"rotation":{"angle":-22.5,"axis":"z","origin":[0.42095,29.46626,9]},"faces":{"north":{"uv":[3,3,13,13],"rotation":90,"texture":"#2"},"east":{"uv":[3,3,13,13],"rotation":90,"texture":"#2"},"south":{"uv":[3,3,13,13],"rotation":90,"texture":"#2"},"west":{"uv":[3,3,13,13],"rotation":90,"texture":"#2"},"up":{"uv":[3,3,13,13],"rotation":90,"texture":"#2"},"down":{"uv":[3,3,13,13],"rotation":90,"texture":"#2"}}},{"from":[0,28,0],"to":[1,28.45,2],"rotation":{"angle":0,"axis":"y","origin":[0,29.05,9]},"faces":{"north":{"uv":[3,3,13,13],"rotation":90,"texture":"#2"},"east":{"uv":[3,3,13,13],"rotation":90,"texture":"#2"},"south":{"uv":[3,3,13,13],"rotation":90,"texture":"#2"},"west":{"uv":[3,3,13,13],"rotation":90,"texture":"#2"},"up":{"uv":[3,3,13,13],"rotation":90,"texture":"#2"},"down":{"uv":[3,3,13,13],"rotation":90,"texture":"#2"}}},{"from":[15,28,0],"to":[16,28.45,2],"rotation":{"angle":0,"axis":"y","origin":[16,29.05,9]},"faces":{"north":{"uv":[3,3,13,13],"rotation":90,"texture":"#2"},"east":{"uv":[3,3,13,13],"rotation":90,"texture":"#2"},"south":{"uv":[3,3,13,13],"rotation":90,"texture":"#2"},"west":{"uv":[3,3,13,13],"rotation":90,"texture":"#2"},"up":{"uv":[3,3,13,13],"rotation":90,"texture":"#2"},"down":{"uv":[3,3,13,13],"rotation":90,"texture":"#2"}}},{"from":[14.57905,28.36626,0],"to":[15.57905,28.86626,2],"rotation":{"angle":22.5,"axis":"z","origin":[15.57905,29.46626,9]},"faces":{"north":{"uv":[3,3,13,13],"rotation":90,"texture":"#2"},"east":{"uv":[3,3,13,13],"rotation":90,"texture":"#2"},"south":{"uv":[3,3,13,13],"rotation":90,"texture":"#2"},"west":{"uv":[3,3,13,13],"rotation":90,"texture":"#2"},"up":{"uv":[3,3,13,13],"rotation":90,"texture":"#2"},"down":{"uv":[3,3,13,13],"rotation":90,"texture":"#2"}}},{"from":[15.27729,29.04331,0],"to":[16.27729,30.04331,2],"rotation":{"angle":-45,"axis":"z","origin":[14.67729,30.04331,9]},"faces":{"north":{"uv":[3,3,13,13],"texture":"#2"},"east":{"uv":[3,3,13,13],"texture":"#2"},"south":{"uv":[3,3,13,13],"texture":"#2"},"west":{"uv":[3,3,13,13],"texture":"#2"},"up":{"uv":[3,3,13,13],"texture":"#2"},"down":{"uv":[3,3,13,13],"texture":"#2"}}},{"from":[13.47058,28.71471,0],"to":[15.12058,29.71471,2],"rotation":{"angle":-22.5,"axis":"z","origin":[14.87058,29.71471,9]},"faces":{"north":{"uv":[3,3,13,13],"texture":"#2"},"east":{"uv":[3,3,13,13],"texture":"#2"},"south":{"uv":[3,3,13,13],"texture":"#2"},"west":{"uv":[3,3,13,13],"texture":"#2"},"up":{"uv":[3,3,13,13],"texture":"#2"},"down":{"uv":[3,3,13,13],"texture":"#2"}}},{"from":[2.42285,29.25047,0],"to":[13.57705,30.25047,2],"rotation":{"angle":0,"axis":"y","origin":[7.99995,29.75047,18]},"faces":{"north":{"uv":[3,3,13,13],"texture":"#2"},"east":{"uv":[3,3,13,13],"texture":"#2"},"south":{"uv":[3,3,13,13],"texture":"#2"},"west":{"uv":[3,3,13,13],"texture":"#2"},"up":{"uv":[3,3,13,13],"texture":"#2"},"down":{"uv":[3,3,13,13],"texture":"#2"}}},{"from":[0.87942,28.71471,0],"to":[2.52942,29.71471,2],"rotation":{"angle":22.5,"axis":"z","origin":[1.12942,29.71471,9]},"faces":{"north":{"uv":[3,3,13,13],"texture":"#2"},"east":{"uv":[3,3,13,13],"texture":"#2"},"south":{"uv":[3,3,13,13],"texture":"#2"},"west":{"uv":[3,3,13,13],"texture":"#2"},"up":{"uv":[3,3,13,13],"texture":"#2"},"down":{"uv":[3,3,13,13],"texture":"#2"}}},{"from":[-0.27729,29.04331,0],"to":[0.72271,30.04331,2],"rotation":{"angle":45,"axis":"z","origin":[1.32271,30.04331,9]},"faces":{"north":{"uv":[3,3,13,13],"texture":"#2"},"east":{"uv":[3,3,13,13],"texture":"#2"},"south":{"uv":[3,3,13,13],"texture":"#2"},"west":{"uv":[3,3,13,13],"texture":"#2"},"up":{"uv":[3,3,13,13],"texture":"#2"},"down":{"uv":[3,3,13,13],"texture":"#2"}}},{"from":[0.42095,1.13374,0],"to":[1.42095,1.63374,2],"rotation":{"angle":22.5,"axis":"z","origin":[0.42095,0.53374,9]},"faces":{"north":{"uv":[13,3,3,13],"rotation":90,"texture":"#2"},"east":{"uv":[13,3,3,13],"rotation":90,"texture":"#2"},"south":{"uv":[13,3,3,13],"rotation":90,"texture":"#2"},"west":{"uv":[13,3,3,13],"rotation":90,"texture":"#2"},"up":{"uv":[13,3,3,13],"rotation":90,"texture":"#2"},"down":{"uv":[13,3,3,13],"rotation":90,"texture":"#2"}}},{"from":[0,1.55,0],"to":[1,2,2],"rotation":{"angle":0,"axis":"y","origin":[0,0.95,9]},"faces":{"north":{"uv":[13,3,3,13],"rotation":90,"texture":"#2"},"east":{"uv":[13,3,3,13],"rotation":90,"texture":"#2"},"south":{"uv":[13,3,3,13],"rotation":90,"texture":"#2"},"west":{"uv":[13,3,3,13],"rotation":90,"texture":"#2"},"up":{"uv":[13,3,3,13],"rotation":90,"texture":"#2"},"down":{"uv":[13,3,3,13],"rotation":90,"texture":"#2"}}},{"from":[15,1.55,0],"to":[16,2,2],"rotation":{"angle":0,"axis":"y","origin":[16,0.95,9]},"faces":{"north":{"uv":[13,3,3,13],"rotation":90,"texture":"#2"},"east":{"uv":[13,3,3,13],"rotation":90,"texture":"#2"},"south":{"uv":[13,3,3,13],"rotation":90,"texture":"#2"},"west":{"uv":[13,3,3,13],"rotation":90,"texture":"#2"},"up":{"uv":[13,3,3,13],"rotation":90,"texture":"#2"},"down":{"uv":[13,3,3,13],"rotation":90,"texture":"#2"}}},{"from":[14.57905,1.13374,0],"to":[15.57905,1.63374,2],"rotation":{"angle":-22.5,"axis":"z","origin":[15.57905,0.53374,9]},"faces":{"north":{"uv":[13,3,3,13],"rotation":90,"texture":"#2"},"east":{"uv":[13,3,3,13],"rotation":90,"texture":"#2"},"south":{"uv":[13,3,3,13],"rotation":90,"texture":"#2"},"west":{"uv":[13,3,3,13],"rotation":90,"texture":"#2"},"up":{"uv":[13,3,3,13],"rotation":90,"texture":"#2"},"down":{"uv":[13,3,3,13],"rotation":90,"texture":"#2"}}},{"from":[15.27729,-0.04331,0],"to":[16.27729,0.95669,2],"rotation":{"angle":45,"axis":"z","origin":[14.67729,-0.04331,9]},"faces":{"north":{"uv":[3,13,13,3],"texture":"#2"},"east":{"uv":[3,13,13,3],"texture":"#2"},"south":{"uv":[3,13,13,3],"texture":"#2"},"west":{"uv":[3,13,13,3],"texture":"#2"},"up":{"uv":[3,13,13,3],"texture":"#2"},"down":{"uv":[3,13,13,3],"texture":"#2"}}},{"from":[13.47058,0.28529,0],"to":[15.12058,1.28529,2],"rotation":{"angle":22.5,"axis":"z","origin":[14.87058,0.28529,9]},"faces":{"north":{"uv":[3,13,13,3],"texture":"#2"},"east":{"uv":[3,13,13,3],"texture":"#2"},"south":{"uv":[3,13,13,3],"texture":"#2"},"west":{"uv":[3,13,13,3],"texture":"#2"},"up":{"uv":[3,13,13,3],"texture":"#2"},"down":{"uv":[3,13,13,3],"texture":"#2"}}},{"from":[2.42285,-0.25047,0],"to":[13.57705,0.74953,2],"rotation":{"angle":0,"axis":"y","origin":[7.99995,0.24953,18]},"faces":{"north":{"uv":[3,13,13,3],"texture":"#2"},"east":{"uv":[3,13,13,3],"texture":"#2"},"south":{"uv":[3,13,13,3],"texture":"#2"},"west":{"uv":[3,13,13,3],"texture":"#2"},"up":{"uv":[3,13,13,3],"texture":"#2"},"down":{"uv":[3,13,13,3],"texture":"#2"}}},{"from":[0.87942,0.28529,0],"to":[2.52942,1.28529,2],"rotation":{"angle":-22.5,"axis":"z","origin":[1.12942,0.28529,9]},"faces":{"north":{"uv":[3,13,13,3],"texture":"#2"},"east":{"uv":[3,13,13,3],"texture":"#2"},"south":{"uv":[3,13,13,3],"texture":"#2"},"west":{"uv":[3,13,13,3],"texture":"#2"},"up":{"uv":[3,13,13,3],"texture":"#2"},"down":{"uv":[3,13,13,3],"texture":"#2"}}},{"from":[-0.27729,-0.04331,0],"to":[0.72271,0.95669,2],"rotation":{"angle":-45,"axis":"z","origin":[1.32271,-0.04331,9]},"faces":{"north":{"uv":[3,13,13,3],"texture":"#2"},"east":{"uv":[3,13,13,3],"texture":"#2"},"south":{"uv":[3,13,13,3],"texture":"#2"},"west":{"uv":[3,13,13,3],"texture":"#2"},"up":{"uv":[3,13,13,3],"texture":"#2"},"down":{"uv":[3,13,13,3],"texture":"#2"}}}],"display":{"head":{"scale":[2,2,2]}},"groups":[0,1,2,3,4,5,6,7,8,9,10,11,12,13,14,15,16,17,{"name":"part1","origin":[8,16.1147,8],"color":0,"children":[18,19,20,21,22,23,24,25,26,27,28]},{"name":"part2","origin":[0,0,0],"color":0,"children":[29,30,31,32]},{"name":"part3","origin":[0,0,0],"color":0,"children":[33]},{"name":"part4","origin":[0,0,0],"color":0,"children":[34,35,36]},{"name":"frame","origin":[0,0,0],"color":0,"children":[37,38]},{"name":"mainframe","origin":[1,1,13],"color":0,"children":[39]},{"name":"windscreen","origin":[8,8,8],"color":0,"children":[40,41,42,43,44,45]},{"name":"seat","origin":[8,8,8],"color":0,"children":[]},{"name":"entetsu_controller","origin":[8,8,8],"color":0,"children":[46]},47,48,49,50,51,52,53,54,55,56,57,{"name":"riif","origin":[1.32271,30.04331,-7],"color":0,"children":[58,59,60,61,62,63,64,65,66]},{"name":"front_roof","origin":[1.32271,30.04331,-7],"color":0,"children":[67,68,69,70,71,72,73,74,75]},{"name":"front_roof","origin":[1.32271,30.04331,-7],"color":0,"children":[76,77,78,79,80,81,82,83,84]}]}