{
	"credit": "Made by Mike Shafter",
	"textures": {
		"3": "block/gray_concrete",
		"4": "block/white_terracotta",
		"5": "block/pink_concrete",
		"7": "block/anvil",
		"8": "block/white_stained_glass",
		"9": "block/white_concrete",
		"10": "block/glass",
		"11": "block/rail",
		"12": "block/birch_planks",
		"13": "entetsu_textures/new_entetsu_logo",
		"14": "block/yellow_concrete_powder",
		"15": "block/polished_deepslate",
		"16": "block/sea_lantern",
		"particle": "block/glass"
	},
	"elements": [
		{
			"from": [-4, 17.86426, -8],
			"to": [20, 19.86426, 28],
			"rotation": {"angle": 0, "axis": "y", "origin": [8.5, 23.86426, 4.80467]},
			"faces": {
				"north": {"uv": [0, 0, 16, 16], "texture": "#5"},
				"east": {"uv": [0, 0, 16, 16], "texture": "#5"},
				"south": {"uv": [0, 0, 16, 16], "texture": "#5"},
				"west": {"uv": [0, 0, 16, 16], "texture": "#5"},
				"up": {"uv": [0, 0, 16, 16], "texture": "#5"},
				"down": {"uv": [0, 0, 16, 16], "texture": "#4"}
			}
		},
		{
			"from": [-3, -1.13574, -10],
			"to": [19, 3.86426, -9],
			"rotation": {"angle": 0, "axis": "y", "origin": [8.5, 23.86426, 4.80467]},
			"faces": {
				"north": {"uv": [0, 0, 16, 16], "texture": "#3"},
				"east": {"uv": [0, 0, 16, 16], "texture": "#5"},
				"south": {"uv": [0, 0, 16, 16], "texture": "#4"},
				"west": {"uv": [0, 0, 16, 16], "texture": "#5"},
				"up": {"uv": [0, 0, 16, 16], "texture": "#4"},
				"down": {"uv": [0, 0, 16, 16], "texture": "#4"}
			}
		},
		{
			"from": [-3, -8.13574, -10],
			"to": [19, -1.13574, -9],
			"rotation": {"angle": 0, "axis": "y", "origin": [8.5, 23.86426, 4.80467]},
			"faces": {
				"north": {"uv": [0, 0, 16, 16], "texture": "#3"},
				"east": {"uv": [0, 0, 16, 16], "texture": "#5"},
				"south": {"uv": [0, 0, 16, 16], "texture": "#4"},
				"west": {"uv": [0, 0, 16, 16], "texture": "#5"},
				"up": {"uv": [0, 0, 16, 16], "texture": "#5"},
				"down": {"uv": [0, 0, 16, 16], "texture": "#4"}
			}
		},
		{
			"from": [-3, 3.86426, -10],
			"to": [7, 15.86426, -9],
			"rotation": {"angle": 0, "axis": "y", "origin": [8.5, 23.86426, 4.80467]},
			"faces": {
				"north": {"uv": [5, 0, 16, 16], "texture": "#10"},
				"east": {"uv": [5, 0, 16, 16], "texture": "#8"},
				"south": {"uv": [0, 0, 11, 16], "texture": "#10"},
				"west": {"uv": [5, 0, 16, 16], "texture": "#8"},
				"up": {"uv": [5, 0, 16, 16], "texture": "#8"},
				"down": {"uv": [5, 0, 16, 16], "texture": "#8"}
			}
		},
		{
			"from": [7, 3.86426, -10],
			"to": [9, 17.53926, -9],
			"rotation": {"angle": 0, "axis": "y", "origin": [8.5, 23.86426, 4.80467]},
			"faces": {
				"north": {"uv": [0, 0, 16, 16], "texture": "#3"},
				"east": {"uv": [0, 0, 16, 16], "texture": "#9"},
				"south": {"uv": [0, 0, 16, 16], "texture": "#9"},
				"west": {"uv": [0, 0, 16, 16], "texture": "#9"},
				"up": {"uv": [0, 0, 16, 16], "texture": "#9"},
				"down": {"uv": [0, 0, 16, 16], "texture": "#9"}
			}
		},
		{
			"from": [-3, 15.86426, -10],
			"to": [19, 17.53926, -9],
			"rotation": {"angle": 0, "axis": "y", "origin": [8.5, 23.86426, 4.80467]},
			"faces": {
				"north": {"uv": [0, 0, 16, 16], "texture": "#3"},
				"east": {"uv": [0, 0, 16, 16], "texture": "#9"},
				"south": {"uv": [0, 0, 16, 16], "texture": "#9"},
				"west": {"uv": [0, 0, 16, 16], "texture": "#9"},
				"up": {"uv": [0, 0, 16, 16], "texture": "#9"},
				"down": {"uv": [0, 0, 16, 16], "texture": "#9"}
			}
		},
		{
			"from": [9, 3.86426, -10],
			"to": [19, 15.86426, -9],
			"rotation": {"angle": 0, "axis": "y", "origin": [8.5, 23.86426, 4.80467]},
			"faces": {
				"north": {"uv": [0, 0, 11, 16], "texture": "#10"},
				"east": {"uv": [0, 0, 11, 16], "texture": "#8"},
				"south": {"uv": [5, 0, 16, 16], "texture": "#10"},
				"west": {"uv": [0, 0, 11, 16], "texture": "#8"},
				"up": {"uv": [0, 0, 11, 16], "texture": "#8"},
				"down": {"uv": [0, 0, 11, 16], "texture": "#8"}
			}
		},
		{
			"from": [-4, -10, -9.5],
			"to": [-3, -8, 28],
			"rotation": {"angle": 0, "axis": "y", "origin": [8.5, 24, 5]},
			"faces": {
				"north": {"uv": [0, 0, 16, 16], "texture": "#missing"},
				"east": {"uv": [0, 0, 16, 16], "texture": "#5"},
				"south": {"uv": [0, 0, 16, 16], "texture": "#3"},
				"west": {"uv": [0, 0, 16, 16], "texture": "#3"},
				"up": {"uv": [12, 0, 14, 16], "texture": "#11"},
				"down": {"uv": [0, 0, 16, 16], "texture": "#5"}
			}
		},
		{
			"from": [-4, -13, -7],
			"to": [-3, -10, 32],
			"rotation": {"angle": 0, "axis": "y", "origin": [8.5, 24, 5]},
			"faces": {
				"north": {"uv": [0, 0, 16, 16], "texture": "#3"},
				"east": {"uv": [0, 0, 16, 16], "texture": "#3"},
				"south": {"uv": [0, 0, 16, 16], "texture": "#3"},
				"west": {"uv": [0, 0, 16, 16], "texture": "#3"},
				"up": {"uv": [0, 0, 16, 16], "texture": "#3"},
				"down": {"uv": [0, 0, 16, 16], "texture": "#3"}
			}
		},
		{
			"from": [19, -13, -7],
			"to": [20, -10, 32],
			"rotation": {"angle": 0, "axis": "y", "origin": [7.5, 24, 5]},
			"faces": {
				"north": {"uv": [16, 0, 0, 16], "texture": "#3"},
				"east": {"uv": [16, 0, 0, 16], "texture": "#3"},
				"south": {"uv": [16, 0, 0, 16], "texture": "#3"},
				"west": {"uv": [16, 0, 0, 16], "texture": "#3"},
				"up": {"uv": [16, 0, 0, 16], "texture": "#3"},
				"down": {"uv": [16, 0, 0, 16], "texture": "#3"}
			}
		},
		{
			"from": [-4, -9.30866, -9.96194],
			"to": [20, -7.80866, -8.96194],
			"rotation": {"angle": 0, "axis": "y", "origin": [8, -8.55866, -9.46194]},
			"faces": {
				"north": {"uv": [0, 0, 16, 16], "texture": "#5"},
				"east": {"uv": [0, 0, 16, 16], "texture": "#3"},
				"south": {"uv": [0, 0, 16, 16], "texture": "#5"},
				"west": {"uv": [0, 0, 16, 16], "texture": "#3"},
				"up": {"uv": [0, 0, 16, 16], "texture": "#5"},
				"down": {"uv": [0, 0, 16, 16], "texture": "#5"}
			}
		},
		{
			"from": [-4, -10.56023, -9.71299],
			"to": [20, -9.06023, -8.71299],
			"rotation": {"angle": -22.5, "axis": "x", "origin": [8, -9.81023, -9.21299]},
			"faces": {
				"north": {"uv": [0, 0, 16, 16], "texture": "#5"},
				"east": {"uv": [0, 0, 16, 16], "texture": "#3"},
				"south": {"uv": [0, 0, 16, 16], "texture": "#5"},
				"west": {"uv": [0, 0, 16, 16], "texture": "#3"},
				"up": {"uv": [0, 0, 16, 16], "texture": "#5"},
				"down": {"uv": [0, 0, 16, 16], "texture": "#5"}
			}
		},
		{
			"from": [-4, -13.32836, -8.29692],
			"to": [-1, -9.82836, -5.29692],
			"rotation": {"angle": -45, "axis": "x", "origin": [8, -11.57836, -7.79692]},
			"faces": {
				"north": {"uv": [0, 0, 16, 16], "texture": "#5"},
				"east": {"uv": [0, 0, 16, 16], "texture": "#3"},
				"south": {"uv": [0, 0, 16, 16], "texture": "#5"},
				"west": {"uv": [0, 0, 16, 16], "texture": "#3"},
				"up": {"uv": [0, 0, 16, 16], "texture": "#5"},
				"down": {"uv": [0, 0, 16, 16], "texture": "#5"}
			}
		},
		{
			"from": [17, -13.32836, -8.29692],
			"to": [20, -9.82836, -5.29692],
			"rotation": {"angle": -45, "axis": "x", "origin": [8, -11.57836, -7.79692]},
			"faces": {
				"north": {"uv": [16, 0, 0, 16], "texture": "#5"},
				"east": {"uv": [16, 0, 0, 16], "texture": "#3"},
				"south": {"uv": [16, 0, 0, 16], "texture": "#5"},
				"west": {"uv": [16, 0, 0, 16], "texture": "#3"},
				"up": {"uv": [16, 0, 0, 16], "texture": "#5"},
				"down": {"uv": [16, 0, 0, 16], "texture": "#5"}
			}
		},
		{
			"from": [19, -10, -9.5],
			"to": [20, -8, 28],
			"rotation": {"angle": 0, "axis": "y", "origin": [8.5, 24, 5]},
			"faces": {
				"north": {"uv": [0, 0, 16, 16], "texture": "#missing"},
				"east": {"uv": [0, 0, 16, 16], "texture": "#3"},
				"south": {"uv": [0, 0, 16, 16], "texture": "#3"},
				"west": {"uv": [0, 0, 16, 16], "texture": "#5"},
				"up": {"uv": [2, 0, 4, 16], "texture": "#11"},
				"down": {"uv": [0, 0, 16, 16], "texture": "#5"}
			}
		},
		{
			"from": [-3, -10, -9],
			"to": [19, -8, 28],
			"rotation": {"angle": 0, "axis": "y", "origin": [8.5, 24, 5]},
			"faces": {
				"north": {"uv": [0, 0, 16, 16], "texture": "#12"},
				"east": {"uv": [0, 0, 16, 16], "texture": "#12"},
				"south": {"uv": [0, 0, 16, 16], "texture": "#12"},
				"west": {"uv": [0, 0, 16, 16], "texture": "#12"},
				"up": {"uv": [0, 0, 16, 16], "rotation": 90, "texture": "#12"},
				"down": {"uv": [0, 0, 16, 16], "texture": "#7"}
			}
		},
		{
			"from": [-4.05, 4, -8],
			"to": [-4.05, 20, 8],
			"rotation": {"angle": 0, "axis": "y", "origin": [8.25, 24.25209, -11.25366]},
			"faces": {
				"west": {"uv": [0, 0, 16, 16], "texture": "#13"}
			}
		},
		{
			"from": [-4, 4, -6],
			"to": [-3, 16, 6],
			"rotation": {"angle": 0, "axis": "y", "origin": [8.25, 24.25209, -11.25366]},
			"faces": {
				"north": {"uv": [0, 0, 16, 16], "texture": "#8"},
				"east": {"uv": [0, 0, 16, 16], "texture": "#10"},
				"south": {"uv": [0, 0, 16, 16], "texture": "#8"},
				"west": {"uv": [0, 0, 16, 16], "texture": "#8"},
				"up": {"uv": [0, 0, 16, 16], "texture": "#8"},
				"down": {"uv": [0, 0, 16, 16], "texture": "#8"}
			}
		},
		{
			"from": [-4, -8, -10],
			"to": [-3, -1, 9],
			"rotation": {"angle": 0, "axis": "y", "origin": [8.25, 24.25209, -11.25366]},
			"faces": {
				"north": {"uv": [0, 0, 16, 16], "texture": "#3"},
				"east": {"uv": [0, 0, 16, 16], "texture": "#4"},
				"south": {"uv": [0, 0, 16, 16], "texture": "#4"},
				"west": {"uv": [0, 0, 16, 16], "texture": "#5"},
				"up": {"uv": [0, 0, 16, 16], "texture": "#4"},
				"down": {"uv": [0, 0, 16, 16], "texture": "#4"}
			}
		},
		{
			"from": [-4, 16, -10],
			"to": [-3, 18, 9],
			"rotation": {"angle": 0, "axis": "y", "origin": [8.25, 24.25209, -11.25366]},
			"faces": {
				"north": {"uv": [0, 0, 16, 16], "texture": "#3"},
				"east": {"uv": [0, 0, 16, 16], "texture": "#4"},
				"south": {"uv": [0, 0, 16, 16], "texture": "#4"},
				"west": {"uv": [0, 0, 16, 16], "texture": "#5"},
				"up": {"uv": [0, 0, 16, 16], "texture": "#4"},
				"down": {"uv": [0, 0, 16, 16], "texture": "#4"}
			}
		},
		{
			"from": [-4, -1, -10],
			"to": [-3, 16, -6],
			"rotation": {"angle": 0, "axis": "y", "origin": [8.25, 24.25209, -11.25366]},
			"faces": {
				"north": {"uv": [0, 0, 16, 16], "texture": "#3"},
				"east": {"uv": [0, 0, 16, 16], "texture": "#4"},
				"south": {"uv": [0, 0, 16, 16], "texture": "#4"},
				"west": {"uv": [0, 0, 16, 16], "texture": "#9"},
				"up": {"uv": [0, 0, 16, 16], "texture": "#4"},
				"down": {"uv": [0, 0, 16, 16], "texture": "#4"}
			}
		},
		{
			"from": [-4, -1, 6],
			"to": [-3, 16, 9],
			"rotation": {"angle": 0, "axis": "y", "origin": [8.25, 24.25209, -11.25366]},
			"faces": {
				"north": {"uv": [0, 0, 16, 16], "texture": "#4"},
				"east": {"uv": [0, 0, 16, 16], "texture": "#4"},
				"south": {"uv": [0, 0, 16, 16], "texture": "#4"},
				"west": {"uv": [0, 0, 16, 16], "texture": "#9"},
				"up": {"uv": [0, 0, 16, 16], "texture": "#4"},
				"down": {"uv": [0, 0, 16, 16], "texture": "#4"}
			}
		},
		{
			"from": [-4, -1, -6],
			"to": [-3, 4, 6],
			"rotation": {"angle": 0, "axis": "y", "origin": [8.25, 24.25209, -11.25366]},
			"faces": {
				"north": {"uv": [0, 0, 16, 16], "texture": "#4"},
				"east": {"uv": [0, 0, 16, 16], "texture": "#4"},
				"south": {"uv": [0, 0, 16, 16], "texture": "#4"},
				"west": {"uv": [0, 0, 16, 16], "texture": "#9"},
				"up": {"uv": [0, 0, 16, 16], "texture": "#4"},
				"down": {"uv": [0, 0, 16, 16], "texture": "#4"}
			}
		},
		{
			"from": [19, 16, -10],
			"to": [20, 18, 9],
			"rotation": {"angle": 0, "axis": "y", "origin": [7.75, 24.25209, -11.25366]},
			"faces": {
				"north": {"uv": [0, 0, 16, 16], "texture": "#3"},
				"east": {"uv": [0, 0, 16, 16], "texture": "#5"},
				"south": {"uv": [0, 0, 16, 16], "texture": "#4"},
				"west": {"uv": [0, 0, 16, 16], "texture": "#4"},
				"up": {"uv": [0, 0, 16, 16], "texture": "#4"},
				"down": {"uv": [0, 0, 16, 16], "texture": "#4"}
			}
		},
		{
			"from": [19, -8, -10],
			"to": [20, -1, 9],
			"rotation": {"angle": 0, "axis": "y", "origin": [7.75, 24.25209, -11.25366]},
			"faces": {
				"north": {"uv": [0, 0, 16, 16], "texture": "#3"},
				"east": {"uv": [0, 0, 16, 16], "texture": "#5"},
				"south": {"uv": [0, 0, 16, 16], "texture": "#4"},
				"west": {"uv": [0, 0, 16, 16], "texture": "#4"},
				"up": {"uv": [0, 0, 16, 16], "texture": "#4"},
				"down": {"uv": [0, 0, 16, 16], "texture": "#4"}
			}
		},
		{
			"from": [19, -1, 6],
			"to": [20, 16, 9],
			"rotation": {"angle": 0, "axis": "y", "origin": [7.75, 24.25209, -11.25366]},
			"faces": {
				"north": {"uv": [0, 0, 16, 16], "texture": "#4"},
				"east": {"uv": [0, 0, 16, 16], "texture": "#9"},
				"south": {"uv": [0, 0, 16, 16], "texture": "#4"},
				"west": {"uv": [0, 0, 16, 16], "texture": "#4"},
				"up": {"uv": [0, 0, 16, 16], "texture": "#4"},
				"down": {"uv": [0, 0, 16, 16], "texture": "#4"}
			}
		},
		{
			"from": [19, -1, -10],
			"to": [20, 16, -6],
			"rotation": {"angle": 0, "axis": "y", "origin": [7.75, 24.25209, -11.25366]},
			"faces": {
				"north": {"uv": [0, 0, 16, 16], "texture": "#3"},
				"east": {"uv": [0, 0, 16, 16], "texture": "#9"},
				"south": {"uv": [0, 0, 16, 16], "texture": "#4"},
				"west": {"uv": [0, 0, 16, 16], "texture": "#4"},
				"up": {"uv": [0, 0, 16, 16], "texture": "#4"},
				"down": {"uv": [0, 0, 16, 16], "texture": "#4"}
			}
		},
		{
			"from": [19, -1, -6],
			"to": [20, 16, 6],
			"rotation": {"angle": 0, "axis": "y", "origin": [7.75, 24.25209, -11.25366]},
			"faces": {
				"north": {"uv": [0, 0, 16, 16], "texture": "#4"},
				"east": {"uv": [0, 0, 16, 16], "texture": "#8"},
				"south": {"uv": [0, 0, 16, 16], "texture": "#4"},
				"west": {"uv": [0, 0, 16, 16], "texture": "#10"},
				"up": {"uv": [0, 0, 16, 16], "texture": "#4"},
				"down": {"uv": [0, 0, 16, 16], "texture": "#4"}
			}
		},
		{
			"from": [20.05, 4, -8],
			"to": [20.05, 20, 8],
			"rotation": {"angle": 0, "axis": "y", "origin": [7.75, 24.25209, -11.25366]},
			"faces": {
				"east": {"uv": [0, 0, 16, 16], "texture": "#13"}
			}
		},
		{
			"from": [-3, -3.0441, 3.61265],
			"to": [5, 1.9559, 4.31265],
			"rotation": {"angle": 22.5, "axis": "x", "origin": [1, -0.95, 3.825]},
			"faces": {
				"north": {"uv": [0, 0, 16, 16], "texture": "#14"},
				"east": {"uv": [0, 0, 16, 16], "texture": "#14"},
				"south": {"uv": [0, 0, 16, 16], "texture": "#14"},
				"west": {"uv": [0, 0, 16, 16], "texture": "#14"},
				"up": {"uv": [0, 0, 16, 16], "texture": "#14"},
				"down": {"uv": [0, 0, 16, 16], "texture": "#14"}
			}
		},
		{
			"from": [-3, -3.0441, 4.7],
			"to": [5, 8.9559, 5.4],
			"rotation": {"angle": 0, "axis": "y", "origin": [1, -0.95, 3.825]},
			"faces": {
				"north": {"uv": [0, 0, 16, 16], "texture": "#14"},
				"east": {"uv": [0, 0, 16, 16], "texture": "#14"},
				"south": {"uv": [0, 0, 16, 16], "texture": "#14"},
				"west": {"uv": [0, 0, 16, 16], "texture": "#14"},
				"up": {"uv": [0, 0, 16, 16], "texture": "#14"},
				"down": {"uv": [0, 0, 16, 16], "texture": "#14"}
			}
		},
		{
			"from": [-3, -3.0441, -0.2],
			"to": [5, -1.8441, 5.4],
			"rotation": {"angle": 0, "axis": "y", "origin": [1, -0.95, 3.825]},
			"faces": {
				"north": {"uv": [0, 0, 16, 16], "texture": "#14"},
				"east": {"uv": [0, 0, 16, 16], "texture": "#14"},
				"south": {"uv": [0, 0, 16, 16], "texture": "#14"},
				"west": {"uv": [0, 0, 16, 16], "texture": "#14"},
				"up": {"uv": [0, 0, 16, 16], "texture": "#14"},
				"down": {"uv": [0, 0, 16, 16], "texture": "#14"}
			}
		},
		{
			"from": [-1, 19.8643, 4],
			"to": [17, 21.8643, 28],
			"rotation": {"angle": 0, "axis": "y", "origin": [8, 20.8643, 8]},
			"faces": {
				"north": {"uv": [0, 0, 16, 2], "texture": "#3"},
				"east": {"uv": [0, 0, 16, 2], "texture": "#3"},
				"south": {"uv": [0, 0, 16, 2], "texture": "#3"},
				"west": {"uv": [0, 0, 16, 2], "texture": "#3"},
				"up": {"uv": [0, 0, 16, 16], "texture": "#7"},
				"down": {"uv": [0, 0, 16, 2], "texture": "#3"}
			}
		},
		{
			"from": [-3, -8, -9],
			"to": [8, 4, -5],
			"faces": {
				"north": {"uv": [0, 0, 16, 16], "texture": "#15"},
				"east": {"uv": [0, 0, 16, 16], "texture": "#15"},
				"south": {"uv": [0, 0, 16, 16], "texture": "#15"},
				"west": {"uv": [0, 0, 16, 16], "texture": "#15"},
				"up": {"uv": [0, 0, 16, 16], "texture": "#15"},
				"down": {"uv": [0, 0, 16, 16], "texture": "#15"}
			}
		},
		{
			"from": [-4, 17.50218, -10],
			"to": [20, 18.29782, -8.5],
			"rotation": {"angle": 0, "axis": "x", "origin": [8, 17.9, -8]},
			"faces": {
				"north": {"uv": [0, 0, 1, 1], "texture": "#3"},
				"east": {"uv": [0, 0, 1, 1], "texture": "#5"},
				"south": {"uv": [0, 0, 1, 1], "texture": "#5"},
				"west": {"uv": [0, 0, 1, 1], "texture": "#5"},
				"up": {"uv": [0, 0, 1, 1], "texture": "#5"},
				"down": {"uv": [0, 0, 1, 1], "texture": "#5"}
			}
		},
		{
			"from": [-4, 17.50218, -10],
			"to": [20, 18.29782, -8.5],
			"rotation": {"angle": 22.5, "axis": "x", "origin": [8, 17.9, -8]},
			"faces": {
				"north": {"uv": [0, 0, 1, 1], "texture": "#5"},
				"east": {"uv": [0, 0, 1, 1], "texture": "#5"},
				"south": {"uv": [0, 0, 1, 1], "texture": "#5"},
				"west": {"uv": [0, 0, 1, 1], "texture": "#5"},
				"up": {"uv": [0, 0, 1, 1], "texture": "#5"},
				"down": {"uv": [0, 0, 1, 1], "texture": "#5"}
			}
		},
		{
			"from": [-4, 17.50218, -10],
			"to": [20, 18.29782, -8],
			"rotation": {"angle": 45, "axis": "x", "origin": [8, 17.9, -8]},
			"faces": {
				"north": {"uv": [0, 0, 1, 1], "texture": "#5"},
				"east": {"uv": [0, 0, 1, 1], "texture": "#5"},
				"south": {"uv": [0, 0, 1, 1], "texture": "#5"},
				"west": {"uv": [0, 0, 1, 1], "texture": "#5"},
				"up": {"uv": [0, 0, 1, 1], "texture": "#5"},
				"down": {"uv": [0, 0, 1, 1], "texture": "#5"}
			}
		},
		{
			"from": [-4, 16.4, -8.39782],
			"to": [20, 19.9, -7.60218],
			"rotation": {"angle": -22.5, "axis": "x", "origin": [8, 17.9, -8]},
			"faces": {
				"north": {"uv": [0, 0, 1, 1], "texture": "#5"},
				"east": {"uv": [0, 0, 1, 1], "texture": "#5"},
				"south": {"uv": [0, 0, 1, 1], "texture": "#4"},
				"west": {"uv": [0, 0, 1, 1], "texture": "#5"},
				"up": {"uv": [0, 0, 1, 1], "texture": "#5"},
				"down": {"uv": [0, 0, 1, 1], "texture": "#4"}
			}
		},
		{
			"from": [-4, 18.4, -8.39782],
			"to": [20, 19.9, -7.60218],
			"rotation": {"angle": 0, "axis": "x", "origin": [8, 17.9, -8]},
			"faces": {
				"north": {"uv": [0, 0, 1, 1], "texture": "#5"},
				"east": {"uv": [0, 0, 1, 1], "texture": "#5"},
				"south": {"uv": [0, 0, 1, 1], "texture": "#5"},
				"west": {"uv": [0, 0, 1, 1], "texture": "#5"},
				"up": {"uv": [0, 0, 1, 1], "texture": "#5"},
				"down": {"uv": [0, 0, 1, 1], "texture": "#5"}
			}
		},
		{
			"from": [-1, -2.75, -11],
			"to": [3, 1.25, -10],
			"faces": {
				"north": {"uv": [0, 0, 16, 16], "texture": "#16"},
				"east": {"uv": [0, 0, 16, 16], "texture": "#3"},
				"south": {"uv": [0, 0, 16, 16], "texture": "#3"},
				"west": {"uv": [0, 0, 16, 16], "texture": "#3"},
				"up": {"uv": [0, 0, 16, 16], "texture": "#3"},
				"down": {"uv": [0, 0, 16, 16], "texture": "#3"}
			}
		},
		{
			"from": [13, -2.75, -11],
			"to": [17, 1.25, -10],
			"faces": {
				"north": {"uv": [0, 0, 16, 16], "texture": "#16"},
				"east": {"uv": [0, 0, 16, 16], "texture": "#3"},
				"south": {"uv": [0, 0, 16, 16], "texture": "#3"},
				"west": {"uv": [0, 0, 16, 16], "texture": "#3"},
				"up": {"uv": [0, 0, 16, 16], "texture": "#3"},
				"down": {"uv": [0, 0, 16, 16], "texture": "#3"}
			}
		},
		{
			"from": [-3, -8, 7],
			"to": [8, 5, 8],
			"rotation": {"angle": 0, "axis": "y", "origin": [0.32843, 5, 11.32843]},
			"faces": {
				"north": {"uv": [0, 0, 16, 16], "texture": "#4"},
				"east": {"uv": [0, 0, 16, 16], "texture": "#4"},
				"south": {"uv": [0, 0, 16, 16], "texture": "#4"},
				"west": {"uv": [0, 0, 16, 16], "texture": "#4"},
				"up": {"uv": [0, 0, 16, 16], "texture": "#4"},
				"down": {"uv": [0, 0, 16, 16], "texture": "#4"}
			}
		},
		{
			"from": [-3, 5, 7],
			"to": [8, 18, 8],
			"rotation": {"angle": 0, "axis": "y", "origin": [0.32843, 5, 11.32843]},
			"faces": {
				"north": {"uv": [0, 0, 16, 16], "texture": "#10"},
				"east": {"uv": [0, 0, 16, 16], "texture": "#10"},
				"south": {"uv": [0, 0, 16, 16], "texture": "#10"},
				"west": {"uv": [0, 0, 16, 16], "texture": "#10"},
				"up": {"uv": [0, 0, 16, 16], "texture": "#10"},
				"down": {"uv": [0, 0, 16, 16], "texture": "#10"}
			}
		},
		{
			"from": [8, 5, 7.25],
			"to": [19, 18, 7.75],
			"rotation": {"angle": 0, "axis": "y", "origin": [0.32843, 5, 11.32843]},
			"faces": {
				"north": {"uv": [0, 0, 16, 16], "texture": "#10"},
				"east": {"uv": [0, 0, 16, 16], "texture": "#10"},
				"south": {"uv": [0, 0, 16, 16], "texture": "#10"},
				"west": {"uv": [0, 0, 16, 16], "texture": "#10"},
				"up": {"uv": [0, 0, 16, 16], "texture": "#10"},
				"down": {"uv": [0, 0, 16, 16], "texture": "#10"}
			}
		},
		{
			"from": [8, -8, 7.25],
			"to": [19, 5, 7.75],
			"rotation": {"angle": 0, "axis": "y", "origin": [0.32843, 5, 11.32843]},
			"faces": {
				"north": {"uv": [0, 0, 16, 16], "texture": "#4"},
				"east": {"uv": [0, 0, 16, 16], "texture": "#4"},
				"south": {"uv": [0, 0, 16, 16], "texture": "#4"},
				"west": {"uv": [0, 0, 16, 16], "texture": "#4"},
				"up": {"uv": [0, 0, 16, 16], "texture": "#4"},
				"down": {"uv": [0, 0, 16, 16], "texture": "#4"}
			}
		},
		{
			"from": [9, 3, 6.75],
			"to": [11, 4, 8.25],
			"rotation": {"angle": 0, "axis": "y", "origin": [0.32843, 5, 11.32843]},
			"faces": {
				"north": {"uv": [2, 5, 4, 6], "texture": "#7"},
				"east": {"uv": [2, 5, 4, 6], "texture": "#7"},
				"south": {"uv": [2, 5, 4, 6], "texture": "#7"},
				"west": {"uv": [2, 5, 4, 6], "texture": "#7"},
				"up": {"uv": [2, 5, 4, 6], "texture": "#7"},
				"down": {"uv": [2, 5, 4, 6], "texture": "#7"}
			}
		}
	],
	"display": {
		"head": {
			"scale": [2, 2.2, 2]
		}
	},
	"groups": [
		0,
		1,
		2,
		3,
		4,
		5,
		6,
		7,
		8,
		9,
		10,
		11,
		12,
		13,
		14,
		15,
		{
			"name": "wall",
			"origin": [8.25, 24.25209, -9.25366],
			"color": 0,
			"children": [16, 17, 18, 19, 20, 21, 22]
		},
		{
			"name": "wall",
			"origin": [8.25, 24.25209, -9.25366],
			"color": 0,
			"children": [23, 24, 25, 26, 27, 28]
		},
		{
			"name": "seat",
			"origin": [1, -0.1, 23.825],
			"color": 0,
			"children": [29, 30, 31]
		},
		32,
		33,
		{
			"name": "hexadecagon",
			"origin": [8, 8, 8],
			"color": 0,
			"children": [34, 35, 36, 37, 38]
		},
		39,
		40,
		41,
		42,
		43,
		44,
		45
	]
}