{"credit":"Made by Mike Shafter","textures":{"4":"block/light_gray_concrete","5":"block/pink_concrete","7":"block/white_terracotta","8":"block/white_stained_glass","9":"block/purple_concrete_powder","11":"block/birch_planks","12":"block/gray_concrete","13":"block/glass","14":"block/stonecutter_bottom","15":"block/white_concrete","16":"block/orange_concrete_powder","17":"block/magenta_glazed_terracotta","18":"entetsu_textures/tkhn_line_diagram","particle":"block/anvil"},"elements":[{"from":[-4,17.9893,-15],"to":[20,19.8643,31],"rotation":{"angle":0,"axis":"y","origin":[8.5,24,0]},"faces":{"north":{"uv":[0,0,16,16],"texture":"#5"},"east":{"uv":[0,0,16,16],"texture":"#5"},"south":{"uv":[0,0,16,16],"texture":"#5"},"west":{"uv":[0,0,16,16],"texture":"#5"},"up":{"uv":[0,0,16,16],"texture":"#5"},"down":{"uv":[0,0,16,16],"texture":"#7"}}},{"from":[-1,19.8643,-11],"to":[17,21.8643,7],"rotation":{"angle":0,"axis":"y","origin":[8.5,24,0]},"faces":{"north":{"uv":[0,0,16,16],"texture":"#12"},"east":{"uv":[0,0,16,16],"texture":"#12"},"south":{"uv":[0,0,16,16],"texture":"#12"},"west":{"uv":[0,0,16,16],"texture":"#12"},"up":{"uv":[0,0,16,16],"texture":"#14"},"down":{"uv":[0,0,16,16],"texture":"#12"}}},{"from":[-1,19.8643,9],"to":[17,21.8643,27],"rotation":{"angle":0,"axis":"y","origin":[8.5,24,0]},"faces":{"north":{"uv":[0,0,16,16],"texture":"#12"},"east":{"uv":[0,0,16,16],"texture":"#12"},"south":{"uv":[0,0,16,16],"texture":"#12"},"west":{"uv":[0,0,16,16],"texture":"#12"},"up":{"uv":[0,0,16,16],"texture":"#14"},"down":{"uv":[0,0,16,16],"texture":"#12"}}},{"from":[-4,-10,-15],"to":[-3,-8,31],"rotation":{"angle":0,"axis":"y","origin":[8.5,24,0]},"faces":{"north":{"uv":[0,0,16,16],"texture":"#12"},"east":{"uv":[0,0,16,16],"texture":"#12"},"south":{"uv":[0,0,16,16],"texture":"#12"},"west":{"uv":[0,0,16,16],"texture":"#12"},"up":{"uv":[0,0,16,16],"texture":"#12"},"down":{"uv":[0,0,16,16],"texture":"#12"}}},{"from":[19,-10,-15],"to":[20,-8,31],"rotation":{"angle":0,"axis":"y","origin":[8.5,24,0]},"faces":{"north":{"uv":[0,0,16,16],"texture":"#12"},"east":{"uv":[0,0,16,16],"texture":"#12"},"south":{"uv":[0,0,16,16],"texture":"#12"},"west":{"uv":[0,0,16,16],"texture":"#12"},"up":{"uv":[0,0,16,16],"texture":"#12"},"down":{"uv":[0,0,16,16],"texture":"#12"}}},{"from":[-3,-10,-15],"to":[19,-8,31],"rotation":{"angle":0,"axis":"y","origin":[8.5,24,0]},"faces":{"north":{"uv":[0,0,16,16],"texture":"#11"},"east":{"uv":[0,0,16,16],"texture":"#11"},"south":{"uv":[0,0,16,16],"texture":"#11"},"west":{"uv":[0,0,16,16],"texture":"#11"},"up":{"uv":[0,0,16,16],"rotation":90,"texture":"#11"},"down":{"uv":[0,0,16,16],"texture":"#particle"}}},{"from":[-4,-1,-15],"to":[-3,16,-13],"rotation":{"angle":0,"axis":"y","origin":[8.25,24.25209,-16.25366]},"faces":{"north":{"uv":[0,0,16,16],"texture":"#7"},"east":{"uv":[0,0,16,16],"texture":"#7"},"south":{"uv":[0,0,16,16],"texture":"#7"},"west":{"uv":[0,0,16,16],"texture":"#15"},"up":{"uv":[0,0,16,16],"texture":"#4"},"down":{"uv":[0,0,16,16],"texture":"#4"}}},{"from":[-4,16,-15],"to":[-3,18,31],"rotation":{"angle":0,"axis":"y","origin":[8.25,24.25209,-16.25366]},"faces":{"north":{"uv":[0,0,16,16],"texture":"#7"},"east":{"uv":[0,0,16,16],"texture":"#7"},"south":{"uv":[0,0,16,16],"texture":"#7"},"west":{"uv":[0,0,16,16],"texture":"#5"},"up":{"uv":[0,0,16,16],"texture":"#4"},"down":{"uv":[0,0,16,16],"texture":"#4"}}},{"from":[-4,-1,29],"to":[-3,16,31],"rotation":{"angle":0,"axis":"y","origin":[8.25,24.25209,-16.25366]},"faces":{"north":{"uv":[0,0,16,16],"texture":"#7"},"east":{"uv":[0,0,16,16],"texture":"#7"},"south":{"uv":[0,0,16,16],"texture":"#7"},"west":{"uv":[0,0,16,16],"texture":"#15"},"up":{"uv":[0,0,16,16],"texture":"#4"},"down":{"uv":[0,0,16,16],"texture":"#4"}}},{"from":[-3.95,6,-13],"to":[-3.05,14,5],"rotation":{"angle":0,"axis":"y","origin":[8.25,24.25209,-16.25366]},"faces":{"north":{"uv":[0,0,16,16],"texture":"#7"},"east":{"uv":[1,1,15,12],"texture":"#13"},"south":{"uv":[0,0,16,16],"texture":"#7"},"west":{"uv":[1,1,15,12],"texture":"#13"},"up":{"uv":[0,0,16,16],"texture":"#8"},"down":{"uv":[0,0,16,16],"texture":"#8"}}},{"from":[-4,-1,-13],"to":[-3,6,5],"rotation":{"angle":0,"axis":"y","origin":[8.25,24.25209,-16.25366]},"faces":{"north":{"uv":[0,0,16,16],"texture":"#7"},"east":{"uv":[1,3,15,14],"texture":"#7"},"south":{"uv":[0,0,16,16],"texture":"#7"},"west":{"uv":[1,3,15,14],"texture":"#15"},"up":{"uv":[0,0,16,16],"texture":"#8"},"down":{"uv":[0,0,16,16],"texture":"#8"}}},{"from":[-3.95,14,-13],"to":[-2.975,18,5],"rotation":{"angle":0,"axis":"y","origin":[8.25,24.25209,-16.25366]},"faces":{"north":{"uv":[0,0,16,16],"texture":"#7"},"east":{"uv":[0,0,16,16],"texture":"#18"},"south":{"uv":[0,0,16,16],"texture":"#7"},"west":{"uv":[1,3,15,14],"texture":"#15"},"up":{"uv":[0,0,16,16],"texture":"#8"},"down":{"uv":[0,0,16,16],"texture":"#8"}}},{"from":[-4,-1,11],"to":[-3,13,29],"rotation":{"angle":0,"axis":"y","origin":[8.25,24.25209,-16.25366]},"faces":{"north":{"uv":[0,0,16,16],"texture":"#7"},"east":{"uv":[0,0,16,16],"texture":"#13"},"south":{"uv":[0,0,16,16],"texture":"#7"},"west":{"uv":[0,0,16,16],"texture":"#13"},"up":{"uv":[0,0,16,16],"texture":"#7"},"down":{"uv":[0,0,16,16],"texture":"#7"}}},{"from":[-4,13,11],"to":[-3,16,29],"rotation":{"angle":-45,"axis":"z","origin":[-4,13,20]},"faces":{"north":{"uv":[0,0,16,16],"texture":"#7"},"east":{"uv":[0,0,16,16],"texture":"#13"},"south":{"uv":[0,0,16,16],"texture":"#7"},"west":{"uv":[0,0,16,16],"texture":"#13"},"up":{"uv":[0,0,16,16],"texture":"#7"},"down":{"uv":[0,0,16,16],"texture":"#7"}}},{"from":[-4,-1,5],"to":[-3,16,11],"rotation":{"angle":0,"axis":"y","origin":[8.25,24.25209,-16.25366]},"faces":{"north":{"uv":[0,0,16,16],"texture":"#7"},"east":{"uv":[1,3,15,14],"texture":"#7"},"south":{"uv":[0,0,16,16],"texture":"#7"},"west":{"uv":[1,3,15,14],"texture":"#15"},"up":{"uv":[0,0,16,16],"texture":"#8"},"down":{"uv":[0,0,16,16],"texture":"#8"}}},{"from":[-4.05,7,5],"to":[-4.05,9,7],"rotation":{"angle":0,"axis":"y","origin":[8.25,24.25209,-16.25366]},"faces":{"north":{"uv":[0,0,16,16],"texture":"#7"},"east":{"uv":[1,3,15,14],"texture":"#7"},"south":{"uv":[0,0,16,16],"texture":"#7"},"west":{"uv":[0,0,16,16],"rotation":270,"texture":"#17"},"up":{"uv":[0,0,16,16],"texture":"#8"},"down":{"uv":[0,0,16,16],"texture":"#8"}}},{"from":[20.05,7,9],"to":[20.05,9,11],"rotation":{"angle":0,"axis":"y","origin":[7.75,24.25209,32.25366]},"faces":{"north":{"uv":[0,0,16,16],"texture":"#7"},"east":{"uv":[0,0,16,16],"rotation":270,"texture":"#17"},"south":{"uv":[0,0,16,16],"texture":"#7"},"west":{"uv":[1,3,15,14],"texture":"#7"},"up":{"uv":[16,16,0,0],"texture":"#8"},"down":{"uv":[16,16,0,0],"texture":"#8"}}},{"from":[-4,-8,-15],"to":[-3,-1,31],"rotation":{"angle":0,"axis":"y","origin":[8.25,24.25209,-16.25366]},"faces":{"north":{"uv":[0,0,16,16],"texture":"#7"},"east":{"uv":[0,0,16,16],"texture":"#7"},"south":{"uv":[0,0,16,16],"texture":"#7"},"west":{"uv":[0,0,16,16],"texture":"#5"},"up":{"uv":[0,0,16,16],"texture":"#4"},"down":{"uv":[0,0,16,16],"texture":"#4"}}},{"from":[19,-1,-15],"to":[20,16,-13],"rotation":{"angle":0,"axis":"y","origin":[8.25,24.25209,-16.25366]},"faces":{"north":{"uv":[0,0,16,16],"texture":"#7"},"east":{"uv":[0,0,16,16],"texture":"#15"},"south":{"uv":[0,0,16,16],"texture":"#7"},"west":{"uv":[0,0,16,16],"texture":"#7"},"up":{"uv":[0,0,16,16],"texture":"#4"},"down":{"uv":[0,0,16,16],"texture":"#4"}}},{"from":[19,16,-15],"to":[20,18,31],"rotation":{"angle":0,"axis":"y","origin":[8.25,24.25209,-16.25366]},"faces":{"north":{"uv":[0,0,16,16],"texture":"#7"},"east":{"uv":[0,0,16,16],"texture":"#5"},"south":{"uv":[0,0,16,16],"texture":"#7"},"west":{"uv":[0,0,16,16],"texture":"#7"},"up":{"uv":[0,0,16,16],"texture":"#4"},"down":{"uv":[0,0,16,16],"texture":"#4"}}},{"from":[19,-1,29],"to":[20,16,31],"rotation":{"angle":0,"axis":"y","origin":[8.25,24.25209,-16.25366]},"faces":{"north":{"uv":[0,0,16,16],"texture":"#7"},"east":{"uv":[0,0,16,16],"texture":"#15"},"south":{"uv":[0,0,16,16],"texture":"#7"},"west":{"uv":[0,0,16,16],"texture":"#7"},"up":{"uv":[0,0,16,16],"texture":"#4"},"down":{"uv":[0,0,16,16],"texture":"#4"}}},{"from":[19.075,6,11],"to":[19.925,14,29],"rotation":{"angle":0,"axis":"y","origin":[8.25,24.25209,-16.25366]},"faces":{"north":{"uv":[0,0,16,16],"texture":"#7"},"east":{"uv":[1,1,15,12],"texture":"#13"},"south":{"uv":[0,0,16,16],"texture":"#7"},"west":{"uv":[1,1,15,12],"texture":"#13"},"up":{"uv":[0,0,16,16],"texture":"#8"},"down":{"uv":[0,0,16,16],"texture":"#8"}}},{"from":[19,-1,11],"to":[20,6,29],"rotation":{"angle":0,"axis":"y","origin":[8.25,24.25209,-16.25366]},"faces":{"north":{"uv":[0,0,16,16],"texture":"#7"},"east":{"uv":[1,3,15,14],"texture":"#15"},"south":{"uv":[0,0,16,16],"texture":"#7"},"west":{"uv":[1,3,15,14],"texture":"#7"},"up":{"uv":[0,0,16,16],"texture":"#8"},"down":{"uv":[0,0,16,16],"texture":"#8"}}},{"from":[18.975,14,11],"to":[19.95,18,29],"rotation":{"angle":0,"axis":"y","origin":[8.25,24.25209,-16.25366]},"faces":{"north":{"uv":[0,0,16,16],"texture":"#7"},"east":{"uv":[1,3,15,14],"texture":"#15"},"south":{"uv":[0,0,16,16],"texture":"#7"},"west":{"uv":[0,0,16,16],"texture":"#18"},"up":{"uv":[0,0,16,16],"texture":"#8"},"down":{"uv":[0,0,16,16],"texture":"#8"}}},{"from":[19,-1,5],"to":[20,16,11],"rotation":{"angle":0,"axis":"y","origin":[8.25,24.25209,-16.25366]},"faces":{"north":{"uv":[0,0,16,16],"texture":"#7"},"east":{"uv":[1,3,15,14],"texture":"#15"},"south":{"uv":[0,0,16,16],"texture":"#7"},"west":{"uv":[1,3,15,14],"texture":"#7"},"up":{"uv":[0,0,16,16],"texture":"#8"},"down":{"uv":[0,0,16,16],"texture":"#8"}}},{"from":[19,-8,-15],"to":[20,-1,31],"rotation":{"angle":0,"axis":"y","origin":[8.25,24.25209,-16.25366]},"faces":{"north":{"uv":[0,0,16,16],"texture":"#7"},"east":{"uv":[0,0,16,16],"texture":"#5"},"south":{"uv":[0,0,16,16],"texture":"#7"},"west":{"uv":[0,0,16,16],"texture":"#7"},"up":{"uv":[0,0,16,16],"texture":"#4"},"down":{"uv":[0,0,16,16],"texture":"#4"}}},{"from":[19,-1,-13],"to":[20,13,5],"rotation":{"angle":0,"axis":"y","origin":[7.75,24.25209,32.25366]},"faces":{"north":{"uv":[0,0,16,16],"texture":"#7"},"east":{"uv":[0,0,16,16],"texture":"#13"},"south":{"uv":[0,0,16,16],"texture":"#7"},"west":{"uv":[0,0,16,16],"texture":"#13"},"up":{"uv":[16,16,0,0],"texture":"#7"},"down":{"uv":[16,16,0,0],"texture":"#7"}}},{"from":[19,13,-13],"to":[20,16,5],"rotation":{"angle":45,"axis":"z","origin":[20,13,-4]},"faces":{"north":{"uv":[0,0,16,16],"texture":"#7"},"east":{"uv":[0,0,16,16],"texture":"#13"},"south":{"uv":[0,0,16,16],"texture":"#7"},"west":{"uv":[0,0,16,16],"texture":"#13"},"up":{"uv":[16,16,0,0],"texture":"#7"},"down":{"uv":[16,16,0,0],"texture":"#7"}}},{"from":[19,-13,-15],"to":[20,-10,31],"rotation":{"angle":0,"axis":"y","origin":[7.5,24,5]},"faces":{"north":{"uv":[16,0,0,16],"texture":"#12"},"east":{"uv":[16,0,0,16],"texture":"#12"},"south":{"uv":[16,0,0,16],"texture":"#12"},"west":{"uv":[16,0,0,16],"texture":"#12"},"up":{"uv":[16,0,0,16],"texture":"#12"},"down":{"uv":[16,0,0,16],"texture":"#12"}}},{"from":[-4,-13,-15],"to":[-3,-10,31],"rotation":{"angle":0,"axis":"y","origin":[7.5,24,5]},"faces":{"north":{"uv":[16,0,0,16],"texture":"#12"},"east":{"uv":[16,0,0,16],"texture":"#12"},"south":{"uv":[16,0,0,16],"texture":"#12"},"west":{"uv":[16,0,0,16],"texture":"#12"},"up":{"uv":[16,0,0,16],"texture":"#12"},"down":{"uv":[16,0,0,16],"texture":"#12"}}},{"from":[-3,-3,-13.4],"to":[3,-1.8,10.6],"rotation":{"angle":0,"axis":"y","origin":[-2.1,-6,11.6]},"faces":{"north":{"uv":[0,0,16,16],"texture":"#16"},"east":{"uv":[0,0,16,16],"texture":"#16"},"south":{"uv":[0,0,16,16],"texture":"#16"},"west":{"uv":[0,0,16,16],"texture":"#16"},"up":{"uv":[0,0,16,16],"texture":"#16"},"down":{"uv":[0,0,16,16],"texture":"#16"}}},{"from":[-3,-2,-13.4],"to":[-2,5.2,10.6],"rotation":{"angle":0,"axis":"y","origin":[-2.1,-6,11.6]},"faces":{"north":{"uv":[0,0,16,16],"texture":"#16"},"east":{"uv":[0,0,16,16],"texture":"#16"},"south":{"uv":[0,0,16,16],"texture":"#16"},"west":{"uv":[0,0,16,16],"texture":"#16"},"up":{"uv":[0,0,16,16],"texture":"#16"},"down":{"uv":[0,0,16,16],"texture":"#16"}}},{"from":[-3,-2.15293,12.11987],"to":[5,2.84707,12.81987],"rotation":{"angle":-22.5,"axis":"x","origin":[0.7,1.34707,12.99487]},"faces":{"north":{"uv":[0,0,16,16],"texture":"#9"},"east":{"uv":[0,0,16,16],"texture":"#9"},"south":{"uv":[0,0,16,16],"texture":"#9"},"west":{"uv":[0,0,16,16],"texture":"#9"},"up":{"uv":[0,0,16,16],"texture":"#9"},"down":{"uv":[0,0,16,16],"texture":"#9"}}},{"from":[-3,-1.8,11.6],"to":[5,6.2,12.3],"rotation":{"angle":0,"axis":"y","origin":[-2.1,-6,11.6]},"faces":{"north":{"uv":[0,0,16,16],"texture":"#9"},"east":{"uv":[0,0,16,16],"texture":"#9"},"south":{"uv":[0,0,16,16],"texture":"#9"},"west":{"uv":[0,0,16,16],"texture":"#9"},"up":{"uv":[0,0,16,16],"texture":"#9"},"down":{"uv":[0,0,16,16],"texture":"#9"}}},{"from":[-3,-3,11.6],"to":[5,-1.8,17.2],"rotation":{"angle":0,"axis":"y","origin":[-2.1,-6,11.6]},"faces":{"north":{"uv":[0,0,16,16],"texture":"#9"},"east":{"uv":[0,0,16,16],"texture":"#9"},"south":{"uv":[0,0,16,16],"texture":"#9"},"west":{"uv":[0,0,16,16],"texture":"#9"},"up":{"uv":[0,0,16,16],"texture":"#9"},"down":{"uv":[0,0,16,16],"texture":"#9"}}},{"from":[-3,-2.15293,28.18013],"to":[5,2.84707,28.88013],"rotation":{"angle":22.5,"axis":"x","origin":[1.3,1.34707,28.00513]},"faces":{"north":{"uv":[0,0,16,16],"texture":"#9"},"east":{"uv":[0,0,16,16],"texture":"#9"},"south":{"uv":[0,0,16,16],"texture":"#9"},"west":{"uv":[0,0,16,16],"texture":"#9"},"up":{"uv":[0,0,16,16],"texture":"#9"},"down":{"uv":[0,0,16,16],"texture":"#9"}}},{"from":[-3,-1.8,28.7],"to":[5,6.2,29.4],"rotation":{"angle":0,"axis":"y","origin":[4.1,-6,29.4]},"faces":{"north":{"uv":[0,0,16,16],"texture":"#9"},"east":{"uv":[0,0,16,16],"texture":"#9"},"south":{"uv":[0,0,16,16],"texture":"#9"},"west":{"uv":[0,0,16,16],"texture":"#9"},"up":{"uv":[0,0,16,16],"texture":"#9"},"down":{"uv":[0,0,16,16],"texture":"#9"}}},{"from":[-3,-3,23.8],"to":[5,-1.8,29.4],"rotation":{"angle":0,"axis":"y","origin":[4.1,-6,29.4]},"faces":{"north":{"uv":[0,0,16,16],"texture":"#9"},"east":{"uv":[0,0,16,16],"texture":"#9"},"south":{"uv":[0,0,16,16],"texture":"#9"},"west":{"uv":[0,0,16,16],"texture":"#9"},"up":{"uv":[0,0,16,16],"texture":"#9"},"down":{"uv":[0,0,16,16],"texture":"#9"}}},{"from":[13,-3,5.4],"to":[19,-1.8,29.4],"rotation":{"angle":0,"axis":"y","origin":[18.1,-6,4.4]},"faces":{"north":{"uv":[0,0,16,16],"texture":"#16"},"east":{"uv":[0,0,16,16],"texture":"#16"},"south":{"uv":[0,0,16,16],"texture":"#16"},"west":{"uv":[0,0,16,16],"texture":"#16"},"up":{"uv":[16,16,0,0],"texture":"#16"},"down":{"uv":[16,16,0,0],"texture":"#16"}}},{"from":[18,-2,5.4],"to":[19,5.2,29.4],"rotation":{"angle":0,"axis":"y","origin":[18.1,-6,4.4]},"faces":{"north":{"uv":[0,0,16,16],"texture":"#16"},"east":{"uv":[0,0,16,16],"texture":"#16"},"south":{"uv":[0,0,16,16],"texture":"#16"},"west":{"uv":[0,0,16,16],"texture":"#16"},"up":{"uv":[16,16,0,0],"texture":"#16"},"down":{"uv":[16,16,0,0],"texture":"#16"}}},{"from":[11,-2.15293,-12.88013],"to":[19,2.84707,-12.18013],"rotation":{"angle":-22.5,"axis":"x","origin":[14.7,1.34707,-12.00513]},"faces":{"north":{"uv":[0,0,16,16],"texture":"#9"},"east":{"uv":[0,0,16,16],"texture":"#9"},"south":{"uv":[0,0,16,16],"texture":"#9"},"west":{"uv":[0,0,16,16],"texture":"#9"},"up":{"uv":[16,16,0,0],"texture":"#9"},"down":{"uv":[16,16,0,0],"texture":"#9"}}},{"from":[11,-1.8,-13.4],"to":[19,6.2,-12.7],"rotation":{"angle":0,"axis":"y","origin":[11.9,-6,-13.4]},"faces":{"north":{"uv":[0,0,16,16],"texture":"#9"},"east":{"uv":[0,0,16,16],"texture":"#9"},"south":{"uv":[0,0,16,16],"texture":"#9"},"west":{"uv":[0,0,16,16],"texture":"#9"},"up":{"uv":[16,16,0,0],"texture":"#9"},"down":{"uv":[16,16,0,0],"texture":"#9"}}},{"from":[11,-3,-13.4],"to":[19,-1.8,-7.8],"rotation":{"angle":0,"axis":"y","origin":[11.9,-6,-13.4]},"faces":{"north":{"uv":[0,0,16,16],"texture":"#9"},"east":{"uv":[0,0,16,16],"texture":"#9"},"south":{"uv":[0,0,16,16],"texture":"#9"},"west":{"uv":[0,0,16,16],"texture":"#9"},"up":{"uv":[16,16,0,0],"texture":"#9"},"down":{"uv":[16,16,0,0],"texture":"#9"}}},{"from":[11,-2.15293,3.18013],"to":[19,2.84707,3.88013],"rotation":{"angle":22.5,"axis":"x","origin":[15.3,1.34707,3.00513]},"faces":{"north":{"uv":[0,0,16,16],"texture":"#9"},"east":{"uv":[0,0,16,16],"texture":"#9"},"south":{"uv":[0,0,16,16],"texture":"#9"},"west":{"uv":[0,0,16,16],"texture":"#9"},"up":{"uv":[16,16,0,0],"texture":"#9"},"down":{"uv":[16,16,0,0],"texture":"#9"}}},{"from":[11,-1.8,3.7],"to":[19,6.2,4.4],"rotation":{"angle":0,"axis":"y","origin":[18.1,-6,4.4]},"faces":{"north":{"uv":[0,0,16,16],"texture":"#9"},"east":{"uv":[0,0,16,16],"texture":"#9"},"south":{"uv":[0,0,16,16],"texture":"#9"},"west":{"uv":[0,0,16,16],"texture":"#9"},"up":{"uv":[16,16,0,0],"texture":"#9"},"down":{"uv":[16,16,0,0],"texture":"#9"}}},{"from":[11,-3,-1.2],"to":[19,-1.8,4.4],"rotation":{"angle":0,"axis":"y","origin":[18.1,-6,4.4]},"faces":{"north":{"uv":[0,0,16,16],"texture":"#9"},"east":{"uv":[0,0,16,16],"texture":"#9"},"south":{"uv":[0,0,16,16],"texture":"#9"},"west":{"uv":[0,0,16,16],"texture":"#9"},"up":{"uv":[16,16,0,0],"texture":"#9"},"down":{"uv":[16,16,0,0],"texture":"#9"}}}],"display":{"head":{"scale":[2,2.2,2]}},"groups":[0,1,2,3,4,5,{"name":"wall","origin":[8.25,24.25209,-9.25366],"color":0,"children":[6,7,8,9,10,11,12,13,14,15,16,17]},{"name":"wall","origin":[8.25,24.25209,-9.25366],"color":0,"children":[18,19,20,21,22,23,24,25,26,27]},28,29,{"name":"bench","origin":[-2.1,-6,11.6],"color":0,"children":[30,31]},{"name":"seat","origin":[-2.1,-6,11.6],"color":0,"children":[32,33,34]},{"name":"seat","origin":[16.1,-6,29.4],"color":0,"children":[35,36,37]},{"name":"bench","origin":[-2.1,-6,11.6],"color":0,"children":[38,39]},{"name":"seat","origin":[16.1,-6,29.4],"color":0,"children":[40,41,42]},{"name":"seat","origin":[-2.1,-6,11.6],"color":0,"children":[43,44,45]}]}