{"credit":"Made by Mike Shafter","textures":{"3":"block/gray_concrete","4":"block/white_terracotta","5":"block/pink_concrete","7":"block/anvil","8":"block/white_stained_glass","9":"block/white_concrete","10":"block/glass","11":"block/rail","12":"block/birch_planks","13":"entetsu_textures/new_entetsu_logo","14":"block/yellow_concrete_powder","particle":"block/glass"},"elements":[{"from":[-4,17.86426,-8],"to":[20,19.86426,28],"rotation":{"angle":0,"axis":"y","origin":[8.5,23.86426,4.80467]},"faces":{"north":{"uv":[0,0,16,16],"texture":"#5"},"east":{"uv":[0,0,16,16],"texture":"#5"},"south":{"uv":[0,0,16,16],"texture":"#5"},"west":{"uv":[0,0,16,16],"texture":"#5"},"up":{"uv":[0,0,16,16],"texture":"#5"},"down":{"uv":[0,0,16,16],"texture":"#4"}}},{"from":[15,-8.13574,-10],"to":[19,17.58926,-9],"rotation":{"angle":0,"axis":"y","origin":[8.5,23.86426,4.80467]},"faces":{"north":{"uv":[0,0,16,16],"texture":"#5"},"east":{"uv":[0,0,16,16],"texture":"#5"},"south":{"uv":[0,0,16,16],"texture":"#4"},"west":{"uv":[0,0,16,16],"texture":"#5"},"up":{"uv":[0,0,16,16],"texture":"#5"},"down":{"uv":[0,0,16,16],"texture":"#4"}}},{"from":[-3,-8.13574,-10],"to":[1,17.58926,-9],"rotation":{"angle":0,"axis":"y","origin":[7.5,23.86426,4.80467]},"faces":{"north":{"uv":[0,0,16,16],"texture":"#5"},"east":{"uv":[0,0,16,16],"texture":"#5"},"south":{"uv":[0,0,16,16],"texture":"#4"},"west":{"uv":[0,0,16,16],"texture":"#5"},"up":{"uv":[0,0,16,16],"texture":"#5"},"down":{"uv":[0,0,16,16],"texture":"#4"}}},{"from":[0,-8,-14],"to":[1,19,-10],"rotation":{"angle":0,"axis":"y","origin":[7.5,23.86426,4.80467]},"faces":{"north":{"uv":[0,0,16,16],"texture":"#7"},"east":{"uv":[0,0,16,16],"texture":"#7"},"south":{"uv":[0,0,16,16],"texture":"#7"},"west":{"uv":[0,0,16,16],"texture":"#7"},"up":{"uv":[0,0,16,16],"texture":"#7"},"down":{"uv":[0,0,16,16],"texture":"#7"}}},{"from":[15,-8,-14],"to":[16,19,-10],"rotation":{"angle":0,"axis":"y","origin":[7.5,23.86426,4.80467]},"faces":{"north":{"uv":[0,0,16,16],"texture":"#7"},"east":{"uv":[0,0,16,16],"texture":"#7"},"south":{"uv":[0,0,16,16],"texture":"#7"},"west":{"uv":[0,0,16,16],"texture":"#7"},"up":{"uv":[0,0,16,16],"texture":"#7"},"down":{"uv":[0,0,16,16],"texture":"#7"}}},{"from":[1,18,-14],"to":[15,19,-10],"rotation":{"angle":0,"axis":"y","origin":[7.5,23.86426,4.80467]},"faces":{"north":{"uv":[0,0,16,16],"texture":"#7"},"east":{"uv":[0,0,16,16],"texture":"#7"},"south":{"uv":[0,0,16,16],"texture":"#7"},"west":{"uv":[0,0,16,16],"texture":"#7"},"up":{"uv":[0,0,16,16],"texture":"#7"},"down":{"uv":[0,0,16,16],"texture":"#7"}}},{"from":[1,-8,-14],"to":[15,-7,-10],"rotation":{"angle":0,"axis":"y","origin":[7.5,23.86426,4.80467]},"faces":{"north":{"uv":[0,0,16,16],"texture":"#7"},"east":{"uv":[0,0,16,16],"texture":"#7"},"south":{"uv":[0,0,16,16],"texture":"#7"},"west":{"uv":[0,0,16,16],"texture":"#7"},"up":{"uv":[0,0,16,16],"texture":"#7"},"down":{"uv":[0,0,16,16],"texture":"#7"}}},{"from":[-4,-10,-9.5],"to":[-3,-8,28],"rotation":{"angle":0,"axis":"y","origin":[8.5,24,5]},"faces":{"north":{"uv":[0,0,16,16],"texture":"#missing"},"east":{"uv":[0,0,16,16],"texture":"#5"},"south":{"uv":[0,0,16,16],"texture":"#3"},"west":{"uv":[0,0,16,16],"texture":"#3"},"up":{"uv":[12,0,14,16],"texture":"#11"},"down":{"uv":[0,0,16,16],"texture":"#5"}}},{"from":[-4,-13,-7],"to":[-3,-10,32],"rotation":{"angle":0,"axis":"y","origin":[8.5,24,5]},"faces":{"north":{"uv":[0,0,16,16],"texture":"#3"},"east":{"uv":[0,0,16,16],"texture":"#3"},"south":{"uv":[0,0,16,16],"texture":"#3"},"west":{"uv":[0,0,16,16],"texture":"#3"},"up":{"uv":[0,0,16,16],"texture":"#3"},"down":{"uv":[0,0,16,16],"texture":"#3"}}},{"from":[19,-13,-7],"to":[20,-10,32],"rotation":{"angle":0,"axis":"y","origin":[7.5,24,5]},"faces":{"north":{"uv":[16,0,0,16],"texture":"#3"},"east":{"uv":[16,0,0,16],"texture":"#3"},"south":{"uv":[16,0,0,16],"texture":"#3"},"west":{"uv":[16,0,0,16],"texture":"#3"},"up":{"uv":[16,0,0,16],"texture":"#3"},"down":{"uv":[16,0,0,16],"texture":"#3"}}},{"from":[-4,-9.30866,-9.96194],"to":[20,-7.80866,-8.96194],"rotation":{"angle":0,"axis":"y","origin":[8,-8.55866,-9.46194]},"faces":{"north":{"uv":[0,0,16,16],"texture":"#5"},"east":{"uv":[0,0,16,16],"texture":"#3"},"south":{"uv":[0,0,16,16],"texture":"#5"},"west":{"uv":[0,0,16,16],"texture":"#3"},"up":{"uv":[0,0,16,16],"texture":"#5"},"down":{"uv":[0,0,16,16],"texture":"#5"}}},{"from":[-4,-10.56023,-9.71299],"to":[20,-9.06023,-8.71299],"rotation":{"angle":-22.5,"axis":"x","origin":[8,-9.81023,-9.21299]},"faces":{"north":{"uv":[0,0,16,16],"texture":"#5"},"east":{"uv":[0,0,16,16],"texture":"#3"},"south":{"uv":[0,0,16,16],"texture":"#5"},"west":{"uv":[0,0,16,16],"texture":"#3"},"up":{"uv":[0,0,16,16],"texture":"#5"},"down":{"uv":[0,0,16,16],"texture":"#5"}}},{"from":[-4,-13.32836,-8.29692],"to":[-1,-9.82836,-5.29692],"rotation":{"angle":-45,"axis":"x","origin":[8,-11.57836,-7.79692]},"faces":{"north":{"uv":[0,0,16,16],"texture":"#5"},"east":{"uv":[0,0,16,16],"texture":"#3"},"south":{"uv":[0,0,16,16],"texture":"#5"},"west":{"uv":[0,0,16,16],"texture":"#3"},"up":{"uv":[0,0,16,16],"texture":"#5"},"down":{"uv":[0,0,16,16],"texture":"#5"}}},{"from":[17,-13.32836,-8.29692],"to":[20,-9.82836,-5.29692],"rotation":{"angle":-45,"axis":"x","origin":[8,-11.57836,-7.79692]},"faces":{"north":{"uv":[16,0,0,16],"texture":"#5"},"east":{"uv":[16,0,0,16],"texture":"#3"},"south":{"uv":[16,0,0,16],"texture":"#5"},"west":{"uv":[16,0,0,16],"texture":"#3"},"up":{"uv":[16,0,0,16],"texture":"#5"},"down":{"uv":[16,0,0,16],"texture":"#5"}}},{"from":[19,-10,-9.5],"to":[20,-8,28],"rotation":{"angle":0,"axis":"y","origin":[8.5,24,5]},"faces":{"north":{"uv":[0,0,16,16],"texture":"#missing"},"east":{"uv":[0,0,16,16],"texture":"#3"},"south":{"uv":[0,0,16,16],"texture":"#3"},"west":{"uv":[0,0,16,16],"texture":"#5"},"up":{"uv":[2,0,4,16],"texture":"#11"},"down":{"uv":[0,0,16,16],"texture":"#5"}}},{"from":[-3,-10,-9],"to":[19,-8,28],"rotation":{"angle":0,"axis":"y","origin":[8.5,24,5]},"faces":{"north":{"uv":[0,0,16,16],"texture":"#12"},"east":{"uv":[0,0,16,16],"texture":"#12"},"south":{"uv":[0,0,16,16],"texture":"#12"},"west":{"uv":[0,0,16,16],"texture":"#12"},"up":{"uv":[0,0,16,16],"rotation":90,"texture":"#12"},"down":{"uv":[0,0,16,16],"texture":"#7"}}},{"from":[-4.05,8,-8],"to":[-4.05,20,4],"rotation":{"angle":0,"axis":"y","origin":[8.25,24.25209,-11.25366]},"faces":{"west":{"uv":[0,0,16,16],"texture":"#13"}}},{"from":[-4,4,-6],"to":[-3,16,2],"rotation":{"angle":0,"axis":"y","origin":[8.25,24.25209,-11.25366]},"faces":{"north":{"uv":[0,0,16,16],"texture":"#8"},"east":{"uv":[0,0,16,16],"texture":"#10"},"south":{"uv":[0,0,16,16],"texture":"#8"},"west":{"uv":[0,0,16,16],"texture":"#8"},"up":{"uv":[0,0,16,16],"texture":"#8"},"down":{"uv":[0,0,16,16],"texture":"#8"}}},{"from":[-4,-8,-10],"to":[-3,-1,5],"rotation":{"angle":0,"axis":"y","origin":[8.25,24.25209,-11.25366]},"faces":{"north":{"uv":[0,0,16,16],"texture":"#5"},"east":{"uv":[0,0,16,16],"texture":"#4"},"south":{"uv":[0,0,16,16],"texture":"#4"},"west":{"uv":[0,0,16,16],"texture":"#5"},"up":{"uv":[0,0,16,16],"texture":"#4"},"down":{"uv":[0,0,16,16],"texture":"#4"}}},{"from":[-4,16,-10],"to":[-3,18,5],"rotation":{"angle":0,"axis":"y","origin":[8.25,24.25209,-11.25366]},"faces":{"north":{"uv":[0,0,16,16],"texture":"#5"},"east":{"uv":[0,0,16,16],"texture":"#4"},"south":{"uv":[0,0,16,16],"texture":"#4"},"west":{"uv":[0,0,16,16],"texture":"#5"},"up":{"uv":[0,0,16,16],"texture":"#4"},"down":{"uv":[0,0,16,16],"texture":"#4"}}},{"from":[-4,-1,-10],"to":[-3,16,-6],"rotation":{"angle":0,"axis":"y","origin":[8.25,24.25209,-11.25366]},"faces":{"north":{"uv":[0,0,16,16],"texture":"#5"},"east":{"uv":[0,0,16,16],"texture":"#4"},"south":{"uv":[0,0,16,16],"texture":"#4"},"west":{"uv":[0,0,16,16],"texture":"#9"},"up":{"uv":[0,0,16,16],"texture":"#4"},"down":{"uv":[0,0,16,16],"texture":"#4"}}},{"from":[-4,-1,2],"to":[-3,16,5],"rotation":{"angle":0,"axis":"y","origin":[8.25,24.25209,-11.25366]},"faces":{"north":{"uv":[0,0,16,16],"texture":"#4"},"east":{"uv":[0,0,16,16],"texture":"#4"},"south":{"uv":[0,0,16,16],"texture":"#4"},"west":{"uv":[0,0,16,16],"texture":"#9"},"up":{"uv":[0,0,16,16],"texture":"#4"},"down":{"uv":[0,0,16,16],"texture":"#4"}}},{"from":[-4,-1,-6],"to":[-3,4,2],"rotation":{"angle":0,"axis":"y","origin":[8.25,24.25209,-11.25366]},"faces":{"north":{"uv":[0,0,16,16],"texture":"#4"},"east":{"uv":[0,0,16,16],"texture":"#4"},"south":{"uv":[0,0,16,16],"texture":"#4"},"west":{"uv":[0,0,16,16],"texture":"#9"},"up":{"uv":[0,0,16,16],"texture":"#4"},"down":{"uv":[0,0,16,16],"texture":"#4"}}},{"from":[19,-1,-6],"to":[20,4,2],"rotation":{"angle":0,"axis":"y","origin":[7.75,24.25209,-11.25366]},"faces":{"north":{"uv":[16,0,0,16],"texture":"#4"},"east":{"uv":[16,0,0,16],"texture":"#9"},"south":{"uv":[16,0,0,16],"texture":"#4"},"west":{"uv":[16,0,0,16],"texture":"#4"},"up":{"uv":[16,0,0,16],"texture":"#4"},"down":{"uv":[16,0,0,16],"texture":"#4"}}},{"from":[19,16,-10],"to":[20,18,5],"rotation":{"angle":0,"axis":"y","origin":[7.75,24.25209,-11.25366]},"faces":{"north":{"uv":[0,0,16,16],"texture":"#5"},"east":{"uv":[0,0,16,16],"texture":"#5"},"south":{"uv":[0,0,16,16],"texture":"#4"},"west":{"uv":[0,0,16,16],"texture":"#4"},"up":{"uv":[0,0,16,16],"texture":"#4"},"down":{"uv":[0,0,16,16],"texture":"#4"}}},{"from":[19,-8,-10],"to":[20,-1,5],"rotation":{"angle":0,"axis":"y","origin":[7.75,24.25209,-11.25366]},"faces":{"north":{"uv":[0,0,16,16],"texture":"#5"},"east":{"uv":[0,0,16,16],"texture":"#5"},"south":{"uv":[0,0,16,16],"texture":"#4"},"west":{"uv":[0,0,16,16],"texture":"#4"},"up":{"uv":[0,0,16,16],"texture":"#4"},"down":{"uv":[0,0,16,16],"texture":"#4"}}},{"from":[19,-1,2],"to":[20,16,5],"rotation":{"angle":0,"axis":"y","origin":[7.75,24.25209,-11.25366]},"faces":{"north":{"uv":[0,0,16,16],"texture":"#4"},"east":{"uv":[0,0,16,16],"texture":"#9"},"south":{"uv":[0,0,16,16],"texture":"#4"},"west":{"uv":[0,0,16,16],"texture":"#4"},"up":{"uv":[0,0,16,16],"texture":"#4"},"down":{"uv":[0,0,16,16],"texture":"#4"}}},{"from":[19,-1,-10],"to":[20,16,-6],"rotation":{"angle":0,"axis":"y","origin":[7.75,24.25209,-11.25366]},"faces":{"north":{"uv":[0,0,16,16],"texture":"#5"},"east":{"uv":[0,0,16,16],"texture":"#9"},"south":{"uv":[0,0,16,16],"texture":"#4"},"west":{"uv":[0,0,16,16],"texture":"#4"},"up":{"uv":[0,0,16,16],"texture":"#4"},"down":{"uv":[0,0,16,16],"texture":"#4"}}},{"from":[19,4,-6],"to":[20,16,2],"rotation":{"angle":0,"axis":"y","origin":[7.75,24.25209,-11.25366]},"faces":{"north":{"uv":[0,0,16,16],"texture":"#4"},"east":{"uv":[0,0,16,16],"texture":"#8"},"south":{"uv":[0,0,16,16],"texture":"#4"},"west":{"uv":[0,0,16,16],"texture":"#10"},"up":{"uv":[0,0,16,16],"texture":"#4"},"down":{"uv":[0,0,16,16],"texture":"#4"}}},{"from":[20.05,8,-8],"to":[20.05,20,4],"rotation":{"angle":0,"axis":"y","origin":[7.75,24.25209,-11.25366]},"faces":{"east":{"uv":[0,0,16,16],"texture":"#13"}}},{"from":[-1,19.8643,4],"to":[17,21.8643,28],"rotation":{"angle":0,"axis":"y","origin":[8,20.8643,8]},"faces":{"north":{"uv":[0,0,16,2],"texture":"#3"},"east":{"uv":[0,0,16,2],"texture":"#3"},"south":{"uv":[0,0,16,2],"texture":"#3"},"west":{"uv":[0,0,16,2],"texture":"#3"},"up":{"uv":[0,0,16,16],"texture":"#7"},"down":{"uv":[0,0,16,2],"texture":"#3"}}},{"from":[-4,17.50218,-10],"to":[20,18.29782,-8.5],"rotation":{"angle":0,"axis":"x","origin":[8,17.9,-8]},"faces":{"north":{"uv":[0,0,1,1],"texture":"#5"},"east":{"uv":[0,0,1,1],"texture":"#5"},"south":{"uv":[0,0,1,1],"texture":"#5"},"west":{"uv":[0,0,1,1],"texture":"#5"},"up":{"uv":[0,0,1,1],"texture":"#5"},"down":{"uv":[0,0,1,1],"texture":"#5"}}},{"from":[-4,17.50218,-10],"to":[20,18.29782,-8.5],"rotation":{"angle":22.5,"axis":"x","origin":[8,17.9,-8]},"faces":{"north":{"uv":[0,0,1,1],"texture":"#5"},"east":{"uv":[0,0,1,1],"texture":"#5"},"south":{"uv":[0,0,1,1],"texture":"#5"},"west":{"uv":[0,0,1,1],"texture":"#5"},"up":{"uv":[0,0,1,1],"texture":"#5"},"down":{"uv":[0,0,1,1],"texture":"#5"}}},{"from":[-4,17.50218,-10],"to":[20,18.29782,-8],"rotation":{"angle":45,"axis":"x","origin":[8,17.9,-8]},"faces":{"north":{"uv":[0,0,1,1],"texture":"#5"},"east":{"uv":[0,0,1,1],"texture":"#5"},"south":{"uv":[0,0,1,1],"texture":"#5"},"west":{"uv":[0,0,1,1],"texture":"#5"},"up":{"uv":[0,0,1,1],"texture":"#5"},"down":{"uv":[0,0,1,1],"texture":"#5"}}},{"from":[-4,18.4,-8.39782],"to":[20,19.9,-7.60218],"rotation":{"angle":-22.5,"axis":"x","origin":[8,17.9,-8]},"faces":{"north":{"uv":[0,0,1,1],"texture":"#5"},"east":{"uv":[0,0,1,1],"texture":"#5"},"south":{"uv":[0,0,1,1],"texture":"#4"},"west":{"uv":[0,0,1,1],"texture":"#5"},"up":{"uv":[0,0,1,1],"texture":"#5"},"down":{"uv":[0,0,1,1],"texture":"#4"}}},{"from":[-4,18.4,-8.39782],"to":[20,19.9,-7.60218],"rotation":{"angle":0,"axis":"x","origin":[8,17.9,-8]},"faces":{"north":{"uv":[0,0,1,1],"texture":"#5"},"east":{"uv":[0,0,1,1],"texture":"#5"},"south":{"uv":[0,0,1,1],"texture":"#5"},"west":{"uv":[0,0,1,1],"texture":"#5"},"up":{"uv":[0,0,1,1],"texture":"#5"},"down":{"uv":[0,0,1,1],"texture":"#5"}}},{"from":[17.67797,1.94154,-8],"to":[18.67797,3.14154,4],"rotation":{"angle":-22.5,"axis":"z","origin":[18.62287,1.58668,-22.73002]},"faces":{"north":{"uv":[0,0,16,16],"rotation":270,"texture":"#14"},"east":{"uv":[0,0,16,16],"rotation":270,"texture":"#14"},"south":{"uv":[0,0,16,16],"rotation":270,"texture":"#14"},"west":{"uv":[0,0,16,16],"rotation":270,"texture":"#14"},"up":{"uv":[0,0,16,16],"rotation":270,"texture":"#14"},"down":{"uv":[0,0,16,16],"rotation":270,"texture":"#14"}}},{"from":[19.0675,0.01082,-8],"to":[19.5675,1.01082,4],"rotation":{"angle":-22.5,"axis":"z","origin":[18.62287,1.58668,-22.73002]},"faces":{"north":{"uv":[0,0,16,16],"rotation":270,"texture":"#14"},"east":{"uv":[0,0,16,16],"rotation":270,"texture":"#14"},"south":{"uv":[0,0,16,16],"rotation":270,"texture":"#14"},"west":{"uv":[0,0,16,16],"rotation":270,"texture":"#14"},"up":{"uv":[0,0,16,16],"rotation":270,"texture":"#14"},"down":{"uv":[0,0,16,16],"rotation":270,"texture":"#14"}}},{"from":[17.33712,0.57284,-8],"to":[18.33712,1.07284,4],"rotation":{"angle":45,"axis":"z","origin":[18.62287,1.58668,-22.73002]},"faces":{"north":{"uv":[0,0,16,16],"texture":"#14"},"east":{"uv":[0,0,16,16],"texture":"#14"},"south":{"uv":[0,0,16,16],"texture":"#14"},"west":{"uv":[0,0,16,16],"texture":"#14"},"up":{"uv":[0,0,16,16],"texture":"#14"},"down":{"uv":[0,0,16,16],"texture":"#14"}}},{"from":[17.63162,0.61992,-8],"to":[18.63162,1.11992,4],"rotation":{"angle":22.5,"axis":"z","origin":[18.62287,1.58668,-22.73002]},"faces":{"north":{"uv":[0,0,16,16],"texture":"#14"},"east":{"uv":[0,0,16,16],"texture":"#14"},"south":{"uv":[0,0,16,16],"texture":"#14"},"west":{"uv":[0,0,16,16],"texture":"#14"},"up":{"uv":[0,0,16,16],"texture":"#14"},"down":{"uv":[0,0,16,16],"texture":"#14"}}},{"from":[16.92527,2.66159,-8],"to":[17.42527,3.46159,4],"rotation":{"angle":-45,"axis":"z","origin":[18.50806,1.30952,-22.73002]},"faces":{"north":{"uv":[0,0,16,16],"rotation":270,"texture":"#14"},"east":{"uv":[0,0,16,16],"rotation":270,"texture":"#14"},"south":{"uv":[0,0,16,16],"rotation":270,"texture":"#14"},"west":{"uv":[0,0,16,16],"rotation":270,"texture":"#14"},"up":{"uv":[0,0,16,16],"rotation":270,"texture":"#14"},"down":{"uv":[0,0,16,16],"rotation":270,"texture":"#14"}}},{"from":[18.77522,0.69316,-8],"to":[19.27522,3.59316,4],"rotation":{"angle":0,"axis":"y","origin":[18.77522,4.14316,-5.5]},"faces":{"north":{"uv":[0,0,16,16],"rotation":180,"texture":"#14"},"east":{"uv":[0,0,16,16],"rotation":180,"texture":"#14"},"south":{"uv":[0,0,16,16],"rotation":180,"texture":"#14"},"west":{"uv":[0,0,16,16],"rotation":180,"texture":"#14"},"up":{"uv":[0,0,16,16],"rotation":180,"texture":"#14"},"down":{"uv":[0,0,16,16],"rotation":180,"texture":"#14"}}},{"from":[17.8857,0.77612,-8],"to":[18.8857,2.27612,4],"rotation":{"angle":0,"axis":"y","origin":[18.62287,1.58668,-22.73002]},"faces":{"north":{"uv":[0,0,16,16],"rotation":270,"texture":"#14"},"east":{"uv":[0,0,16,16],"rotation":270,"texture":"#14"},"south":{"uv":[0,0,16,16],"rotation":270,"texture":"#14"},"west":{"uv":[0,0,16,16],"rotation":270,"texture":"#14"},"up":{"uv":[0,0,16,16],"rotation":270,"texture":"#14"},"down":{"uv":[0,0,16,16],"rotation":270,"texture":"#14"}}},{"from":[-2.67797,1.94154,-8],"to":[-1.67797,3.14154,4],"rotation":{"angle":22.5,"axis":"z","origin":[-2.62287,1.58668,-22.73002]},"faces":{"north":{"uv":[0,16,16,0],"rotation":270,"texture":"#14"},"east":{"uv":[0,16,16,0],"rotation":270,"texture":"#14"},"south":{"uv":[0,16,16,0],"rotation":270,"texture":"#14"},"west":{"uv":[0,16,16,0],"rotation":270,"texture":"#14"},"up":{"uv":[0,16,16,0],"rotation":270,"texture":"#14"},"down":{"uv":[0,16,16,0],"rotation":270,"texture":"#14"}}},{"from":[-3.5675,0.01082,-8],"to":[-3.0675,1.01082,4],"rotation":{"angle":22.5,"axis":"z","origin":[-2.62287,1.58668,-22.73002]},"faces":{"north":{"uv":[0,16,16,0],"rotation":270,"texture":"#14"},"east":{"uv":[0,16,16,0],"rotation":270,"texture":"#14"},"south":{"uv":[0,16,16,0],"rotation":270,"texture":"#14"},"west":{"uv":[0,16,16,0],"rotation":270,"texture":"#14"},"up":{"uv":[0,16,16,0],"rotation":270,"texture":"#14"},"down":{"uv":[0,16,16,0],"rotation":270,"texture":"#14"}}},{"from":[-2.33712,0.57284,-8],"to":[-1.33712,1.07284,4],"rotation":{"angle":-45,"axis":"z","origin":[-2.62287,1.58668,-22.73002]},"faces":{"north":{"uv":[16,0,0,16],"texture":"#14"},"east":{"uv":[16,0,0,16],"texture":"#14"},"south":{"uv":[16,0,0,16],"texture":"#14"},"west":{"uv":[16,0,0,16],"texture":"#14"},"up":{"uv":[16,0,0,16],"texture":"#14"},"down":{"uv":[16,0,0,16],"texture":"#14"}}},{"from":[-2.63162,0.61992,-8],"to":[-1.63162,1.11992,4],"rotation":{"angle":-22.5,"axis":"z","origin":[-2.62287,1.58668,-22.73002]},"faces":{"north":{"uv":[16,0,0,16],"texture":"#14"},"east":{"uv":[16,0,0,16],"texture":"#14"},"south":{"uv":[16,0,0,16],"texture":"#14"},"west":{"uv":[16,0,0,16],"texture":"#14"},"up":{"uv":[16,0,0,16],"texture":"#14"},"down":{"uv":[16,0,0,16],"texture":"#14"}}},{"from":[-1.42527,2.66159,-8],"to":[-0.92527,3.46159,4],"rotation":{"angle":45,"axis":"z","origin":[-2.50806,1.30952,-22.73002]},"faces":{"north":{"uv":[0,16,16,0],"rotation":270,"texture":"#14"},"east":{"uv":[0,16,16,0],"rotation":270,"texture":"#14"},"south":{"uv":[0,16,16,0],"rotation":270,"texture":"#14"},"west":{"uv":[0,16,16,0],"rotation":270,"texture":"#14"},"up":{"uv":[0,16,16,0],"rotation":270,"texture":"#14"},"down":{"uv":[0,16,16,0],"rotation":270,"texture":"#14"}}},{"from":[-3.27522,0.69316,-8],"to":[-2.77522,3.59316,4],"rotation":{"angle":0,"axis":"y","origin":[-2.77522,4.14316,-5.5]},"faces":{"north":{"uv":[16,0,0,16],"rotation":180,"texture":"#14"},"east":{"uv":[16,0,0,16],"rotation":180,"texture":"#14"},"south":{"uv":[16,0,0,16],"rotation":180,"texture":"#14"},"west":{"uv":[16,0,0,16],"rotation":180,"texture":"#14"},"up":{"uv":[16,0,0,16],"rotation":180,"texture":"#14"},"down":{"uv":[16,0,0,16],"rotation":180,"texture":"#14"}}},{"from":[-2.8857,0.77612,-8],"to":[-1.8857,2.27612,4],"rotation":{"angle":0,"axis":"y","origin":[-2.62287,1.58668,-22.73002]},"faces":{"north":{"uv":[0,16,16,0],"rotation":270,"texture":"#14"},"east":{"uv":[0,16,16,0],"rotation":270,"texture":"#14"},"south":{"uv":[0,16,16,0],"rotation":270,"texture":"#14"},"west":{"uv":[0,16,16,0],"rotation":270,"texture":"#14"},"up":{"uv":[0,16,16,0],"rotation":270,"texture":"#14"},"down":{"uv":[0,16,16,0],"rotation":270,"texture":"#14"}}}],"display":{"head":{"scale":[2,2.2,2]}},"groups":[0,1,2,3,4,5,6,7,8,9,10,11,12,13,14,15,{"name":"wall","origin":[8.25,24.25209,-9.25366],"color":0,"children":[16,17,18,19,20,21,22]},{"name":"wall","origin":[8.25,24.25209,-9.25366],"color":0,"children":[23,24,25,26,27,28,29]},30,{"name":"hexadecagon","origin":[8,8,8],"color":0,"children":[31,32,33,34,35]},{"name":"leaner","origin":[16.12287,11.58668,-9.73002],"color":0,"children":[36,37,38,39,40,41,42,43,44,45,46,47,48,49]}]}