{
	"credit": "Made with Blockbench",
	"textures": {
		"2": "block/red_concrete",
		"3": "block/gray_concrete",
		"4": "block/sandstone_top",
		"5": "entetsu_textures/tkhn_line_diagram",
		"particle": "block/red_concrete"
	},
	"elements": [
		{
			"from": [1, 0, -4],
			"to": [15, 1, 20],
			"rotation": {"angle": 0, "axis": "y", "origin": [8, 15.86741, 8]},
			"faces": {
				"north": {"uv": [0, 0, 14, 16], "texture": "#4"},
				"east": {"uv": [0, 0, 14, 16], "texture": "#4"},
				"south": {"uv": [0, 0, 14, 16], "texture": "#4"},
				"west": {"uv": [0, 0, 14, 16], "texture": "#4"},
				"up": {"uv": [0, 0, 14, 16], "texture": "#4"},
				"down": {"uv": [0, 0, 14, 16], "texture": "#4"}
			}
		},
		{
			"name": "hexadecagon",
			"from": [6.02602, 30.98482, -4],
			"to": [8.02602, 31.48482, 20],
			"rotation": {"angle": 0, "axis": "y", "origin": [8, 15.86741, 8]},
			"faces": {
				"north": {"uv": [0, 0, 3.9576, 0.5], "texture": "#2"},
				"east": {"uv": [0, 0, 16, 0.5], "texture": "#2"},
				"south": {"uv": [0, 0, 3.9576, 0.5], "texture": "#2"},
				"west": {"uv": [0, 0, 16, 0.5], "texture": "#2"},
				"up": {"uv": [0, 0, 3.9576, 16], "texture": "#3"},
				"down": {"uv": [0, 0, 3.9576, 16], "texture": "#4"}
			}
		},
		{
			"name": "hexadecagon",
			"from": [7.97398, 30.98482, -4],
			"to": [9.97398, 31.48482, 20],
			"rotation": {"angle": 0, "axis": "y", "origin": [8, 15.86741, 8]},
			"faces": {
				"north": {"uv": [3.9576, 0, 0, 0.5], "texture": "#2"},
				"east": {"uv": [16, 0, 0, 0.5], "texture": "#2"},
				"south": {"uv": [3.9576, 0, 0, 0.5], "texture": "#2"},
				"west": {"uv": [16, 0, 0, 0.5], "texture": "#2"},
				"up": {"uv": [0, 0, 3.9576, 16], "texture": "#3"},
				"down": {"uv": [3.9576, 0, 0, 16], "texture": "#4"}
			}
		},
		{
			"name": "hexadecagon",
			"from": [4, 26.93482, -4],
			"to": [12, 27.43482, 20],
			"rotation": {"angle": 0, "axis": "y", "origin": [8, 15.86741, 8]},
			"faces": {
				"north": {"uv": [0, 0, 7.65, 0.5], "texture": "#2"},
				"east": {"uv": [0, 0, 16, 0.5], "texture": "#2"},
				"south": {"uv": [0, 0, 7.65, 0.5], "texture": "#2"},
				"west": {"uv": [0, 0, 16, 0.5], "texture": "#2"},
				"up": {"uv": [0, 0, 7.65, 16], "texture": "#3"},
				"down": {"uv": [0, 0, 7.65, 16], "texture": "#4"}
			}
		},
		{
			"name": "hexadecagon",
			"from": [8.9702, 30.55143, -4],
			"to": [12.1528, 31.05143, 20],
			"rotation": {"angle": 22.5, "axis": "z", "origin": [8, 15.86741, 8]},
			"faces": {
				"north": {"uv": [0, 0, 3.1826, 0.5], "texture": "#2"},
				"east": {"uv": [0, 0, 16, 0.5], "texture": "#2"},
				"south": {"uv": [0, 0, 3.1826, 0.5], "texture": "#2"},
				"west": {"uv": [0, 0, 16, 0.5], "texture": "#2"},
				"up": {"uv": [0, 0, 3.1826, 16], "texture": "#3"},
				"down": {"uv": [0, 0, 3.1826, 16], "texture": "#4"}
			}
		},
		{
			"name": "hexadecagon",
			"from": [11.52442, 29.02433, -4],
			"to": [14.70702, 29.52433, 20],
			"rotation": {"angle": 45, "axis": "z", "origin": [8, 15.86741, 8]},
			"faces": {
				"north": {"uv": [0, 0, 3.1826, 0.5], "texture": "#2"},
				"east": {"uv": [0, 0, 16, 0.5], "texture": "#2"},
				"south": {"uv": [0, 0, 3.1826, 0.5], "texture": "#2"},
				"west": {"uv": [0, 0, 16, 0.5], "texture": "#2"},
				"up": {"uv": [0, 0, 3.1826, 16], "texture": "#3"},
				"down": {"uv": [0, 0, 3.1826, 16], "texture": "#4"}
			}
		},
		{
			"name": "hexadecagon",
			"from": [-3.26861, 22.16724, -4],
			"to": [-2.76861, 24.34984, 20],
			"rotation": {"angle": -22.5, "axis": "z", "origin": [8, 15.86741, 8]},
			"faces": {
				"north": {"uv": [0, 0, 0.5, 2.1826], "texture": "#2"},
				"east": {"uv": [0, 0, 16, 2.1826], "texture": "#2"},
				"south": {"uv": [0, 0, 0.5, 2.1826], "texture": "#2"},
				"west": {"uv": [0, 0, 16, 2.1826], "texture": "#3"},
				"up": {"uv": [0, 0, 0.5, 16], "texture": "#3"},
				"down": {"uv": [0, 0, 0.5, 16], "texture": "#4"}
			}
		},
		{
			"name": "hexadecagon",
			"from": [3.8472, 30.55143, -4],
			"to": [7.0298, 31.05143, 20],
			"rotation": {"angle": -22.5, "axis": "z", "origin": [8, 15.86741, 8]},
			"faces": {
				"north": {"uv": [3.1826, 0, 0, 0.5], "texture": "#2"},
				"east": {"uv": [0, 0, 16, 0.5], "texture": "#2"},
				"south": {"uv": [3.1826, 0, 0, 0.5], "texture": "#2"},
				"west": {"uv": [16, 0, 0, 0.5], "texture": "#2"},
				"up": {"uv": [3.1826, 0, 0, 16], "texture": "#3"},
				"down": {"uv": [3.1826, 0, 0, 16], "texture": "#4"}
			}
		},
		{
			"name": "hexadecagon",
			"from": [1.29298, 29.02433, -4],
			"to": [4.47558, 29.52433, 20],
			"rotation": {"angle": -45, "axis": "z", "origin": [8, 15.86741, 8]},
			"faces": {
				"north": {"uv": [3.1826, 0, 0, 0.5], "texture": "#2"},
				"east": {"uv": [0, 0, 16, 0.5], "texture": "#2"},
				"south": {"uv": [3.1826, 0, 0, 0.5], "texture": "#2"},
				"west": {"uv": [16, 0, 0, 0.5], "texture": "#2"},
				"up": {"uv": [3.1826, 0, 0, 16], "texture": "#3"},
				"down": {"uv": [3.1826, 0, 0, 16], "texture": "#4"}
			}
		},
		{
			"name": "hexadecagon",
			"from": [18.76861, 22.16724, -4],
			"to": [19.26861, 24.34984, 20],
			"rotation": {"angle": 22.5, "axis": "z", "origin": [8, 15.86741, 8]},
			"faces": {
				"north": {"uv": [0.5, 0, 0, 2.1826], "texture": "#2"},
				"east": {"uv": [0, 0, 16, 2.1826], "texture": "#3"},
				"south": {"uv": [0.5, 0, 0, 2.1826], "texture": "#2"},
				"west": {"uv": [16, 0, 0, 2.1826], "texture": "#2"},
				"up": {"uv": [0.5, 0, 0, 16], "texture": "#3"},
				"down": {"uv": [0.5, 0, 0, 16], "texture": "#4"}
			}
		},
		{
			"name": "hexadecagon",
			"from": [7.2798, 27.55143, 16],
			"to": [11.2798, 28.05143, 20],
			"rotation": {"angle": -22.5, "axis": "z", "origin": [8, 15.86741, 8]},
			"faces": {
				"north": {"uv": [4, 0, 0, 0.5], "texture": "#2"},
				"east": {"uv": [0, 0, 16, 0.5], "texture": "#2"},
				"south": {"uv": [4, 0, 0, 0.5], "texture": "#2"},
				"west": {"uv": [16, 0, 0, 0.5], "texture": "#2"},
				"up": {"uv": [4, 0, 0, 16], "texture": "#3"},
				"down": {"uv": [0, 0, 4, 4], "texture": "#4"}
			}
		},
		{
			"name": "hexadecagon",
			"from": [7.2798, 27.55143, -4],
			"to": [11.2798, 28.05143, 0],
			"rotation": {"angle": -22.5, "axis": "z", "origin": [8, 15.86741, 8]},
			"faces": {
				"north": {"uv": [4, 0, 0, 0.5], "texture": "#2"},
				"east": {"uv": [0, 0, 16, 0.5], "texture": "#2"},
				"south": {"uv": [4, 0, 0, 0.5], "texture": "#2"},
				"west": {"uv": [16, 0, 0, 0.5], "texture": "#2"},
				"up": {"uv": [4, 0, 0, 16], "texture": "#3"},
				"down": {"uv": [0, 0, 4, 4], "texture": "#4"}
			}
		},
		{
			"name": "hexadecagon",
			"from": [7.2798, 27.80143, 0],
			"to": [11.2798, 28.30143, 16],
			"rotation": {"angle": -22.5, "axis": "z", "origin": [8, 15.86741, 8]},
			"faces": {
				"north": {"uv": [4, 0, 0, 0.5], "texture": "#2"},
				"east": {"uv": [0, 0, 16, 0.5], "texture": "#2"},
				"south": {"uv": [4, 0, 0, 0.5], "texture": "#2"},
				"west": {"uv": [16, 0, 0, 0.5], "texture": "#2"},
				"up": {"uv": [4, 0, 0, 16], "texture": "#3"},
				"down": {"uv": [0, 0, 16, 16], "rotation": 270, "texture": "#5"}
			}
		},
		{
			"name": "hexadecagon",
			"from": [4.7202, 27.55143, -4],
			"to": [8.7202, 28.05143, 0],
			"rotation": {"angle": 22.5, "axis": "z", "origin": [8, 15.86741, 8]},
			"faces": {
				"north": {"uv": [0, 0, 4, 0.5], "texture": "#2"},
				"east": {"uv": [0, 0, 16, 0.5], "texture": "#2"},
				"south": {"uv": [0, 0, 4, 0.5], "texture": "#2"},
				"west": {"uv": [16, 0, 0, 0.5], "texture": "#2"},
				"up": {"uv": [0, 0, 4, 16], "texture": "#3"},
				"down": {"uv": [0, 0, 4, 4], "texture": "#4"}
			}
		},
		{
			"name": "hexadecagon",
			"from": [4.7202, 27.55143, 16],
			"to": [8.7202, 28.05143, 20],
			"rotation": {"angle": 22.5, "axis": "z", "origin": [8, 15.86741, 8]},
			"faces": {
				"north": {"uv": [0, 0, 4, 0.5], "texture": "#2"},
				"east": {"uv": [0, 0, 16, 0.5], "texture": "#2"},
				"south": {"uv": [0, 0, 4, 0.5], "texture": "#2"},
				"west": {"uv": [16, 0, 0, 0.5], "texture": "#2"},
				"up": {"uv": [0, 0, 4, 16], "texture": "#3"},
				"down": {"uv": [0, 0, 4, 4], "texture": "#4"}
			}
		},
		{
			"name": "hexadecagon",
			"from": [4.7202, 27.80143, 0],
			"to": [8.7202, 28.30143, 16],
			"rotation": {"angle": 22.5, "axis": "z", "origin": [8, 15.86741, 8]},
			"faces": {
				"north": {"uv": [0, 0, 4, 0.5], "texture": "#2"},
				"east": {"uv": [0, 0, 16, 0.5], "texture": "#2"},
				"south": {"uv": [0, 0, 4, 0.5], "texture": "#2"},
				"west": {"uv": [16, 0, 0, 0.5], "texture": "#2"},
				"up": {"uv": [0, 0, 4, 16], "texture": "#3"},
				"down": {"uv": [0, 0, 16, 16], "rotation": 90, "texture": "#5"}
			}
		},
		{
			"from": [0, -2, 18],
			"to": [0.5, 26, 20],
			"rotation": {"angle": 0, "axis": "y", "origin": [8, 15.86741, 8]},
			"faces": {
				"north": {"uv": [0, 0, 1, 16], "texture": "#2"},
				"east": {"uv": [0, 0, 2, 16], "texture": "#2"},
				"south": {"uv": [0, 0, 1, 16], "texture": "#2"},
				"west": {"uv": [0, 0, 1, 16], "texture": "#2"},
				"up": {"uv": [0, 0, 0.5, 2], "texture": "#3"},
				"down": {"uv": [0, 0, 0.5, 2], "texture": "#4"}
			}
		},
		{
			"from": [15.5, -2, 18],
			"to": [16, 26, 20],
			"rotation": {"angle": 0, "axis": "y", "origin": [8, 15.86741, 8]},
			"faces": {
				"north": {"uv": [1, 0, 0, 16], "texture": "#2"},
				"east": {"uv": [0, 0, 1, 16], "texture": "#2"},
				"south": {"uv": [1, 0, 0, 16], "texture": "#2"},
				"west": {"uv": [2, 0, 0, 16], "texture": "#2"},
				"up": {"uv": [0.5, 0, 0, 2], "texture": "#3"},
				"down": {"uv": [0.5, 0, 0, 2], "texture": "#4"}
			}
		},
		{
			"from": [0, -2, -4],
			"to": [0.5, 26, -2],
			"rotation": {"angle": 0, "axis": "y", "origin": [8, 15.86741, 8]},
			"faces": {
				"north": {"uv": [0, 0, 1, 16], "texture": "#2"},
				"east": {"uv": [0, 0, 2, 16], "texture": "#2"},
				"south": {"uv": [0, 0, 1, 16], "texture": "#2"},
				"west": {"uv": [0, 0, 1, 16], "texture": "#2"},
				"up": {"uv": [0, 0, 0.5, 2], "texture": "#3"},
				"down": {"uv": [0, 0, 0.5, 2], "texture": "#4"}
			}
		},
		{
			"from": [15.5, -2, -4],
			"to": [16, 26, -2],
			"rotation": {"angle": 0, "axis": "y", "origin": [8, 15.86741, 8]},
			"faces": {
				"north": {"uv": [1, 0, 0, 16], "texture": "#2"},
				"east": {"uv": [0, 0, 1, 16], "texture": "#2"},
				"south": {"uv": [1, 0, 0, 16], "texture": "#2"},
				"west": {"uv": [2, 0, 0, 16], "texture": "#2"},
				"up": {"uv": [0.5, 0, 0, 2], "texture": "#3"},
				"down": {"uv": [0.5, 0, 0, 2], "texture": "#4"}
			}
		},
		{
			"from": [15.5, 25, -4],
			"to": [16.5, 26, 20],
			"rotation": {"angle": 0, "axis": "y", "origin": [16, 25.5, 8]},
			"faces": {
				"north": {"uv": [0, 0, 16, 1], "texture": "#2"},
				"east": {"uv": [0, 0, 16, 1], "texture": "#2"},
				"south": {"uv": [0, 0, 16, 1], "texture": "#2"},
				"west": {"uv": [0, 0, 16, 1], "texture": "#2"},
				"up": {"uv": [0, 0, 16, 1], "texture": "#2"},
				"down": {"uv": [0, 0, 16, 1], "texture": "#2"}
			}
		},
		{
			"from": [-0.5, 25, -4],
			"to": [0.5, 26, 20],
			"rotation": {"angle": 0, "axis": "y", "origin": [0, 25.5, 8]},
			"faces": {
				"north": {"uv": [0, 0, 16, 1], "texture": "#2"},
				"east": {"uv": [0, 0, 16, 1], "texture": "#2"},
				"south": {"uv": [0, 0, 16, 1], "texture": "#2"},
				"west": {"uv": [0, 0, 16, 1], "texture": "#2"},
				"up": {"uv": [0, 0, 16, 1], "texture": "#2"},
				"down": {"uv": [0, 0, 16, 1], "texture": "#2"}
			}
		}
	],
	"display": {
		"head": {
			"scale": [2, 2.2, 2]
		}
	}
}
