{
	"credit": "Made with Blockbench",
	"textures": {
		"0": "block/glass",
		"1": "block/yellow_wool",
		"2": "block/pink_shulker_box",
		"3": "block/white_concrete",
		"4": "block/light_gray_concrete",
		"5": "block/light_blue_shulker_box",
		"6": "block/stripped_birch_log",
		"8": "block/cobbled_deepslate",
		"9": "block/warped_door_bottom",
		"10": "block/warped_door_top",
		"particle": "block/glass"
	},
	"elements": [
		{
			"name": "end",
			"from": [1, 1, 13],
			"to": [15, 2, 14],
			"rotation": {"angle": 0, "axis": "y", "origin": [0, 0, -4]},
			"faces": {
				"north": {"uv": [15, 0, 1.5, 1], "texture": "#6"},
				"east": {"uv": [2, 0, 1, 1], "texture": "#6"},
				"south": {"uv": [16, 0, 0, 16], "texture": "#4"},
				"west": {"uv": [2, 0, 1, 1], "texture": "#6"},
				"up": {"uv": [15, 0, 1.5, 1], "texture": "#6"},
				"down": {"uv": [15, 0, 1.5, 1], "texture": "#6"}
			}
		},
		{
			"name": "end",
			"from": [1, 25, 13],
			"to": [15, 28, 14],
			"rotation": {"angle": 0, "axis": "y", "origin": [0, 3, -4]},
			"faces": {
				"north": {"uv": [15.5, 0, 0.5, 4], "texture": "#6"},
				"east": {"uv": [2, 0, 1, 4], "texture": "#6"},
				"south": {"uv": [16, 0, 0, 16], "texture": "#4"},
				"west": {"uv": [2, 0, 1, 4], "texture": "#6"},
				"up": {"uv": [15.5, 0, 0.5, 1], "texture": "#6"},
				"down": {"uv": [15.5, 0, 0.5, 1], "texture": "#6"}
			}
		},
		{
			"name": "end",
			"from": [2.5, 2, 12.5],
			"to": [3.5, 14, 24.5],
			"rotation": {"angle": 0, "axis": "y", "origin": [3, 13.75, 13.5]},
			"faces": {
				"north": {"uv": [1, 0, 0, 16], "texture": "#9"},
				"east": {"uv": [16, 0, 0, 16], "texture": "#9"},
				"south": {"uv": [16, 0, 15, 16], "texture": "#9"},
				"west": {"uv": [16, 0, 0, 16], "texture": "#9"},
				"down": {"uv": [16, 15, 0, 16], "texture": "#9"}
			}
		},
		{
			"name": "end",
			"from": [2.5, 14, 12.5],
			"to": [3.5, 25, 24.5],
			"rotation": {"angle": 0, "axis": "y", "origin": [3, 13.75, 13.5]},
			"faces": {
				"north": {"uv": [1, 0, 0, 16], "texture": "#10"},
				"east": {"uv": [16, 0, 0, 16], "texture": "#10"},
				"south": {"uv": [16, 0, 15, 16], "texture": "#10"},
				"west": {"uv": [16, 0, 0, 16], "texture": "#10"},
				"up": {"uv": [16, 0, 0, 1], "texture": "#10"}
			}
		},
		{
			"name": "end",
			"from": [1, 28, 13],
			"to": [15, 29.25, 14],
			"rotation": {"angle": 0, "axis": "y", "origin": [0, 3, -4]},
			"faces": {
				"north": {"uv": [11.5, 0, 0.5, 1], "texture": "#6"},
				"east": {"uv": [2, 0, 1, 1], "texture": "#6"},
				"south": {"uv": [16, 0, 0, 16], "texture": "#4"},
				"west": {"uv": [2, 0, 1, 1], "texture": "#6"},
				"up": {"uv": [11.5, 0, 0.5, 1], "texture": "#6"},
				"down": {"uv": [11.5, 0, 0.5, 1], "texture": "#6"}
			}
		},
		{
			"name": "connector",
			"from": [1.25, 25.25, 14],
			"to": [14.75, 25.75, 18],
			"rotation": {"angle": 0, "axis": "y", "origin": [16, 0, -4]},
			"faces": {
				"north": {"uv": [5.5, 0, 0, 0.5], "texture": "#8"},
				"east": {"uv": [4, 0, 0, 0.5], "texture": "#8"},
				"south": {"uv": [5.5, 0, 0, 0.5], "texture": "#8"},
				"west": {"uv": [4, 0, 0, 0.5], "texture": "#8"},
				"up": {"uv": [5.5, 0, 0, 4], "texture": "#8"},
				"down": {"uv": [5.5, 0, 0, 4], "texture": "#8"}
			}
		},
		{
			"name": "endw",
			"from": [14, 14, 13],
			"to": [15, 25, 14],
			"rotation": {"angle": 0, "axis": "y", "origin": [16, 0, -4]},
			"faces": {
				"north": {"uv": [5, 0, 3, 16], "texture": "#0"},
				"east": {"uv": [1, 0, 0, 16], "texture": "#0"},
				"south": {"uv": [5, 0, 3, 16], "texture": "#0"},
				"west": {"uv": [1, 0, 0, 16], "texture": "#0"},
				"up": {"uv": [16, 0, 0, 1], "texture": "#0"},
				"down": {"uv": [16, 0, 0, 1], "texture": "#0"}
			}
		},
		{
			"name": "connector",
			"from": [14.25, 1.75, 14],
			"to": [14.75, 25.25, 18],
			"rotation": {"angle": 0, "axis": "y", "origin": [16, 0, -4]},
			"faces": {
				"north": {"uv": [0.5, 0, 0, 16], "texture": "#8"},
				"east": {"uv": [4, 0, 0, 16], "texture": "#8"},
				"south": {"uv": [0.5, 0, 0, 16], "texture": "#8"},
				"west": {"uv": [4, 0, 0, 16], "texture": "#8"},
				"up": {"uv": [0.5, 0, 0, 4], "texture": "#8"},
				"down": {"uv": [0.5, 0, 0, 4], "texture": "#8"}
			}
		},
		{
			"name": "end",
			"from": [14, 2, 13],
			"to": [15, 14, 14],
			"rotation": {"angle": 0, "axis": "y", "origin": [16, 0, -4]},
			"faces": {
				"north": {"uv": [3.5, 0, 1, 12], "texture": "#6"},
				"east": {"uv": [1, 0, 0, 12], "texture": "#6"},
				"south": {"uv": [16, 0, 0, 16], "texture": "#4"},
				"west": {"uv": [1, 0, 0, 12], "texture": "#6"},
				"up": {"uv": [5.5, 0, 0, 1], "texture": "#6"},
				"down": {"uv": [5.5, 0, 0, 1], "texture": "#6"}
			}
		},
		{
			"name": "connector",
			"from": [1.25, 1.25, 14],
			"to": [14.75, 1.75, 18],
			"rotation": {"angle": 0, "axis": "y", "origin": [16, 0, -4]},
			"faces": {
				"north": {"uv": [5.5, 0, 0, 0.5], "texture": "#8"},
				"east": {"uv": [4, 0, 0, 0.5], "texture": "#8"},
				"south": {"uv": [5.5, 0, 0, 0.5], "texture": "#8"},
				"west": {"uv": [4, 0, 0, 0.5], "texture": "#8"},
				"up": {"uv": [5.5, 0, 0, 4], "texture": "#8"},
				"down": {"uv": [5.5, 0, 0, 4], "texture": "#8"}
			}
		},
		{
			"name": "connector",
			"from": [1.25, 1.75, 14],
			"to": [1.75, 25.25, 18],
			"rotation": {"angle": 0, "axis": "y", "origin": [16, 0, -4]},
			"faces": {
				"north": {"uv": [0.5, 0, 0, 16], "texture": "#8"},
				"east": {"uv": [4, 0, 0, 16], "texture": "#8"},
				"south": {"uv": [0.5, 0, 0, 16], "texture": "#8"},
				"west": {"uv": [4, 0, 0, 16], "texture": "#8"},
				"up": {"uv": [0.5, 0, 0, 4], "texture": "#8"},
				"down": {"uv": [0.5, 0, 0, 4], "texture": "#8"}
			}
		},
		{
			"name": "end",
			"from": [1, 2, 13],
			"to": [2, 14, 14],
			"rotation": {"angle": 0, "axis": "y", "origin": [0, 0, -4]},
			"faces": {
				"north": {"uv": [1, 0, 3.5, 12], "texture": "#6"},
				"east": {"uv": [0, 0, 1, 12], "texture": "#6"},
				"south": {"uv": [16, 0, 5.5, 16], "texture": "#4"},
				"west": {"uv": [0, 0, 1, 12], "texture": "#6"},
				"up": {"uv": [0, 0, 5.5, 1], "texture": "#6"},
				"down": {"uv": [0, 0, 5.5, 1], "texture": "#6"}
			}
		},
		{
			"name": "endw",
			"from": [1, 14, 13],
			"to": [2, 25, 14],
			"rotation": {"angle": 0, "axis": "y", "origin": [0, 0, -4]},
			"faces": {
				"north": {"uv": [5, 0, 3, 16], "texture": "#0"},
				"east": {"uv": [1, 0, 0, 16], "texture": "#0"},
				"south": {"uv": [5, 0, 3, 16], "texture": "#0"},
				"west": {"uv": [1, 0, 0, 16], "texture": "#0"},
				"up": {"uv": [16, 0, 0, 1], "texture": "#0"},
				"down": {"uv": [16, 0, 0, 1], "texture": "#0"}
			}
		},
		{
			"from": [0, 0, -16],
			"to": [16, 1, 0],
			"rotation": {"angle": 0, "axis": "y", "origin": [16, 0, -12]},
			"faces": {
				"north": {"uv": [14, 0, 0, 1], "texture": "#6"},
				"east": {"uv": [16, 0, 0, 1], "texture": "#4"},
				"south": {"uv": [14, 0, 0, 1], "texture": "#6"},
				"west": {"uv": [16, 0, 0, 1], "texture": "#4"},
				"up": {"uv": [16, 0, 0, 16], "texture": "#5"},
				"down": {"uv": [14, 0, 0, 16], "texture": "#4"}
			}
		},
		{
			"from": [0, 0, -16],
			"to": [1, 3.75, -14],
			"rotation": {"angle": 0, "axis": "z", "origin": [1, 0, -12]},
			"faces": {
				"north": {"uv": [0, 0, 1, 4], "texture": "#6"},
				"east": {"uv": [2, 12, 0, 16], "texture": "#6"},
				"south": {"uv": [0, 0, 1, 4], "texture": "#6"},
				"west": {"uv": [2, 0, 0, 4], "texture": "#4"},
				"up": {"uv": [0, 0, 1, 16], "texture": "#4"},
				"down": {"uv": [0, 0, 1, 16], "texture": "#4"}
			}
		},
		{
			"from": [15, 0, -16],
			"to": [16, 3.75, -14],
			"rotation": {"angle": 0, "axis": "z", "origin": [15, 0, -12]},
			"faces": {
				"north": {"uv": [1, 0, 0, 4], "texture": "#6"},
				"east": {"uv": [0, 0, 2, 4], "texture": "#4"},
				"south": {"uv": [1, 0, 0, 4], "texture": "#6"},
				"west": {"uv": [0, 12, 2, 16], "texture": "#6"},
				"up": {"uv": [1, 0, 0, 16], "texture": "#4"},
				"down": {"uv": [1, 0, 0, 16], "texture": "#4"}
			}
		},
		{
			"from": [15, 24.75, -16],
			"to": [16, 28, 0],
			"rotation": {"angle": 0, "axis": "z", "origin": [15, 3, -12]},
			"faces": {
				"north": {"uv": [1, 0, 0, 3.25], "texture": "#6"},
				"east": {"uv": [13, 3, 3, 13], "texture": "#2"},
				"south": {"uv": [1, 0, 0, 3.25], "texture": "#6"},
				"west": {"uv": [16, 0, 0, 3.25], "texture": "#6"},
				"up": {"uv": [1, 0, 0, 16], "texture": "#6"},
				"down": {"uv": [1, 0, 0, 16], "texture": "#4"}
			}
		},
		{
			"from": [0, 3.75, -2],
			"to": [1, 9, 0],
			"rotation": {"angle": 0, "axis": "z", "origin": [1, 0, -12]},
			"faces": {
				"north": {"uv": [2, 0, 1, 5.25], "texture": "#6"},
				"east": {"uv": [2, 5, 0, 11], "texture": "#6"},
				"south": {"uv": [2, 0, 1, 5.25], "texture": "#6"},
				"west": {"uv": [2, 5, 0, 11], "texture": "#2"},
				"up": {"uv": [2, 0, 1, 16], "texture": "#6"},
				"down": {"uv": [2, 0, 1, 16], "texture": "#6"}
			}
		},
		{
			"from": [15, 3.75, -2],
			"to": [16, 9, 0],
			"rotation": {"angle": 0, "axis": "z", "origin": [15, 0, -12]},
			"faces": {
				"north": {"uv": [1, 0, 2, 5.25], "texture": "#6"},
				"east": {"uv": [14, 5, 16, 11], "texture": "#2"},
				"south": {"uv": [1, 0, 2, 5.25], "texture": "#6"},
				"west": {"uv": [0, 5, 2, 11], "texture": "#6"},
				"up": {"uv": [1, 0, 2, 16], "texture": "#6"},
				"down": {"uv": [1, 0, 2, 16], "texture": "#6"}
			}
		},
		{
			"from": [0, 3.75, -16],
			"to": [1, 9, -14],
			"rotation": {"angle": 0, "axis": "z", "origin": [1, 0, -12]},
			"faces": {
				"north": {"uv": [2, 0, 1, 5.25], "texture": "#6"},
				"east": {"uv": [2, 5, 0, 11], "texture": "#6"},
				"south": {"uv": [2, 0, 1, 5.25], "texture": "#6"},
				"west": {"uv": [16, 5, 14, 11], "texture": "#2"},
				"up": {"uv": [2, 0, 1, 16], "texture": "#6"},
				"down": {"uv": [2, 0, 1, 16], "texture": "#6"}
			}
		},
		{
			"from": [15, 3.75, -16],
			"to": [16, 9, -14],
			"rotation": {"angle": 0, "axis": "z", "origin": [15, 0, -12]},
			"faces": {
				"north": {"uv": [1, 0, 2, 5.25], "texture": "#6"},
				"east": {"uv": [0, 5, 2, 11], "texture": "#2"},
				"south": {"uv": [1, 0, 2, 5.25], "texture": "#6"},
				"west": {"uv": [0, 5, 2, 11], "texture": "#6"},
				"up": {"uv": [1, 0, 2, 16], "texture": "#6"},
				"down": {"uv": [1, 0, 2, 16], "texture": "#6"}
			}
		},
		{
			"from": [0, 24.75, -16],
			"to": [1, 28, 0],
			"rotation": {"angle": 0, "axis": "z", "origin": [1, 3, -12]},
			"faces": {
				"north": {"uv": [2, 0, 1, 3.25], "texture": "#6"},
				"east": {"uv": [16, 0, 0, 3.25], "texture": "#6"},
				"south": {"uv": [2, 0, 1, 3.25], "texture": "#6"},
				"west": {"uv": [13, 3, 3, 13], "texture": "#2"},
				"up": {"uv": [2, 0, 1, 16], "texture": "#6"},
				"down": {"uv": [2, 0, 1, 16], "texture": "#4"}
			}
		},
		{
			"from": [15, 9, -16],
			"to": [16, 24.75, -14],
			"rotation": {"angle": 0, "axis": "y", "origin": [16, 0, -12]},
			"faces": {
				"north": {"uv": [1, 0, 0, 12.75], "texture": "#6"},
				"east": {"uv": [2, 0, 0, 12.75], "texture": "#3"},
				"south": {"uv": [1, 0, 0, 12.75], "texture": "#6"},
				"west": {"uv": [2, 0, 0, 12.75], "texture": "#6"},
				"up": {"uv": [1, 0, 0, 2], "texture": "#6"},
				"down": {"uv": [1, 0, 0, 2], "texture": "#6"}
			}
		},
		{
			"from": [0, 9, -16],
			"to": [1, 24.75, -14],
			"rotation": {"angle": 0, "axis": "y", "origin": [16, 0, -12]},
			"faces": {
				"north": {"uv": [1, 0, 0, 12.75], "texture": "#6"},
				"east": {"uv": [2, 0, 0, 12.75], "texture": "#6"},
				"south": {"uv": [1, 0, 0, 12.75], "texture": "#6"},
				"west": {"uv": [2, 0, 0, 12.75], "texture": "#3"},
				"up": {"uv": [1, 0, 0, 2], "texture": "#6"},
				"down": {"uv": [1, 0, 0, 2], "texture": "#6"}
			}
		},
		{
			"from": [0, 9, -2],
			"to": [1, 24.75, 0],
			"rotation": {"angle": 0, "axis": "y", "origin": [16, 0, -12]},
			"faces": {
				"north": {"uv": [1, 0, 0, 12.75], "texture": "#6"},
				"east": {"uv": [2, 0, 0, 12.75], "texture": "#6"},
				"south": {"uv": [1, 0, 0, 12.75], "texture": "#6"},
				"west": {"uv": [2, 0, 0, 12.75], "texture": "#3"},
				"up": {"uv": [1, 0, 0, 2], "texture": "#6"},
				"down": {"uv": [1, 0, 0, 2], "texture": "#6"}
			}
		},
		{
			"from": [0, 9, 0],
			"to": [1, 12.75, 12],
			"rotation": {"angle": 0, "axis": "y", "origin": [16, 0, -12]},
			"faces": {
				"north": {"uv": [1, 0, 0, 12.75], "texture": "#6"},
				"east": {"uv": [2, 0, 0, 12.75], "texture": "#6"},
				"south": {"uv": [1, 0, 0, 12.75], "texture": "#6"},
				"west": {"uv": [12, 0, 0, 3.75], "texture": "#3"},
				"up": {"uv": [1, 0, 0, 2], "texture": "#6"},
				"down": {"uv": [1, 0, 0, 2], "texture": "#6"}
			}
		},
		{
			"from": [15, 9, -2],
			"to": [16, 24.75, 0],
			"rotation": {"angle": 0, "axis": "y", "origin": [16, 0, -12]},
			"faces": {
				"north": {"uv": [1, 0, 0, 12.75], "texture": "#6"},
				"east": {"uv": [2, 0, 0, 12.75], "texture": "#3"},
				"south": {"uv": [1, 0, 0, 12.75], "texture": "#6"},
				"west": {"uv": [2, 0, 0, 12.75], "texture": "#6"},
				"up": {"uv": [1, 0, 0, 2], "texture": "#6"},
				"down": {"uv": [1, 0, 0, 2], "texture": "#6"}
			}
		},
		{
			"name": "window",
			"from": [0, 12.75, 0],
			"to": [1, 24.75, 12],
			"rotation": {"angle": 0, "axis": "y", "origin": [16, 0, 12]},
			"faces": {
				"north": {"uv": [0, 0, 1, 12.75], "texture": "#0"},
				"east": {"uv": [0, 0, 16, 16], "texture": "#0"},
				"south": {"uv": [0, 0, 1, 12.75], "texture": "#0"},
				"west": {"uv": [0, 0, 16, 16], "texture": "#0"},
				"up": {"uv": [1, 16, 0, 0], "texture": "#0"},
				"down": {"uv": [1, 16, 0, 0], "texture": "#0"}
			}
		},
		{
			"from": [0, 9, 12],
			"to": [1, 24.75, 14],
			"rotation": {"angle": 0, "axis": "y", "origin": [16, 0, -4]},
			"faces": {
				"north": {"uv": [1, 0, 0, 12.75], "texture": "#3"},
				"east": {"uv": [2, 0, 0, 12.75], "texture": "#6"},
				"south": {"uv": [1, 0, 0, 12.75], "texture": "#6"},
				"west": {"uv": [2, 0, 0, 12.75], "texture": "#3"},
				"up": {"uv": [1, 0, 0, 2], "texture": "#6"},
				"down": {"uv": [1, 0, 0, 2], "texture": "#6"}
			}
		},
		{
			"from": [15, 9, 12],
			"to": [16, 24.75, 14],
			"rotation": {"angle": 0, "axis": "y", "origin": [16, 0, -4]},
			"faces": {
				"north": {"uv": [1, 0, 0, 12.75], "texture": "#6"},
				"east": {"uv": [2, 0, 0, 12.75], "texture": "#3"},
				"south": {"uv": [1, 0, 0, 12.75], "texture": "#6"},
				"west": {"uv": [2, 0, 0, 12.75], "texture": "#6"},
				"up": {"uv": [1, 0, 0, 2], "texture": "#6"},
				"down": {"uv": [1, 0, 0, 2], "texture": "#6"}
			}
		},
		{
			"from": [0, 24.75, 0],
			"to": [1, 28, 14],
			"rotation": {"angle": 0, "axis": "z", "origin": [1, 3, -4]},
			"faces": {
				"north": {"uv": [2, 0, 1, 3.25], "texture": "#6"},
				"east": {"uv": [16, 0, 0, 3.25], "texture": "#6"},
				"south": {"uv": [2, 0, 1, 3.25], "texture": "#6"},
				"west": {"uv": [13, 3, 3, 13], "texture": "#2"},
				"up": {"uv": [2, 0, 1, 16], "texture": "#6"},
				"down": {"uv": [2, 0, 1, 16], "texture": "#6"}
			}
		},
		{
			"from": [0, 3.75, 0],
			"to": [1, 9, 14],
			"rotation": {"angle": 0, "axis": "z", "origin": [1, 0, -4]},
			"faces": {
				"north": {"uv": [2, 0, 1, 5.25], "texture": "#6"},
				"east": {"uv": [16, 0, 0, 5.25], "texture": "#6"},
				"south": {"uv": [2, 0, 1, 5.25], "texture": "#6"},
				"west": {"uv": [13, 3, 3, 13], "texture": "#2"},
				"up": {"uv": [2, 0, 1, 16], "texture": "#6"},
				"down": {"uv": [2, 0, 1, 16], "texture": "#6"}
			}
		},
		{
			"from": [15, 24.75, 0],
			"to": [16, 28, 14],
			"rotation": {"angle": 0, "axis": "z", "origin": [15, 3, -4]},
			"faces": {
				"north": {"uv": [1, 0, 0, 3.25], "texture": "#6"},
				"east": {"uv": [13, 3, 3, 13], "texture": "#2"},
				"south": {"uv": [1, 0, 0, 3.25], "texture": "#6"},
				"west": {"uv": [16, 0, 0, 3.25], "texture": "#6"},
				"up": {"uv": [1, 0, 0, 16], "texture": "#6"},
				"down": {"uv": [1, 0, 0, 16], "texture": "#6"}
			}
		},
		{
			"from": [15, 3.75, 0],
			"to": [16, 9, 14],
			"rotation": {"angle": 0, "axis": "z", "origin": [15, 0, -4]},
			"faces": {
				"north": {"uv": [1, 0, 0, 5.25], "texture": "#6"},
				"east": {"uv": [13, 3, 3, 13], "texture": "#2"},
				"south": {"uv": [1, 0, 0, 5.25], "texture": "#6"},
				"west": {"uv": [16, 0, 0, 5.25], "texture": "#6"},
				"up": {"uv": [1, 0, 0, 16], "texture": "#6"},
				"down": {"uv": [1, 0, 0, 16], "texture": "#6"}
			}
		},
		{
			"from": [0, 0, -2],
			"to": [1, 3.75, 14],
			"rotation": {"angle": 0, "axis": "z", "origin": [1, 0, -4]},
			"faces": {
				"north": {"uv": [0, 0, 1, 4], "texture": "#6"},
				"east": {"uv": [0, 0, 16, 4], "texture": "#6"},
				"south": {"uv": [0, 0, 1, 4], "texture": "#6"},
				"west": {"uv": [0, 0, 16, 4], "texture": "#4"},
				"up": {"uv": [0, 0, 1, 16], "texture": "#4"},
				"down": {"uv": [0, 0, 1, 16], "texture": "#4"}
			}
		},
		{
			"from": [15, 0, -2],
			"to": [16, 3.75, 14],
			"rotation": {"angle": 0, "axis": "z", "origin": [15, 0, -4]},
			"faces": {
				"north": {"uv": [1, 0, 0, 4], "texture": "#6"},
				"east": {"uv": [16, 0, 0, 4], "texture": "#4"},
				"south": {"uv": [1, 0, 0, 4], "texture": "#6"},
				"west": {"uv": [16, 0, 0, 4], "texture": "#6"},
				"up": {"uv": [1, 0, 0, 16], "texture": "#4"},
				"down": {"uv": [1, 0, 0, 16], "texture": "#4"}
			}
		},
		{
			"from": [15, -8, -16],
			"to": [16, 0, 14],
			"rotation": {"angle": 0, "axis": "z", "origin": [15, 0, -4]},
			"faces": {
				"north": {"uv": [1, 0, 0, 4], "texture": "#6"},
				"east": {"uv": [16, 0, 0, 4], "texture": "#4"},
				"south": {"uv": [1, 0, 0, 4], "texture": "#6"},
				"west": {"uv": [16, 0, 0, 4], "texture": "#6"},
				"up": {"uv": [1, 0, 0, 16], "texture": "#4"},
				"down": {"uv": [1, 0, 0, 16], "texture": "#4"}
			}
		},
		{
			"from": [0, -8, -16],
			"to": [1, 0, 14],
			"rotation": {"angle": 0, "axis": "z", "origin": [1, 0, -4]},
			"faces": {
				"north": {"uv": [0, 0, 1, 4], "texture": "#6"},
				"east": {"uv": [0, 0, 16, 4], "texture": "#6"},
				"south": {"uv": [0, 0, 1, 4], "texture": "#6"},
				"west": {"uv": [0, 0, 16, 4], "texture": "#4"},
				"up": {"uv": [0, 0, 1, 16], "texture": "#4"},
				"down": {"uv": [0, 0, 1, 16], "texture": "#4"}
			}
		},
		{
			"from": [1, 0, 0],
			"to": [15, 1, 14],
			"rotation": {"angle": 0, "axis": "y", "origin": [16, 0, -4]},
			"faces": {
				"north": {"uv": [14, 0, 0, 1], "texture": "#6"},
				"east": {"uv": [16, 0, 0, 1], "texture": "#6"},
				"south": {"uv": [14, 0, 0, 1], "texture": "#6"},
				"west": {"uv": [16, 0, 0, 1], "texture": "#6"},
				"up": {"uv": [14, 0, 0, 16], "texture": "#6"},
				"down": {"uv": [14, 0, 0, 16], "texture": "#4"}
			}
		},
		{
			"name": "roof",
			"from": [14.57905, 28.36626, -16],
			"to": [15.57905, 28.86626, 14],
			"rotation": {"angle": 22.5, "axis": "z", "origin": [15.57905, 29.46626, -7]},
			"faces": {
				"north": {"uv": [0, 16, 16, 0], "rotation": 90, "texture": "#4"},
				"east": {"uv": [0, 16, 16, 0], "rotation": 90, "texture": "#4"},
				"south": {"uv": [0, 16, 16, 0], "rotation": 90, "texture": "#4"},
				"west": {"uv": [0, 16, 16, 0], "rotation": 90, "texture": "#4"},
				"up": {"uv": [0, 16, 16, 0], "rotation": 90, "texture": "#4"},
				"down": {"uv": [0, 16, 16, 0], "rotation": 90, "texture": "#4"}
			}
		},
		{
			"name": "roof",
			"from": [15, 28, -16],
			"to": [16, 28.45, 14],
			"rotation": {"angle": 0, "axis": "y", "origin": [16, 29.05, -7]},
			"faces": {
				"north": {"uv": [0, 16, 16, 0], "rotation": 90, "texture": "#4"},
				"east": {"uv": [0, 16, 16, 0], "rotation": 90, "texture": "#4"},
				"south": {"uv": [0, 16, 16, 0], "rotation": 90, "texture": "#4"},
				"west": {"uv": [0, 16, 16, 0], "rotation": 90, "texture": "#4"},
				"up": {"uv": [0, 16, 16, 0], "rotation": 90, "texture": "#4"},
				"down": {"uv": [0, 16, 16, 0], "rotation": 90, "texture": "#4"}
			}
		},
		{
			"name": "roof",
			"from": [0, 28, -16],
			"to": [1, 28.45, 14],
			"rotation": {"angle": 0, "axis": "y", "origin": [0, 29.05, -7]},
			"faces": {
				"north": {"uv": [0, 16, 16, 0], "rotation": 90, "texture": "#4"},
				"east": {"uv": [0, 16, 16, 0], "rotation": 90, "texture": "#4"},
				"south": {"uv": [0, 16, 16, 0], "rotation": 90, "texture": "#4"},
				"west": {"uv": [0, 16, 16, 0], "rotation": 90, "texture": "#4"},
				"up": {"uv": [0, 16, 16, 0], "rotation": 90, "texture": "#4"},
				"down": {"uv": [0, 16, 16, 0], "rotation": 90, "texture": "#4"}
			}
		},
		{
			"name": "roof",
			"from": [0.42095, 28.36626, -16],
			"to": [1.42095, 28.86626, 14],
			"rotation": {"angle": -22.5, "axis": "z", "origin": [0.42095, 29.46626, -7]},
			"faces": {
				"north": {"uv": [0, 16, 16, 0], "rotation": 90, "texture": "#4"},
				"east": {"uv": [0, 16, 16, 0], "rotation": 90, "texture": "#4"},
				"south": {"uv": [0, 16, 16, 0], "rotation": 90, "texture": "#4"},
				"west": {"uv": [0, 16, 16, 0], "rotation": 90, "texture": "#4"},
				"up": {"uv": [0, 16, 16, 0], "rotation": 90, "texture": "#4"},
				"down": {"uv": [0, 16, 16, 0], "rotation": 90, "texture": "#4"}
			}
		},
		{
			"name": "roof",
			"from": [-0.27729, 29.04331, -16],
			"to": [0.72271, 30.04331, 14],
			"rotation": {"angle": 45, "axis": "z", "origin": [1.32271, 30.04331, -7]},
			"faces": {
				"north": {"uv": [16, 0, 0, 16], "texture": "#4"},
				"east": {"uv": [16, 0, 0, 16], "texture": "#4"},
				"south": {"uv": [16, 0, 0, 16], "texture": "#4"},
				"west": {"uv": [16, 0, 0, 16], "texture": "#4"},
				"up": {"uv": [16, 0, 0, 16], "texture": "#4"},
				"down": {"uv": [16, 0, 0, 16], "texture": "#4"}
			}
		},
		{
			"name": "roof",
			"from": [0.87942, 28.71471, -16],
			"to": [2.52942, 29.71471, 14],
			"rotation": {"angle": 22.5, "axis": "z", "origin": [1.12942, 29.71471, -7]},
			"faces": {
				"north": {"uv": [16, 0, 0, 16], "texture": "#4"},
				"east": {"uv": [16, 0, 0, 16], "texture": "#4"},
				"south": {"uv": [16, 0, 0, 16], "texture": "#4"},
				"west": {"uv": [16, 0, 0, 16], "texture": "#4"},
				"up": {"uv": [16, 0, 0, 16], "texture": "#4"},
				"down": {"uv": [16, 0, 0, 16], "texture": "#4"}
			}
		},
		{
			"name": "roof",
			"from": [2.42295, 29.25047, -16],
			"to": [13.57715, 30.25047, 14],
			"rotation": {"angle": 0, "axis": "y", "origin": [8.00005, 29.75047, 2]},
			"faces": {
				"north": {"uv": [16, 0, 0, 16], "texture": "#4"},
				"east": {"uv": [16, 0, 0, 16], "texture": "#4"},
				"south": {"uv": [16, 0, 0, 16], "texture": "#4"},
				"west": {"uv": [16, 0, 0, 16], "texture": "#4"},
				"up": {"uv": [16, 0, 0, 16], "texture": "#4"},
				"down": {"uv": [16, 0, 0, 16], "texture": "#4"}
			}
		},
		{
			"name": "roof",
			"from": [13.47058, 28.71471, -16],
			"to": [15.12058, 29.71471, 14],
			"rotation": {"angle": -22.5, "axis": "z", "origin": [14.87058, 29.71471, -7]},
			"faces": {
				"north": {"uv": [16, 0, 0, 16], "texture": "#4"},
				"east": {"uv": [16, 0, 0, 16], "texture": "#4"},
				"south": {"uv": [16, 0, 0, 16], "texture": "#4"},
				"west": {"uv": [16, 0, 0, 16], "texture": "#4"},
				"up": {"uv": [16, 0, 0, 16], "texture": "#4"},
				"down": {"uv": [16, 0, 0, 16], "texture": "#4"}
			}
		},
		{
			"name": "roof",
			"from": [15.27729, 29.04331, -16],
			"to": [16.27729, 30.04331, 14],
			"rotation": {"angle": -45, "axis": "z", "origin": [14.67729, 30.04331, -7]},
			"faces": {
				"north": {"uv": [16, 0, 0, 16], "texture": "#4"},
				"east": {"uv": [16, 0, 0, 16], "texture": "#4"},
				"south": {"uv": [16, 0, 0, 16], "texture": "#4"},
				"west": {"uv": [16, 0, 0, 16], "texture": "#4"},
				"up": {"uv": [16, 0, 0, 16], "texture": "#4"},
				"down": {"uv": [16, 0, 0, 16], "texture": "#4"}
			}
		},
		{
			"from": [1.57203, 11.94154, -1],
			"to": [2.57203, 13.14154, 12],
			"rotation": {"angle": 22.5, "axis": "z", "origin": [1.62713, 11.58668, -9.73002]},
			"faces": {
				"north": {"uv": [0, 16, 16, 0], "rotation": 270, "texture": "#1"},
				"east": {"uv": [0, 16, 16, 0], "rotation": 270, "texture": "#1"},
				"south": {"uv": [0, 16, 16, 0], "rotation": 270, "texture": "#1"},
				"west": {"uv": [0, 0, 0, 0], "texture": "#1"},
				"up": {"uv": [0, 0, 0, 0], "texture": "#1"},
				"down": {"uv": [0, 16, 16, 0], "rotation": 270, "texture": "#1"}
			}
		},
		{
			"from": [0.6825, 10.01082, -1],
			"to": [1.1825, 11.01082, 12],
			"rotation": {"angle": 22.5, "axis": "z", "origin": [1.62713, 11.58668, -9.73002]},
			"faces": {
				"north": {"uv": [0, 16, 16, 0], "rotation": 270, "texture": "#1"},
				"east": {"uv": [0, 0, 0, 0], "texture": "#1"},
				"south": {"uv": [0, 16, 16, 0], "rotation": 270, "texture": "#1"},
				"west": {"uv": [0, 16, 16, 0], "rotation": 270, "texture": "#1"},
				"up": {"uv": [0, 0, 0, 0], "texture": "#1"},
				"down": {"uv": [0, 16, 16, 0], "rotation": 270, "texture": "#1"}
			}
		},
		{
			"from": [1.91288, 10.57284, -1],
			"to": [2.91288, 11.07284, 12],
			"rotation": {"angle": -45, "axis": "z", "origin": [1.62713, 11.58668, -9.73002]},
			"faces": {
				"north": {"uv": [16, 0, 0, 16], "texture": "#1"},
				"east": {"uv": [16, 0, 0, 16], "texture": "#1"},
				"south": {"uv": [16, 0, 0, 16], "texture": "#1"},
				"west": {"uv": [0, 0, 0, 0], "texture": "#1"},
				"up": {"uv": [0, 0, 0, 0], "texture": "#1"},
				"down": {"uv": [0, 0, 0, 0], "texture": "#1"}
			}
		},
		{
			"from": [1.61838, 10.61992, -1],
			"to": [2.61838, 11.11992, 12],
			"rotation": {"angle": -22.5, "axis": "z", "origin": [1.62713, 11.58668, -9.73002]},
			"faces": {
				"north": {"uv": [16, 0, 0, 16], "texture": "#1"},
				"east": {"uv": [16, 0, 0, 16], "texture": "#1"},
				"south": {"uv": [16, 0, 0, 16], "texture": "#1"},
				"west": {"uv": [0, 0, 0, 0], "texture": "#1"},
				"up": {"uv": [16, 0, 0, 16], "texture": "#1"},
				"down": {"uv": [16, 0, 0, 16], "texture": "#1"}
			}
		},
		{
			"from": [2.82473, 12.66159, -1],
			"to": [3.32473, 13.46159, 12],
			"rotation": {"angle": 45, "axis": "z", "origin": [1.74194, 11.30952, -9.73002]},
			"faces": {
				"north": {"uv": [0, 16, 16, 0], "rotation": 270, "texture": "#1"},
				"east": {"uv": [0, 16, 16, 0], "rotation": 270, "texture": "#1"},
				"south": {"uv": [0, 16, 16, 0], "rotation": 270, "texture": "#1"},
				"west": {"uv": [0, 0, 0, 0], "texture": "#1"},
				"up": {"uv": [0, 16, 16, 0], "rotation": 270, "texture": "#1"},
				"down": {"uv": [0, 0, 0, 0], "texture": "#1"}
			}
		},
		{
			"from": [0.97478, 10.69316, -1],
			"to": [1.47478, 13.59316, 12],
			"rotation": {"angle": 0, "axis": "y", "origin": [1.47478, 14.14316, 7.5]},
			"faces": {
				"north": {"uv": [16, 0, 0, 16], "rotation": 180, "texture": "#1"},
				"east": {"uv": [0, 0, 0, 0], "texture": "#1"},
				"south": {"uv": [16, 0, 0, 16], "texture": "#1"},
				"west": {"uv": [16, 0, 0, 2.9], "texture": "#1"},
				"up": {"uv": [0, 0, 0, 0], "texture": "#1"},
				"down": {"uv": [0, 0, 0, 0], "texture": "#1"}
			}
		},
		{
			"from": [1.3643, 10.77612, -1],
			"to": [2.3643, 12.27612, 12],
			"rotation": {"angle": 0, "axis": "y", "origin": [1.62713, 11.58668, -9.73002]},
			"faces": {
				"north": {"uv": [0, 16, 16, 0], "rotation": 270, "texture": "#1"},
				"east": {"uv": [0, 16, 16, 0], "rotation": 270, "texture": "#1"},
				"south": {"uv": [0, 16, 16, 0], "rotation": 270, "texture": "#1"},
				"west": {"uv": [0, 0, 0, 0], "texture": "#1"},
				"up": {"uv": [0, 0, 0, 0], "texture": "#1"},
				"down": {"uv": [0, 0, 0, 0], "texture": "#1"}
			}
		},
		{
			"from": [15, 9, 0],
			"to": [16, 24.75, 12],
			"rotation": {"angle": 0, "axis": "y", "origin": [0, 0, -12]},
			"faces": {
				"north": {"uv": [0, 0, 1, 12.75], "texture": "#6"},
				"east": {"uv": [0, 0, 12, 3.75], "texture": "#3"},
				"south": {"uv": [0, 0, 1, 12.75], "texture": "#6"},
				"west": {"uv": [0, 0, 12, 3.75], "texture": "#6"},
				"up": {"uv": [0, 0, 1, 2], "texture": "#6"},
				"down": {"uv": [0, 0, 1, 2], "texture": "#6"}
			}
		},
		{
			"name": "luggage rack",
			"from": [10, 25, -0.25],
			"to": [15, 25.5, 8.25],
			"rotation": {"angle": 0, "axis": "y", "origin": [16, 0, 16]},
			"faces": {
				"north": {"uv": [16, 0, 0, 1], "texture": "#0"},
				"east": {"uv": [16, 0, 0, 1], "texture": "#0"},
				"south": {"uv": [16, 0, 0, 1], "texture": "#0"},
				"west": {"uv": [16, 0, 0, 1], "texture": "#0"},
				"up": {"uv": [16, 0, 0, 16], "texture": "#0"},
				"down": {"uv": [16, 0, 0, 16], "texture": "#0"}
			}
		},
		{
			"name": "luggage rack",
			"from": [10, 21, -0.25],
			"to": [15, 21.5, 8.25],
			"rotation": {"angle": 0, "axis": "y", "origin": [16, 0, 16]},
			"faces": {
				"north": {"uv": [16, 0, 0, 1], "texture": "#0"},
				"east": {"uv": [16, 0, 0, 1], "texture": "#0"},
				"south": {"uv": [16, 0, 0, 1], "texture": "#0"},
				"west": {"uv": [16, 0, 0, 1], "texture": "#0"},
				"up": {"uv": [16, 0, 0, 16], "texture": "#0"},
				"down": {"uv": [16, 0, 0, 16], "texture": "#0"}
			}
		},
		{
			"name": "luggage rack",
			"from": [10, 17, -0.25],
			"to": [15, 17.5, 8.25],
			"rotation": {"angle": 0, "axis": "y", "origin": [16, 0, 16]},
			"faces": {
				"north": {"uv": [16, 0, 0, 1], "texture": "#0"},
				"east": {"uv": [16, 0, 0, 1], "texture": "#0"},
				"south": {"uv": [16, 0, 0, 1], "texture": "#0"},
				"west": {"uv": [16, 0, 0, 1], "texture": "#0"},
				"up": {"uv": [16, 0, 0, 16], "texture": "#0"},
				"down": {"uv": [16, 0, 0, 16], "texture": "#0"}
			}
		},
		{
			"name": "luggage rack",
			"from": [10, 13, -0.25],
			"to": [15, 13.5, 8.25],
			"rotation": {"angle": 0, "axis": "y", "origin": [16, 0, 16]},
			"faces": {
				"north": {"uv": [16, 0, 0, 1], "texture": "#0"},
				"east": {"uv": [16, 0, 0, 1], "texture": "#0"},
				"south": {"uv": [16, 0, 0, 1], "texture": "#0"},
				"west": {"uv": [16, 0, 0, 1], "texture": "#0"},
				"up": {"uv": [16, 0, 0, 16], "texture": "#0"},
				"down": {"uv": [16, 0, 0, 16], "texture": "#0"}
			}
		},
		{
			"name": "luggage rack",
			"from": [10, 9, -0.25],
			"to": [15, 9.5, 8.25],
			"rotation": {"angle": 0, "axis": "y", "origin": [16, 0, 16]},
			"faces": {
				"north": {"uv": [16, 0, 0, 1], "texture": "#0"},
				"east": {"uv": [16, 0, 0, 1], "texture": "#0"},
				"south": {"uv": [16, 0, 0, 1], "texture": "#0"},
				"west": {"uv": [16, 0, 0, 1], "texture": "#0"},
				"up": {"uv": [16, 0, 0, 16], "texture": "#0"},
				"down": {"uv": [16, 0, 0, 16], "texture": "#0"}
			}
		},
		{
			"name": "luggage rack",
			"from": [10, 5, -0.25],
			"to": [15, 5.5, 8.25],
			"rotation": {"angle": 0, "axis": "y", "origin": [16, 0, 16]},
			"faces": {
				"north": {"uv": [16, 0, 0, 1], "texture": "#0"},
				"east": {"uv": [16, 0, 0, 1], "texture": "#0"},
				"south": {"uv": [16, 0, 0, 1], "texture": "#0"},
				"west": {"uv": [16, 0, 0, 1], "texture": "#0"},
				"up": {"uv": [16, 0, 0, 16], "texture": "#0"},
				"down": {"uv": [16, 0, 0, 16], "texture": "#0"}
			}
		},
		{
			"name": "partition",
			"from": [10, 1, -0.75],
			"to": [15, 29.25, -0.25],
			"rotation": {"angle": 0, "axis": "y", "origin": [16, 0, 16]},
			"faces": {
				"north": {"uv": [16, 0, 0, 16], "texture": "#6"},
				"east": {"uv": [16, 0, 0, 16], "texture": "#6"},
				"south": {"uv": [16, 0, 0, 16], "texture": "#6"},
				"west": {"uv": [16, 0, 0, 16], "texture": "#6"},
				"up": {"uv": [16, 0, 0, 16], "texture": "#6"},
				"down": {"uv": [16, 0, 0, 16], "texture": "#6"}
			}
		},
		{
			"name": "partition",
			"from": [10, 1, 8.25],
			"to": [15, 29.25, 8.75],
			"rotation": {"angle": 0, "axis": "y", "origin": [16, 0, 16]},
			"faces": {
				"north": {"uv": [16, 0, 0, 16], "texture": "#6"},
				"east": {"uv": [16, 0, 0, 16], "texture": "#6"},
				"south": {"uv": [16, 0, 0, 16], "texture": "#6"},
				"west": {"uv": [16, 0, 0, 16], "texture": "#6"},
				"up": {"uv": [16, 0, 0, 16], "texture": "#6"},
				"down": {"uv": [16, 0, 0, 16], "texture": "#6"}
			}
		}
	],
	"display": {
		"head": {
			"scale": [2, 2, 2]
		}
	},
	"groups": [
		0,
		1,
		2,
		3,
		4,
		5,
		6,
		7,
		8,
		9,
		10,
		11,
		12,
		{
			"name": "body",
			"origin": [0, 0, 0],
			"color": 0,
			"children": []
		},
		13,
		14,
		15,
		16,
		17,
		18,
		19,
		20,
		21,
		22,
		23,
		24,
		25,
		26,
		27,
		28,
		29,
		30,
		31,
		32,
		33,
		34,
		35,
		36,
		37,
		38,
		{
			"name": "riif",
			"origin": [1.32271, 30.04331, -7],
			"color": 0,
			"children": [39, 40, 41, 42, 43, 44, 45, 46, 47]
		},
		{
			"name": "leaner",
			"origin": [16.12287, 11.58668, -9.73002],
			"color": 0,
			"children": [48, 49, 50, 51, 52, 53, 54]
		},
		55,
		56,
		57,
		58,
		59,
		60,
		61,
		62,
		63
	]
}