{
	"credit": "Made with Blockbench",
	"textures": {
		"16": "block/siemens/cyan_gradient",
		"17": "block/siemens/silver",
		"18": "block/siemens/cyan",
		"19": "block/siemens/window",
		"20": "block/siemens/metal",
		"21": "block/siemens/cyan_seat_carpet",
		"22": "block/siemens/plastic",
		"23": "block/siemens/wall",
		"24": "block/siemens/interior_light",
		"25": "block/siemens/carpet",
		"26": "block/siemens/rubber",
		"27": "block/siemens/airconditioner",
		"28": "block/siemens/transparency",
		"29": "block/siemens/sticker",
		"31": "block/siemens/metal_gangway",
		"32": "block/siemens/gangway",
		"34": "block/siemens/bits",
		"38": "block/siemens/sr",
		"39": "block/siemens/intl_map",
		"particle": "block/siemens/window"
	},
	"elements": [
		{
			"from": [0, -9.75, -16],
			"to": [1, -9.25, 11.75],
			"rotation": {"angle": 0, "axis": "y", "origin": [0, -10, 0]},
			"faces": {
				"north": {"uv": [0, 0, 16, 1.5], "texture": "#20"},
				"east": {"uv": [0, 0, 16, 1.5], "texture": "#missing"},
				"south": {"uv": [0, 0, 16, 1.5], "texture": "#missing"},
				"west": {"uv": [0, 0, 16, 1.5], "texture": "#20"},
				"up": {"uv": [0, 0, 16, 10], "texture": "#missing"},
				"down": {"uv": [0, 0, 16, 16], "texture": "#20"}
			}
		},
		{
			"from": [0, -7, 11.75],
			"to": [1, -5, 28.5],
			"rotation": {"angle": 0, "axis": "y", "origin": [0, -10, 0]},
			"faces": {
				"north": {"uv": [0, 0, 16, 1.5], "texture": "#missing"},
				"east": {"uv": [0, 0, 16, 1.5], "texture": "#missing"},
				"south": {"uv": [0, 0, 16, 1.5], "texture": "#20"},
				"west": {"uv": [0, 0, 16, 1.5], "texture": "#20"},
				"up": {"uv": [0, 0, 6, 16], "texture": "#20"},
				"down": {"uv": [0, 0, 16, 16], "texture": "#20"}
			}
		},
		{
			"from": [-0.5, 8.75, 8.5],
			"to": [0, 9.25, 23.75],
			"rotation": {"angle": 0, "axis": "y", "origin": [0, -10, 0]},
			"faces": {
				"north": {"uv": [0, 0, 16, 1.5], "texture": "#20"},
				"east": {"uv": [0, 0, 16, 1.5], "texture": "#20"},
				"south": {"uv": [0, 0, 16, 1.5], "texture": "#20"},
				"west": {"uv": [0, 0, 16, 1.5], "texture": "#20"},
				"up": {"uv": [0, 0, 6, 16], "texture": "#20"},
				"down": {"uv": [0, 0, 16, 16], "texture": "#20"}
			}
		},
		{
			"from": [16, 8.75, 8.5],
			"to": [16.5, 9.25, 23.75],
			"rotation": {"angle": 0, "axis": "y", "origin": [0, -10, 0]},
			"faces": {
				"north": {"uv": [0, 0, 16, 1.5], "texture": "#20"},
				"east": {"uv": [0, 0, 16, 1.5], "texture": "#20"},
				"south": {"uv": [0, 0, 16, 1.5], "texture": "#20"},
				"west": {"uv": [0, 0, 16, 1.5], "texture": "#20"},
				"up": {"uv": [0, 0, 6, 16], "texture": "#20"},
				"down": {"uv": [0, 0, 16, 16], "texture": "#20"}
			}
		},
		{
			"from": [15, -9.75, -16],
			"to": [16, -9.25, 11.75],
			"rotation": {"angle": 0, "axis": "y", "origin": [0, -10, 0]},
			"faces": {
				"north": {"uv": [0, 0, 16, 1.5], "texture": "#20"},
				"east": {"uv": [0, 0, 16, 1.5], "texture": "#20"},
				"south": {"uv": [0, 0, 16, 1.5], "texture": "#missing"},
				"west": {"uv": [0, 0, 16, 1.5], "texture": "#missing"},
				"up": {"uv": [0, 0, 16, 10], "texture": "#missing"},
				"down": {"uv": [0, 0, 16, 16], "texture": "#20"}
			}
		},
		{
			"from": [1, -9.75, -16],
			"to": [15, -9.25, 11.75],
			"rotation": {"angle": 0, "axis": "y", "origin": [0, -10, 0]},
			"faces": {
				"north": {"uv": [0, 0, 16, 1.5], "texture": "#20"},
				"east": {"uv": [0, 0, 16, 1.5], "texture": "#missing"},
				"south": {"uv": [0, 0, 16, 1.5], "texture": "#20"},
				"west": {"uv": [0, 0, 16, 1.5], "texture": "#missing"},
				"up": {"uv": [0, 0, 6, 16], "texture": "#25"},
				"down": {"uv": [0, 0, 16, 16], "texture": "#20"}
			}
		},
		{
			"from": [1, -7, 11.75],
			"to": [15, -5, 28.5],
			"rotation": {"angle": 0, "axis": "y", "origin": [0, -10, 0]},
			"faces": {
				"north": {"uv": [0, 0, 16, 1.5], "texture": "#23"},
				"east": {"uv": [0, 0, 16, 1.5], "texture": "#missing"},
				"south": {"uv": [0, 0, 16, 1.5], "texture": "#20"},
				"west": {"uv": [0, 0, 16, 1.5], "texture": "#missing"},
				"up": {"uv": [0, 0, 6, 16], "texture": "#25"},
				"down": {"uv": [0, 0, 16, 16], "texture": "#20"}
			}
		},
		{
			"from": [10, -9.25, 7.5],
			"to": [15, -7.25, 11.75],
			"rotation": {"angle": 0, "axis": "y", "origin": [0, -10, 0]},
			"faces": {
				"north": {"uv": [0, 0, 16, 1.5], "texture": "#23"},
				"east": {"uv": [0, 0, 16, 1.5], "texture": "#missing"},
				"south": {"uv": [0, 0, 16, 1.5], "texture": "#20"},
				"west": {"uv": [0, 0, 16, 1.5], "texture": "#23"},
				"up": {"uv": [0, 0, 6, 16], "texture": "#25"},
				"down": {"uv": [0, 0, 16, 16], "texture": "#20"}
			}
		},
		{
			"from": [1, -9.25, 8.25],
			"to": [6, -2.5, 11.75],
			"rotation": {"angle": 0, "axis": "y", "origin": [0, -10, 0]},
			"faces": {
				"north": {"uv": [0, 0, 16, 1.5], "texture": "#20"},
				"east": {"uv": [0, 0, 16, 1.5], "texture": "#23"},
				"south": {"uv": [0, 0, 16, 1.5], "texture": "#23"},
				"west": {"uv": [0, 0, 16, 1.5], "texture": "#23"},
				"up": {"uv": [0, 0, 6, 16], "texture": "#25"},
				"down": {"uv": [0, 0, 16, 16], "texture": "#20"}
			}
		},
		{
			"from": [1, -9.25, 4.75],
			"to": [6, 0.5, 8.25],
			"rotation": {"angle": 0, "axis": "y", "origin": [0, -10, 0]},
			"faces": {
				"north": {"uv": [0, 0, 16, 1.5], "texture": "#20"},
				"east": {"uv": [0, 0, 16, 1.5], "texture": "#23"},
				"south": {"uv": [0, 0, 16, 1.5], "texture": "#23"},
				"west": {"uv": [0, 0, 16, 1.5], "texture": "#23"},
				"up": {"uv": [0, 0, 6, 16], "texture": "#25"},
				"down": {"uv": [0, 0, 16, 16], "texture": "#20"}
			}
		},
		{
			"from": [1, -9.25, 0.5],
			"to": [6, 3.75, 4.75],
			"rotation": {"angle": 0, "axis": "y", "origin": [0, -10, 0]},
			"faces": {
				"north": {"uv": [0, 0, 16, 1.5], "texture": "#23"},
				"east": {"uv": [0, 0, 16, 1.5], "texture": "#23"},
				"south": {"uv": [0, 0, 16, 1.5], "texture": "#23"},
				"west": {"uv": [0, 0, 16, 1.5], "texture": "#23"},
				"up": {"uv": [0, 0, 6, 16], "texture": "#25"},
				"down": {"uv": [0, 0, 16, 16], "texture": "#20"}
			}
		},
		{
			"from": [6, -9.25, 0.5],
			"to": [10, 16.75, 11.75],
			"rotation": {"angle": 0, "axis": "y", "origin": [0, -10, 0]},
			"faces": {
				"north": {"uv": [0, 0, 16, 1.5], "texture": "#23"},
				"east": {"uv": [0, 0, 16, 1.5], "texture": "#23"},
				"south": {"uv": [0, 0, 16, 1.5], "texture": "#23"},
				"west": {"uv": [0, 0, 16, 1.5], "texture": "#23"},
				"up": {"uv": [0, 0, 6, 16], "texture": "#25"},
				"down": {"uv": [0, 0, 16, 16], "texture": "#20"}
			}
		},
		{
			"from": [10, 3.5, 1.25],
			"to": [15, 16.75, 1.25],
			"rotation": {"angle": 0, "axis": "y", "origin": [0, -10, 0]},
			"faces": {
				"north": {"uv": [0, 0, 16, 1.5], "texture": "#23"},
				"east": {"uv": [0, 0, 16, 1.5], "texture": "#23"},
				"south": {"uv": [0, 0, 16, 1.5], "texture": "#23"},
				"west": {"uv": [0, 0, 16, 1.5], "texture": "#23"},
				"up": {"uv": [0, 0, 6, 16], "texture": "#25"},
				"down": {"uv": [0, 0, 16, 16], "texture": "#23"}
			}
		},
		{
			"from": [1, -9.75, 11.75],
			"to": [15, -7, 13.75],
			"rotation": {"angle": 0, "axis": "y", "origin": [0, -10, 0]},
			"faces": {
				"north": {"uv": [0, 0, 16, 1.5], "texture": "#20"},
				"east": {"uv": [0, 0, 16, 1.5], "texture": "#missing"},
				"south": {"uv": [0, 0, 16, 1.5], "texture": "#20"},
				"west": {"uv": [0, 0, 16, 1.5], "texture": "#missing"},
				"up": {"uv": [0, 0, 6, 16], "texture": "#25"},
				"down": {"uv": [0, 0, 16, 16], "texture": "#20"}
			}
		},
		{
			"from": [15, -7, 11.75],
			"to": [16, -5, 28.5],
			"rotation": {"angle": 0, "axis": "y", "origin": [0, -10, 0]},
			"faces": {
				"north": {"uv": [0, 0, 16, 1.5], "texture": "#missing"},
				"east": {"uv": [0, 0, 16, 1.5], "texture": "#20"},
				"south": {"uv": [0, 0, 16, 1.5], "texture": "#20"},
				"west": {"uv": [0, 0, 16, 1.5], "texture": "#missing"},
				"up": {"uv": [0, 0, 6, 16], "texture": "#20"},
				"down": {"uv": [0, 0, 16, 16], "texture": "#20"}
			}
		},
		{
			"from": [0, -9.75, 11.75],
			"to": [1, -7, 13.75],
			"rotation": {"angle": 0, "axis": "y", "origin": [0, -10, 0]},
			"faces": {
				"north": {"uv": [0, 0, 16, 1.5], "texture": "#missing"},
				"east": {"uv": [0, 0, 16, 1.5], "texture": "#missing"},
				"south": {"uv": [0, 0, 16, 1.5], "texture": "#20"},
				"west": {"uv": [0, 0, 16, 1.5], "texture": "#20"},
				"up": {"uv": [0, 0, 6, 16], "texture": "#20"},
				"down": {"uv": [0, 0, 16, 16], "texture": "#20"}
			}
		},
		{
			"from": [15, -9.75, 11.75],
			"to": [16, -7, 13.75],
			"rotation": {"angle": 0, "axis": "y", "origin": [0, -10, 0]},
			"faces": {
				"north": {"uv": [0, 0, 16, 1.5], "texture": "#missing"},
				"east": {"uv": [0, 0, 16, 1.5], "texture": "#20"},
				"south": {"uv": [0, 0, 16, 1.5], "texture": "#20"},
				"west": {"uv": [0, 0, 16, 1.5], "texture": "#missing"},
				"up": {"uv": [0, 0, 6, 16], "texture": "#20"},
				"down": {"uv": [0, 0, 16, 16], "texture": "#20"}
			}
		},
		{
			"from": [0, 10, 11.75],
			"to": [1, 17.25, 13.75],
			"rotation": {"angle": 0, "axis": "y", "origin": [0, -10, 0]},
			"faces": {
				"north": {"uv": [0, 0, 16, 1.5], "texture": "#20"},
				"east": {"uv": [0, 0, 16, 1.5], "texture": "#missing"},
				"south": {"uv": [0, 0, 16, 1.5], "texture": "#20"},
				"west": {"uv": [0, 0, 16, 1.5], "texture": "#20"},
				"up": {"uv": [0, 0, 6, 16], "texture": "#20"},
				"down": {"uv": [0, 0, 16, 16], "texture": "#20"}
			}
		},
		{
			"from": [1, 10, 11.75],
			"to": [15, 17.25, 13.75],
			"rotation": {"angle": 0, "axis": "y", "origin": [0, -10, 0]},
			"faces": {
				"north": {"uv": [0, 0, 16, 1.5], "texture": "#20"},
				"east": {"uv": [0, 0, 16, 1.5], "texture": "#missing"},
				"south": {"uv": [0, 0, 16, 1.5], "texture": "#20"},
				"west": {"uv": [0, 0, 16, 1.5], "texture": "#missing"},
				"up": {"uv": [0, 0, 6, 16], "texture": "#20"},
				"down": {"uv": [0, 0, 16, 16], "texture": "#20"}
			}
		},
		{
			"from": [15, 10, 11.75],
			"to": [16, 17.25, 13.75],
			"rotation": {"angle": 0, "axis": "y", "origin": [0, -10, 0]},
			"faces": {
				"north": {"uv": [0, 0, 16, 1.5], "texture": "#20"},
				"east": {"uv": [0, 0, 16, 1.5], "texture": "#20"},
				"south": {"uv": [0, 0, 16, 1.5], "texture": "#20"},
				"west": {"uv": [0, 0, 16, 1.5], "texture": "#missing"},
				"up": {"uv": [0, 0, 6, 16], "texture": "#20"},
				"down": {"uv": [0, 0, 16, 16], "texture": "#20"}
			}
		},
		{
			"from": [0, -10, 28.25],
			"to": [16, 0, 29],
			"rotation": {"angle": -45, "axis": "x", "origin": [0, -10, 0]},
			"faces": {
				"north": {"uv": [0, 0, 16, 1.5], "texture": "#20"},
				"east": {"uv": [0, 0, 16, 1.5], "texture": "#20"},
				"south": {"uv": [0, 0, 16, 1.5], "texture": "#20"},
				"west": {"uv": [0, 0, 16, 1.5], "texture": "#20"},
				"up": {"uv": [0, 0, 6, 16], "texture": "#20"},
				"down": {"uv": [0, 0, 16, 16], "texture": "#20"}
			}
		},
		{
			"from": [0, -8.75, 27.5],
			"to": [16, -0.75, 28.25],
			"rotation": {"angle": -45, "axis": "x", "origin": [0, -10, 0]},
			"faces": {
				"north": {"uv": [0, 0, 16, 1.5], "texture": "#20"},
				"east": {"uv": [0, 0, 16, 1.5], "texture": "#20"},
				"south": {"uv": [0, 0, 16, 1.5], "texture": "#20"},
				"west": {"uv": [0, 0, 16, 1.5], "texture": "#20"},
				"up": {"uv": [0, 0, 6, 16], "texture": "#20"},
				"down": {"uv": [0, 0, 16, 16], "texture": "#20"}
			}
		},
		{
			"from": [0, -8, 26.75],
			"to": [16, -1.5, 27.5],
			"rotation": {"angle": -45, "axis": "x", "origin": [0, -10, 0]},
			"faces": {
				"north": {"uv": [0, 0, 16, 1.5], "texture": "#20"},
				"east": {"uv": [0, 0, 16, 1.5], "texture": "#20"},
				"south": {"uv": [0, 0, 16, 1.5], "texture": "#20"},
				"west": {"uv": [0, 0, 16, 1.5], "texture": "#20"},
				"up": {"uv": [0, 0, 6, 16], "texture": "#20"},
				"down": {"uv": [0, 0, 16, 16], "texture": "#20"}
			}
		},
		{
			"from": [0, -7, 26],
			"to": [16, -2.5, 26.75],
			"rotation": {"angle": -45, "axis": "x", "origin": [0, -10, 0]},
			"faces": {
				"north": {"uv": [0, 0, 16, 1.5], "texture": "#20"},
				"east": {"uv": [0, 0, 16, 1.5], "texture": "#20"},
				"south": {"uv": [0, 0, 16, 1.5], "texture": "#20"},
				"west": {"uv": [0, 0, 16, 1.5], "texture": "#20"},
				"up": {"uv": [0, 0, 6, 16], "texture": "#20"},
				"down": {"uv": [0, 0, 16, 16], "texture": "#20"}
			}
		},
		{
			"from": [0, -6.25, 25.25],
			"to": [16, -3.25, 26],
			"rotation": {"angle": -45, "axis": "x", "origin": [0, -10, 0]},
			"faces": {
				"north": {"uv": [0, 0, 16, 1.5], "texture": "#20"},
				"east": {"uv": [0, 0, 16, 1.5], "texture": "#20"},
				"south": {"uv": [0, 0, 16, 1.5], "texture": "#20"},
				"west": {"uv": [0, 0, 16, 1.5], "texture": "#20"},
				"up": {"uv": [0, 0, 6, 16], "texture": "#20"},
				"down": {"uv": [0, 0, 16, 16], "texture": "#20"}
			}
		},
		{
			"from": [0, -5.5, 24.5],
			"to": [16, -4, 25.25],
			"rotation": {"angle": -45, "axis": "x", "origin": [0, -10, 0]},
			"faces": {
				"north": {"uv": [0, 0, 16, 1.5], "texture": "#20"},
				"east": {"uv": [0, 0, 16, 1.5], "texture": "#20"},
				"south": {"uv": [0, 0, 16, 1.5], "texture": "#20"},
				"west": {"uv": [0, 0, 16, 1.5], "texture": "#20"},
				"up": {"uv": [0, 0, 6, 16], "texture": "#20"},
				"down": {"uv": [0, 0, 16, 16], "texture": "#20"}
			}
		},
		{
			"from": [14, 9.55, 11.75],
			"to": [15, 9.75, 28.5],
			"rotation": {"angle": 0, "axis": "y", "origin": [10.5, -10, 0]},
			"faces": {
				"north": {"uv": [0, 0, 1, 0.2], "texture": "#23"},
				"east": {"uv": [0, 0, 16, 0.2], "texture": "#missing"},
				"south": {"uv": [0, 0, 1, 0.2], "texture": "#23"},
				"west": {"uv": [0, 0, 16, 0.2], "texture": "#23"},
				"up": {"uv": [0, 0, 1, 16], "texture": "#missing"},
				"down": {"uv": [5, 6, 10.75, 11], "texture": "#24"}
			}
		},
		{
			"from": [1, 9.55, 11.75],
			"to": [2, 9.75, 28.5],
			"rotation": {"angle": 0, "axis": "y", "origin": [-0.5, -10, 0]},
			"faces": {
				"north": {"uv": [0, 0, 1, 0.2], "texture": "#23"},
				"east": {"uv": [0, 0, 16, 0.2], "texture": "#23"},
				"south": {"uv": [0, 0, 1, 0.2], "texture": "#23"},
				"west": {"uv": [0, 0, 16, 0.2], "texture": "#missing"},
				"up": {"uv": [0, 0, 1, 16], "texture": "#missing"},
				"down": {"uv": [5, 6, 10.75, 11], "texture": "#24"}
			}
		},
		{
			"from": [1.25, 9.75, 11.75],
			"to": [14.75, 10.5, 28.5],
			"rotation": {"angle": 0, "axis": "y", "origin": [0, -10, 0]},
			"faces": {
				"north": {"uv": [0, 0, 12, 0.75], "texture": "#20"},
				"east": {"uv": [0, 0, 16, 0.75], "texture": "#missing"},
				"south": {"uv": [0, 0, 12, 0.75], "texture": "#23"},
				"west": {"uv": [0, 0, 16, 0.75], "texture": "#missing"},
				"up": {"uv": [0, 0, 12, 16], "texture": "#missing"},
				"down": {"uv": [0, 0, 12, 16], "texture": "#23"}
			}
		},
		{
			"from": [1.9, 10.5, 11.75],
			"to": [14.1, 11.25, 28.5],
			"rotation": {"angle": 0, "axis": "y", "origin": [0, -10, 0]},
			"faces": {
				"north": {"uv": [0, 0, 8.7, 0.25], "texture": "#20"},
				"east": {"uv": [0, 0, 16, 0.25], "texture": "#missing"},
				"south": {"uv": [0, 0, 8.7, 0.25], "texture": "#20"},
				"west": {"uv": [0, 0, 16, 0.25], "texture": "#missing"},
				"up": {"uv": [0, 0, 8.7, 16], "texture": "#missing"},
				"down": {"uv": [0, 0, 8.7, 16], "texture": "#missing"}
			}
		},
		{
			"from": [2.4, 11.25, 11.75],
			"to": [13.6, 11.5, 28.5],
			"rotation": {"angle": 0, "axis": "y", "origin": [0, -10, 0]},
			"faces": {
				"north": {"uv": [0, 0, 8.7, 0.25], "texture": "#20"},
				"east": {"uv": [0, 0, 16, 0.25], "texture": "#missing"},
				"south": {"uv": [0, 0, 8.7, 0.25], "texture": "#20"},
				"west": {"uv": [0, 0, 16, 0.25], "texture": "#missing"},
				"up": {"uv": [0, 0, 8.7, 16], "texture": "#missing"},
				"down": {"uv": [0, 0, 8.7, 16], "texture": "#missing"}
			}
		},
		{
			"from": [2.9, 11.25, 11.75],
			"to": [13.1, 12.05, 28.5],
			"rotation": {"angle": 0, "axis": "y", "origin": [0, -10, 0]},
			"faces": {
				"north": {"uv": [0, 0, 8.7, 0.25], "texture": "#20"},
				"east": {"uv": [0, 0, 16, 0.25], "texture": "#missing"},
				"south": {"uv": [0, 0, 8.7, 0.25], "texture": "#20"},
				"west": {"uv": [0, 0, 16, 0.25], "texture": "#missing"},
				"up": {"uv": [0, 0, 8.7, 16], "texture": "#20"},
				"down": {"uv": [0, 0, 8.7, 16], "texture": "#missing"}
			}
		},
		{
			"from": [5.4, 18.5, -16],
			"to": [10.6, 19.25, -7.75],
			"rotation": {"angle": 0, "axis": "y", "origin": [0, -6.75, 0]},
			"faces": {
				"north": {"uv": [0, 0, 5.2, 1], "texture": "#27"},
				"east": {"uv": [0, 0, 13.25, 1], "texture": "#27"},
				"south": {"uv": [0, 0, 5.2, 1], "texture": "#27"},
				"west": {"uv": [0, 0, 13.25, 1], "texture": "#27"},
				"up": {"uv": [1.312, 0, 12.288, 13.184], "texture": "#27"},
				"down": {"uv": [0, 0, 5.2, 13.25], "texture": "#missing"}
			}
		},
		{
			"from": [13.96536, 14.53464, 11.75],
			"to": [17.96536, 15.53464, 28.5],
			"rotation": {"angle": 45, "axis": "z", "origin": [13.96536, -4.21536, 0]},
			"faces": {
				"north": {"uv": [0, 0, 4, 1], "texture": "#20"},
				"east": {"uv": [0, 0, 16, 1], "texture": "#20"},
				"south": {"uv": [0, 0, 4, 1], "texture": "#20"},
				"west": {"uv": [0, 0, 16, 1], "texture": "#missing"},
				"up": {"uv": [0, 0, 4, 16], "texture": "#20"},
				"down": {"uv": [0, 0, 4, 16], "texture": "#23"}
			}
		},
		{
			"from": [-0.79379, 17.36307, 11.75],
			"to": [3.20621, 18.36307, 28.5],
			"rotation": {"angle": -45, "axis": "z", "origin": [-0.79379, -1.38693, 0]},
			"faces": {
				"north": {"uv": [0, 0, 4, 1], "texture": "#20"},
				"east": {"uv": [0, 0, 16, 1], "texture": "#missing"},
				"south": {"uv": [0, 0, 4, 1], "texture": "#20"},
				"west": {"uv": [0, 0, 16, 1], "texture": "#20"},
				"up": {"uv": [0, 0, 4, 16], "texture": "#20"},
				"down": {"uv": [0, 0, 4, 16], "texture": "#23"}
			}
		},
		{
			"from": [1.45621, 16.61307, 13],
			"to": [3.55621, 17.61307, 28.5],
			"rotation": {"angle": -45, "axis": "z", "origin": [-0.79379, -1.38693, 14.5]},
			"faces": {
				"north": {"uv": [0, 0, 4, 1], "texture": "#23"},
				"east": {"uv": [0, 0, 16, 1], "texture": "#missing"},
				"south": {"uv": [0, 0, 4, 1], "texture": "#23"},
				"west": {"uv": [0, 0, 16, 1], "texture": "#20"},
				"up": {"uv": [0, 0, 4, 16], "texture": "#20"},
				"down": {"uv": [16, 16, 0, 0], "texture": "#39"}
			}
		},
		{
			"from": [7.45621, 4.36307, 13],
			"to": [9.25621, 5.36307, 28.5],
			"rotation": {"angle": 45, "axis": "z", "origin": [-0.79379, -1.38693, 14.5]},
			"faces": {
				"north": {"uv": [0, 0, 4, 1], "texture": "#23"},
				"east": {"uv": [0, 0, 16, 1], "texture": "#missing"},
				"south": {"uv": [0, 0, 4, 1], "texture": "#23"},
				"west": {"uv": [0, 0, 16, 1], "texture": "#20"},
				"up": {"uv": [0, 0, 4, 16], "texture": "#20"},
				"down": {"uv": [0, 0, 16, 16], "texture": "#39"}
			}
		},
		{
			"from": [15, -4.25, -3.5],
			"to": [16, 1.25, 1],
			"rotation": {"angle": 0, "axis": "y", "origin": [0, -10, -9.75]},
			"faces": {
				"north": {"uv": [0, 0, 1, 6.75], "texture": "#26"},
				"east": {"uv": [16, 2.944, 13.502, 9.694], "texture": "#18"},
				"south": {"uv": [0, 0, 1, 6.75], "texture": "#26"},
				"west": {"uv": [0, 0, 10.786, 12.094], "texture": "#23"},
				"up": {"uv": [0, 0, 1, 5.25], "texture": "#missing"},
				"down": {"uv": [0, 0, 1, 5.25], "texture": "#missing"}
			}
		},
		{
			"from": [0, -4.25, -3.5],
			"to": [1, 1.25, 1],
			"rotation": {"angle": 0, "axis": "y", "origin": [0, -10, -9.75]},
			"faces": {
				"north": {"uv": [0, 0, 1, 6.75], "texture": "#26"},
				"east": {"uv": [8.67, 0.064, 16, 12.798], "texture": "#23"},
				"south": {"uv": [0, 0, 1, 6.75], "texture": "#26"},
				"west": {"uv": [13.502, 3.712, 16, 10.462], "texture": "#18"},
				"up": {"uv": [0, 0, 1, 5.25], "texture": "#missing"},
				"down": {"uv": [0, 0, 1, 5.25], "texture": "#missing"}
			}
		},
		{
			"from": [15, 1.25, 11.75],
			"to": [16, 9.75, 17.25],
			"rotation": {"angle": 0, "axis": "y", "origin": [0, -10, -6.75]},
			"faces": {
				"north": {"uv": [0, 0, 1, 6.75], "texture": "#26"},
				"east": {"uv": [16, 5.024, 0, 11.774], "texture": "#16"},
				"south": {"uv": [0, 0, 1, 6.75], "texture": "#26"},
				"west": {"uv": [0, 0, 10.786, 12.094], "texture": "#23"},
				"up": {"uv": [0, 0, 1, 5.25], "texture": "#missing"},
				"down": {"uv": [0, 0, 1, 5.25], "texture": "#missing"}
			}
		},
		{
			"from": [0, 1.25, -16],
			"to": [1, 6.25, 11.75],
			"rotation": {"angle": 0, "axis": "y", "origin": [0, -10, -6.75]},
			"faces": {
				"north": {"uv": [0, 0, 1, 6.75], "texture": "#23"},
				"east": {"uv": [6.59, 0, 16, 13.758], "texture": "#23"},
				"south": {"uv": [0, 0, 1, 6.75], "texture": "#26"},
				"west": {"uv": [0, 2.624, 16, 9.374], "texture": "#18"},
				"up": {"uv": [0, 0, 1, 5.25], "texture": "#missing"},
				"down": {"uv": [0, 0, 1, 5.25], "texture": "#missing"}
			}
		},
		{
			"from": [15, 1.25, -16],
			"to": [16, 6.25, 11.75],
			"rotation": {"angle": 0, "axis": "y", "origin": [0, -10, -6.75]},
			"faces": {
				"north": {"uv": [0, 0, 1, 6.75], "texture": "#23"},
				"east": {"uv": [16, 5.024, 0, 11.774], "texture": "#18"},
				"south": {"uv": [0, 0, 1, 6.75], "texture": "#26"},
				"west": {"uv": [0, 0, 10.786, 12.094], "texture": "#23"},
				"up": {"uv": [0, 0, 1, 5.25], "texture": "#missing"},
				"down": {"uv": [0, 0, 1, 5.25], "texture": "#missing"}
			}
		},
		{
			"from": [1, 1.25, -16],
			"to": [15, 7, 1.25],
			"rotation": {"angle": 0, "axis": "y", "origin": [0, -10, -6.75]},
			"faces": {
				"north": {"uv": [0, 0, 1, 6.75], "texture": "#23"},
				"east": {"uv": [16, 5.024, 0, 11.774], "texture": "#18"},
				"south": {"uv": [0, 0, 1, 6.75], "texture": "#23"},
				"west": {"uv": [0, 0, 10.786, 12.094], "texture": "#23"},
				"up": {"uv": [0, 0, 16, 16], "texture": "#25"},
				"down": {"uv": [0, 0, 1, 5.25], "texture": "#23"}
			}
		},
		{
			"from": [0, 1.25, 11.75],
			"to": [1, 9.75, 17.25],
			"rotation": {"angle": 0, "axis": "y", "origin": [0, -10, -6.75]},
			"faces": {
				"north": {"uv": [0, 0, 1, 6.75], "texture": "#26"},
				"east": {"uv": [6.59, 0, 16, 13.758], "texture": "#23"},
				"south": {"uv": [0, 0, 1, 6.75], "texture": "#26"},
				"west": {"uv": [0, 2.624, 16, 9.374], "texture": "#16"},
				"up": {"uv": [0, 0, 1, 5.25], "texture": "#missing"},
				"down": {"uv": [0, 0, 1, 5.25], "texture": "#missing"}
			}
		},
		{
			"from": [15, 1.25, 22.75],
			"to": [16, 9.75, 28.5],
			"rotation": {"angle": 0, "axis": "y", "origin": [0, -10, -0.5]},
			"faces": {
				"north": {"uv": [0, 0, 1, 6.75], "texture": "#26"},
				"east": {"uv": [0, 1.312, 16, 8.062], "texture": "#16"},
				"south": {"uv": [0, 0, 1, 6.75], "texture": "#missing"},
				"west": {"uv": [0, 0, 10.786, 12.094], "texture": "#23"},
				"up": {"uv": [0, 0, 1, 5.25], "texture": "#missing"},
				"down": {"uv": [0, 0, 1, 5.25], "texture": "#missing"}
			}
		},
		{
			"from": [0, -4.25, -16],
			"to": [1, 1.25, -14.25],
			"rotation": {"angle": 0, "axis": "y", "origin": [0, -10, -0.5]},
			"faces": {
				"north": {"uv": [0, 0, 1, 6.75], "texture": "#23"},
				"east": {"uv": [6.59, 0, 16, 13.758], "texture": "#23"},
				"south": {"uv": [0, 0, 1, 6.75], "texture": "#26"},
				"west": {"uv": [5.25, 2.624, 0, 9.374], "texture": "#18"},
				"up": {"uv": [0, 0, 1, 5.25], "texture": "#missing"},
				"down": {"uv": [0, 0, 1, 5.25], "texture": "#missing"}
			}
		},
		{
			"from": [15, -4.25, -16],
			"to": [16, 1.25, -14.25],
			"rotation": {"angle": 0, "axis": "y", "origin": [0, -10, -0.5]},
			"faces": {
				"north": {"uv": [0, 0, 1, 6.75], "texture": "#23"},
				"east": {"uv": [0, 1.312, 5.25, 8.062], "texture": "#18"},
				"south": {"uv": [0, 0, 1, 6.75], "texture": "#26"},
				"west": {"uv": [0, 0, 10.786, 12.094], "texture": "#23"},
				"up": {"uv": [0, 0, 1, 5.25], "texture": "#missing"},
				"down": {"uv": [0, 0, 1, 5.25], "texture": "#missing"}
			}
		},
		{
			"from": [0, 1.25, 22.75],
			"to": [1, 9.75, 28.5],
			"rotation": {"angle": 0, "axis": "y", "origin": [0, -10, -0.5]},
			"faces": {
				"north": {"uv": [0, 0, 1, 6.75], "texture": "#26"},
				"east": {"uv": [6.59, 0, 16, 13.758], "texture": "#23"},
				"south": {"uv": [0, 0, 1, 6.75], "texture": "#missing"},
				"west": {"uv": [16, 2.688, 0, 9.438], "texture": "#16"},
				"up": {"uv": [0, 0, 1, 5.25], "texture": "#missing"},
				"down": {"uv": [0, 0, 1, 5.25], "texture": "#missing"}
			}
		},
		{
			"from": [15, -9.25, -16],
			"to": [16, -4.25, 11.75],
			"rotation": {"angle": 0, "axis": "y", "origin": [0, -10, -9.75]},
			"faces": {
				"north": {"uv": [0, 0, 1, 6.25], "texture": "#23"},
				"east": {"uv": [16, 6.144, 0, 9.834], "texture": "#18"},
				"south": {"uv": [0, 0, 1, 6.25], "texture": "#26"},
				"west": {"uv": [0, 0.16, 16, 6.25], "texture": "#23"},
				"up": {"uv": [0, 0, 1, 16], "texture": "#26"},
				"down": {"uv": [0, 0, 1, 16], "texture": "#missing"}
			}
		},
		{
			"from": [15, 11.25, -16],
			"to": [16, 16.75, -14.25],
			"rotation": {"angle": 0, "axis": "y", "origin": [0, -10, -0.5]},
			"faces": {
				"north": {"uv": [0, 0, 1, 6.75], "texture": "#23"},
				"east": {"uv": [0, 1.312, 5.25, 8.062], "texture": "#18"},
				"south": {"uv": [0, 0, 1, 6.75], "texture": "#26"},
				"west": {"uv": [0, 0, 10.786, 12.094], "texture": "#23"},
				"up": {"uv": [0, 0, 1, 5.25], "texture": "#missing"},
				"down": {"uv": [0, 0, 1, 5.25], "texture": "#missing"}
			}
		},
		{
			"from": [0, 11.25, 1],
			"to": [1, 16.75, 11.75],
			"rotation": {"angle": 0, "axis": "y", "origin": [0, -10, -9.5]},
			"faces": {
				"north": {"uv": [0, 0, 0.6, 4.75], "texture": "#missing"},
				"east": {"uv": [0, 0, 16, 16], "texture": "#19"},
				"south": {"uv": [0, 0, 0.6, 4.75], "texture": "#missing"},
				"west": {"uv": [0, 0, 16, 16], "texture": "#19"},
				"up": {"uv": [0, 0, 0.6, 16], "texture": "#missing"},
				"down": {"uv": [0, 0, 0.6, 16], "texture": "#missing"}
			}
		},
		{
			"from": [0, 11.25, -3.5],
			"to": [1, 16.75, 1],
			"rotation": {"angle": 0, "axis": "y", "origin": [0, -10, -9.75]},
			"faces": {
				"north": {"uv": [0, 0, 1, 6.75], "texture": "#26"},
				"east": {"uv": [8.67, 0.064, 16, 12.798], "texture": "#23"},
				"south": {"uv": [0, 0, 1, 6.75], "texture": "#26"},
				"west": {"uv": [13.502, 3.712, 16, 10.462], "texture": "#18"},
				"up": {"uv": [0, 0, 1, 5.25], "texture": "#missing"},
				"down": {"uv": [0, 0, 1, 5.25], "texture": "#missing"}
			}
		},
		{
			"from": [0, 11.25, -14.25],
			"to": [1, 16.75, -3.5],
			"rotation": {"angle": 0, "axis": "y", "origin": [0, -10, -9.5]},
			"faces": {
				"north": {"uv": [0, 0, 0.6, 4.75], "texture": "#missing"},
				"east": {"uv": [0, 0, 16, 16], "texture": "#19"},
				"south": {"uv": [0, 0, 0.6, 4.75], "texture": "#missing"},
				"west": {"uv": [0, 0, 16, 16], "texture": "#19"},
				"up": {"uv": [0, 0, 0.6, 16], "texture": "#missing"},
				"down": {"uv": [0, 0, 0.6, 16], "texture": "#missing"}
			}
		},
		{
			"from": [0, 11.25, -16],
			"to": [1, 16.75, -14.25],
			"rotation": {"angle": 0, "axis": "y", "origin": [0, -10, -0.5]},
			"faces": {
				"north": {"uv": [0, 0, 1, 6.75], "texture": "#23"},
				"east": {"uv": [6.59, 0, 16, 13.758], "texture": "#23"},
				"south": {"uv": [0, 0, 1, 6.75], "texture": "#26"},
				"west": {"uv": [5.25, 2.624, 0, 9.374], "texture": "#18"},
				"up": {"uv": [0, 0, 1, 5.25], "texture": "#missing"},
				"down": {"uv": [0, 0, 1, 5.25], "texture": "#missing"}
			}
		},
		{
			"from": [0, 6.25, -16],
			"to": [1, 11.25, 11.75],
			"rotation": {"angle": 0, "axis": "y", "origin": [0, -10, -9.75]},
			"faces": {
				"north": {"uv": [0, 0, 1, 6.25], "texture": "#23"},
				"east": {"uv": [0, 5.024, 16, 7.786], "texture": "#23"},
				"south": {"uv": [0, 0, 1, 6.25], "texture": "#26"},
				"west": {"uv": [0, 6.112, 16, 9.834], "texture": "#18"},
				"up": {"uv": [0, 0, 1, 16], "texture": "#26"},
				"down": {"uv": [0, 0, 1, 16], "texture": "#missing"}
			}
		},
		{
			"from": [15, 11.25, -14.25],
			"to": [16, 16.75, -3.5],
			"rotation": {"angle": 0, "axis": "y", "origin": [0, -10, -9.75]},
			"faces": {
				"north": {"uv": [0, 0, 0.6, 4.75], "texture": "#missing"},
				"east": {"uv": [0, 0, 16, 16], "texture": "#19"},
				"south": {"uv": [0, 0, 0.6, 4.75], "texture": "#missing"},
				"west": {"uv": [0, 0, 16, 16], "texture": "#19"},
				"up": {"uv": [0, 0, 0.6, 16], "texture": "#missing"},
				"down": {"uv": [0, 0, 0.6, 16], "texture": "#missing"}
			}
		},
		{
			"from": [15, 11.25, -3.5],
			"to": [16, 16.75, 1],
			"rotation": {"angle": 0, "axis": "y", "origin": [0, -10, -9.75]},
			"faces": {
				"north": {"uv": [0, 0, 1, 6.75], "texture": "#26"},
				"east": {"uv": [16, 2.944, 13.502, 9.694], "texture": "#18"},
				"south": {"uv": [0, 0, 1, 6.75], "texture": "#26"},
				"west": {"uv": [0, 0, 10.786, 12.094], "texture": "#23"},
				"up": {"uv": [0, 0, 1, 5.25], "texture": "#missing"},
				"down": {"uv": [0, 0, 1, 5.25], "texture": "#missing"}
			}
		},
		{
			"from": [15, 11.25, 1],
			"to": [16, 16.75, 11.75],
			"rotation": {"angle": 0, "axis": "y", "origin": [0, -10, -9.75]},
			"faces": {
				"north": {"uv": [0, 0, 0.6, 4.75], "texture": "#missing"},
				"east": {"uv": [0, 0, 16, 16], "texture": "#18"},
				"south": {"uv": [0, 0, 0.6, 4.75], "texture": "#missing"},
				"west": {"uv": [0, 0, 16, 16], "texture": "#19"},
				"up": {"uv": [0, 0, 0.6, 16], "texture": "#missing"},
				"down": {"uv": [0, 0, 0.6, 16], "texture": "#missing"}
			}
		},
		{
			"from": [15, 6.25, -16],
			"to": [16, 11.25, 11.75],
			"rotation": {"angle": 0, "axis": "y", "origin": [0, -10, -9.75]},
			"faces": {
				"north": {"uv": [0, 0, 1, 6.25], "texture": "#23"},
				"east": {"uv": [16, 6.144, 0, 9.834], "texture": "#18"},
				"south": {"uv": [0, 0, 1, 6.25], "texture": "#26"},
				"west": {"uv": [0, 0.16, 16, 6.25], "texture": "#23"},
				"up": {"uv": [0, 0, 1, 16], "texture": "#26"},
				"down": {"uv": [0, 0, 1, 16], "texture": "#missing"}
			}
		},
		{
			"from": [15, -5, 11.75],
			"to": [16, 1.25, 17.25],
			"rotation": {"angle": 0, "axis": "y", "origin": [0, -10, -0.5]},
			"faces": {
				"north": {"uv": [0, 0, 1, 6.25], "texture": "#26"},
				"east": {"uv": [16, 5.024, 0, 7.786], "texture": "#16"},
				"south": {"uv": [0, 0, 1, 6.25], "texture": "#26"},
				"west": {"uv": [0, 0, 16, 6.25], "texture": "#23"},
				"up": {"uv": [0, 0, 1, 16], "texture": "#26"},
				"down": {"uv": [0, 0, 1, 16], "texture": "#missing"}
			}
		},
		{
			"from": [0, -9.25, -16],
			"to": [1, -4.25, 11.75],
			"rotation": {"angle": 0, "axis": "y", "origin": [0, -10, -9.75]},
			"faces": {
				"north": {"uv": [0, 0, 1, 6.25], "texture": "#23"},
				"east": {"uv": [0, 5.024, 16, 7.786], "texture": "#23"},
				"south": {"uv": [0, 0, 1, 6.25], "texture": "#26"},
				"west": {"uv": [0, 6.112, 16, 9.834], "texture": "#18"},
				"up": {"uv": [0, 0, 1, 16], "texture": "#26"},
				"down": {"uv": [0, 0, 1, 16], "texture": "#missing"}
			}
		},
		{
			"from": [-0.01, 3.25, -3.75],
			"to": [0.99, 8.5, 1.5],
			"rotation": {"angle": 0, "axis": "y", "origin": [0, -10, -9.75]},
			"faces": {
				"north": {"uv": [0, 0, 1, 6.25], "texture": "#28"},
				"east": {"uv": [0, 5.024, 16, 7.786], "texture": "#28"},
				"south": {"uv": [0, 0, 1, 6.25], "texture": "#28"},
				"west": {"uv": [0, 0, 16, 16], "texture": "#38"},
				"up": {"uv": [0, 0, 1, 16], "texture": "#28"},
				"down": {"uv": [0, 0, 1, 16], "texture": "#28"}
			}
		},
		{
			"from": [15.01, 3.25, -3.75],
			"to": [16.01, 8.5, 1.5],
			"rotation": {"angle": 0, "axis": "y", "origin": [0, -10, -9.75]},
			"faces": {
				"north": {"uv": [0, 0, 1, 6.25], "texture": "#28"},
				"east": {"uv": [0, 0, 16, 16], "texture": "#34"},
				"south": {"uv": [0, 0, 1, 6.25], "texture": "#28"},
				"west": {"uv": [0, 0, 16, 16], "texture": "#28"},
				"up": {"uv": [0, 0, 1, 16], "texture": "#28"},
				"down": {"uv": [0, 0, 1, 16], "texture": "#28"}
			}
		},
		{
			"from": [0, -5, 11.75],
			"to": [1, 1.25, 17.25],
			"rotation": {"angle": 0, "axis": "y", "origin": [0, -10, -0.5]},
			"faces": {
				"north": {"uv": [0, 0, 1, 6.25], "texture": "#26"},
				"east": {"uv": [0, 5.024, 16, 7.786], "texture": "#23"},
				"south": {"uv": [0, 0, 1, 6.25], "texture": "#26"},
				"west": {"uv": [0, 0.864, 16, 3.658], "texture": "#16"},
				"up": {"uv": [0, 0, 1, 16], "texture": "#26"},
				"down": {"uv": [0, 0, 1, 16], "texture": "#missing"}
			}
		},
		{
			"from": [15, -5, 22.75],
			"to": [16, 1.25, 28.5],
			"rotation": {"angle": 0, "axis": "y", "origin": [0, -10, -0.5]},
			"faces": {
				"north": {"uv": [0, 0, 1, 6.25], "texture": "#26"},
				"east": {"uv": [0, 5.024, 16, 7.786], "texture": "#16"},
				"south": {"uv": [0, 0, 1, 6.25], "texture": "#missing"},
				"west": {"uv": [0, 0, 16, 6.25], "texture": "#23"},
				"up": {"uv": [0, 0, 1, 16], "texture": "#26"},
				"down": {"uv": [0, 0, 1, 16], "texture": "#missing"}
			}
		},
		{
			"from": [0, -5, 22.75],
			"to": [1, 1.25, 28.5],
			"rotation": {"angle": 0, "axis": "y", "origin": [0, -10, -0.5]},
			"faces": {
				"north": {"uv": [0, 0, 1, 6.25], "texture": "#26"},
				"east": {"uv": [0, 5.024, 16, 7.786], "texture": "#23"},
				"south": {"uv": [0, 0, 1, 6.25], "texture": "#missing"},
				"west": {"uv": [16, 0.864, 0, 3.658], "texture": "#16"},
				"up": {"uv": [0, 0, 1, 16], "texture": "#26"},
				"down": {"uv": [0, 0, 1, 16], "texture": "#missing"}
			}
		},
		{
			"from": [10.5, -7.5, -16],
			"to": [15, -6, -12.5],
			"rotation": {"angle": 0, "axis": "y", "origin": [0, -10, -15.5]},
			"faces": {
				"north": {"uv": [0, 0, 3.75, 1.5], "texture": "#22"},
				"east": {"uv": [0, 0, 16, 1.5], "texture": "#21"},
				"south": {"uv": [0, 0, 3.75, 1.5], "texture": "#21"},
				"west": {"uv": [0, 0, 16, 1.5], "texture": "#22"},
				"up": {"uv": [0, 0, 3.75, 16], "texture": "#21"},
				"down": {"uv": [0, 0, 3.75, 16], "texture": "#22"}
			}
		},
		{
			"from": [1, -7.5, -16],
			"to": [5.5, -6, -12.5],
			"rotation": {"angle": 0, "axis": "y", "origin": [0, -10, -15.5]},
			"faces": {
				"north": {"uv": [0, 0, 3.75, 1.5], "texture": "#22"},
				"east": {"uv": [0, 0, 16, 1.5], "texture": "#22"},
				"south": {"uv": [0, 0, 3.75, 1.5], "texture": "#21"},
				"west": {"uv": [0, 0, 16, 1.5], "texture": "#21"},
				"up": {"uv": [0, 0, 3.75, 16], "texture": "#21"},
				"down": {"uv": [0, 0, 3.75, 16], "texture": "#22"}
			}
		},
		{
			"from": [10.5, 11, -16],
			"to": [15, 15.3, -15.5],
			"rotation": {"angle": 0, "axis": "y", "origin": [0, -10, -15.5]},
			"faces": {
				"north": {"uv": [0, 0, 0.5, 2.75], "texture": "#22"},
				"east": {"uv": [0, 0, 16, 2.75], "texture": "#22"},
				"south": {"uv": [0, 0, 0.5, 2.75], "texture": "#21"},
				"west": {"uv": [0, 0, 16, 2.75], "texture": "#22"},
				"up": {"uv": [0, 0, 0.5, 16], "texture": "#22"},
				"down": {"uv": [0, 0, 0.5, 16], "texture": "#22"}
			}
		},
		{
			"from": [10.5, 9.5, -16],
			"to": [15, 11, -12.5],
			"rotation": {"angle": 0, "axis": "y", "origin": [0, -10, -15.5]},
			"faces": {
				"north": {"uv": [0, 0, 3.75, 1.5], "texture": "#22"},
				"east": {"uv": [0, 0, 16, 1.5], "texture": "#21"},
				"south": {"uv": [0, 0, 3.75, 1.5], "texture": "#21"},
				"west": {"uv": [0, 0, 16, 1.5], "texture": "#22"},
				"up": {"uv": [0, 0, 3.75, 16], "texture": "#21"},
				"down": {"uv": [0, 0, 3.75, 16], "texture": "#22"}
			}
		},
		{
			"from": [10.5, 11, -4],
			"to": [15, 15.3, -3.5],
			"rotation": {"angle": 0, "axis": "y", "origin": [0, -10, -15.5]},
			"faces": {
				"north": {"uv": [0, 0, 0.5, 2.75], "texture": "#21"},
				"east": {"uv": [0, 0, 16, 2.75], "texture": "#22"},
				"south": {"uv": [0, 0, 0.5, 2.75], "texture": "#22"},
				"west": {"uv": [0, 0, 16, 2.75], "texture": "#22"},
				"up": {"uv": [0, 0, 0.5, 16], "texture": "#22"},
				"down": {"uv": [0, 0, 0.5, 16], "texture": "#22"}
			}
		},
		{
			"from": [10.5, 9.5, -7],
			"to": [15, 11, -3.5],
			"rotation": {"angle": 0, "axis": "y", "origin": [0, -10, -15.5]},
			"faces": {
				"north": {"uv": [0, 0, 3.75, 1.5], "texture": "#21"},
				"east": {"uv": [0, 0, 16, 1.5], "texture": "#21"},
				"south": {"uv": [0, 0, 3.75, 1.5], "texture": "#22"},
				"west": {"uv": [0, 0, 16, 1.5], "texture": "#22"},
				"up": {"uv": [0, 0, 3.75, 16], "texture": "#21"},
				"down": {"uv": [0, 0, 3.75, 16], "texture": "#22"}
			}
		},
		{
			"from": [1, 11, -4],
			"to": [5.5, 15.3, -3.5],
			"rotation": {"angle": 0, "axis": "y", "origin": [0, -10, -15.5]},
			"faces": {
				"north": {"uv": [0, 0, 0.5, 2.75], "texture": "#21"},
				"east": {"uv": [0, 0, 16, 2.75], "texture": "#22"},
				"south": {"uv": [0, 0, 0.5, 2.75], "texture": "#22"},
				"west": {"uv": [0, 0, 16, 2.75], "texture": "#22"},
				"up": {"uv": [0, 0, 0.5, 16], "texture": "#22"},
				"down": {"uv": [0, 0, 0.5, 16], "texture": "#22"}
			}
		},
		{
			"from": [1, 9.5, -7],
			"to": [5.5, 11, -3.5],
			"rotation": {"angle": 0, "axis": "y", "origin": [0, -10, -15.5]},
			"faces": {
				"north": {"uv": [0, 0, 3.75, 1.5], "texture": "#21"},
				"east": {"uv": [0, 0, 16, 1.5], "texture": "#22"},
				"south": {"uv": [0, 0, 3.75, 1.5], "texture": "#22"},
				"west": {"uv": [0, 0, 16, 1.5], "texture": "#21"},
				"up": {"uv": [0, 0, 3.75, 16], "texture": "#21"},
				"down": {"uv": [0, 0, 3.75, 16], "texture": "#22"}
			}
		},
		{
			"from": [1, 11, -16],
			"to": [5.5, 15.3, -15.5],
			"rotation": {"angle": 0, "axis": "y", "origin": [0, -10, -15.5]},
			"faces": {
				"north": {"uv": [0, 0, 0.5, 2.75], "texture": "#22"},
				"east": {"uv": [0, 0, 16, 2.75], "texture": "#22"},
				"south": {"uv": [0, 0, 0.5, 2.75], "texture": "#21"},
				"west": {"uv": [0, 0, 16, 2.75], "texture": "#22"},
				"up": {"uv": [0, 0, 0.5, 16], "texture": "#22"},
				"down": {"uv": [0, 0, 0.5, 16], "texture": "#22"}
			}
		},
		{
			"from": [1, 9.5, -16],
			"to": [5.5, 11, -12.5],
			"rotation": {"angle": 0, "axis": "y", "origin": [0, -10, -15.5]},
			"faces": {
				"north": {"uv": [0, 0, 3.75, 1.5], "texture": "#22"},
				"east": {"uv": [0, 0, 16, 1.5], "texture": "#22"},
				"south": {"uv": [0, 0, 3.75, 1.5], "texture": "#21"},
				"west": {"uv": [0, 0, 16, 1.5], "texture": "#21"},
				"up": {"uv": [0, 0, 3.75, 16], "texture": "#21"},
				"down": {"uv": [0, 0, 3.75, 16], "texture": "#22"}
			}
		},
		{
			"from": [1, -6, -4],
			"to": [5.5, -1.7, -3.5],
			"rotation": {"angle": 0, "axis": "y", "origin": [0, -10, -15.5]},
			"faces": {
				"north": {"uv": [0, 0, 0.5, 2.75], "texture": "#21"},
				"east": {"uv": [0, 0, 16, 2.75], "texture": "#22"},
				"south": {"uv": [0, 0, 0.5, 2.75], "texture": "#22"},
				"west": {"uv": [0, 0, 16, 2.75], "texture": "#22"},
				"up": {"uv": [0, 0, 0.5, 16], "texture": "#22"},
				"down": {"uv": [0, 0, 0.5, 16], "texture": "#22"}
			}
		},
		{
			"from": [10.5, -6, -4],
			"to": [15, -1.7, -3.5],
			"rotation": {"angle": 0, "axis": "y", "origin": [0, -10, -15.5]},
			"faces": {
				"north": {"uv": [0, 0, 0.5, 2.75], "texture": "#21"},
				"east": {"uv": [0, 0, 16, 2.75], "texture": "#22"},
				"south": {"uv": [0, 0, 0.5, 2.75], "texture": "#22"},
				"west": {"uv": [0, 0, 16, 2.75], "texture": "#22"},
				"up": {"uv": [0, 0, 0.5, 16], "texture": "#22"},
				"down": {"uv": [0, 0, 0.5, 16], "texture": "#22"}
			}
		},
		{
			"from": [10.5, -7.5, -7],
			"to": [15, -6, -3.5],
			"rotation": {"angle": 0, "axis": "y", "origin": [0, -10, -15.5]},
			"faces": {
				"north": {"uv": [0, 0, 3.75, 1.5], "texture": "#21"},
				"east": {"uv": [0, 0, 16, 1.5], "texture": "#21"},
				"south": {"uv": [0, 0, 3.75, 1.5], "texture": "#22"},
				"west": {"uv": [0, 0, 16, 1.5], "texture": "#22"},
				"up": {"uv": [0, 0, 3.75, 16], "texture": "#21"},
				"down": {"uv": [0, 0, 3.75, 16], "texture": "#22"}
			}
		},
		{
			"from": [1, -7.5, -7],
			"to": [5.5, -6, -3.5],
			"rotation": {"angle": 0, "axis": "y", "origin": [0, -10, -15.5]},
			"faces": {
				"north": {"uv": [0, 0, 3.75, 1.5], "texture": "#21"},
				"east": {"uv": [0, 0, 16, 1.5], "texture": "#22"},
				"south": {"uv": [0, 0, 3.75, 1.5], "texture": "#22"},
				"west": {"uv": [0, 0, 16, 1.5], "texture": "#21"},
				"up": {"uv": [0, 0, 3.75, 16], "texture": "#21"},
				"down": {"uv": [0, 0, 3.75, 16], "texture": "#22"}
			}
		},
		{
			"from": [10.5, -6, -16],
			"to": [15, -1.7, -15.5],
			"rotation": {"angle": 0, "axis": "y", "origin": [0, -10, -15.5]},
			"faces": {
				"north": {"uv": [0, 0, 0.5, 2.75], "texture": "#22"},
				"east": {"uv": [0, 0, 16, 2.75], "texture": "#22"},
				"south": {"uv": [0, 0, 0.5, 2.75], "texture": "#21"},
				"west": {"uv": [0, 0, 16, 2.75], "texture": "#22"},
				"up": {"uv": [0, 0, 0.5, 16], "texture": "#22"},
				"down": {"uv": [0, 0, 0.5, 16], "texture": "#22"}
			}
		},
		{
			"from": [1, -6, -16],
			"to": [5.5, -1.7, -15.5],
			"rotation": {"angle": 0, "axis": "y", "origin": [0, -10, -15.5]},
			"faces": {
				"north": {"uv": [0, 0, 0.5, 2.75], "texture": "#22"},
				"east": {"uv": [0, 0, 16, 2.75], "texture": "#22"},
				"south": {"uv": [0, 0, 0.5, 2.75], "texture": "#21"},
				"west": {"uv": [0, 0, 16, 2.75], "texture": "#22"},
				"up": {"uv": [0, 0, 0.5, 16], "texture": "#22"},
				"down": {"uv": [0, 0, 0.5, 16], "texture": "#22"}
			}
		},
		{
			"from": [15, 8, 17.25],
			"to": [16, 9.75, 22.75],
			"rotation": {"angle": 0, "axis": "y", "origin": [0, -10, 0]},
			"faces": {
				"north": {"uv": [0, 0, 1, 0.75], "texture": "#missing"},
				"east": {"uv": [0, 0, 16, 3.374], "texture": "#17"},
				"south": {"uv": [0, 0, 1, 0.75], "texture": "#missing"},
				"west": {"uv": [0, 0, 16, 0.75], "texture": "#23"},
				"up": {"uv": [0, 0, 1, 16], "texture": "#missing"},
				"down": {"uv": [0, 0, 1, 16], "texture": "#26"}
			}
		},
		{
			"from": [0, 8, 17.25],
			"to": [1, 9.75, 22.75],
			"rotation": {"angle": 0, "axis": "y", "origin": [0, -10, 0]},
			"faces": {
				"north": {"uv": [0, 0, 1, 0.75], "texture": "#missing"},
				"east": {"uv": [0, 0, 16, 0.75], "texture": "#23"},
				"south": {"uv": [0, 0, 1, 0.75], "texture": "#missing"},
				"west": {"uv": [16, 0, 0, 0.75], "texture": "#17"},
				"up": {"uv": [0, 0, 1, 16], "texture": "#missing"},
				"down": {"uv": [0, 0, 1, 16], "texture": "#26"}
			}
		},
		{
			"from": [15, 9.75, 11.75],
			"to": [16.5, 12, 28.5],
			"rotation": {"angle": 0, "axis": "y", "origin": [0, -10, 0]},
			"faces": {
				"north": {"uv": [0, 0, 1, 0.75], "texture": "#20"},
				"east": {"uv": [16, 0, 0, 1.422], "texture": "#20"},
				"south": {"uv": [0, 0, 1, 0.75], "texture": "#20"},
				"west": {"uv": [0, 0, 10.25, 0.75], "texture": "#20"},
				"up": {"uv": [0, 0, 1, 10.25], "texture": "#20"},
				"down": {"uv": [0, 0, 1, 10.25], "texture": "#20"}
			}
		},
		{
			"from": [1.75, 18.25, -16],
			"to": [14.25, 18.8, 13.75],
			"rotation": {"angle": 0, "axis": "y", "origin": [0, -3.25, -16.75]},
			"faces": {
				"north": {"uv": [0, 0, 8.7, 0.25], "texture": "#20"},
				"east": {"uv": [0, 0, 16, 0.25], "texture": "#20"},
				"south": {"uv": [0, 0, 8.7, 0.25], "texture": "#20"},
				"west": {"uv": [0, 0, 16, 0.25], "texture": "#20"},
				"up": {"uv": [0, 0, 8.7, 16], "texture": "#20"},
				"down": {"uv": [0, 0, 8.7, 16], "texture": "#missing"}
			}
		},
		{
			"from": [1, 17.25, -16],
			"to": [15, 18.25, 13.75],
			"rotation": {"angle": 0, "axis": "y", "origin": [0, -3.25, -16.75]},
			"faces": {
				"north": {"uv": [0, 0, 8.7, 0.25], "texture": "#20"},
				"east": {"uv": [0, 0, 16, 0.25], "texture": "#20"},
				"south": {"uv": [0, 0, 8.7, 0.25], "texture": "#20"},
				"west": {"uv": [0, 0, 16, 0.25], "texture": "#20"},
				"up": {"uv": [0, 0, 8.7, 16], "texture": "#20"},
				"down": {"uv": [0, 0, 8.7, 16], "texture": "#23"}
			}
		},
		{
			"from": [-0.5, 16.75, -16],
			"to": [1, 18.75, 13.75],
			"rotation": {"angle": 0, "axis": "y", "origin": [0, -3.25, -16.75]},
			"faces": {
				"north": {"uv": [0, 0, 1, 0.75], "texture": "#20"},
				"east": {"uv": [0, 0, 10.25, 0.75], "texture": "#20"},
				"south": {"uv": [0, 0, 1, 0.75], "texture": "#20"},
				"west": {"uv": [0, 0, 16, 4.942], "texture": "#20"},
				"up": {"uv": [0, 0, 1, 10.25], "texture": "#20"},
				"down": {"uv": [0, 0, 1, 10.25], "texture": "#20"}
			}
		},
		{
			"from": [1, 17.05, -16],
			"to": [2, 18, 13.75],
			"rotation": {"angle": 0, "axis": "y", "origin": [-0.5, -3.25, -16.75]},
			"faces": {
				"north": {"uv": [0, 0, 1, 0.2], "texture": "#23"},
				"east": {"uv": [0, 0, 16, 0.2], "texture": "#23"},
				"south": {"uv": [0, 0, 1, 0.2], "texture": "#23"},
				"west": {"uv": [0, 0, 16, 0.2], "texture": "#missing"},
				"up": {"uv": [0, 0, 1, 16], "texture": "#missing"},
				"down": {"uv": [5, 6, 10.75, 11], "texture": "#24"}
			}
		},
		{
			"from": [14, 1.05, -16],
			"to": [15, 1.25, -0.75],
			"rotation": {"angle": 0, "axis": "y", "origin": [10.5, -3.25, -16.75]},
			"faces": {
				"north": {"uv": [0, 0, 1, 0.2], "texture": "#23"},
				"east": {"uv": [0, 0, 16, 0.2], "texture": "#missing"},
				"south": {"uv": [0, 0, 1, 0.2], "texture": "#23"},
				"west": {"uv": [0, 0, 16, 0.2], "texture": "#23"},
				"up": {"uv": [0, 0, 1, 16], "texture": "#missing"},
				"down": {"uv": [5, 6, 10.75, 11], "texture": "#24"}
			}
		},
		{
			"from": [1, 1.05, -16],
			"to": [2, 1.25, -0.75],
			"rotation": {"angle": 0, "axis": "y", "origin": [-0.5, -3.25, -16.75]},
			"faces": {
				"north": {"uv": [0, 0, 1, 0.2], "texture": "#23"},
				"east": {"uv": [0, 0, 16, 0.2], "texture": "#23"},
				"south": {"uv": [0, 0, 1, 0.2], "texture": "#23"},
				"west": {"uv": [0, 0, 16, 0.2], "texture": "#missing"},
				"up": {"uv": [0, 0, 1, 16], "texture": "#missing"},
				"down": {"uv": [5, 6, 10.75, 11], "texture": "#24"}
			}
		},
		{
			"from": [14, 17.05, -16],
			"to": [15, 18, 13.75],
			"rotation": {"angle": 0, "axis": "y", "origin": [10.5, -3.25, -16.75]},
			"faces": {
				"north": {"uv": [0, 0, 1, 0.2], "texture": "#23"},
				"east": {"uv": [0, 0, 16, 0.2], "texture": "#missing"},
				"south": {"uv": [0, 0, 1, 0.2], "texture": "#23"},
				"west": {"uv": [0, 0, 16, 0.2], "texture": "#23"},
				"up": {"uv": [0, 0, 1, 16], "texture": "#missing"},
				"down": {"uv": [5, 6, 10.75, 11], "texture": "#24"}
			}
		},
		{
			"from": [15, 16.75, -16],
			"to": [16.5, 18.75, 13.75],
			"rotation": {"angle": 0, "axis": "y", "origin": [0, -3.25, -16.75]},
			"faces": {
				"north": {"uv": [0, 0, 1, 0.75], "texture": "#20"},
				"east": {"uv": [16, 0, 0, 1.422], "texture": "#20"},
				"south": {"uv": [0, 0, 1, 0.75], "texture": "#20"},
				"west": {"uv": [0, 0, 10.25, 0.75], "texture": "#20"},
				"up": {"uv": [0, 0, 1, 10.25], "texture": "#20"},
				"down": {"uv": [0, 0, 1, 10.25], "texture": "#20"}
			}
		},
		{
			"from": [-0.5, 9.75, 11.75],
			"to": [1, 12, 28.5],
			"rotation": {"angle": 0, "axis": "y", "origin": [0, -10, 0]},
			"faces": {
				"north": {"uv": [0, 0, 1, 0.75], "texture": "#20"},
				"east": {"uv": [0, 0, 10.25, 0.75], "texture": "#20"},
				"south": {"uv": [0, 0, 1, 0.75], "texture": "#20"},
				"west": {"uv": [0, 0, 16, 4.942], "texture": "#20"},
				"up": {"uv": [0, 0, 1, 10.25], "texture": "#20"},
				"down": {"uv": [0, 0, 1, 10.25], "texture": "#20"}
			}
		},
		{
			"from": [15.01, 10.05, 18],
			"to": [16.51, 11.7, 28],
			"rotation": {"angle": 0, "axis": "y", "origin": [0, -10, 0]},
			"faces": {
				"north": {"uv": [0, 0, 1, 0.75], "texture": "#28"},
				"east": {"uv": [0, 3.776, 16, 5.742], "texture": "#29"},
				"south": {"uv": [0, 0, 1, 0.75], "texture": "#28"},
				"west": {"uv": [0, 0, 10.25, 0.75], "texture": "#29"},
				"up": {"uv": [0, 0, 1, 10.25], "texture": "#28"},
				"down": {"uv": [0, 0, 1, 10.25], "texture": "#28"}
			}
		},
		{
			"from": [15.01, 10.05, 12],
			"to": [16.51, 11.7, 22],
			"rotation": {"angle": 0, "axis": "y", "origin": [0, -10, 0]},
			"faces": {
				"north": {"uv": [0, 0, 1, 0.75], "texture": "#28"},
				"east": {"uv": [0, 7.84, 16, 9.806], "texture": "#29"},
				"south": {"uv": [0, 0, 1, 0.75], "texture": "#28"},
				"west": {"uv": [0, 0, 10.25, 0.75], "texture": "#29"},
				"up": {"uv": [0, 0, 1, 10.25], "texture": "#28"},
				"down": {"uv": [0, 0, 1, 10.25], "texture": "#28"}
			}
		},
		{
			"from": [-0.51, 10.05, 18],
			"to": [0.99, 11.7, 28],
			"rotation": {"angle": 0, "axis": "y", "origin": [0, -10, 0]},
			"faces": {
				"north": {"uv": [0, 0, 1, 0.75], "texture": "#28"},
				"east": {"uv": [0, 0, 10.25, 0.75], "texture": "#29"},
				"south": {"uv": [0, 0, 1, 0.75], "texture": "#28"},
				"west": {"uv": [0, 1.728, 16, 3.63], "texture": "#29"},
				"up": {"uv": [0, 0, 1, 10.25], "texture": "#28"},
				"down": {"uv": [0, 0, 1, 10.25], "texture": "#28"}
			}
		},
		{
			"from": [1, -5.75, 28.5],
			"to": [15, -5, 32],
			"rotation": {"angle": 0, "axis": "y", "origin": [0, -10, 2]},
			"faces": {
				"north": {"uv": [0, 0, 12.5, 0.75], "texture": "#32"},
				"east": {"uv": [0, 0, 2, 0.75], "texture": "#32"},
				"south": {"uv": [0, 0, 12.5, 0.75], "texture": "#32"},
				"west": {"uv": [0, 0, 2, 0.75], "texture": "#32"},
				"up": {"uv": [0, 0, 12.5, 7.344], "texture": "#31"},
				"down": {"uv": [0, 0, 12.5, 2], "texture": "#32"}
			}
		},
		{
			"from": [1.45, 10.5, 28.5],
			"to": [14.55, 11.2, 32],
			"rotation": {"angle": 0, "axis": "y", "origin": [0, -9, 2]},
			"faces": {
				"north": {"uv": [0, 0, 12.5, 0.75], "texture": "#32"},
				"east": {"uv": [0, 0, 2, 0.75], "texture": "#32"},
				"south": {"uv": [0, 0, 12.5, 0.75], "texture": "#32"},
				"west": {"uv": [0, 0, 2, 0.75], "texture": "#32"},
				"up": {"uv": [0, 0, 12.5, 2], "texture": "#32"},
				"down": {"uv": [0, 0, 12.5, 2], "texture": "#32"}
			}
		},
		{
			"from": [15, -5.75, 28.5],
			"to": [16, 9.75, 32],
			"rotation": {"angle": 0, "axis": "y", "origin": [0, -10, 2]},
			"faces": {
				"north": {"uv": [0, 0, 0.75, 13.75], "texture": "#32"},
				"east": {"uv": [0, 0, 2, 13.75], "texture": "#32"},
				"south": {"uv": [0, 0, 0.75, 13.75], "texture": "#32"},
				"west": {"uv": [0, 0, 2, 13.75], "texture": "#32"},
				"up": {"uv": [0, 0, 0.75, 2], "texture": "#32"},
				"down": {"uv": [0, 0, 0.75, 2], "texture": "#32"}
			}
		},
		{
			"from": [0, -5.75, 28.5],
			"to": [1, 9.75, 32],
			"rotation": {"angle": 0, "axis": "y", "origin": [0, -10, 2]},
			"faces": {
				"north": {"uv": [0, 0, 0.75, 13.75], "texture": "#32"},
				"east": {"uv": [0, 0, 2, 13.75], "texture": "#32"},
				"south": {"uv": [0, 0, 0.75, 13.75], "texture": "#32"},
				"west": {"uv": [0, 0, 2, 13.75], "texture": "#32"},
				"up": {"uv": [0, 0, 0.75, 2], "texture": "#32"},
				"down": {"uv": [0, 0, 0.75, 2], "texture": "#32"}
			}
		},
		{
			"from": [-14.55635, 16.60786, 28.5],
			"to": [-13.80635, 18.65786, 32],
			"rotation": {"angle": -45, "axis": "z", "origin": [-15.55635, -4.39214, 2]},
			"faces": {
				"north": {"uv": [0, 0, 0.75, 1.05], "texture": "#32"},
				"east": {"uv": [0, 0, 2, 1.05], "texture": "#32"},
				"south": {"uv": [0, 0, 0.75, 1.05], "texture": "#32"},
				"west": {"uv": [0, 0, 2, 1.05], "texture": "#32"},
				"up": {"uv": [0, 0, 0.75, 2], "texture": "#32"},
				"down": {"uv": [0, 0, 0.75, 2], "texture": "#32"}
			}
		},
		{
			"from": [30.61181, 14.66332, 28.5],
			"to": [31.36181, 16.71332, 32],
			"rotation": {"angle": 45, "axis": "z", "origin": [29.61181, -6.33668, 2]},
			"faces": {
				"north": {"uv": [0, 0, 0.75, 1.05], "texture": "#32"},
				"east": {"uv": [0, 0, 2, 1.05], "texture": "#32"},
				"south": {"uv": [0, 0, 0.75, 1.05], "texture": "#32"},
				"west": {"uv": [0, 0, 2, 1.05], "texture": "#32"},
				"up": {"uv": [0, 0, 0.75, 2], "texture": "#32"},
				"down": {"uv": [0, 0, 0.75, 2], "texture": "#32"}
			}
		},
		{
			"from": [29.1364, -0.84249, 23.25],
			"to": [31.1364, -0.34249, 23.75],
			"rotation": {"angle": 45, "axis": "z", "origin": [14.6364, -15.74249, 32.25]},
			"faces": {
				"north": {"uv": [0, 0, 16, 4.25], "texture": "#20"},
				"east": {"uv": [0, 0, 1.5, 4.25], "texture": "#20"},
				"south": {"uv": [3.392, 10.632, 12.672, 13.594], "texture": "#20"},
				"west": {"uv": [0, 0, 1.5, 4.25], "texture": "#20"},
				"up": {"uv": [0, 0, 16, 1.5], "texture": "#20"},
				"down": {"uv": [0, 0, 16, 1.5], "texture": "#20"}
			}
		},
		{
			"from": [14, -1.6, 23.25],
			"to": [14.5, 5.4, 23.75],
			"rotation": {"angle": 0, "axis": "y", "origin": [0, -10, 32.25]},
			"faces": {
				"north": {"uv": [0, 0, 16, 4.25], "texture": "#20"},
				"east": {"uv": [0, 0, 1.5, 4.25], "texture": "#20"},
				"south": {"uv": [3.392, 10.632, 12.672, 13.594], "texture": "#20"},
				"west": {"uv": [0, 0, 1.5, 4.25], "texture": "#20"},
				"up": {"uv": [0, 0, 16, 1.5], "texture": "#20"},
				"down": {"uv": [0, 0, 16, 1.5], "texture": "#20"}
			}
		},
		{
			"from": [7.71106, 13.01716, 23.25],
			"to": [9.71106, 13.51716, 23.75],
			"rotation": {"angle": -45, "axis": "z", "origin": [-6.78894, -1.88284, 32.25]},
			"faces": {
				"north": {"uv": [0, 0, 16, 4.25], "texture": "#20"},
				"east": {"uv": [0, 0, 1.5, 4.25], "texture": "#20"},
				"south": {"uv": [3.392, 10.632, 12.672, 13.594], "texture": "#20"},
				"west": {"uv": [0, 0, 1.5, 4.25], "texture": "#20"},
				"up": {"uv": [0, 0, 16, 1.5], "texture": "#20"},
				"down": {"uv": [0, 0, 16, 1.5], "texture": "#20"}
			}
		},
		{
			"from": [-8.83919, 14.3603, 16.25],
			"to": [-6.83919, 14.8603, 16.75],
			"rotation": {"angle": -45, "axis": "z", "origin": [-13.83919, -0.5397, 25.25]},
			"faces": {
				"north": {"uv": [0, 0, 16, 4.25], "texture": "#20"},
				"east": {"uv": [0, 0, 1.5, 4.25], "texture": "#20"},
				"south": {"uv": [3.392, 10.632, 12.672, 13.594], "texture": "#20"},
				"west": {"uv": [0, 0, 1.5, 4.25], "texture": "#20"},
				"up": {"uv": [0, 0, 16, 1.5], "texture": "#20"},
				"down": {"uv": [0, 0, 16, 1.5], "texture": "#20"}
			}
		},
		{
			"from": [1.5, -1.6, 16.25],
			"to": [2, 5.4, 16.75],
			"rotation": {"angle": 0, "axis": "y", "origin": [0, -10, 25.25]},
			"faces": {
				"north": {"uv": [0, 0, 16, 4.25], "texture": "#20"},
				"east": {"uv": [0, 0, 1.5, 4.25], "texture": "#20"},
				"south": {"uv": [3.392, 10.632, 12.672, 13.594], "texture": "#20"},
				"west": {"uv": [0, 0, 1.5, 4.25], "texture": "#20"},
				"up": {"uv": [0, 0, 16, 1.5], "texture": "#20"},
				"down": {"uv": [0, 0, 16, 1.5], "texture": "#20"}
			}
		},
		{
			"from": [12.73259, -2.53919, 16.25],
			"to": [14.73259, -2.03919, 16.75],
			"rotation": {"angle": 45, "axis": "z", "origin": [7.23259, -17.43919, 25.25]},
			"faces": {
				"north": {"uv": [0, 0, 16, 4.25], "texture": "#20"},
				"east": {"uv": [0, 0, 1.5, 4.25], "texture": "#20"},
				"south": {"uv": [3.392, 10.632, 12.672, 13.594], "texture": "#20"},
				"west": {"uv": [0, 0, 1.5, 4.25], "texture": "#20"},
				"up": {"uv": [0, 0, 16, 1.5], "texture": "#20"},
				"down": {"uv": [0, 0, 16, 1.5], "texture": "#20"}
			}
		},
		{
			"from": [29.1364, -0.84249, 16.25],
			"to": [31.1364, -0.34249, 16.75],
			"rotation": {"angle": 45, "axis": "z", "origin": [14.6364, -15.74249, 25.25]},
			"faces": {
				"north": {"uv": [0, 0, 16, 4.25], "texture": "#20"},
				"east": {"uv": [0, 0, 1.5, 4.25], "texture": "#20"},
				"south": {"uv": [3.392, 10.632, 12.672, 13.594], "texture": "#20"},
				"west": {"uv": [0, 0, 1.5, 4.25], "texture": "#20"},
				"up": {"uv": [0, 0, 16, 1.5], "texture": "#20"},
				"down": {"uv": [0, 0, 16, 1.5], "texture": "#20"}
			}
		},
		{
			"from": [14, -1.6, 16.25],
			"to": [14.5, 5.4, 16.75],
			"rotation": {"angle": 0, "axis": "y", "origin": [0, -10, 25.25]},
			"faces": {
				"north": {"uv": [0, 0, 16, 4.25], "texture": "#20"},
				"east": {"uv": [0, 0, 1.5, 4.25], "texture": "#20"},
				"south": {"uv": [3.392, 10.632, 12.672, 13.594], "texture": "#20"},
				"west": {"uv": [0, 0, 1.5, 4.25], "texture": "#20"},
				"up": {"uv": [0, 0, 16, 1.5], "texture": "#20"},
				"down": {"uv": [0, 0, 16, 1.5], "texture": "#20"}
			}
		},
		{
			"from": [7.71106, 13.01716, 16.25],
			"to": [9.71106, 13.51716, 16.75],
			"rotation": {"angle": -45, "axis": "z", "origin": [-6.78894, -1.88284, 25.25]},
			"faces": {
				"north": {"uv": [0, 0, 16, 4.25], "texture": "#20"},
				"east": {"uv": [0, 0, 1.5, 4.25], "texture": "#20"},
				"south": {"uv": [3.392, 10.632, 12.672, 13.594], "texture": "#20"},
				"west": {"uv": [0, 0, 1.5, 4.25], "texture": "#20"},
				"up": {"uv": [0, 0, 16, 1.5], "texture": "#20"},
				"down": {"uv": [0, 0, 16, 1.5], "texture": "#20"}
			}
		},
		{
			"from": [-8.83919, 14.3603, 23.25],
			"to": [-6.83919, 14.8603, 23.75],
			"rotation": {"angle": -45, "axis": "z", "origin": [-13.83919, -0.5397, 32.25]},
			"faces": {
				"north": {"uv": [0, 0, 16, 4.25], "texture": "#20"},
				"east": {"uv": [0, 0, 1.5, 4.25], "texture": "#20"},
				"south": {"uv": [3.392, 10.632, 12.672, 13.594], "texture": "#20"},
				"west": {"uv": [0, 0, 1.5, 4.25], "texture": "#20"},
				"up": {"uv": [0, 0, 16, 1.5], "texture": "#20"},
				"down": {"uv": [0, 0, 16, 1.5], "texture": "#20"}
			}
		},
		{
			"from": [1.5, -1.6, 23.25],
			"to": [2, 5.4, 23.75],
			"rotation": {"angle": 0, "axis": "y", "origin": [0, -10, 32.25]},
			"faces": {
				"north": {"uv": [0, 0, 16, 4.25], "texture": "#20"},
				"east": {"uv": [0, 0, 1.5, 4.25], "texture": "#20"},
				"south": {"uv": [3.392, 10.632, 12.672, 13.594], "texture": "#20"},
				"west": {"uv": [0, 0, 1.5, 4.25], "texture": "#20"},
				"up": {"uv": [0, 0, 16, 1.5], "texture": "#20"},
				"down": {"uv": [0, 0, 16, 1.5], "texture": "#20"}
			}
		},
		{
			"from": [12.73259, -2.53919, 23.25],
			"to": [14.73259, -2.03919, 23.75],
			"rotation": {"angle": 45, "axis": "z", "origin": [7.23259, -17.43919, 32.25]},
			"faces": {
				"north": {"uv": [0, 0, 16, 4.25], "texture": "#20"},
				"east": {"uv": [0, 0, 1.5, 4.25], "texture": "#20"},
				"south": {"uv": [3.392, 10.632, 12.672, 13.594], "texture": "#20"},
				"west": {"uv": [0, 0, 1.5, 4.25], "texture": "#20"},
				"up": {"uv": [0, 0, 16, 1.5], "texture": "#20"},
				"down": {"uv": [0, 0, 16, 1.5], "texture": "#20"}
			}
		},
		{
			"from": [15, -4.25, -14.25],
			"to": [16, 1.25, -3.5],
			"rotation": {"angle": 0, "axis": "y", "origin": [0, -10, -9.75]},
			"faces": {
				"north": {"uv": [0, 0, 0.6, 4.75], "texture": "#missing"},
				"east": {"uv": [0, 0, 16, 16], "texture": "#19"},
				"south": {"uv": [0, 0, 0.6, 4.75], "texture": "#missing"},
				"west": {"uv": [0, 0, 16, 16], "texture": "#19"},
				"up": {"uv": [0, 0, 0.6, 16], "texture": "#missing"},
				"down": {"uv": [0, 0, 0.6, 16], "texture": "#missing"}
			}
		},
		{
			"from": [0, -4.25, -14.25],
			"to": [1, 1.25, -3.5],
			"rotation": {"angle": 0, "axis": "y", "origin": [0, -10, -9.5]},
			"faces": {
				"north": {"uv": [0, 0, 0.6, 4.75], "texture": "#missing"},
				"east": {"uv": [0, 0, 16, 16], "texture": "#19"},
				"south": {"uv": [0, 0, 0.6, 4.75], "texture": "#missing"},
				"west": {"uv": [0, 0, 16, 16], "texture": "#19"},
				"up": {"uv": [0, 0, 0.6, 16], "texture": "#missing"},
				"down": {"uv": [0, 0, 0.6, 16], "texture": "#missing"}
			}
		},
		{
			"from": [15, -4.25, 1],
			"to": [16, 1.25, 11.75],
			"rotation": {"angle": 0, "axis": "y", "origin": [0, -10, -9.75]},
			"faces": {
				"north": {"uv": [0, 0, 0.6, 4.75], "texture": "#missing"},
				"east": {"uv": [0, 0, 16, 16], "texture": "#19"},
				"south": {"uv": [0, 0, 0.6, 4.75], "texture": "#missing"},
				"west": {"uv": [0, 0, 16, 16], "texture": "#19"},
				"up": {"uv": [0, 0, 0.6, 16], "texture": "#missing"},
				"down": {"uv": [0, 0, 0.6, 16], "texture": "#missing"}
			}
		},
		{
			"from": [0, -4.25, 1],
			"to": [1, 1.25, 11.75],
			"rotation": {"angle": 0, "axis": "y", "origin": [0, -10, -9.5]},
			"faces": {
				"north": {"uv": [0, 0, 0.6, 4.75], "texture": "#missing"},
				"east": {"uv": [0, 0, 16, 16], "texture": "#23"},
				"south": {"uv": [0, 0, 0.6, 4.75], "texture": "#missing"},
				"west": {"uv": [0, 0, 16, 16], "texture": "#18"},
				"up": {"uv": [0, 0, 0.6, 16], "texture": "#missing"},
				"down": {"uv": [0, 0, 0.6, 16], "texture": "#missing"}
			}
		}
	],
	"display": {
		"thirdperson_righthand": {
			"scale": [4, 4, 4]
		},
		"head": {
			"translation": [0, 40, 0],
			"scale": [4, 4, 4]
		}
	}
}