{
	"credit": "Made with Blockbench",
	"textures": {
		"0": "block/light_gray_concrete",
		"2": "block/black_concrete",
		"4": "block/yellow_concrete",
		"particle": "block/light_gray_concrete"
	},
	"elements": [
		{
			"name": "hexadecagon",
			"from": [0.4, 2.15054, 1.75],
			"to": [15.4, 2.34946, 2.75],
			"rotation": {"angle": -45, "axis": "x", "origin": [7.9, 2.25, 2.25]},
			"faces": {
				"north": {"uv": [0, 0, 1, 1], "texture": "#0"},
				"east": {"uv": [0, 0, 1, 1], "texture": "#0"},
				"south": {"uv": [0, 0, 1, 1], "texture": "#0"},
				"west": {"uv": [0, 0, 1, 1], "texture": "#0"},
				"up": {"uv": [0, 0, 1, 1], "texture": "#0"},
				"down": {"uv": [0, 0, 1, 1], "texture": "#0"}
			}
		},
		{
			"name": "hexadecagon",
			"from": [0.4, 2.15054, 1.75],
			"to": [15.4, 2.34946, 2.75],
			"rotation": {"angle": -22.5, "axis": "x", "origin": [7.9, 2.25, 2.25]},
			"faces": {
				"north": {"uv": [0, 0, 1, 1], "texture": "#0"},
				"east": {"uv": [0, 0, 1, 1], "texture": "#0"},
				"south": {"uv": [0, 0, 1, 1], "texture": "#0"},
				"west": {"uv": [0, 0, 1, 1], "texture": "#0"},
				"up": {"uv": [0, 0, 1, 1], "texture": "#0"},
				"down": {"uv": [0, 0, 1, 1], "texture": "#0"}
			}
		},
		{
			"name": "hexadecagon",
			"from": [0.4, 2.15054, 1.75],
			"to": [15.4, 2.34946, 2.75],
			"rotation": {"angle": 0, "axis": "x", "origin": [7.9, 2.25, 2.25]},
			"faces": {
				"north": {"uv": [0, 0, 1, 1], "texture": "#0"},
				"east": {"uv": [0, 0, 1, 1], "texture": "#0"},
				"south": {"uv": [0, 0, 1, 1], "texture": "#0"},
				"west": {"uv": [0, 0, 1, 1], "texture": "#0"},
				"up": {"uv": [0, 0, 1, 1], "texture": "#0"},
				"down": {"uv": [0, 0, 1, 1], "texture": "#0"}
			}
		},
		{
			"name": "hexadecagon",
			"from": [0.4, 2.15054, 1.75],
			"to": [15.4, 2.34946, 2.75],
			"rotation": {"angle": 22.5, "axis": "x", "origin": [7.9, 2.25, 2.25]},
			"faces": {
				"north": {"uv": [0, 0, 1, 1], "texture": "#0"},
				"east": {"uv": [0, 0, 1, 1], "texture": "#0"},
				"south": {"uv": [0, 0, 1, 1], "texture": "#0"},
				"west": {"uv": [0, 0, 1, 1], "texture": "#0"},
				"up": {"uv": [0, 0, 1, 1], "texture": "#0"},
				"down": {"uv": [0, 0, 1, 1], "texture": "#0"}
			}
		},
		{
			"name": "hexadecagon",
			"from": [0.4, 2.15054, 1.75],
			"to": [15.4, 2.34946, 2.75],
			"rotation": {"angle": 45, "axis": "x", "origin": [7.9, 2.25, 2.25]},
			"faces": {
				"north": {"uv": [0, 0, 1, 1], "texture": "#0"},
				"east": {"uv": [0, 0, 1, 1], "texture": "#0"},
				"south": {"uv": [0, 0, 1, 1], "texture": "#0"},
				"west": {"uv": [0, 0, 1, 1], "texture": "#0"},
				"up": {"uv": [0, 0, 1, 1], "texture": "#0"},
				"down": {"uv": [0, 0, 1, 1], "texture": "#0"}
			}
		},
		{
			"name": "hexadecagon",
			"from": [0.4, 1.75, 2.15054],
			"to": [15.4, 2.75, 2.34946],
			"rotation": {"angle": -22.5, "axis": "x", "origin": [7.9, 2.25, 2.25]},
			"faces": {
				"north": {"uv": [0, 0, 1, 1], "texture": "#0"},
				"east": {"uv": [0, 0, 1, 1], "texture": "#0"},
				"south": {"uv": [0, 0, 1, 1], "texture": "#0"},
				"west": {"uv": [0, 0, 1, 1], "texture": "#0"},
				"up": {"uv": [0, 0, 1, 1], "texture": "#0"},
				"down": {"uv": [0, 0, 1, 1], "texture": "#0"}
			}
		},
		{
			"name": "hexadecagon",
			"from": [0.4, 1.75, 2.15054],
			"to": [15.4, 2.75, 2.34946],
			"rotation": {"angle": 0, "axis": "x", "origin": [7.9, 2.25, 2.25]},
			"faces": {
				"north": {"uv": [0, 0, 1, 1], "texture": "#0"},
				"east": {"uv": [0, 0, 1, 1], "texture": "#0"},
				"south": {"uv": [0, 0, 1, 1], "texture": "#0"},
				"west": {"uv": [0, 0, 1, 1], "texture": "#0"},
				"up": {"uv": [0, 0, 1, 1], "texture": "#0"},
				"down": {"uv": [0, 0, 1, 1], "texture": "#0"}
			}
		},
		{
			"name": "hexadecagon",
			"from": [0.4, 1.75, 2.15054],
			"to": [15.4, 2.75, 2.34946],
			"rotation": {"angle": 22.5, "axis": "x", "origin": [7.9, 2.25, 2.25]},
			"faces": {
				"north": {"uv": [0, 0, 1, 1], "texture": "#0"},
				"east": {"uv": [0, 0, 1, 1], "texture": "#0"},
				"south": {"uv": [0, 0, 1, 1], "texture": "#0"},
				"west": {"uv": [0, 0, 1, 1], "texture": "#0"},
				"up": {"uv": [0, 0, 1, 1], "texture": "#0"},
				"down": {"uv": [0, 0, 1, 1], "texture": "#0"}
			}
		},
		{
			"name": "hexadecagon",
			"from": [1.525, 1.80245, 0],
			"to": [1.775, 2.69755, 4.5],
			"rotation": {"angle": -45, "axis": "x", "origin": [1.65, 2.25, 2.25]},
			"faces": {
				"north": {"uv": [0, 0, 1, 1], "texture": "#0"},
				"east": {"uv": [0, 0, 1, 1], "texture": "#0"},
				"south": {"uv": [0, 0, 1, 1], "texture": "#0"},
				"west": {"uv": [0, 0, 1, 1], "texture": "#0"},
				"up": {"uv": [0, 0, 1, 1], "texture": "#0"},
				"down": {"uv": [0, 0, 1, 1], "texture": "#0"}
			}
		},
		{
			"name": "hexadecagon",
			"from": [1.525, 1.80245, 0],
			"to": [1.775, 2.69755, 4.5],
			"rotation": {"angle": -22.5, "axis": "x", "origin": [1.65, 2.25, 2.25]},
			"faces": {
				"north": {"uv": [0, 0, 1, 1], "texture": "#0"},
				"east": {"uv": [0, 0, 1, 1], "texture": "#0"},
				"south": {"uv": [0, 0, 1, 1], "texture": "#0"},
				"west": {"uv": [0, 0, 1, 1], "texture": "#0"},
				"up": {"uv": [0, 0, 1, 1], "texture": "#0"},
				"down": {"uv": [0, 0, 1, 1], "texture": "#0"}
			}
		},
		{
			"name": "hexadecagon",
			"from": [1.525, 1.80245, 0],
			"to": [1.775, 2.69755, 4.5],
			"rotation": {"angle": 0, "axis": "x", "origin": [1.65, 2.25, 2.25]},
			"faces": {
				"north": {"uv": [0, 0, 1, 1], "texture": "#0"},
				"east": {"uv": [0, 0, 1, 1], "texture": "#0"},
				"south": {"uv": [0, 0, 1, 1], "texture": "#0"},
				"west": {"uv": [0, 0, 1, 1], "texture": "#0"},
				"up": {"uv": [0, 0, 1, 1], "texture": "#0"},
				"down": {"uv": [0, 0, 1, 1], "texture": "#0"}
			}
		},
		{
			"name": "hexadecagon",
			"from": [1.525, 1.80245, 0],
			"to": [1.775, 2.69755, 4.5],
			"rotation": {"angle": 22.5, "axis": "x", "origin": [1.65, 2.25, 2.25]},
			"faces": {
				"north": {"uv": [0, 0, 1, 1], "texture": "#0"},
				"east": {"uv": [0, 0, 1, 1], "texture": "#0"},
				"south": {"uv": [0, 0, 1, 1], "texture": "#0"},
				"west": {"uv": [0, 0, 1, 1], "texture": "#0"},
				"up": {"uv": [0, 0, 1, 1], "texture": "#0"},
				"down": {"uv": [0, 0, 1, 1], "texture": "#0"}
			}
		},
		{
			"name": "hexadecagon",
			"from": [1.525, 1.80245, 0],
			"to": [1.775, 2.69755, 4.5],
			"rotation": {"angle": 45, "axis": "x", "origin": [1.65, 2.25, 2.25]},
			"faces": {
				"north": {"uv": [0, 0, 1, 1], "texture": "#0"},
				"east": {"uv": [0, 0, 1, 1], "texture": "#0"},
				"south": {"uv": [0, 0, 1, 1], "texture": "#0"},
				"west": {"uv": [0, 0, 1, 1], "texture": "#0"},
				"up": {"uv": [0, 0, 1, 1], "texture": "#0"},
				"down": {"uv": [0, 0, 1, 1], "texture": "#0"}
			}
		},
		{
			"name": "hexadecagon",
			"from": [1.525, 0, 1.80245],
			"to": [1.775, 4.5, 2.69755],
			"rotation": {"angle": -22.5, "axis": "x", "origin": [1.65, 2.25, 2.25]},
			"faces": {
				"north": {"uv": [0, 0, 1, 1], "texture": "#0"},
				"east": {"uv": [0, 0, 1, 1], "texture": "#0"},
				"south": {"uv": [0, 0, 1, 1], "texture": "#0"},
				"west": {"uv": [0, 0, 1, 1], "texture": "#0"},
				"up": {"uv": [0, 0, 1, 1], "texture": "#0"},
				"down": {"uv": [0, 0, 1, 1], "texture": "#0"}
			}
		},
		{
			"name": "hexadecagon",
			"from": [1.525, 0, 1.80245],
			"to": [1.775, 4.5, 2.69755],
			"rotation": {"angle": 0, "axis": "x", "origin": [1.65, 2.25, 2.25]},
			"faces": {
				"north": {"uv": [0, 0, 1, 1], "texture": "#0"},
				"east": {"uv": [0, 0, 1, 1], "texture": "#0"},
				"south": {"uv": [0, 0, 1, 1], "texture": "#0"},
				"west": {"uv": [0, 0, 1, 1], "texture": "#0"},
				"up": {"uv": [0, 0, 1, 1], "texture": "#0"},
				"down": {"uv": [0, 0, 1, 1], "texture": "#0"}
			}
		},
		{
			"name": "hexadecagon",
			"from": [1.525, 0, 1.80245],
			"to": [1.775, 4.5, 2.69755],
			"rotation": {"angle": 22.5, "axis": "x", "origin": [1.65, 2.25, 2.25]},
			"faces": {
				"north": {"uv": [0, 0, 1, 1], "texture": "#0"},
				"east": {"uv": [0, 0, 1, 1], "texture": "#0"},
				"south": {"uv": [0, 0, 1, 1], "texture": "#0"},
				"west": {"uv": [0, 0, 1, 1], "texture": "#0"},
				"up": {"uv": [0, 0, 1, 1], "texture": "#0"},
				"down": {"uv": [0, 0, 1, 1], "texture": "#0"}
			}
		},
		{
			"name": "hexadecagon",
			"from": [14.025, 1.80245, 0],
			"to": [14.275, 2.69755, 4.5],
			"rotation": {"angle": -45, "axis": "x", "origin": [14.15, 2.25, 2.25]},
			"faces": {
				"north": {"uv": [0, 0, 1, 1], "texture": "#0"},
				"east": {"uv": [0, 0, 1, 1], "texture": "#0"},
				"south": {"uv": [0, 0, 1, 1], "texture": "#0"},
				"west": {"uv": [0, 0, 1, 1], "texture": "#0"},
				"up": {"uv": [0, 0, 1, 1], "texture": "#0"},
				"down": {"uv": [0, 0, 1, 1], "texture": "#0"}
			}
		},
		{
			"name": "hexadecagon",
			"from": [14.025, 1.80245, 0],
			"to": [14.275, 2.69755, 4.5],
			"rotation": {"angle": -22.5, "axis": "x", "origin": [14.15, 2.25, 2.25]},
			"faces": {
				"north": {"uv": [0, 0, 1, 1], "texture": "#0"},
				"east": {"uv": [0, 0, 1, 1], "texture": "#0"},
				"south": {"uv": [0, 0, 1, 1], "texture": "#0"},
				"west": {"uv": [0, 0, 1, 1], "texture": "#0"},
				"up": {"uv": [0, 0, 1, 1], "texture": "#0"},
				"down": {"uv": [0, 0, 1, 1], "texture": "#0"}
			}
		},
		{
			"name": "hexadecagon",
			"from": [14.025, 1.80245, 0],
			"to": [14.275, 2.69755, 4.5],
			"rotation": {"angle": 0, "axis": "y", "origin": [14.15, 2.25, 2.25]},
			"faces": {
				"north": {"uv": [0, 0, 1, 1], "texture": "#0"},
				"east": {"uv": [0, 0, 1, 1], "texture": "#0"},
				"south": {"uv": [0, 0, 1, 1], "texture": "#0"},
				"west": {"uv": [0, 0, 1, 1], "texture": "#0"},
				"up": {"uv": [0, 0, 1, 1], "texture": "#0"},
				"down": {"uv": [0, 0, 1, 1], "texture": "#0"}
			}
		},
		{
			"name": "hexadecagon",
			"from": [14.025, 1.80245, 0],
			"to": [14.275, 2.69755, 4.5],
			"rotation": {"angle": 22.5, "axis": "x", "origin": [14.15, 2.25, 2.25]},
			"faces": {
				"north": {"uv": [0, 0, 1, 1], "texture": "#0"},
				"east": {"uv": [0, 0, 1, 1], "texture": "#0"},
				"south": {"uv": [0, 0, 1, 1], "texture": "#0"},
				"west": {"uv": [0, 0, 1, 1], "texture": "#0"},
				"up": {"uv": [0, 0, 1, 1], "texture": "#0"},
				"down": {"uv": [0, 0, 1, 1], "texture": "#0"}
			}
		},
		{
			"name": "hexadecagon",
			"from": [14.025, 1.80245, 0],
			"to": [14.275, 2.69755, 4.5],
			"rotation": {"angle": 45, "axis": "x", "origin": [14.15, 2.25, 2.25]},
			"faces": {
				"north": {"uv": [0, 0, 1, 1], "texture": "#0"},
				"east": {"uv": [0, 0, 1, 1], "texture": "#0"},
				"south": {"uv": [0, 0, 1, 1], "texture": "#0"},
				"west": {"uv": [0, 0, 1, 1], "texture": "#0"},
				"up": {"uv": [0, 0, 1, 1], "texture": "#0"},
				"down": {"uv": [0, 0, 1, 1], "texture": "#0"}
			}
		},
		{
			"name": "hexadecagon",
			"from": [14.025, 0, 1.80245],
			"to": [14.275, 4.5, 2.69755],
			"rotation": {"angle": -22.5, "axis": "x", "origin": [14.15, 2.25, 2.25]},
			"faces": {
				"north": {"uv": [0, 0, 1, 1], "texture": "#0"},
				"east": {"uv": [0, 0, 1, 1], "texture": "#0"},
				"south": {"uv": [0, 0, 1, 1], "texture": "#0"},
				"west": {"uv": [0, 0, 1, 1], "texture": "#0"},
				"up": {"uv": [0, 0, 1, 1], "texture": "#0"},
				"down": {"uv": [0, 0, 1, 1], "texture": "#0"}
			}
		},
		{
			"name": "hexadecagon",
			"from": [14.025, 0, 1.80245],
			"to": [14.275, 4.5, 2.69755],
			"rotation": {"angle": 0, "axis": "y", "origin": [14.15, 2.25, 2.25]},
			"faces": {
				"north": {"uv": [0, 0, 1, 1], "texture": "#0"},
				"east": {"uv": [0, 0, 1, 1], "texture": "#0"},
				"south": {"uv": [0, 0, 1, 1], "texture": "#0"},
				"west": {"uv": [0, 0, 1, 1], "texture": "#0"},
				"up": {"uv": [0, 0, 1, 1], "texture": "#0"},
				"down": {"uv": [0, 0, 1, 1], "texture": "#0"}
			}
		},
		{
			"name": "hexadecagon",
			"from": [14.025, 0, 1.80245],
			"to": [14.275, 4.5, 2.69755],
			"rotation": {"angle": 22.5, "axis": "x", "origin": [14.15, 2.25, 2.25]},
			"faces": {
				"north": {"uv": [0, 0, 1, 1], "texture": "#0"},
				"east": {"uv": [0, 0, 1, 1], "texture": "#0"},
				"south": {"uv": [0, 0, 1, 1], "texture": "#0"},
				"west": {"uv": [0, 0, 1, 1], "texture": "#0"},
				"up": {"uv": [0, 0, 1, 1], "texture": "#0"},
				"down": {"uv": [0, 0, 1, 1], "texture": "#0"}
			}
		},
		{
			"name": "hexadecagon",
			"from": [1.275, 1.85218, 0.25],
			"to": [1.525, 2.64782, 4.25],
			"rotation": {"angle": -45, "axis": "x", "origin": [1.4, 2.25, 2.25]},
			"faces": {
				"north": {"uv": [0, 0, 1, 1], "texture": "#0"},
				"east": {"uv": [0, 0, 1, 1], "texture": "#0"},
				"south": {"uv": [0, 0, 1, 1], "texture": "#0"},
				"west": {"uv": [0, 0, 1, 1], "texture": "#0"},
				"up": {"uv": [0, 0, 1, 1], "texture": "#0"},
				"down": {"uv": [0, 0, 1, 1], "texture": "#0"}
			}
		},
		{
			"name": "hexadecagon",
			"from": [1.275, 1.85218, 0.25],
			"to": [1.525, 2.64782, 4.25],
			"rotation": {"angle": -22.5, "axis": "x", "origin": [1.4, 2.25, 2.25]},
			"faces": {
				"north": {"uv": [0, 0, 1, 1], "texture": "#0"},
				"east": {"uv": [0, 0, 1, 1], "texture": "#0"},
				"south": {"uv": [0, 0, 1, 1], "texture": "#0"},
				"west": {"uv": [0, 0, 1, 1], "texture": "#0"},
				"up": {"uv": [0, 0, 1, 1], "texture": "#0"},
				"down": {"uv": [0, 0, 1, 1], "texture": "#0"}
			}
		},
		{
			"name": "hexadecagon",
			"from": [1.275, 1.85218, 0.25],
			"to": [1.525, 2.64782, 4.25],
			"rotation": {"angle": 0, "axis": "y", "origin": [1.4, 2.25, 2.25]},
			"faces": {
				"north": {"uv": [0, 0, 1, 1], "texture": "#0"},
				"east": {"uv": [0, 0, 1, 1], "texture": "#0"},
				"south": {"uv": [0, 0, 1, 1], "texture": "#0"},
				"west": {"uv": [0, 0, 1, 1], "texture": "#0"},
				"up": {"uv": [0, 0, 1, 1], "texture": "#0"},
				"down": {"uv": [0, 0, 1, 1], "texture": "#0"}
			}
		},
		{
			"name": "hexadecagon",
			"from": [1.275, 1.85218, 0.25],
			"to": [1.525, 2.64782, 4.25],
			"rotation": {"angle": 22.5, "axis": "x", "origin": [1.4, 2.25, 2.25]},
			"faces": {
				"north": {"uv": [0, 0, 1, 1], "texture": "#0"},
				"east": {"uv": [0, 0, 1, 1], "texture": "#0"},
				"south": {"uv": [0, 0, 1, 1], "texture": "#0"},
				"west": {"uv": [0, 0, 1, 1], "texture": "#0"},
				"up": {"uv": [0, 0, 1, 1], "texture": "#0"},
				"down": {"uv": [0, 0, 1, 1], "texture": "#0"}
			}
		},
		{
			"name": "hexadecagon",
			"from": [1.275, 1.85218, 0.25],
			"to": [1.525, 2.64782, 4.25],
			"rotation": {"angle": 45, "axis": "x", "origin": [1.4, 2.25, 2.25]},
			"faces": {
				"north": {"uv": [0, 0, 1, 1], "texture": "#0"},
				"east": {"uv": [0, 0, 1, 1], "texture": "#0"},
				"south": {"uv": [0, 0, 1, 1], "texture": "#0"},
				"west": {"uv": [0, 0, 1, 1], "texture": "#0"},
				"up": {"uv": [0, 0, 1, 1], "texture": "#0"},
				"down": {"uv": [0, 0, 1, 1], "texture": "#0"}
			}
		},
		{
			"name": "hexadecagon",
			"from": [1.275, 0.25, 1.85218],
			"to": [1.525, 4.25, 2.64782],
			"rotation": {"angle": -22.5, "axis": "x", "origin": [1.4, 2.25, 2.25]},
			"faces": {
				"north": {"uv": [0, 0, 1, 1], "texture": "#0"},
				"east": {"uv": [0, 0, 1, 1], "texture": "#0"},
				"south": {"uv": [0, 0, 1, 1], "texture": "#0"},
				"west": {"uv": [0, 0, 1, 1], "texture": "#0"},
				"up": {"uv": [0, 0, 1, 1], "texture": "#0"},
				"down": {"uv": [0, 0, 1, 1], "texture": "#0"}
			}
		},
		{
			"name": "hexadecagon",
			"from": [1.275, 0.25, 1.85218],
			"to": [1.525, 4.25, 2.64782],
			"rotation": {"angle": 0, "axis": "y", "origin": [1.4, 2.25, 2.25]},
			"faces": {
				"north": {"uv": [0, 0, 1, 1], "texture": "#0"},
				"east": {"uv": [0, 0, 1, 1], "texture": "#0"},
				"south": {"uv": [0, 0, 1, 1], "texture": "#0"},
				"west": {"uv": [0, 0, 1, 1], "texture": "#0"},
				"up": {"uv": [0, 0, 1, 1], "texture": "#0"},
				"down": {"uv": [0, 0, 1, 1], "texture": "#0"}
			}
		},
		{
			"name": "hexadecagon",
			"from": [1.275, 0.25, 1.85218],
			"to": [1.525, 4.25, 2.64782],
			"rotation": {"angle": 22.5, "axis": "x", "origin": [1.4, 2.25, 2.25]},
			"faces": {
				"north": {"uv": [0, 0, 1, 1], "texture": "#0"},
				"east": {"uv": [0, 0, 1, 1], "texture": "#0"},
				"south": {"uv": [0, 0, 1, 1], "texture": "#0"},
				"west": {"uv": [0, 0, 1, 1], "texture": "#0"},
				"up": {"uv": [0, 0, 1, 1], "texture": "#0"},
				"down": {"uv": [0, 0, 1, 1], "texture": "#0"}
			}
		},
		{
			"name": "hexadecagon",
			"from": [14.275, 1.85218, 0.25],
			"to": [14.525, 2.64782, 4.25],
			"rotation": {"angle": -45, "axis": "x", "origin": [14.4, 2.25, 2.25]},
			"faces": {
				"north": {"uv": [0, 0, 1, 1], "texture": "#0"},
				"east": {"uv": [0, 0, 1, 1], "texture": "#0"},
				"south": {"uv": [0, 0, 1, 1], "texture": "#0"},
				"west": {"uv": [0, 0, 1, 1], "texture": "#0"},
				"up": {"uv": [0, 0, 1, 1], "texture": "#0"},
				"down": {"uv": [0, 0, 1, 1], "texture": "#0"}
			}
		},
		{
			"name": "hexadecagon",
			"from": [14.275, 1.85218, 0.25],
			"to": [14.525, 2.64782, 4.25],
			"rotation": {"angle": -22.5, "axis": "x", "origin": [14.4, 2.25, 2.25]},
			"faces": {
				"north": {"uv": [0, 0, 1, 1], "texture": "#0"},
				"east": {"uv": [0, 0, 1, 1], "texture": "#0"},
				"south": {"uv": [0, 0, 1, 1], "texture": "#0"},
				"west": {"uv": [0, 0, 1, 1], "texture": "#0"},
				"up": {"uv": [0, 0, 1, 1], "texture": "#0"},
				"down": {"uv": [0, 0, 1, 1], "texture": "#0"}
			}
		},
		{
			"name": "hexadecagon",
			"from": [14.275, 1.85218, 0.25],
			"to": [14.525, 2.64782, 4.25],
			"rotation": {"angle": 0, "axis": "y", "origin": [14.4, 2.25, 2.25]},
			"faces": {
				"north": {"uv": [0, 0, 1, 1], "texture": "#0"},
				"east": {"uv": [0, 0, 1, 1], "texture": "#0"},
				"south": {"uv": [0, 0, 1, 1], "texture": "#0"},
				"west": {"uv": [0, 0, 1, 1], "texture": "#0"},
				"up": {"uv": [0, 0, 1, 1], "texture": "#0"},
				"down": {"uv": [0, 0, 1, 1], "texture": "#0"}
			}
		},
		{
			"name": "hexadecagon",
			"from": [14.275, 1.85218, 0.25],
			"to": [14.525, 2.64782, 4.25],
			"rotation": {"angle": 22.5, "axis": "x", "origin": [14.4, 2.25, 2.25]},
			"faces": {
				"north": {"uv": [0, 0, 1, 1], "texture": "#0"},
				"east": {"uv": [0, 0, 1, 1], "texture": "#0"},
				"south": {"uv": [0, 0, 1, 1], "texture": "#0"},
				"west": {"uv": [0, 0, 1, 1], "texture": "#0"},
				"up": {"uv": [0, 0, 1, 1], "texture": "#0"},
				"down": {"uv": [0, 0, 1, 1], "texture": "#0"}
			}
		},
		{
			"name": "hexadecagon",
			"from": [14.275, 1.85218, 0.25],
			"to": [14.525, 2.64782, 4.25],
			"rotation": {"angle": 45, "axis": "x", "origin": [14.4, 2.25, 2.25]},
			"faces": {
				"north": {"uv": [0, 0, 1, 1], "texture": "#0"},
				"east": {"uv": [0, 0, 1, 1], "texture": "#0"},
				"south": {"uv": [0, 0, 1, 1], "texture": "#0"},
				"west": {"uv": [0, 0, 1, 1], "texture": "#0"},
				"up": {"uv": [0, 0, 1, 1], "texture": "#0"},
				"down": {"uv": [0, 0, 1, 1], "texture": "#0"}
			}
		},
		{
			"name": "hexadecagon",
			"from": [14.275, 0.25, 1.85218],
			"to": [14.525, 4.25, 2.64782],
			"rotation": {"angle": -22.5, "axis": "x", "origin": [14.4, 2.25, 2.25]},
			"faces": {
				"north": {"uv": [0, 0, 1, 1], "texture": "#0"},
				"east": {"uv": [0, 0, 1, 1], "texture": "#0"},
				"south": {"uv": [0, 0, 1, 1], "texture": "#0"},
				"west": {"uv": [0, 0, 1, 1], "texture": "#0"},
				"up": {"uv": [0, 0, 1, 1], "texture": "#0"},
				"down": {"uv": [0, 0, 1, 1], "texture": "#0"}
			}
		},
		{
			"name": "hexadecagon",
			"from": [14.275, 0.25, 1.85218],
			"to": [14.525, 4.25, 2.64782],
			"rotation": {"angle": 0, "axis": "y", "origin": [14.4, 2.25, 2.25]},
			"faces": {
				"north": {"uv": [0, 0, 1, 1], "texture": "#0"},
				"east": {"uv": [0, 0, 1, 1], "texture": "#0"},
				"south": {"uv": [0, 0, 1, 1], "texture": "#0"},
				"west": {"uv": [0, 0, 1, 1], "texture": "#0"},
				"up": {"uv": [0, 0, 1, 1], "texture": "#0"},
				"down": {"uv": [0, 0, 1, 1], "texture": "#0"}
			}
		},
		{
			"name": "hexadecagon",
			"from": [14.275, 0.25, 1.85218],
			"to": [14.525, 4.25, 2.64782],
			"rotation": {"angle": 22.5, "axis": "x", "origin": [14.4, 2.25, 2.25]},
			"faces": {
				"north": {"uv": [0, 0, 1, 1], "texture": "#0"},
				"east": {"uv": [0, 0, 1, 1], "texture": "#0"},
				"south": {"uv": [0, 0, 1, 1], "texture": "#0"},
				"west": {"uv": [0, 0, 1, 1], "texture": "#0"},
				"up": {"uv": [0, 0, 1, 1], "texture": "#0"},
				"down": {"uv": [0, 0, 1, 1], "texture": "#0"}
			}
		},
		{
			"name": "hexadecagon",
			"from": [0.4, 2.15054, 13.25],
			"to": [15.4, 2.34946, 14.25],
			"rotation": {"angle": -45, "axis": "x", "origin": [7.9, 2.25, 13.75]},
			"faces": {
				"north": {"uv": [0, 0, 1, 1], "texture": "#0"},
				"east": {"uv": [0, 0, 1, 1], "texture": "#0"},
				"south": {"uv": [0, 0, 1, 1], "texture": "#0"},
				"west": {"uv": [0, 0, 1, 1], "texture": "#0"},
				"up": {"uv": [0, 0, 1, 1], "texture": "#0"},
				"down": {"uv": [0, 0, 1, 1], "texture": "#0"}
			}
		},
		{
			"name": "hexadecagon",
			"from": [0.4, 2.15054, 13.25],
			"to": [15.4, 2.34946, 14.25],
			"rotation": {"angle": -22.5, "axis": "x", "origin": [7.9, 2.25, 13.75]},
			"faces": {
				"north": {"uv": [0, 0, 1, 1], "texture": "#0"},
				"east": {"uv": [0, 0, 1, 1], "texture": "#0"},
				"south": {"uv": [0, 0, 1, 1], "texture": "#0"},
				"west": {"uv": [0, 0, 1, 1], "texture": "#0"},
				"up": {"uv": [0, 0, 1, 1], "texture": "#0"},
				"down": {"uv": [0, 0, 1, 1], "texture": "#0"}
			}
		},
		{
			"name": "hexadecagon",
			"from": [0.4, 2.15054, 13.25],
			"to": [15.4, 2.34946, 14.25],
			"rotation": {"angle": 0, "axis": "y", "origin": [7.9, 2.25, 13.75]},
			"faces": {
				"north": {"uv": [0, 0, 1, 1], "texture": "#0"},
				"east": {"uv": [0, 0, 1, 1], "texture": "#0"},
				"south": {"uv": [0, 0, 1, 1], "texture": "#0"},
				"west": {"uv": [0, 0, 1, 1], "texture": "#0"},
				"up": {"uv": [0, 0, 1, 1], "texture": "#0"},
				"down": {"uv": [0, 0, 1, 1], "texture": "#0"}
			}
		},
		{
			"name": "hexadecagon",
			"from": [0.4, 2.15054, 13.25],
			"to": [15.4, 2.34946, 14.25],
			"rotation": {"angle": 22.5, "axis": "x", "origin": [7.9, 2.25, 13.75]},
			"faces": {
				"north": {"uv": [0, 0, 1, 1], "texture": "#0"},
				"east": {"uv": [0, 0, 1, 1], "texture": "#0"},
				"south": {"uv": [0, 0, 1, 1], "texture": "#0"},
				"west": {"uv": [0, 0, 1, 1], "texture": "#0"},
				"up": {"uv": [0, 0, 1, 1], "texture": "#0"},
				"down": {"uv": [0, 0, 1, 1], "texture": "#0"}
			}
		},
		{
			"name": "hexadecagon",
			"from": [0.4, 2.15054, 13.25],
			"to": [15.4, 2.34946, 14.25],
			"rotation": {"angle": 45, "axis": "x", "origin": [7.9, 2.25, 13.75]},
			"faces": {
				"north": {"uv": [0, 0, 1, 1], "texture": "#0"},
				"east": {"uv": [0, 0, 1, 1], "texture": "#0"},
				"south": {"uv": [0, 0, 1, 1], "texture": "#0"},
				"west": {"uv": [0, 0, 1, 1], "texture": "#0"},
				"up": {"uv": [0, 0, 1, 1], "texture": "#0"},
				"down": {"uv": [0, 0, 1, 1], "texture": "#0"}
			}
		},
		{
			"name": "hexadecagon",
			"from": [0.4, 1.75, 13.65054],
			"to": [15.4, 2.75, 13.84946],
			"rotation": {"angle": -22.5, "axis": "x", "origin": [7.9, 2.25, 13.75]},
			"faces": {
				"north": {"uv": [0, 0, 1, 1], "texture": "#0"},
				"east": {"uv": [0, 0, 1, 1], "texture": "#0"},
				"south": {"uv": [0, 0, 1, 1], "texture": "#0"},
				"west": {"uv": [0, 0, 1, 1], "texture": "#0"},
				"up": {"uv": [0, 0, 1, 1], "texture": "#0"},
				"down": {"uv": [0, 0, 1, 1], "texture": "#0"}
			}
		},
		{
			"name": "hexadecagon",
			"from": [0.4, 1.75, 13.65054],
			"to": [15.4, 2.75, 13.84946],
			"rotation": {"angle": 0, "axis": "y", "origin": [7.9, 2.25, 13.75]},
			"faces": {
				"north": {"uv": [0, 0, 1, 1], "texture": "#0"},
				"east": {"uv": [0, 0, 1, 1], "texture": "#0"},
				"south": {"uv": [0, 0, 1, 1], "texture": "#0"},
				"west": {"uv": [0, 0, 1, 1], "texture": "#0"},
				"up": {"uv": [0, 0, 1, 1], "texture": "#0"},
				"down": {"uv": [0, 0, 1, 1], "texture": "#0"}
			}
		},
		{
			"name": "hexadecagon",
			"from": [0.4, 1.75, 13.65054],
			"to": [15.4, 2.75, 13.84946],
			"rotation": {"angle": 22.5, "axis": "x", "origin": [7.9, 2.25, 13.75]},
			"faces": {
				"north": {"uv": [0, 0, 1, 1], "texture": "#0"},
				"east": {"uv": [0, 0, 1, 1], "texture": "#0"},
				"south": {"uv": [0, 0, 1, 1], "texture": "#0"},
				"west": {"uv": [0, 0, 1, 1], "texture": "#0"},
				"up": {"uv": [0, 0, 1, 1], "texture": "#0"},
				"down": {"uv": [0, 0, 1, 1], "texture": "#0"}
			}
		},
		{
			"name": "hexadecagon",
			"from": [14.025, 1.80245, 11.5],
			"to": [14.275, 2.69755, 16],
			"rotation": {"angle": -45, "axis": "x", "origin": [14.15, 2.25, 13.75]},
			"faces": {
				"north": {"uv": [0, 0, 1, 1], "texture": "#0"},
				"east": {"uv": [0, 0, 1, 1], "texture": "#0"},
				"south": {"uv": [0, 0, 1, 1], "texture": "#0"},
				"west": {"uv": [0, 0, 1, 1], "texture": "#0"},
				"up": {"uv": [0, 0, 1, 1], "texture": "#0"},
				"down": {"uv": [0, 0, 1, 1], "texture": "#0"}
			}
		},
		{
			"name": "hexadecagon",
			"from": [14.025, 1.80245, 11.5],
			"to": [14.275, 2.69755, 16],
			"rotation": {"angle": -22.5, "axis": "x", "origin": [14.15, 2.25, 13.75]},
			"faces": {
				"north": {"uv": [0, 0, 1, 1], "texture": "#0"},
				"east": {"uv": [0, 0, 1, 1], "texture": "#0"},
				"south": {"uv": [0, 0, 1, 1], "texture": "#0"},
				"west": {"uv": [0, 0, 1, 1], "texture": "#0"},
				"up": {"uv": [0, 0, 1, 1], "texture": "#0"},
				"down": {"uv": [0, 0, 1, 1], "texture": "#0"}
			}
		},
		{
			"name": "hexadecagon",
			"from": [14.025, 1.80245, 11.5],
			"to": [14.275, 2.69755, 16],
			"rotation": {"angle": 0, "axis": "y", "origin": [14.15, 2.25, 13.75]},
			"faces": {
				"north": {"uv": [0, 0, 1, 1], "texture": "#0"},
				"east": {"uv": [0, 0, 1, 1], "texture": "#0"},
				"south": {"uv": [0, 0, 1, 1], "texture": "#0"},
				"west": {"uv": [0, 0, 1, 1], "texture": "#0"},
				"up": {"uv": [0, 0, 1, 1], "texture": "#0"},
				"down": {"uv": [0, 0, 1, 1], "texture": "#0"}
			}
		},
		{
			"name": "hexadecagon",
			"from": [14.025, 1.80245, 11.5],
			"to": [14.275, 2.69755, 16],
			"rotation": {"angle": 22.5, "axis": "x", "origin": [14.15, 2.25, 13.75]},
			"faces": {
				"north": {"uv": [0, 0, 1, 1], "texture": "#0"},
				"east": {"uv": [0, 0, 1, 1], "texture": "#0"},
				"south": {"uv": [0, 0, 1, 1], "texture": "#0"},
				"west": {"uv": [0, 0, 1, 1], "texture": "#0"},
				"up": {"uv": [0, 0, 1, 1], "texture": "#0"},
				"down": {"uv": [0, 0, 1, 1], "texture": "#0"}
			}
		},
		{
			"name": "hexadecagon",
			"from": [14.025, 1.80245, 11.5],
			"to": [14.275, 2.69755, 16],
			"rotation": {"angle": 45, "axis": "x", "origin": [14.15, 2.25, 13.75]},
			"faces": {
				"north": {"uv": [0, 0, 1, 1], "texture": "#0"},
				"east": {"uv": [0, 0, 1, 1], "texture": "#0"},
				"south": {"uv": [0, 0, 1, 1], "texture": "#0"},
				"west": {"uv": [0, 0, 1, 1], "texture": "#0"},
				"up": {"uv": [0, 0, 1, 1], "texture": "#0"},
				"down": {"uv": [0, 0, 1, 1], "texture": "#0"}
			}
		},
		{
			"name": "hexadecagon",
			"from": [14.025, 0, 13.30245],
			"to": [14.275, 4.5, 14.19755],
			"rotation": {"angle": -22.5, "axis": "x", "origin": [14.15, 2.25, 13.75]},
			"faces": {
				"north": {"uv": [0, 0, 1, 1], "texture": "#0"},
				"east": {"uv": [0, 0, 1, 1], "texture": "#0"},
				"south": {"uv": [0, 0, 1, 1], "texture": "#0"},
				"west": {"uv": [0, 0, 1, 1], "texture": "#0"},
				"up": {"uv": [0, 0, 1, 1], "texture": "#0"},
				"down": {"uv": [0, 0, 1, 1], "texture": "#0"}
			}
		},
		{
			"name": "hexadecagon",
			"from": [14.025, 0, 13.30245],
			"to": [14.275, 4.5, 14.19755],
			"rotation": {"angle": 0, "axis": "y", "origin": [14.15, 2.25, 13.75]},
			"faces": {
				"north": {"uv": [0, 0, 1, 1], "texture": "#0"},
				"east": {"uv": [0, 0, 1, 1], "texture": "#0"},
				"south": {"uv": [0, 0, 1, 1], "texture": "#0"},
				"west": {"uv": [0, 0, 1, 1], "texture": "#0"},
				"up": {"uv": [0, 0, 1, 1], "texture": "#0"},
				"down": {"uv": [0, 0, 1, 1], "texture": "#0"}
			}
		},
		{
			"name": "hexadecagon",
			"from": [14.025, 0, 13.30245],
			"to": [14.275, 4.5, 14.19755],
			"rotation": {"angle": 22.5, "axis": "x", "origin": [14.15, 2.25, 13.75]},
			"faces": {
				"north": {"uv": [0, 0, 1, 1], "texture": "#0"},
				"east": {"uv": [0, 0, 1, 1], "texture": "#0"},
				"south": {"uv": [0, 0, 1, 1], "texture": "#0"},
				"west": {"uv": [0, 0, 1, 1], "texture": "#0"},
				"up": {"uv": [0, 0, 1, 1], "texture": "#0"},
				"down": {"uv": [0, 0, 1, 1], "texture": "#0"}
			}
		},
		{
			"name": "hexadecagon",
			"from": [1.525, 1.80245, 11.5],
			"to": [1.775, 2.69755, 16],
			"rotation": {"angle": -45, "axis": "x", "origin": [1.65, 2.25, 13.75]},
			"faces": {
				"north": {"uv": [0, 0, 1, 1], "texture": "#0"},
				"east": {"uv": [0, 0, 1, 1], "texture": "#0"},
				"south": {"uv": [0, 0, 1, 1], "texture": "#0"},
				"west": {"uv": [0, 0, 1, 1], "texture": "#0"},
				"up": {"uv": [0, 0, 1, 1], "texture": "#0"},
				"down": {"uv": [0, 0, 1, 1], "texture": "#0"}
			}
		},
		{
			"name": "hexadecagon",
			"from": [1.525, 1.80245, 11.5],
			"to": [1.775, 2.69755, 16],
			"rotation": {"angle": -22.5, "axis": "x", "origin": [1.65, 2.25, 13.75]},
			"faces": {
				"north": {"uv": [0, 0, 1, 1], "texture": "#0"},
				"east": {"uv": [0, 0, 1, 1], "texture": "#0"},
				"south": {"uv": [0, 0, 1, 1], "texture": "#0"},
				"west": {"uv": [0, 0, 1, 1], "texture": "#0"},
				"up": {"uv": [0, 0, 1, 1], "texture": "#0"},
				"down": {"uv": [0, 0, 1, 1], "texture": "#0"}
			}
		},
		{
			"name": "hexadecagon",
			"from": [1.525, 1.80245, 11.5],
			"to": [1.775, 2.69755, 16],
			"rotation": {"angle": 0, "axis": "y", "origin": [1.65, 2.25, 13.75]},
			"faces": {
				"north": {"uv": [0, 0, 1, 1], "texture": "#0"},
				"east": {"uv": [0, 0, 1, 1], "texture": "#0"},
				"south": {"uv": [0, 0, 1, 1], "texture": "#0"},
				"west": {"uv": [0, 0, 1, 1], "texture": "#0"},
				"up": {"uv": [0, 0, 1, 1], "texture": "#0"},
				"down": {"uv": [0, 0, 1, 1], "texture": "#0"}
			}
		},
		{
			"name": "hexadecagon",
			"from": [1.525, 1.80245, 11.5],
			"to": [1.775, 2.69755, 16],
			"rotation": {"angle": 22.5, "axis": "x", "origin": [1.65, 2.25, 13.75]},
			"faces": {
				"north": {"uv": [0, 0, 1, 1], "texture": "#0"},
				"east": {"uv": [0, 0, 1, 1], "texture": "#0"},
				"south": {"uv": [0, 0, 1, 1], "texture": "#0"},
				"west": {"uv": [0, 0, 1, 1], "texture": "#0"},
				"up": {"uv": [0, 0, 1, 1], "texture": "#0"},
				"down": {"uv": [0, 0, 1, 1], "texture": "#0"}
			}
		},
		{
			"name": "hexadecagon",
			"from": [1.525, 1.80245, 11.5],
			"to": [1.775, 2.69755, 16],
			"rotation": {"angle": 45, "axis": "x", "origin": [1.65, 2.25, 13.75]},
			"faces": {
				"north": {"uv": [0, 0, 1, 1], "texture": "#0"},
				"east": {"uv": [0, 0, 1, 1], "texture": "#0"},
				"south": {"uv": [0, 0, 1, 1], "texture": "#0"},
				"west": {"uv": [0, 0, 1, 1], "texture": "#0"},
				"up": {"uv": [0, 0, 1, 1], "texture": "#0"},
				"down": {"uv": [0, 0, 1, 1], "texture": "#0"}
			}
		},
		{
			"name": "hexadecagon",
			"from": [1.525, 0, 13.30245],
			"to": [1.775, 4.5, 14.19755],
			"rotation": {"angle": -22.5, "axis": "x", "origin": [1.65, 2.25, 13.75]},
			"faces": {
				"north": {"uv": [0, 0, 1, 1], "texture": "#0"},
				"east": {"uv": [0, 0, 1, 1], "texture": "#0"},
				"south": {"uv": [0, 0, 1, 1], "texture": "#0"},
				"west": {"uv": [0, 0, 1, 1], "texture": "#0"},
				"up": {"uv": [0, 0, 1, 1], "texture": "#0"},
				"down": {"uv": [0, 0, 1, 1], "texture": "#0"}
			}
		},
		{
			"name": "hexadecagon",
			"from": [1.525, 0, 13.30245],
			"to": [1.775, 4.5, 14.19755],
			"rotation": {"angle": 0, "axis": "y", "origin": [1.65, 2.25, 13.75]},
			"faces": {
				"north": {"uv": [0, 0, 1, 1], "texture": "#0"},
				"east": {"uv": [0, 0, 1, 1], "texture": "#0"},
				"south": {"uv": [0, 0, 1, 1], "texture": "#0"},
				"west": {"uv": [0, 0, 1, 1], "texture": "#0"},
				"up": {"uv": [0, 0, 1, 1], "texture": "#0"},
				"down": {"uv": [0, 0, 1, 1], "texture": "#0"}
			}
		},
		{
			"name": "hexadecagon",
			"from": [1.525, 0, 13.30245],
			"to": [1.775, 4.5, 14.19755],
			"rotation": {"angle": 22.5, "axis": "x", "origin": [1.65, 2.25, 13.75]},
			"faces": {
				"north": {"uv": [0, 0, 1, 1], "texture": "#0"},
				"east": {"uv": [0, 0, 1, 1], "texture": "#0"},
				"south": {"uv": [0, 0, 1, 1], "texture": "#0"},
				"west": {"uv": [0, 0, 1, 1], "texture": "#0"},
				"up": {"uv": [0, 0, 1, 1], "texture": "#0"},
				"down": {"uv": [0, 0, 1, 1], "texture": "#0"}
			}
		},
		{
			"name": "hexadecagon",
			"from": [1.275, 1.85218, 11.75],
			"to": [1.525, 2.64782, 15.75],
			"rotation": {"angle": -45, "axis": "x", "origin": [1.4, 2.25, 13.75]},
			"faces": {
				"north": {"uv": [0, 0, 1, 1], "texture": "#0"},
				"east": {"uv": [0, 0, 1, 1], "texture": "#0"},
				"south": {"uv": [0, 0, 1, 1], "texture": "#0"},
				"west": {"uv": [0, 0, 1, 1], "texture": "#0"},
				"up": {"uv": [0, 0, 1, 1], "texture": "#0"},
				"down": {"uv": [0, 0, 1, 1], "texture": "#0"}
			}
		},
		{
			"name": "hexadecagon",
			"from": [1.275, 1.85218, 11.75],
			"to": [1.525, 2.64782, 15.75],
			"rotation": {"angle": -22.5, "axis": "x", "origin": [1.4, 2.25, 13.75]},
			"faces": {
				"north": {"uv": [0, 0, 1, 1], "texture": "#0"},
				"east": {"uv": [0, 0, 1, 1], "texture": "#0"},
				"south": {"uv": [0, 0, 1, 1], "texture": "#0"},
				"west": {"uv": [0, 0, 1, 1], "texture": "#0"},
				"up": {"uv": [0, 0, 1, 1], "texture": "#0"},
				"down": {"uv": [0, 0, 1, 1], "texture": "#0"}
			}
		},
		{
			"name": "hexadecagon",
			"from": [1.275, 1.85218, 11.75],
			"to": [1.525, 2.64782, 15.75],
			"rotation": {"angle": 0, "axis": "x", "origin": [1.4, 2.25, 13.75]},
			"faces": {
				"north": {"uv": [0, 0, 1, 1], "texture": "#0"},
				"east": {"uv": [0, 0, 1, 1], "texture": "#0"},
				"south": {"uv": [0, 0, 1, 1], "texture": "#0"},
				"west": {"uv": [0, 0, 1, 1], "texture": "#0"},
				"up": {"uv": [0, 0, 1, 1], "texture": "#0"},
				"down": {"uv": [0, 0, 1, 1], "texture": "#0"}
			}
		},
		{
			"name": "hexadecagon",
			"from": [1.275, 1.85218, 11.75],
			"to": [1.525, 2.64782, 15.75],
			"rotation": {"angle": 22.5, "axis": "x", "origin": [1.4, 2.25, 13.75]},
			"faces": {
				"north": {"uv": [0, 0, 1, 1], "texture": "#0"},
				"east": {"uv": [0, 0, 1, 1], "texture": "#0"},
				"south": {"uv": [0, 0, 1, 1], "texture": "#0"},
				"west": {"uv": [0, 0, 1, 1], "texture": "#0"},
				"up": {"uv": [0, 0, 1, 1], "texture": "#0"},
				"down": {"uv": [0, 0, 1, 1], "texture": "#0"}
			}
		},
		{
			"name": "hexadecagon",
			"from": [1.275, 1.85218, 11.75],
			"to": [1.525, 2.64782, 15.75],
			"rotation": {"angle": 45, "axis": "x", "origin": [1.4, 2.25, 13.75]},
			"faces": {
				"north": {"uv": [0, 0, 1, 1], "texture": "#0"},
				"east": {"uv": [0, 0, 1, 1], "texture": "#0"},
				"south": {"uv": [0, 0, 1, 1], "texture": "#0"},
				"west": {"uv": [0, 0, 1, 1], "texture": "#0"},
				"up": {"uv": [0, 0, 1, 1], "texture": "#0"},
				"down": {"uv": [0, 0, 1, 1], "texture": "#0"}
			}
		},
		{
			"name": "hexadecagon",
			"from": [1.275, 0.25, 13.35218],
			"to": [1.525, 4.25, 14.14782],
			"rotation": {"angle": -22.5, "axis": "x", "origin": [1.4, 2.25, 13.75]},
			"faces": {
				"north": {"uv": [0, 0, 1, 1], "texture": "#0"},
				"east": {"uv": [0, 0, 1, 1], "texture": "#0"},
				"south": {"uv": [0, 0, 1, 1], "texture": "#0"},
				"west": {"uv": [0, 0, 1, 1], "texture": "#0"},
				"up": {"uv": [0, 0, 1, 1], "texture": "#0"},
				"down": {"uv": [0, 0, 1, 1], "texture": "#0"}
			}
		},
		{
			"name": "hexadecagon",
			"from": [1.275, 0.25, 13.35218],
			"to": [1.525, 4.25, 14.14782],
			"rotation": {"angle": 0, "axis": "x", "origin": [1.4, 2.25, 13.75]},
			"faces": {
				"north": {"uv": [0, 0, 1, 1], "texture": "#0"},
				"east": {"uv": [0, 0, 1, 1], "texture": "#0"},
				"south": {"uv": [0, 0, 1, 1], "texture": "#0"},
				"west": {"uv": [0, 0, 1, 1], "texture": "#0"},
				"up": {"uv": [0, 0, 1, 1], "texture": "#0"},
				"down": {"uv": [0, 0, 1, 1], "texture": "#0"}
			}
		},
		{
			"name": "hexadecagon",
			"from": [1.275, 0.25, 13.35218],
			"to": [1.525, 4.25, 14.14782],
			"rotation": {"angle": 22.5, "axis": "x", "origin": [1.4, 2.25, 13.75]},
			"faces": {
				"north": {"uv": [0, 0, 1, 1], "texture": "#0"},
				"east": {"uv": [0, 0, 1, 1], "texture": "#0"},
				"south": {"uv": [0, 0, 1, 1], "texture": "#0"},
				"west": {"uv": [0, 0, 1, 1], "texture": "#0"},
				"up": {"uv": [0, 0, 1, 1], "texture": "#0"},
				"down": {"uv": [0, 0, 1, 1], "texture": "#0"}
			}
		},
		{
			"name": "hexadecagon",
			"from": [14.275, 1.85218, 11.75],
			"to": [14.525, 2.64782, 15.75],
			"rotation": {"angle": -45, "axis": "x", "origin": [14.4, 2.25, 13.75]},
			"faces": {
				"north": {"uv": [0, 0, 1, 1], "texture": "#0"},
				"east": {"uv": [0, 0, 1, 1], "texture": "#0"},
				"south": {"uv": [0, 0, 1, 1], "texture": "#0"},
				"west": {"uv": [0, 0, 1, 1], "texture": "#0"},
				"up": {"uv": [0, 0, 1, 1], "texture": "#0"},
				"down": {"uv": [0, 0, 1, 1], "texture": "#0"}
			}
		},
		{
			"name": "hexadecagon",
			"from": [14.275, 1.85218, 11.75],
			"to": [14.525, 2.64782, 15.75],
			"rotation": {"angle": -22.5, "axis": "x", "origin": [14.4, 2.25, 13.75]},
			"faces": {
				"north": {"uv": [0, 0, 1, 1], "texture": "#0"},
				"east": {"uv": [0, 0, 1, 1], "texture": "#0"},
				"south": {"uv": [0, 0, 1, 1], "texture": "#0"},
				"west": {"uv": [0, 0, 1, 1], "texture": "#0"},
				"up": {"uv": [0, 0, 1, 1], "texture": "#0"},
				"down": {"uv": [0, 0, 1, 1], "texture": "#0"}
			}
		},
		{
			"name": "hexadecagon",
			"from": [14.275, 1.85218, 11.75],
			"to": [14.525, 2.64782, 15.75],
			"rotation": {"angle": 0, "axis": "y", "origin": [14.4, 2.25, 13.75]},
			"faces": {
				"north": {"uv": [0, 0, 1, 1], "texture": "#0"},
				"east": {"uv": [0, 0, 1, 1], "texture": "#0"},
				"south": {"uv": [0, 0, 1, 1], "texture": "#0"},
				"west": {"uv": [0, 0, 1, 1], "texture": "#0"},
				"up": {"uv": [0, 0, 1, 1], "texture": "#0"},
				"down": {"uv": [0, 0, 1, 1], "texture": "#0"}
			}
		},
		{
			"name": "hexadecagon",
			"from": [14.275, 1.85218, 11.75],
			"to": [14.525, 2.64782, 15.75],
			"rotation": {"angle": 22.5, "axis": "x", "origin": [14.4, 2.25, 13.75]},
			"faces": {
				"north": {"uv": [0, 0, 1, 1], "texture": "#0"},
				"east": {"uv": [0, 0, 1, 1], "texture": "#0"},
				"south": {"uv": [0, 0, 1, 1], "texture": "#0"},
				"west": {"uv": [0, 0, 1, 1], "texture": "#0"},
				"up": {"uv": [0, 0, 1, 1], "texture": "#0"},
				"down": {"uv": [0, 0, 1, 1], "texture": "#0"}
			}
		},
		{
			"name": "hexadecagon",
			"from": [14.275, 1.85218, 11.75],
			"to": [14.525, 2.64782, 15.75],
			"rotation": {"angle": 45, "axis": "x", "origin": [14.4, 2.25, 13.75]},
			"faces": {
				"north": {"uv": [0, 0, 1, 1], "texture": "#0"},
				"east": {"uv": [0, 0, 1, 1], "texture": "#0"},
				"south": {"uv": [0, 0, 1, 1], "texture": "#0"},
				"west": {"uv": [0, 0, 1, 1], "texture": "#0"},
				"up": {"uv": [0, 0, 1, 1], "texture": "#0"},
				"down": {"uv": [0, 0, 1, 1], "texture": "#0"}
			}
		},
		{
			"name": "hexadecagon",
			"from": [14.275, 0.25, 13.35218],
			"to": [14.525, 4.25, 14.14782],
			"rotation": {"angle": -22.5, "axis": "x", "origin": [14.4, 2.25, 13.75]},
			"faces": {
				"north": {"uv": [0, 0, 1, 1], "texture": "#0"},
				"east": {"uv": [0, 0, 1, 1], "texture": "#0"},
				"south": {"uv": [0, 0, 1, 1], "texture": "#0"},
				"west": {"uv": [0, 0, 1, 1], "texture": "#0"},
				"up": {"uv": [0, 0, 1, 1], "texture": "#0"},
				"down": {"uv": [0, 0, 1, 1], "texture": "#0"}
			}
		},
		{
			"name": "hexadecagon",
			"from": [14.275, 0.25, 13.35218],
			"to": [14.525, 4.25, 14.14782],
			"rotation": {"angle": 0, "axis": "y", "origin": [14.4, 2.25, 13.75]},
			"faces": {
				"north": {"uv": [0, 0, 1, 1], "texture": "#0"},
				"east": {"uv": [0, 0, 1, 1], "texture": "#0"},
				"south": {"uv": [0, 0, 1, 1], "texture": "#0"},
				"west": {"uv": [0, 0, 1, 1], "texture": "#0"},
				"up": {"uv": [0, 0, 1, 1], "texture": "#0"},
				"down": {"uv": [0, 0, 1, 1], "texture": "#0"}
			}
		},
		{
			"name": "hexadecagon",
			"from": [14.275, 0.25, 13.35218],
			"to": [14.525, 4.25, 14.14782],
			"rotation": {"angle": 22.5, "axis": "x", "origin": [14.4, 2.25, 13.75]},
			"faces": {
				"north": {"uv": [0, 0, 1, 1], "texture": "#0"},
				"east": {"uv": [0, 0, 1, 1], "texture": "#0"},
				"south": {"uv": [0, 0, 1, 1], "texture": "#0"},
				"west": {"uv": [0, 0, 1, 1], "texture": "#0"},
				"up": {"uv": [0, 0, 1, 1], "texture": "#0"},
				"down": {"uv": [0, 0, 1, 1], "texture": "#0"}
			}
		},
		{
			"from": [2.4, 1.5, -0.75],
			"to": [13.65, 3, 16.75],
			"rotation": {"angle": 0, "axis": "y", "origin": [-0.1, 0, 0]},
			"faces": {
				"north": {"uv": [0, 0, 7.75, 4], "texture": "#4"},
				"east": {"uv": [0, 0, 10, 4], "texture": "#4"},
				"south": {"uv": [0, 0, 7.75, 4], "texture": "#4"},
				"west": {"uv": [0, 0, 10, 4], "texture": "#4"},
				"up": {"uv": [0, 0, 7.75, 10], "texture": "#4"},
				"down": {"uv": [0, 0, 7.75, 10], "texture": "#4"}
			}
		},
		{
			"from": [3.15, 5.75, 7.5],
			"to": [6.9, 6.5, 11.25],
			"rotation": {"angle": 0, "axis": "y", "origin": [-0.1, 0, 0]},
			"faces": {
				"north": {"uv": [0, 0, 7.75, 4], "texture": "#4"},
				"east": {"uv": [0, 0, 10, 4], "texture": "#4"},
				"south": {"uv": [0, 0, 7.75, 4], "texture": "#4"},
				"west": {"uv": [0, 0, 10, 4], "texture": "#4"},
				"up": {"uv": [0, 0, 7.75, 10], "texture": "#4"},
				"down": {"uv": [0, 0, 7.75, 10], "texture": "#4"}
			}
		},
		{
			"from": [6.9, 3, 5.75],
			"to": [9.15, 5, 15.5],
			"rotation": {"angle": 0, "axis": "y", "origin": [-0.1, 0, 0]},
			"faces": {
				"north": {"uv": [0, 0, 7.75, 4], "texture": "#2"},
				"east": {"uv": [0, 0, 10, 4], "texture": "#2"},
				"south": {"uv": [0, 0, 7.75, 4], "texture": "#2"},
				"west": {"uv": [0, 0, 10, 4], "texture": "#2"},
				"up": {"uv": [0, 0, 7.75, 10], "texture": "#2"},
				"down": {"uv": [0, 0, 7.75, 10], "texture": "#2"}
			}
		},
		{
			"from": [0.9, 5.75, 14],
			"to": [15.15, 6.25, 16.75],
			"rotation": {"angle": 0, "axis": "y", "origin": [-0.1, 0, 0]},
			"faces": {
				"north": {"uv": [0, 0, 7.75, 4], "texture": "#4"},
				"east": {"uv": [0, 0, 10, 4], "texture": "#4"},
				"south": {"uv": [0, 0, 7.75, 4], "texture": "#4"},
				"west": {"uv": [0, 0, 10, 4], "texture": "#4"},
				"up": {"uv": [0, 0, 7.75, 10], "texture": "#4"},
				"down": {"uv": [0, 0, 7.75, 10], "texture": "#4"}
			}
		},
		{
			"from": [9.65, 3, 8],
			"to": [12.4, 5.75, 10.75],
			"rotation": {"angle": 0, "axis": "y", "origin": [-0.1, 0, 0]},
			"faces": {
				"north": {"uv": [0, 0, 7.75, 4], "texture": "#4"},
				"east": {"uv": [0, 0, 10, 4], "texture": "#4"},
				"south": {"uv": [0, 0, 7.75, 4], "texture": "#4"},
				"west": {"uv": [0, 0, 10, 4], "texture": "#4"},
				"up": {"uv": [0, 0, 7.75, 10], "texture": "#4"},
				"down": {"uv": [0, 0, 7.75, 10], "texture": "#4"}
			}
		},
		{
			"from": [3.65, 3, 8],
			"to": [6.4, 5.75, 10.75],
			"rotation": {"angle": 0, "axis": "y", "origin": [-0.1, 0, 0]},
			"faces": {
				"north": {"uv": [0, 0, 7.75, 4], "texture": "#4"},
				"east": {"uv": [0, 0, 10, 4], "texture": "#4"},
				"south": {"uv": [0, 0, 7.75, 4], "texture": "#4"},
				"west": {"uv": [0, 0, 10, 4], "texture": "#4"},
				"up": {"uv": [0, 0, 7.75, 10], "texture": "#4"},
				"down": {"uv": [0, 0, 7.75, 10], "texture": "#4"}
			}
		},
		{
			"from": [3.15, 5.75, 11.25],
			"to": [6.9, 11.25, 11.75],
			"rotation": {"angle": 0, "axis": "y", "origin": [-0.1, 0, 0]},
			"faces": {
				"north": {"uv": [0, 0, 7.75, 4], "texture": "#4"},
				"east": {"uv": [0, 0, 10, 4], "texture": "#4"},
				"south": {"uv": [0, 0, 7.75, 4], "texture": "#4"},
				"west": {"uv": [0, 0, 10, 4], "texture": "#4"},
				"up": {"uv": [0, 0, 7.75, 10], "texture": "#4"},
				"down": {"uv": [0, 0, 7.75, 10], "texture": "#4"}
			}
		},
		{
			"from": [9.15, 5.75, 7.5],
			"to": [12.9, 6.5, 11.25],
			"rotation": {"angle": 0, "axis": "y", "origin": [-0.1, 0, 0]},
			"faces": {
				"north": {"uv": [0, 0, 7.75, 4], "texture": "#4"},
				"east": {"uv": [0, 0, 10, 4], "texture": "#4"},
				"south": {"uv": [0, 0, 7.75, 4], "texture": "#4"},
				"west": {"uv": [0, 0, 10, 4], "texture": "#4"},
				"up": {"uv": [0, 0, 7.75, 10], "texture": "#4"},
				"down": {"uv": [0, 0, 7.75, 10], "texture": "#4"}
			}
		},
		{
			"from": [9.15, 5.75, 11.25],
			"to": [12.9, 11.25, 11.75],
			"rotation": {"angle": 0, "axis": "y", "origin": [-0.1, 0, 0]},
			"faces": {
				"north": {"uv": [0, 0, 7.75, 4], "texture": "#4"},
				"east": {"uv": [0, 0, 10, 4], "texture": "#4"},
				"south": {"uv": [0, 0, 7.75, 4], "texture": "#4"},
				"west": {"uv": [0, 0, 10, 4], "texture": "#4"},
				"up": {"uv": [0, 0, 7.75, 10], "texture": "#4"},
				"down": {"uv": [0, 0, 7.75, 10], "texture": "#4"}
			}
		},
		{
			"from": [13.15, 3, 10.75],
			"to": [13.65, 4.75, 16.75],
			"rotation": {"angle": 0, "axis": "y", "origin": [-0.1, 0, 0]},
			"faces": {
				"north": {"uv": [0, 0, 7.75, 4], "texture": "#4"},
				"east": {"uv": [0, 0, 10, 4], "texture": "#4"},
				"south": {"uv": [0, 0, 7.75, 4], "texture": "#4"},
				"west": {"uv": [0, 0, 10, 4], "texture": "#4"},
				"up": {"uv": [0, 0, 7.75, 10], "texture": "#4"},
				"down": {"uv": [0, 0, 7.75, 10], "texture": "#4"}
			}
		},
		{
			"from": [13.65, 1.5, 16.25],
			"to": [15.15, 4.75, 16.75],
			"rotation": {"angle": 0, "axis": "y", "origin": [-0.1, 0, 0]},
			"faces": {
				"north": {"uv": [0, 0, 7.75, 4], "texture": "#4"},
				"east": {"uv": [0, 0, 10, 4], "texture": "#4"},
				"south": {"uv": [0, 0, 7.75, 4], "texture": "#4"},
				"west": {"uv": [0, 0, 10, 4], "texture": "#4"},
				"up": {"uv": [0, 0, 7.75, 10], "texture": "#4"},
				"down": {"uv": [0, 0, 7.75, 10], "texture": "#4"}
			}
		},
		{
			"from": [13.65, 1.5, 10.75],
			"to": [15.15, 4.75, 11.25],
			"rotation": {"angle": 0, "axis": "y", "origin": [-0.1, 0, 0]},
			"faces": {
				"north": {"uv": [0, 0, 7.75, 4], "texture": "#4"},
				"east": {"uv": [0, 0, 10, 4], "texture": "#4"},
				"south": {"uv": [0, 0, 7.75, 4], "texture": "#4"},
				"west": {"uv": [0, 0, 10, 4], "texture": "#4"},
				"up": {"uv": [0, 0, 7.75, 10], "texture": "#4"},
				"down": {"uv": [0, 0, 7.75, 10], "texture": "#4"}
			}
		},
		{
			"from": [13.15, 4.75, -0.75],
			"to": [15.15, 5, 5.25],
			"rotation": {"angle": 0, "axis": "y", "origin": [-0.1, 0, 0]},
			"faces": {
				"north": {"uv": [0, 0, 7.75, 4], "texture": "#4"},
				"east": {"uv": [0, 0, 10, 4], "texture": "#4"},
				"south": {"uv": [0, 0, 7.75, 4], "texture": "#4"},
				"west": {"uv": [0, 0, 10, 4], "texture": "#4"},
				"up": {"uv": [0, 0, 7.75, 10], "texture": "#4"},
				"down": {"uv": [0, 0, 7.75, 10], "texture": "#4"}
			}
		},
		{
			"from": [13.65, 1.5, 4.75],
			"to": [15.15, 4.75, 5.25],
			"rotation": {"angle": 0, "axis": "y", "origin": [-0.1, 0, 0]},
			"faces": {
				"north": {"uv": [0, 0, 7.75, 4], "texture": "#4"},
				"east": {"uv": [0, 0, 10, 4], "texture": "#4"},
				"south": {"uv": [0, 0, 7.75, 4], "texture": "#4"},
				"west": {"uv": [0, 0, 10, 4], "texture": "#4"},
				"up": {"uv": [0, 0, 7.75, 10], "texture": "#4"},
				"down": {"uv": [0, 0, 7.75, 10], "texture": "#4"}
			}
		},
		{
			"from": [13.15, 3, -0.75],
			"to": [13.65, 4.75, 5.25],
			"rotation": {"angle": 0, "axis": "y", "origin": [-0.1, 0, 0]},
			"faces": {
				"north": {"uv": [0, 0, 7.75, 4], "texture": "#4"},
				"east": {"uv": [0, 0, 10, 4], "texture": "#4"},
				"south": {"uv": [0, 0, 7.75, 4], "texture": "#4"},
				"west": {"uv": [0, 0, 10, 4], "texture": "#4"},
				"up": {"uv": [0, 0, 7.75, 10], "texture": "#4"},
				"down": {"uv": [0, 0, 7.75, 10], "texture": "#4"}
			}
		},
		{
			"from": [10.15, 3, 0],
			"to": [10.9, 9, 0.75],
			"rotation": {"angle": 0, "axis": "y", "origin": [-0.1, 0, 0]},
			"faces": {
				"north": {"uv": [0, 0, 7.75, 4], "texture": "#4"},
				"east": {"uv": [0, 0, 10, 4], "texture": "#4"},
				"south": {"uv": [0, 0, 7.75, 4], "texture": "#4"},
				"west": {"uv": [0, 0, 10, 4], "texture": "#4"},
				"up": {"uv": [0, 0, 7.75, 10], "texture": "#4"},
				"down": {"uv": [0, 0, 7.75, 10], "texture": "#4"}
			}
		},
		{
			"from": [5.15, 9, 0],
			"to": [10.9, 9.75, 0.75],
			"rotation": {"angle": 0, "axis": "y", "origin": [-0.1, 0, 0]},
			"faces": {
				"north": {"uv": [0, 0, 7.75, 4], "texture": "#4"},
				"east": {"uv": [0, 0, 10, 4], "texture": "#4"},
				"south": {"uv": [0, 0, 7.75, 4], "texture": "#4"},
				"west": {"uv": [0, 0, 10, 4], "texture": "#4"},
				"up": {"uv": [0, 0, 7.75, 10], "texture": "#4"},
				"down": {"uv": [0, 0, 7.75, 10], "texture": "#4"}
			}
		},
		{
			"from": [0.9, 7.5, 16],
			"to": [15.15, 8.25, 16.75],
			"rotation": {"angle": 0, "axis": "y", "origin": [-0.1, 0, 0]},
			"faces": {
				"north": {"uv": [0, 0, 7.75, 4], "texture": "#4"},
				"east": {"uv": [0, 0, 10, 4], "texture": "#4"},
				"south": {"uv": [0, 0, 7.75, 4], "texture": "#4"},
				"west": {"uv": [0, 0, 10, 4], "texture": "#4"},
				"up": {"uv": [0, 0, 7.75, 10], "texture": "#4"},
				"down": {"uv": [0, 0, 7.75, 10], "texture": "#4"}
			}
		},
		{
			"from": [14.4, 7.5, 14],
			"to": [15.15, 8.25, 16],
			"rotation": {"angle": 0, "axis": "y", "origin": [-0.1, 0, 0]},
			"faces": {
				"north": {"uv": [0, 0, 7.75, 4], "texture": "#4"},
				"east": {"uv": [0, 0, 10, 4], "texture": "#4"},
				"south": {"uv": [0, 0, 7.75, 4], "texture": "#4"},
				"west": {"uv": [0, 0, 10, 4], "texture": "#4"},
				"up": {"uv": [0, 0, 7.75, 10], "texture": "#4"},
				"down": {"uv": [0, 0, 7.75, 10], "texture": "#4"}
			}
		},
		{
			"from": [0.9, 7.5, 14],
			"to": [1.65, 8.25, 16],
			"rotation": {"angle": 0, "axis": "y", "origin": [-13.6, 0, 0]},
			"faces": {
				"north": {"uv": [0, 0, 7.75, 4], "texture": "#4"},
				"east": {"uv": [0, 0, 10, 4], "texture": "#4"},
				"south": {"uv": [0, 0, 7.75, 4], "texture": "#4"},
				"west": {"uv": [0, 0, 10, 4], "texture": "#4"},
				"up": {"uv": [0, 0, 7.75, 10], "texture": "#4"},
				"down": {"uv": [0, 0, 7.75, 10], "texture": "#4"}
			}
		},
		{
			"from": [14.65, 6.25, 14.75],
			"to": [15.15, 7.5, 15.25],
			"rotation": {"angle": 0, "axis": "y", "origin": [-0.1, 0, 0]},
			"faces": {
				"north": {"uv": [0, 0, 7.75, 4], "texture": "#4"},
				"east": {"uv": [0, 0, 10, 4], "texture": "#4"},
				"south": {"uv": [0, 0, 7.75, 4], "texture": "#4"},
				"west": {"uv": [0, 0, 10, 4], "texture": "#4"},
				"up": {"uv": [0, 0, 7.75, 10], "texture": "#4"},
				"down": {"uv": [0, 0, 7.75, 10], "texture": "#4"}
			}
		},
		{
			"from": [0.9, 6.25, 14.75],
			"to": [1.4, 7.5, 15.25],
			"rotation": {"angle": 0, "axis": "y", "origin": [-13.6, 0, 0]},
			"faces": {
				"north": {"uv": [0, 0, 7.75, 4], "texture": "#4"},
				"east": {"uv": [0, 0, 10, 4], "texture": "#4"},
				"south": {"uv": [0, 0, 7.75, 4], "texture": "#4"},
				"west": {"uv": [0, 0, 10, 4], "texture": "#4"},
				"up": {"uv": [0, 0, 7.75, 10], "texture": "#4"},
				"down": {"uv": [0, 0, 7.75, 10], "texture": "#4"}
			}
		},
		{
			"from": [7.15, 5.5, 4.25],
			"to": [7.65, 12.25, 4.75],
			"rotation": {"angle": 22.5, "axis": "x", "origin": [-13.6, 0, 0]},
			"faces": {
				"north": {"uv": [0, 0, 7.75, 4], "texture": "#4"},
				"east": {"uv": [0, 0, 10, 4], "texture": "#4"},
				"south": {"uv": [0, 0, 7.75, 4], "texture": "#4"},
				"west": {"uv": [0, 0, 10, 4], "texture": "#4"},
				"up": {"uv": [0, 0, 7.75, 10], "texture": "#4"},
				"down": {"uv": [0, 0, 7.75, 10], "texture": "#4"}
			}
		},
		{
			"from": [5.15, 3, 0],
			"to": [5.9, 9, 0.75],
			"rotation": {"angle": 0, "axis": "y", "origin": [-0.1, 0, 0]},
			"faces": {
				"north": {"uv": [0, 0, 7.75, 4], "texture": "#4"},
				"east": {"uv": [0, 0, 10, 4], "texture": "#4"},
				"south": {"uv": [0, 0, 7.75, 4], "texture": "#4"},
				"west": {"uv": [0, 0, 10, 4], "texture": "#4"},
				"up": {"uv": [0, 0, 7.75, 10], "texture": "#4"},
				"down": {"uv": [0, 0, 7.75, 10], "texture": "#4"}
			}
		},
		{
			"from": [13.65, 1.5, -0.75],
			"to": [15.15, 4.75, -0.25],
			"rotation": {"angle": 0, "axis": "y", "origin": [-0.1, 0, 0]},
			"faces": {
				"north": {"uv": [0, 0, 7.75, 4], "texture": "#4"},
				"east": {"uv": [0, 0, 10, 4], "texture": "#4"},
				"south": {"uv": [0, 0, 7.75, 4], "texture": "#4"},
				"west": {"uv": [0, 0, 10, 4], "texture": "#4"},
				"up": {"uv": [0, 0, 7.75, 10], "texture": "#4"},
				"down": {"uv": [0, 0, 7.75, 10], "texture": "#4"}
			}
		},
		{
			"from": [0.9, 1.5, 16.25],
			"to": [2.4, 4.75, 16.75],
			"rotation": {"angle": 0, "axis": "y", "origin": [-0.1, 0, 0]},
			"faces": {
				"north": {"uv": [0, 0, 7.75, 4], "texture": "#4"},
				"east": {"uv": [0, 0, 10, 4], "texture": "#4"},
				"south": {"uv": [0, 0, 7.75, 4], "texture": "#4"},
				"west": {"uv": [0, 0, 10, 4], "texture": "#4"},
				"up": {"uv": [0, 0, 7.75, 10], "texture": "#4"},
				"down": {"uv": [0, 0, 7.75, 10], "texture": "#4"}
			}
		},
		{
			"from": [0.9, 4.75, 10.75],
			"to": [2.9, 5, 16.75],
			"rotation": {"angle": 0, "axis": "y", "origin": [-0.1, 0, 0]},
			"faces": {
				"north": {"uv": [0, 0, 7.75, 4], "texture": "#4"},
				"east": {"uv": [0, 0, 10, 4], "texture": "#4"},
				"south": {"uv": [0, 0, 7.75, 4], "texture": "#4"},
				"west": {"uv": [0, 0, 10, 4], "texture": "#4"},
				"up": {"uv": [0, 0, 7.75, 10], "texture": "#4"},
				"down": {"uv": [0, 0, 7.75, 10], "texture": "#4"}
			}
		},
		{
			"from": [2.4, 3, 10.75],
			"to": [2.9, 4.75, 16.75],
			"rotation": {"angle": 0, "axis": "y", "origin": [-0.1, 0, 0]},
			"faces": {
				"north": {"uv": [0, 0, 7.75, 4], "texture": "#4"},
				"east": {"uv": [0, 0, 10, 4], "texture": "#4"},
				"south": {"uv": [0, 0, 7.75, 4], "texture": "#4"},
				"west": {"uv": [0, 0, 10, 4], "texture": "#4"},
				"up": {"uv": [0, 0, 7.75, 10], "texture": "#4"},
				"down": {"uv": [0, 0, 7.75, 10], "texture": "#4"}
			}
		},
		{
			"from": [0.9, 1.5, 10.75],
			"to": [2.4, 4.75, 11.25],
			"rotation": {"angle": 0, "axis": "y", "origin": [-0.1, 0, 0]},
			"faces": {
				"north": {"uv": [0, 0, 7.75, 4], "texture": "#4"},
				"east": {"uv": [0, 0, 10, 4], "texture": "#4"},
				"south": {"uv": [0, 0, 7.75, 4], "texture": "#4"},
				"west": {"uv": [0, 0, 10, 4], "texture": "#4"},
				"up": {"uv": [0, 0, 7.75, 10], "texture": "#4"},
				"down": {"uv": [0, 0, 7.75, 10], "texture": "#4"}
			}
		},
		{
			"from": [0.9, 4.75, -0.75],
			"to": [2.9, 5, 5.25],
			"rotation": {"angle": 0, "axis": "y", "origin": [-0.1, 0, 0]},
			"faces": {
				"north": {"uv": [0, 0, 7.75, 4], "texture": "#4"},
				"east": {"uv": [0, 0, 10, 4], "texture": "#4"},
				"south": {"uv": [0, 0, 7.75, 4], "texture": "#4"},
				"west": {"uv": [0, 0, 10, 4], "texture": "#4"},
				"up": {"uv": [0, 0, 7.75, 10], "texture": "#4"},
				"down": {"uv": [0, 0, 7.75, 10], "texture": "#4"}
			}
		},
		{
			"from": [0.9, 1.5, 4.75],
			"to": [2.4, 4.75, 5.25],
			"rotation": {"angle": 0, "axis": "y", "origin": [-0.1, 0, 0]},
			"faces": {
				"north": {"uv": [0, 0, 7.75, 4], "texture": "#4"},
				"east": {"uv": [0, 0, 10, 4], "texture": "#4"},
				"south": {"uv": [0, 0, 7.75, 4], "texture": "#4"},
				"west": {"uv": [0, 0, 10, 4], "texture": "#4"},
				"up": {"uv": [0, 0, 7.75, 10], "texture": "#4"},
				"down": {"uv": [0, 0, 7.75, 10], "texture": "#4"}
			}
		},
		{
			"from": [2.4, 3, -0.75],
			"to": [2.9, 4.75, 5.25],
			"rotation": {"angle": 0, "axis": "y", "origin": [-0.1, 0, 0]},
			"faces": {
				"north": {"uv": [0, 0, 7.75, 4], "texture": "#4"},
				"east": {"uv": [0, 0, 10, 4], "texture": "#4"},
				"south": {"uv": [0, 0, 7.75, 4], "texture": "#4"},
				"west": {"uv": [0, 0, 10, 4], "texture": "#4"},
				"up": {"uv": [0, 0, 7.75, 10], "texture": "#4"},
				"down": {"uv": [0, 0, 7.75, 10], "texture": "#4"}
			}
		},
		{
			"from": [0.9, 1.5, -0.75],
			"to": [2.4, 4.75, -0.25],
			"rotation": {"angle": 0, "axis": "y", "origin": [-0.1, 0, 0]},
			"faces": {
				"north": {"uv": [0, 0, 7.75, 4], "texture": "#4"},
				"east": {"uv": [0, 0, 10, 4], "texture": "#4"},
				"south": {"uv": [0, 0, 7.75, 4], "texture": "#4"},
				"west": {"uv": [0, 0, 10, 4], "texture": "#4"},
				"up": {"uv": [0, 0, 7.75, 10], "texture": "#4"},
				"down": {"uv": [0, 0, 7.75, 10], "texture": "#4"}
			}
		},
		{
			"from": [13.15, 4.75, 10.75],
			"to": [15.15, 5, 16.75],
			"rotation": {"angle": 0, "axis": "y", "origin": [-0.1, 0, 0]},
			"faces": {
				"north": {"uv": [0, 0, 7.75, 4], "texture": "#4"},
				"east": {"uv": [0, 0, 10, 4], "texture": "#4"},
				"south": {"uv": [0, 0, 7.75, 4], "texture": "#4"},
				"west": {"uv": [0, 0, 10, 4], "texture": "#4"},
				"up": {"uv": [0, 0, 7.75, 10], "texture": "#4"},
				"down": {"uv": [0, 0, 7.75, 10], "texture": "#4"}
			}
		},
		{
			"from": [1.4, 5, 15],
			"to": [2.4, 5.75, 16],
			"rotation": {"angle": 0, "axis": "y", "origin": [-0.1, 0, 0]},
			"faces": {
				"north": {"uv": [0, 0, 7.75, 4], "texture": "#4"},
				"east": {"uv": [0, 0, 10, 4], "texture": "#4"},
				"south": {"uv": [0, 0, 7.75, 4], "texture": "#4"},
				"west": {"uv": [0, 0, 10, 4], "texture": "#4"},
				"up": {"uv": [0, 0, 7.75, 10], "texture": "#4"},
				"down": {"uv": [0, 0, 7.75, 10], "texture": "#4"}
			}
		},
		{
			"from": [13.65, 5, 15],
			"to": [14.65, 5.75, 16],
			"rotation": {"angle": 0, "axis": "y", "origin": [-0.1, 0, 0]},
			"faces": {
				"north": {"uv": [0, 0, 7.75, 4], "texture": "#4"},
				"east": {"uv": [0, 0, 10, 4], "texture": "#4"},
				"south": {"uv": [0, 0, 7.75, 4], "texture": "#4"},
				"west": {"uv": [0, 0, 10, 4], "texture": "#4"},
				"up": {"uv": [0, 0, 7.75, 10], "texture": "#4"},
				"down": {"uv": [0, 0, 7.75, 10], "texture": "#4"}
			}
		}
	],
	"display": {
		"head": {
			"translation": [0, -0.75, 0],
			"scale": [3.5, 3.5, 3.5]
		}
	},
	"groups": [
		{
			"name": "bogie1",
			"origin": [8, 8, 8],
			"color": 0,
			"children": [
				0,
				1,
				2,
				3,
				4,
				5,
				6,
				7,
				{
					"name": "wheel1f",
					"origin": [8, 8, 8],
					"color": 0,
					"children": [8, 9, 10, 11, 12, 13, 14, 15]
				},
				{
					"name": "wheel1rear",
					"origin": [8, 8, 8],
					"color": 0,
					"children": [16, 17, 18, 19, 20, 21, 22, 23]
				},
				{
					"name": "small1",
					"origin": [8, 8, 8],
					"color": 0,
					"children": [24, 25, 26, 27, 28, 29, 30, 31]
				},
				{
					"name": "small1",
					"origin": [8, 8, 8],
					"color": 0,
					"children": [32, 33, 34, 35, 36, 37, 38, 39]
				}
			]
		},
		{
			"name": "bogie2",
			"origin": [8, 8, 8],
			"color": 0,
			"children": [
				40,
				41,
				42,
				43,
				44,
				45,
				46,
				47,
				{
					"name": "wheel2f",
					"origin": [8, 8, 8],
					"color": 0,
					"children": [48, 49, 50, 51, 52, 53, 54, 55]
				},
				{
					"name": "wheel2rear",
					"origin": [8, 8, 8],
					"color": 0,
					"children": [56, 57, 58, 59, 60, 61, 62, 63]
				},
				{
					"name": "small2",
					"origin": [8, 8, 8],
					"color": 0,
					"children": [64, 65, 66, 67, 68, 69, 70, 71]
				},
				{
					"name": "small2",
					"origin": [8, 8, 8],
					"color": 0,
					"children": [72, 73, 74, 75, 76, 77, 78, 79]
				}
			]
		},
		80,
		81,
		82,
		83,
		84,
		85,
		86,
		87,
		88,
		89,
		90,
		91,
		92,
		93,
		94,
		95,
		96,
		97,
		98,
		99,
		100,
		101,
		102,
		103,
		104,
		105,
		106,
		107,
		108,
		109,
		110,
		111,
		112,
		113,
		114,
		115
	]
}