{
	"credit": "Made with Blockbench",
	"textures": {
		"0": "block/light_gray_concrete_powder",
		"1": "block/red_concrete_powder",
		"2": "block/gray_concrete",
		"3": "block/light_gray_concrete",
		"4": "block/white_concrete",
		"5": "block/mrt/mrta_op_white_concrete",
		"6": "block/lime_concrete",
		"7": "block/cyan_concrete",
		"8": "block/black_concrete",
		"9": "block/mrt/danger_black_concrete",
		"10": "block/glass",
		"11": "block/sea_lantern",
		"12": "block/quartz_block_bottom",
		"13": "block/yellow_concrete",
		"14": "block/gray_wool",
		"15": "block/mrt/konno_quartz_block_buttom",
		"16": "block/black_wool",
		"particle": "block/light_gray_concrete_powder"
	},
	"elements": [
		{
			"from": [0, 3, -16],
			"to": [16, 5, -3],
			"faces": {
				"north": {"uv": [0, 0, 16, 1.5], "texture": "#4"},
				"east": {"uv": [0, 0, 16, 1.5], "texture": "#4"},
				"south": {"uv": [0, 0, 16, 1.5], "texture": "#missing"},
				"west": {"uv": [0, 0, 16, 1.5], "texture": "#4"},
				"up": {"uv": [0, 0, 16, 10], "texture": "#1"},
				"down": {"uv": [0, 0, 16, 16], "texture": "#3"}
			}
		},
		{
			"from": [0, 3, -3],
			"to": [16, 5, 30],
			"faces": {
				"north": {"uv": [0, 0, 16, 1.5], "texture": "#missing"},
				"east": {"uv": [0, 0, 16, 1.5], "texture": "#4"},
				"south": {"uv": [0, 0, 16, 1.5], "texture": "#4"},
				"west": {"uv": [0, 0, 16, 1.5], "texture": "#4"},
				"up": {"uv": [0, 0, 6, 16], "texture": "#0"},
				"down": {"uv": [0, 0, 16, 16], "texture": "#3"}
			}
		},
		{
			"from": [2.75, 1, -16],
			"to": [13.25, 3, 10.5],
			"faces": {
				"north": {"uv": [0, 0, 16, 1.5], "texture": "#2"},
				"east": {"uv": [0, 0, 16, 1.5], "texture": "#2"},
				"south": {"uv": [0, 0, 16, 1.5], "texture": "#2"},
				"west": {"uv": [0, 0, 16, 1.5], "texture": "#2"},
				"up": {"uv": [0, 0, 6, 16], "texture": "#missing"},
				"down": {"uv": [0, 0, 16, 16], "texture": "#2"}
			}
		},
		{
			"from": [15, 18.75, -16],
			"to": [16, 19.75, 30],
			"faces": {
				"north": {"uv": [0, 0, 1, 1], "texture": "#7"},
				"east": {"uv": [0, 0, 16, 1], "texture": "#7"},
				"south": {"uv": [0, 0, 1, 1], "texture": "#7"},
				"west": {"uv": [0, 0, 16, 1], "texture": "#12"},
				"up": {"uv": [0, 0, 1, 16], "texture": "#missing"},
				"down": {"uv": [0, 0, 1, 16], "texture": "#missing"}
			}
		},
		{
			"from": [0, 18.75, -16],
			"to": [1, 19.75, 30],
			"faces": {
				"north": {"uv": [0, 0, 1, 1], "texture": "#7"},
				"east": {"uv": [0, 0, 16, 1], "texture": "#12"},
				"south": {"uv": [0, 0, 1, 1], "texture": "#7"},
				"west": {"uv": [0, 0, 16, 1], "texture": "#7"},
				"up": {"uv": [0, 0, 1, 16], "texture": "#missing"},
				"down": {"uv": [0, 0, 1, 16], "texture": "#missing"}
			}
		},
		{
			"from": [13, 19.55, -16],
			"to": [14, 19.75, 30],
			"rotation": {"angle": 0, "axis": "y", "origin": [10.5, 0, 0]},
			"faces": {
				"north": {"uv": [0, 0, 1, 0.2], "texture": "#7"},
				"east": {"uv": [0, 0, 16, 0.2], "texture": "#missing"},
				"south": {"uv": [0, 0, 1, 0.2], "texture": "#7"},
				"west": {"uv": [0, 0, 16, 0.2], "texture": "#3"},
				"up": {"uv": [0, 0, 1, 16], "texture": "#missing"},
				"down": {"uv": [5, 6, 10.75, 11], "texture": "#11"}
			}
		},
		{
			"from": [2, 19.55, -16],
			"to": [3, 19.75, 30],
			"rotation": {"angle": 0, "axis": "y", "origin": [-0.5, 0, 0]},
			"faces": {
				"north": {"uv": [0, 0, 1, 0.2], "texture": "#7"},
				"east": {"uv": [0, 0, 16, 0.2], "texture": "#3"},
				"south": {"uv": [0, 0, 1, 0.2], "texture": "#7"},
				"west": {"uv": [0, 0, 16, 0.2], "texture": "#missing"},
				"up": {"uv": [0, 0, 1, 16], "texture": "#missing"},
				"down": {"uv": [5, 6, 10.75, 11], "texture": "#11"}
			}
		},
		{
			"from": [2, 19.75, -16],
			"to": [14, 20.5, 30],
			"faces": {
				"north": {"uv": [0, 0, 12, 0.75], "texture": "#7"},
				"east": {"uv": [0, 0, 16, 0.75], "texture": "#missing"},
				"south": {"uv": [0, 0, 12, 0.75], "texture": "#7"},
				"west": {"uv": [0, 0, 16, 0.75], "texture": "#missing"},
				"up": {"uv": [0, 0, 12, 16], "texture": "#missing"},
				"down": {"uv": [0, 0, 12, 16], "texture": "#12"}
			}
		},
		{
			"from": [3.65, 20.5, -16],
			"to": [12.35, 20.75, 30],
			"faces": {
				"north": {"uv": [0, 0, 8.7, 0.25], "texture": "#7"},
				"east": {"uv": [0, 0, 16, 0.25], "texture": "#missing"},
				"south": {"uv": [0, 0, 8.7, 0.25], "texture": "#7"},
				"west": {"uv": [0, 0, 16, 0.25], "texture": "#missing"},
				"up": {"uv": [0, 0, 8.7, 16], "texture": "#4"},
				"down": {"uv": [0, 0, 8.7, 16], "texture": "#missing"}
			}
		},
		{
			"from": [5.4, 20.75, -5],
			"to": [10.6, 21.75, 8.25],
			"faces": {
				"north": {"uv": [0, 0, 5.2, 1], "texture": "#3"},
				"east": {"uv": [0, 0, 13.25, 1], "texture": "#3"},
				"south": {"uv": [0, 0, 5.2, 1], "texture": "#3"},
				"west": {"uv": [0, 0, 13.25, 1], "texture": "#3"},
				"up": {"uv": [8.288, 5.792, 11.28, 13.856], "texture": "#9"},
				"down": {"uv": [0, 0, 5.2, 13.25], "texture": "#missing"}
			}
		},
		{
			"from": [7.15, 20.75, 21.5],
			"to": [8.85, 21.75, 25.75],
			"faces": {
				"north": {"uv": [0, 0, 1.7, 1], "texture": "#8"},
				"east": {"uv": [1.088, 1.344, 6.106, 3.272], "texture": "#9"},
				"south": {"uv": [0, 0, 1.7, 1], "texture": "#8"},
				"west": {"uv": [0, 0, 4.25, 1], "texture": "#8"},
				"up": {"uv": [0, 0, 1.7, 4.25], "texture": "#8"},
				"down": {"uv": [0, 0, 1.7, 4.25], "texture": "#missing"}
			}
		},
		{
			"from": [7.15, 20.75, 15.75],
			"to": [8.85, 21.75, 20],
			"faces": {
				"north": {"uv": [0, 0, 1.7, 1], "texture": "#8"},
				"east": {"uv": [1.088, 1.344, 6.106, 3.272], "texture": "#9"},
				"south": {"uv": [0, 0, 1.7, 1], "texture": "#8"},
				"west": {"uv": [0, 0, 4.25, 1], "texture": "#8"},
				"up": {"uv": [0, 0, 1.7, 4.25], "texture": "#8"},
				"down": {"uv": [0, 0, 1.7, 4.25], "texture": "#missing"}
			}
		},
		{
			"from": [4.65, 20.75, 21.5],
			"to": [6.35, 21.75, 25.75],
			"faces": {
				"north": {"uv": [0, 0, 1.7, 1], "texture": "#8"},
				"east": {"uv": [1.088, 1.344, 6.106, 3.272], "texture": "#9"},
				"south": {"uv": [0, 0, 1.7, 1], "texture": "#8"},
				"west": {"uv": [0, 0, 4.25, 1], "texture": "#8"},
				"up": {"uv": [0, 0, 1.7, 4.25], "texture": "#8"},
				"down": {"uv": [0, 0, 1.7, 4.25], "texture": "#missing"}
			}
		},
		{
			"from": [4.65, 20.75, 15.75],
			"to": [6.35, 21.75, 20],
			"faces": {
				"north": {"uv": [0, 0, 1.7, 1], "texture": "#8"},
				"east": {"uv": [1.088, 1.344, 6.106, 3.272], "texture": "#9"},
				"south": {"uv": [0, 0, 1.7, 1], "texture": "#8"},
				"west": {"uv": [0, 0, 4.25, 1], "texture": "#8"},
				"up": {"uv": [0, 0, 1.7, 4.25], "texture": "#8"},
				"down": {"uv": [0, 0, 1.7, 4.25], "texture": "#missing"}
			}
		},
		{
			"from": [9.65, 20.75, 21.5],
			"to": [11.35, 21.75, 25.75],
			"faces": {
				"north": {"uv": [0, 0, 1.7, 1], "texture": "#8"},
				"east": {"uv": [1.088, 1.344, 6.106, 3.272], "texture": "#9"},
				"south": {"uv": [0, 0, 1.7, 1], "texture": "#8"},
				"west": {"uv": [0, 0, 4.25, 1], "texture": "#8"},
				"up": {"uv": [0, 0, 1.7, 4.25], "texture": "#8"},
				"down": {"uv": [0, 0, 1.7, 4.25], "texture": "#missing"}
			}
		},
		{
			"from": [9.65, 20.75, 15.75],
			"to": [11.35, 21.75, 20],
			"faces": {
				"north": {"uv": [0, 0, 1.7, 1], "texture": "#8"},
				"east": {"uv": [1.088, 1.344, 6.106, 3.272], "texture": "#9"},
				"south": {"uv": [0, 0, 1.7, 1], "texture": "#8"},
				"west": {"uv": [0, 0, 4.25, 1], "texture": "#8"},
				"up": {"uv": [0, 0, 1.7, 4.25], "texture": "#8"},
				"down": {"uv": [0, 0, 1.7, 4.25], "texture": "#missing"}
			}
		},
		{
			"from": [7.558, 20.25338, -16],
			"to": [11.558, 21.25338, 30],
			"rotation": {"angle": 22.5, "axis": "z", "origin": [7.558, 1.50338, 0]},
			"faces": {
				"north": {"uv": [0, 0, 4, 1], "texture": "#7"},
				"east": {"uv": [0, 0, 16, 1], "texture": "#7"},
				"south": {"uv": [0, 0, 4, 1], "texture": "#7"},
				"west": {"uv": [0, 0, 16, 1], "texture": "#missing"},
				"up": {"uv": [0, 0, 4, 16], "texture": "#7"},
				"down": {"uv": [0, 0, 4, 16], "texture": "#12"}
			}
		},
		{
			"from": [4.74648, 21.78411, -16],
			"to": [8.74648, 22.78411, 30],
			"rotation": {"angle": -22.5, "axis": "z", "origin": [4.74648, 3.03411, 0]},
			"faces": {
				"north": {"uv": [0, 0, 4, 1], "texture": "#7"},
				"east": {"uv": [0, 0, 16, 1], "texture": "#missing"},
				"south": {"uv": [0, 0, 4, 1], "texture": "#7"},
				"west": {"uv": [0, 0, 16, 1], "texture": "#7"},
				"up": {"uv": [0, 0, 4, 16], "texture": "#7"},
				"down": {"uv": [0, 0, 4, 16], "texture": "#12"}
			}
		},
		{
			"from": [0, 5, -9.25],
			"to": [1, 11.25, 30],
			"faces": {
				"north": {"uv": [0, 0, 1, 6.25], "texture": "#12"},
				"east": {"uv": [0, 5.024, 16, 7.786], "texture": "#12"},
				"south": {"uv": [0, 0, 1, 6.25], "texture": "#4"},
				"west": {"uv": [0, 0.864, 15.776, 3.658], "texture": "#5"},
				"up": {"uv": [0, 0, 1, 16], "texture": "#8"},
				"down": {"uv": [0, 0, 1, 16], "texture": "#missing"}
			}
		},
		{
			"from": [15, 5, -9.25],
			"to": [16, 11.25, 30],
			"faces": {
				"north": {"uv": [0, 0, 1, 6.25], "texture": "#12"},
				"east": {"uv": [0, 5.024, 16, 7.786], "texture": "#5"},
				"south": {"uv": [0, 0, 1, 6.25], "texture": "#4"},
				"west": {"uv": [0, 0, 16, 6.25], "texture": "#12"},
				"up": {"uv": [0, 0, 1, 16], "texture": "#8"},
				"down": {"uv": [0, 0, 1, 16], "texture": "#missing"}
			}
		},
		{
			"from": [11.25, 7, -0.5],
			"to": [15, 8.5, 23.5],
			"faces": {
				"north": {"uv": [0, 0, 3.75, 1.5], "texture": "#missing"},
				"east": {"uv": [0, 0, 16, 1.5], "texture": "#missing"},
				"south": {"uv": [0, 0, 3.75, 1.5], "texture": "#missing"},
				"west": {"uv": [0, 0, 16, 1.5], "texture": "#14"},
				"up": {"uv": [0, 0, 3.75, 16], "texture": "#14"},
				"down": {"uv": [0, 0, 3.75, 16], "texture": "#4"}
			}
		},
		{
			"from": [14.5, 8.5, -0.5],
			"to": [15, 11.25, 23.5],
			"faces": {
				"north": {"uv": [0, 0, 0.5, 2.75], "texture": "#14"},
				"east": {"uv": [0, 0, 16, 2.75], "texture": "#missing"},
				"south": {"uv": [0, 0, 0.5, 2.75], "texture": "#14"},
				"west": {"uv": [0, 0, 16, 2.75], "texture": "#14"},
				"up": {"uv": [0, 0, 0.5, 16], "texture": "#14"},
				"down": {"uv": [0, 0, 0.5, 16], "texture": "#missing"}
			}
		},
		{
			"from": [11.25, 7, -1.75],
			"to": [15, 10.5, -0.5],
			"faces": {
				"north": {"uv": [0, 0, 3.75, 3.5], "texture": "#4"},
				"east": {"uv": [0, 0, 1.25, 3.5], "texture": "#missing"},
				"south": {"uv": [0, 0, 3.75, 3.5], "texture": "#4"},
				"west": {"uv": [0, 0, 1.25, 3.5], "texture": "#4"},
				"up": {"uv": [0, 0, 3.75, 1.25], "texture": "#4"},
				"down": {"uv": [0, 0, 3.75, 1.25], "texture": "#4"}
			}
		},
		{
			"from": [19.5, 4.52208, 23.75],
			"to": [25.25, 5.02208, 24.5],
			"rotation": {"angle": 45, "axis": "z", "origin": [9, -2.22792, 25.25]},
			"faces": {
				"north": {"uv": [0, 0, 5.75, 0.5], "texture": "#13"},
				"east": {"uv": [0, 0, 0.75, 0.5], "texture": "#missing"},
				"south": {"uv": [0, 0, 5.75, 0.5], "texture": "#13"},
				"west": {"uv": [0, 0, 0.75, 0.5], "texture": "#missing"},
				"up": {"uv": [0, 0, 5.75, 0.75], "texture": "#13"},
				"down": {"uv": [0, 0, 5.75, 0.75], "texture": "#13"}
			}
		},
		{
			"from": [11.25, 7, 23.5],
			"to": [15, 10.5, 24.75],
			"rotation": {"angle": 0, "axis": "y", "origin": [0, 0, 25.25]},
			"faces": {
				"north": {"uv": [0, 0, 3.75, 3.5], "texture": "#4"},
				"east": {"uv": [0, 0, 1.25, 3.5], "texture": "#missing"},
				"south": {"uv": [0, 0, 3.75, 3.5], "texture": "#4"},
				"west": {"uv": [0, 0, 1.25, 3.5], "texture": "#4"},
				"up": {"uv": [0, 0, 3.75, 1.25], "texture": "#4"},
				"down": {"uv": [0, 0, 3.75, 1.25], "texture": "#4"}
			}
		},
		{
			"from": [1, 8.25, -0.75],
			"to": [2, 11.75, -0.5],
			"faces": {
				"north": {"uv": [0, 0, 1, 3.5], "texture": "#4"},
				"east": {"uv": [0, 0, 0.25, 3.5], "texture": "#4"},
				"south": {"uv": [0, 0, 1, 3.5], "texture": "#4"},
				"west": {"uv": [0, 0, 0.25, 3.5], "texture": "#missing"},
				"up": {"uv": [0, 0, 1, 0.25], "texture": "#4"},
				"down": {"uv": [0, 0, 1, 0.25], "texture": "#4"}
			}
		},
		{
			"from": [1, 8.5, -0.5],
			"to": [1.5, 11.25, 23.5],
			"faces": {
				"north": {"uv": [0, 0, 0.5, 2.75], "texture": "#missing"},
				"east": {"uv": [0, 0, 16, 2.75], "texture": "#14"},
				"south": {"uv": [0, 0, 0.5, 2.75], "texture": "#missing"},
				"west": {"uv": [0, 0, 16, 2.75], "texture": "#missing"},
				"up": {"uv": [0, 0, 0.5, 16], "texture": "#14"},
				"down": {"uv": [0, 0, 0.5, 16], "texture": "#14"}
			}
		},
		{
			"from": [1, 8.25, 23.5],
			"to": [2, 11.75, 23.75],
			"rotation": {"angle": 0, "axis": "y", "origin": [0, 0, 25.25]},
			"faces": {
				"north": {"uv": [0, 0, 1, 3.5], "texture": "#4"},
				"east": {"uv": [0, 0, 0.25, 3.5], "texture": "#4"},
				"south": {"uv": [0, 0, 1, 3.5], "texture": "#4"},
				"west": {"uv": [0, 0, 0.25, 3.5], "texture": "#missing"},
				"up": {"uv": [0, 0, 1, 0.25], "texture": "#4"},
				"down": {"uv": [0, 0, 1, 0.25], "texture": "#4"}
			}
		},
		{
			"from": [19.5, 4.52208, -1.5],
			"to": [25.25, 5.02208, -0.75],
			"rotation": {"angle": 45, "axis": "z", "origin": [9, -2.22792, 0]},
			"faces": {
				"north": {"uv": [0, 0, 5.75, 0.5], "texture": "#13"},
				"east": {"uv": [0, 0, 0.75, 0.5], "texture": "#missing"},
				"south": {"uv": [0, 0, 5.75, 0.5], "texture": "#13"},
				"west": {"uv": [0, 0, 0.75, 0.5], "texture": "#missing"},
				"up": {"uv": [0, 0, 5.75, 0.75], "texture": "#13"},
				"down": {"uv": [0, 0, 5.75, 0.75], "texture": "#13"}
			}
		},
		{
			"from": [14.25, 5, 29],
			"to": [15, 18.75, 30],
			"faces": {
				"north": {"uv": [0, 0, 0.75, 13.75], "texture": "#12"},
				"east": {"uv": [0, 0, 1, 13.75], "texture": "#missing"},
				"south": {"uv": [0, 0, 0.75, 13.75], "texture": "#12"},
				"west": {"uv": [0, 0, 1, 13.75], "texture": "#12"},
				"up": {"uv": [0, 0, 0.75, 1], "texture": "#missing"},
				"down": {"uv": [0, 0, 0.75, 1], "texture": "#missing"}
			}
		},
		{
			"from": [1.75, 18.75, 29],
			"to": [14.25, 19.75, 30],
			"faces": {
				"north": {"uv": [0, 0, 12.5, 1], "texture": "#12"},
				"east": {"uv": [0, 0, 1, 1], "texture": "#missing"},
				"south": {"uv": [0, 0, 12.5, 1], "texture": "#7"},
				"west": {"uv": [0, 0, 1, 1], "texture": "#missing"},
				"up": {"uv": [0, 0, 12.5, 1], "texture": "#missing"},
				"down": {"uv": [0, 0, 12.5, 1], "texture": "#12"}
			}
		},
		{
			"from": [1.5, 18.75, 29],
			"to": [14.5, 19.5, 30],
			"faces": {
				"north": {"uv": [0, 0, 13, 0.75], "texture": "#12"},
				"east": {"uv": [0, 0, 1, 0.75], "texture": "#missing"},
				"south": {"uv": [0, 0, 13, 0.75], "texture": "#7"},
				"west": {"uv": [0, 0, 1, 0.75], "texture": "#missing"},
				"up": {"uv": [0, 0, 13, 1], "texture": "#missing"},
				"down": {"uv": [0, 0, 13, 1], "texture": "#12"}
			}
		},
		{
			"from": [1.25, 18.75, 29],
			"to": [14.75, 19.25, 30],
			"faces": {
				"north": {"uv": [0, 0, 13.5, 0.5], "texture": "#12"},
				"east": {"uv": [0, 0, 1, 0.5], "texture": "#missing"},
				"south": {"uv": [0, 0, 13.5, 0.5], "texture": "#7"},
				"west": {"uv": [0, 0, 1, 0.5], "texture": "#missing"},
				"up": {"uv": [0, 0, 13.5, 1], "texture": "#missing"},
				"down": {"uv": [0, 0, 13.5, 1], "texture": "#12"}
			}
		},
		{
			"from": [1, 18.75, 29],
			"to": [15, 19.35, 30],
			"faces": {
				"north": {"uv": [0, 0, 14, 0.6], "texture": "#12"},
				"east": {"uv": [0, 0, 1, 0.6], "texture": "#missing"},
				"south": {"uv": [0, 0, 14, 0.6], "texture": "#7"},
				"west": {"uv": [0, 0, 1, 0.6], "texture": "#missing"},
				"up": {"uv": [0, 0, 14, 1], "texture": "#missing"},
				"down": {"uv": [0, 0, 14, 1], "texture": "#12"}
			}
		},
		{
			"from": [1, 5, 29],
			"to": [1.75, 18.75, 30],
			"faces": {
				"north": {"uv": [0, 0, 0.75, 13.75], "texture": "#12"},
				"east": {"uv": [0, 0, 1, 13.75], "texture": "#12"},
				"south": {"uv": [0, 0, 0.75, 13.75], "texture": "#12"},
				"west": {"uv": [0, 0, 1, 13.75], "texture": "#missing"},
				"up": {"uv": [0, 0, 0.75, 1], "texture": "#missing"},
				"down": {"uv": [0, 0, 0.75, 1], "texture": "#missing"}
			}
		},
		{
			"from": [15, 11.25, -9.25],
			"to": [16, 18, -0.5],
			"faces": {
				"north": {"uv": [0, 0, 1, 6.75], "texture": "#12"},
				"east": {"uv": [0, 0, 5.25, 6.75], "texture": "#6"},
				"south": {"uv": [0, 0, 1, 6.75], "texture": "#8"},
				"west": {"uv": [0, 0, 10.786, 12.094], "texture": "#15"},
				"up": {"uv": [0, 0, 1, 5.25], "texture": "#missing"},
				"down": {"uv": [0, 0, 1, 5.25], "texture": "#missing"}
			}
		},
		{
			"from": [15.2, 11.25, -0.5],
			"to": [15.8, 16, 23.25],
			"faces": {
				"north": {"uv": [0, 0, 0.6, 4.75], "texture": "#missing"},
				"east": {"uv": [1, 1, 15, 15], "texture": "#10"},
				"south": {"uv": [0, 0, 0.6, 4.75], "texture": "#missing"},
				"west": {"uv": [1, 1, 15, 15], "texture": "#10"},
				"up": {"uv": [0, 0, 0.6, 16], "texture": "#8"},
				"down": {"uv": [0, 0, 0.6, 16], "texture": "#missing"}
			}
		},
		{
			"from": [15.2, 16, -0.5],
			"to": [15.8, 18, 23.25],
			"faces": {
				"north": {"uv": [0, 0, 0.6, 2], "texture": "#missing"},
				"east": {"uv": [0.75, 0, 15.25, 16], "texture": "#10"},
				"south": {"uv": [0, 0, 0.6, 2], "texture": "#missing"},
				"west": {"uv": [0.75, 0, 15.25, 16], "texture": "#10"},
				"up": {"uv": [0, 0, 0.6, 16], "texture": "#missing"},
				"down": {"uv": [0, 0, 0.6, 16], "texture": "#8"}
			}
		},
		{
			"from": [15, 11.25, 23.25],
			"to": [16, 18, 30],
			"faces": {
				"north": {"uv": [0, 0, 1, 6.75], "texture": "#8"},
				"east": {"uv": [0, 0, 6.75, 6.75], "texture": "#6"},
				"south": {"uv": [0, 0, 1, 6.75], "texture": "#6"},
				"west": {"uv": [0, 0, 6.75, 6.75], "texture": "#12"},
				"up": {"uv": [0, 0, 1, 6.75], "texture": "#missing"},
				"down": {"uv": [0, 0, 1, 6.75], "texture": "#missing"}
			}
		},
		{
			"from": [0, 11.25, -9.25],
			"to": [1, 18, -0.5],
			"faces": {
				"north": {"uv": [0, 0, 1, 6.75], "texture": "#12"},
				"east": {"uv": [6.59, 0, 16, 13.758], "texture": "#15"},
				"south": {"uv": [0, 0, 1, 6.75], "texture": "#8"},
				"west": {"uv": [0, 0, 5.25, 6.75], "texture": "#6"},
				"up": {"uv": [0, 0, 1, 5.25], "texture": "#missing"},
				"down": {"uv": [0, 0, 1, 5.25], "texture": "#missing"}
			}
		},
		{
			"from": [0.2, 16, -0.5],
			"to": [0.8, 18, 23.25],
			"faces": {
				"north": {"uv": [0, 0, 0.6, 2], "texture": "#missing"},
				"east": {"uv": [0.75, 0, 15.25, 16], "texture": "#10"},
				"south": {"uv": [0, 0, 0.6, 2], "texture": "#missing"},
				"west": {"uv": [0.75, 0, 15.25, 16], "texture": "#10"},
				"up": {"uv": [0, 0, 0.6, 16], "texture": "#missing"},
				"down": {"uv": [0, 0, 0.6, 16], "texture": "#8"}
			}
		},
		{
			"from": [0.2, 11.25, -0.5],
			"to": [0.8, 16, 23.25],
			"faces": {
				"north": {"uv": [0, 0, 0.6, 4.75], "texture": "#missing"},
				"east": {"uv": [1, 1, 15, 15], "texture": "#10"},
				"south": {"uv": [0, 0, 0.6, 4.75], "texture": "#missing"},
				"west": {"uv": [1, 1, 15, 15], "texture": "#10"},
				"up": {"uv": [0, 0, 0.6, 16], "texture": "#8"},
				"down": {"uv": [0, 0, 0.6, 16], "texture": "#missing"}
			}
		},
		{
			"from": [0, 11.25, 23.25],
			"to": [1, 18, 30],
			"faces": {
				"north": {"uv": [0, 0, 1, 6.75], "texture": "#8"},
				"east": {"uv": [0, 0, 6.75, 6.75], "texture": "#12"},
				"south": {"uv": [0, 0, 1, 6.75], "texture": "#6"},
				"west": {"uv": [0, 0, 6.75, 6.75], "texture": "#6"},
				"up": {"uv": [0, 0, 1, 6.75], "texture": "#missing"},
				"down": {"uv": [0, 0, 1, 6.75], "texture": "#missing"}
			}
		},
		{
			"from": [15, 18, -5.75],
			"to": [16, 18.75, 30],
			"faces": {
				"north": {"uv": [0, 0, 1, 0.75], "texture": "#missing"},
				"east": {"uv": [0, 0, 16, 0.75], "texture": "#7"},
				"south": {"uv": [0, 0, 1, 0.75], "texture": "#7"},
				"west": {"uv": [0, 0, 16, 0.75], "texture": "#12"},
				"up": {"uv": [0, 0, 1, 16], "texture": "#missing"},
				"down": {"uv": [0, 0, 1, 16], "texture": "#8"}
			}
		},
		{
			"from": [0, 18, -5.75],
			"to": [1, 18.75, 30],
			"faces": {
				"north": {"uv": [0, 0, 1, 0.75], "texture": "#missing"},
				"east": {"uv": [0, 0, 16, 0.75], "texture": "#12"},
				"south": {"uv": [0, 0, 1, 0.75], "texture": "#7"},
				"west": {"uv": [0, 0, 16, 0.75], "texture": "#7"},
				"up": {"uv": [0, 0, 1, 16], "texture": "#missing"},
				"down": {"uv": [0, 0, 1, 16], "texture": "#8"}
			}
		},
		{
			"from": [15, 18, -16],
			"to": [16, 18.75, -5.75],
			"faces": {
				"north": {"uv": [0, 0, 1, 0.75], "texture": "#7"},
				"east": {"uv": [0, 0, 10.25, 0.75], "texture": "#7"},
				"south": {"uv": [0, 0, 1, 0.75], "texture": "#missing"},
				"west": {"uv": [0, 0, 10.25, 0.75], "texture": "#12"},
				"up": {"uv": [0, 0, 1, 10.25], "texture": "#missing"},
				"down": {"uv": [0, 0, 1, 10.25], "texture": "#12"}
			}
		},
		{
			"from": [0, 18, -16],
			"to": [1, 18.75, -5.75],
			"faces": {
				"north": {"uv": [0, 0, 1, 0.75], "texture": "#7"},
				"east": {"uv": [0, 0, 10.25, 0.75], "texture": "#12"},
				"south": {"uv": [0, 0, 1, 0.75], "texture": "#missing"},
				"west": {"uv": [0, 0, 10.25, 0.75], "texture": "#7"},
				"up": {"uv": [0, 0, 1, 10.25], "texture": "#missing"},
				"down": {"uv": [0, 0, 1, 10.25], "texture": "#12"}
			}
		},
		{
			"from": [-0.75, 4.25, -16],
			"to": [0, 5, -5.75],
			"faces": {
				"north": {"uv": [0, 0, 0.75, 0.75], "texture": "#3"},
				"east": {"uv": [0, 0, 10.25, 0.75], "texture": "#missing"},
				"south": {"uv": [0, 0, 0.75, 0.75], "texture": "#missing"},
				"west": {"uv": [0, 0, 10.25, 0.75], "texture": "#3"},
				"up": {"uv": [0, 0, 0.75, 10.25], "texture": "#3"},
				"down": {"uv": [0, 0, 0.75, 10.25], "texture": "#3"}
			}
		},
		{
			"from": [-0.75, 18.75, -5.75],
			"to": [0, 19.5, 2.5],
			"faces": {
				"north": {"uv": [0, 0, 0.75, 0.75], "texture": "#missing"},
				"east": {"uv": [0, 0, 8.25, 0.75], "texture": "#missing"},
				"south": {"uv": [0, 0, 0.75, 0.75], "texture": "#3"},
				"west": {"uv": [0, 0, 8.25, 0.75], "texture": "#3"},
				"up": {"uv": [0, 0, 0.75, 8.25], "texture": "#3"},
				"down": {"uv": [0, 0, 0.75, 8.25], "texture": "#3"}
			}
		},
		{
			"from": [-0.75, 18.75, -16],
			"to": [0, 19.5, -5.75],
			"faces": {
				"north": {"uv": [0, 0, 0.75, 0.75], "texture": "#3"},
				"east": {"uv": [0, 0, 10.25, 0.75], "texture": "#missing"},
				"south": {"uv": [0, 0, 0.75, 0.75], "texture": "#missing"},
				"west": {"uv": [0, 0, 10.25, 0.75], "texture": "#3"},
				"up": {"uv": [0, 0, 0.75, 10.25], "texture": "#3"},
				"down": {"uv": [0, 0, 0.75, 10.25], "texture": "#3"}
			}
		},
		{
			"from": [-0.75, 4.25, -5.75],
			"to": [0, 5, 2.5],
			"faces": {
				"north": {"uv": [0, 0, 0.75, 0.75], "texture": "#missing"},
				"east": {"uv": [0, 0, 8.25, 0.75], "texture": "#missing"},
				"south": {"uv": [0, 0, 0.75, 0.75], "texture": "#3"},
				"west": {"uv": [0, 0, 8.25, 0.75], "texture": "#3"},
				"up": {"uv": [0, 0, 0.75, 8.25], "texture": "#3"},
				"down": {"uv": [0, 0, 0.75, 8.25], "texture": "#3"}
			}
		},
		{
			"from": [16, 4.25, -16],
			"to": [16.75, 5, -5.75],
			"faces": {
				"north": {"uv": [0, 0, 0.75, 0.75], "texture": "#3"},
				"east": {"uv": [0, 0, 10.25, 0.75], "texture": "#3"},
				"south": {"uv": [0, 0, 0.75, 0.75], "texture": "#missing"},
				"west": {"uv": [0, 0, 10.25, 0.75], "texture": "#missing"},
				"up": {"uv": [0, 0, 0.75, 10.25], "texture": "#3"},
				"down": {"uv": [0, 0, 0.75, 10.25], "texture": "#3"}
			}
		},
		{
			"from": [16, 18.75, -5.75],
			"to": [16.75, 19.5, 2.5],
			"faces": {
				"north": {"uv": [0, 0, 0.75, 0.75], "texture": "#missing"},
				"east": {"uv": [0, 0, 8.25, 0.75], "texture": "#3"},
				"south": {"uv": [0, 0, 0.75, 0.75], "texture": "#3"},
				"west": {"uv": [0, 0, 8.25, 0.75], "texture": "#missing"},
				"up": {"uv": [0, 0, 0.75, 8.25], "texture": "#3"},
				"down": {"uv": [0, 0, 0.75, 8.25], "texture": "#3"}
			}
		},
		{
			"from": [16, 18.75, -16],
			"to": [16.75, 19.5, -5.75],
			"faces": {
				"north": {"uv": [0, 0, 0.75, 0.75], "texture": "#3"},
				"east": {"uv": [0, 0, 10.25, 0.75], "texture": "#3"},
				"south": {"uv": [0, 0, 0.75, 0.75], "texture": "#missing"},
				"west": {"uv": [0, 0, 10.25, 0.75], "texture": "#missing"},
				"up": {"uv": [0, 0, 0.75, 10.25], "texture": "#3"},
				"down": {"uv": [0, 0, 0.75, 10.25], "texture": "#3"}
			}
		},
		{
			"from": [16, 4.25, -5.75],
			"to": [16.75, 5, 2.5],
			"faces": {
				"north": {"uv": [0, 0, 0.75, 0.75], "texture": "#missing"},
				"east": {"uv": [0, 0, 8.25, 0.75], "texture": "#3"},
				"south": {"uv": [0, 0, 0.75, 0.75], "texture": "#3"},
				"west": {"uv": [0, 0, 8.25, 0.75], "texture": "#missing"},
				"up": {"uv": [0, 0, 0.75, 8.25], "texture": "#3"},
				"down": {"uv": [0, 0, 0.75, 8.25], "texture": "#3"}
			}
		},
		{
			"from": [1.75, 4.25, 30],
			"to": [14.25, 5, 32],
			"rotation": {"angle": 0, "axis": "y", "origin": [0, 0, 2]},
			"faces": {
				"north": {"uv": [0, 0, 12.5, 0.75], "texture": "#16"},
				"east": {"uv": [0, 0, 2, 0.75], "texture": "#16"},
				"south": {"uv": [0, 0, 12.5, 0.75], "texture": "#16"},
				"west": {"uv": [0, 0, 2, 0.75], "texture": "#16"},
				"up": {"uv": [0, 0, 12.5, 2], "texture": "#16"},
				"down": {"uv": [0, 0, 12.5, 2], "texture": "#16"}
			}
		},
		{
			"from": [1.75, 18.75, 30],
			"to": [14.25, 19.5, 32],
			"rotation": {"angle": 0, "axis": "y", "origin": [0, 0, 2]},
			"faces": {
				"north": {"uv": [0, 0, 12.5, 0.75], "texture": "#16"},
				"east": {"uv": [0, 0, 2, 0.75], "texture": "#16"},
				"south": {"uv": [0, 0, 12.5, 0.75], "texture": "#16"},
				"west": {"uv": [0, 0, 2, 0.75], "texture": "#16"},
				"up": {"uv": [0, 0, 12.5, 2], "texture": "#16"},
				"down": {"uv": [0, 0, 12.5, 2], "texture": "#16"}
			}
		},
		{
			"from": [14.25, 5, 30],
			"to": [15, 18.75, 32],
			"rotation": {"angle": 0, "axis": "y", "origin": [0, 0, 2]},
			"faces": {
				"north": {"uv": [0, 0, 0.75, 13.75], "texture": "#16"},
				"east": {"uv": [0, 0, 2, 13.75], "texture": "#16"},
				"south": {"uv": [0, 0, 0.75, 13.75], "texture": "#16"},
				"west": {"uv": [0, 0, 2, 13.75], "texture": "#16"},
				"up": {"uv": [0, 0, 0.75, 2], "texture": "#16"},
				"down": {"uv": [0, 0, 0.75, 2], "texture": "#16"}
			}
		},
		{
			"from": [1, 5, 30],
			"to": [1.75, 18.75, 32],
			"rotation": {"angle": 0, "axis": "y", "origin": [0, 0, 2]},
			"faces": {
				"north": {"uv": [0, 0, 0.75, 13.75], "texture": "#16"},
				"east": {"uv": [0, 0, 2, 13.75], "texture": "#16"},
				"south": {"uv": [0, 0, 0.75, 13.75], "texture": "#16"},
				"west": {"uv": [0, 0, 2, 13.75], "texture": "#16"},
				"up": {"uv": [0, 0, 0.75, 2], "texture": "#16"},
				"down": {"uv": [0, 0, 0.75, 2], "texture": "#16"}
			}
		},
		{
			"from": [-13.55635, 25.60786, 30],
			"to": [-12.80635, 26.65786, 32],
			"rotation": {"angle": -45, "axis": "z", "origin": [-14.55635, 4.60786, 2]},
			"faces": {
				"north": {"uv": [0, 0, 0.75, 1.05], "texture": "#16"},
				"east": {"uv": [0, 0, 2, 1.05], "texture": "#16"},
				"south": {"uv": [0, 0, 0.75, 1.05], "texture": "#16"},
				"west": {"uv": [0, 0, 2, 1.05], "texture": "#16"},
				"up": {"uv": [0, 0, 0.75, 2], "texture": "#16"},
				"down": {"uv": [0, 0, 0.75, 2], "texture": "#16"}
			}
		},
		{
			"from": [-0.83668, 11.63819, 30],
			"to": [-0.08668, 12.68819, 32],
			"rotation": {"angle": -45, "axis": "z", "origin": [-1.83668, -9.36181, 2]},
			"faces": {
				"north": {"uv": [0, 0, 0.75, 1.05], "texture": "#16"},
				"east": {"uv": [0, 0, 2, 1.05], "texture": "#16"},
				"south": {"uv": [0, 0, 0.75, 1.05], "texture": "#16"},
				"west": {"uv": [0, 0, 2, 1.05], "texture": "#16"},
				"up": {"uv": [0, 0, 0.75, 2], "texture": "#16"},
				"down": {"uv": [0, 0, 0.75, 2], "texture": "#16"}
			}
		},
		{
			"from": [29.60427, 23.67086, 30],
			"to": [30.35427, 24.72086, 32],
			"rotation": {"angle": 45, "axis": "z", "origin": [28.60427, 2.67086, 2]},
			"faces": {
				"north": {"uv": [0, 0, 0.75, 1.05], "texture": "#16"},
				"east": {"uv": [0, 0, 2, 1.05], "texture": "#16"},
				"south": {"uv": [0, 0, 0.75, 1.05], "texture": "#16"},
				"west": {"uv": [0, 0, 2, 1.05], "texture": "#16"},
				"up": {"uv": [0, 0, 0.75, 2], "texture": "#16"},
				"down": {"uv": [0, 0, 0.75, 2], "texture": "#16"}
			}
		},
		{
			"from": [16.8846, 9.70119, 30],
			"to": [17.6346, 10.75119, 32],
			"rotation": {"angle": 45, "axis": "z", "origin": [15.8846, -11.29881, 2]},
			"faces": {
				"north": {"uv": [0, 0, 0.75, 1.05], "texture": "#16"},
				"east": {"uv": [0, 0, 2, 1.05], "texture": "#16"},
				"south": {"uv": [0, 0, 0.75, 1.05], "texture": "#16"},
				"west": {"uv": [0, 0, 2, 1.05], "texture": "#16"},
				"up": {"uv": [0, 0, 0.75, 2], "texture": "#16"},
				"down": {"uv": [0, 0, 0.75, 2], "texture": "#16"}
			}
		}
	],
	"display": {
		"thirdperson_righthand": {
			"scale": [4, 4, 4]
		},
		"head": {
			"scale": [4, 4, 4]
		}
	}
}