{
	"credit": "Made with Blockbench",
	"texture_size": [32, 16],
	"textures": {
		"0": "block/activator_rail_src",
		"particle": "block/break_particles/activator_rail_src"
	},
	"elements": [
		{
			"from": [2, 16, 0],
			"to": [4, 17, 22.625],
			"rotation": {"angle": 45, "axis": "x", "origin": [4, 17, 0]},
			"faces": {
				"north": {"uv": [2, 0, 1, 1], "texture": "#0"},
				"east": {"uv": [1.5, 0, 2, 16], "rotation": 90, "texture": "#0"},
				"south": {"uv": [1, 15, 2, 16], "texture": "#0"},
				"west": {"uv": [1, 16, 1.5, 0], "rotation": 90, "texture": "#0"},
				"up": {"uv": [1, 0, 2, 16], "texture": "#0"},
				"down": {"uv": [1, 16, 2, 0], "texture": "#0"}
			}
		},
		{
			"from": [12, 16, 0],
			"to": [14, 17, 22.625],
			"rotation": {"angle": 45, "axis": "x", "origin": [4, 17, 0]},
			"faces": {
				"north": {"uv": [7, 0, 6, 1], "texture": "#0"},
				"east": {"uv": [6.5, 0, 7, 16], "rotation": 90, "texture": "#0"},
				"south": {"uv": [6, 15, 7, 16], "texture": "#0"},
				"west": {"uv": [6, 16, 6.5, 0], "rotation": 90, "texture": "#0"},
				"up": {"uv": [6, 0, 7, 16], "texture": "#0"},
				"down": {"uv": [6, 16, 7, 0], "texture": "#0"}
			}
		},
		{
			"from": [11.25, 16, 0.5],
			"to": [11.5, 17, 21.375],
			"rotation": {"angle": 45, "axis": "x", "origin": [4, 17, 0]},
			"faces": {
				"north": {"uv": [6.5, 0, 6, 1], "texture": "#0"},
				"east": {"uv": [6, 0, 6.5, 16], "rotation": 90, "texture": "#0"},
				"south": {"uv": [6, 15, 6.5, 16], "texture": "#0"},
				"west": {"uv": [6, 16, 6.5, 0], "rotation": 90, "texture": "#0"},
				"up": {"uv": [6, 0, 6.5, 16], "texture": "#0"},
				"down": {"uv": [6, 16, 6.5, 0], "texture": "#0"}
			}
		},
		{
			"from": [4.5, 16, 0.5],
			"to": [4.75, 17, 21.375],
			"rotation": {"angle": 45, "axis": "x", "origin": [4, 17, 0]},
			"faces": {
				"north": {"uv": [6.5, 0, 6, 1], "texture": "#0"},
				"east": {"uv": [6, 0, 6.5, 16], "rotation": 90, "texture": "#0"},
				"south": {"uv": [6, 15, 6.5, 16], "texture": "#0"},
				"west": {"uv": [6, 16, 6.5, 0], "rotation": 90, "texture": "#0"},
				"up": {"uv": [6, 0, 6.5, 16], "texture": "#0"},
				"down": {"uv": [6, 16, 6.5, 0], "texture": "#0"}
			}
		},
		{
			"from": [1, 15.5, 5.5],
			"to": [15, 16.5, 7.5],
			"rotation": {"angle": 45, "axis": "x", "origin": [4, 17, 0]},
			"faces": {
				"north": {"uv": [15.5, 5, 8.5, 6], "texture": "#0"},
				"east": {"uv": [8.5, 5, 9, 7], "rotation": 90, "texture": "#0"},
				"south": {"uv": [8.5, 6, 15.5, 7], "texture": "#0"},
				"west": {"uv": [8.5, 7, 9, 5], "rotation": 90, "texture": "#0"},
				"up": {"uv": [8.5, 5, 15.5, 7], "texture": "#0"},
				"down": {"uv": [8.5, 7, 15.5, 5], "texture": "#0"}
			}
		},
		{
			"from": [1, 15.5, 1],
			"to": [15, 16.5, 3],
			"rotation": {"angle": 45, "axis": "x", "origin": [4, 17, 0]},
			"faces": {
				"north": {"uv": [15.5, 5, 8.5, 6], "texture": "#0"},
				"east": {"uv": [8.5, 5, 9, 7], "rotation": 90, "texture": "#0"},
				"south": {"uv": [8.5, 6, 15.5, 7], "texture": "#0"},
				"west": {"uv": [8.5, 7, 9, 5], "rotation": 90, "texture": "#0"},
				"up": {"uv": [8.5, 5, 15.5, 7], "texture": "#0"},
				"down": {"uv": [8.5, 7, 15.5, 5], "texture": "#0"}
			}
		},
		{
			"from": [1, 15.5, 14.5],
			"to": [15, 16.5, 16.5],
			"rotation": {"angle": 45, "axis": "x", "origin": [4, 17, 0]},
			"faces": {
				"north": {"uv": [8.5, 5, 15.5, 6], "texture": "#0"},
				"east": {"uv": [8.5, 5, 9, 7], "rotation": 90, "texture": "#0"},
				"south": {"uv": [15.5, 6, 8.5, 7], "texture": "#0"},
				"west": {"uv": [8.5, 7, 9, 5], "rotation": 90, "texture": "#0"},
				"up": {"uv": [15.5, 5, 8.5, 7], "texture": "#0"},
				"down": {"uv": [15.5, 7, 8.5, 5], "texture": "#0"}
			}
		},
		{
			"from": [1, 15.5, 19],
			"to": [15, 16.5, 21],
			"rotation": {"angle": 45, "axis": "x", "origin": [4, 17, 0]},
			"faces": {
				"north": {"uv": [15.5, 1, 8.5, 2], "texture": "#0"},
				"east": {"uv": [8.5, 1, 9, 3], "rotation": 90, "texture": "#0"},
				"south": {"uv": [8.5, 2, 15.5, 3], "texture": "#0"},
				"west": {"uv": [8.5, 3, 9, 1], "rotation": 90, "texture": "#0"},
				"up": {"uv": [8.5, 1, 15.5, 3], "texture": "#0"},
				"down": {"uv": [8.5, 3, 15.5, 1], "texture": "#0"}
			}
		},
		{
			"from": [1, 15.5, 10],
			"to": [15, 16.5, 12],
			"rotation": {"angle": 45, "axis": "x", "origin": [4, 17, 0]},
			"faces": {
				"north": {"uv": [8.5, 9, 15.5, 10], "texture": "#0"},
				"east": {"uv": [8.5, 9, 9, 11], "rotation": 90, "texture": "#0"},
				"south": {"uv": [8.5, 10, 15.5, 11], "texture": "#0"},
				"west": {"uv": [8.5, 11, 9, 9], "rotation": 90, "texture": "#0"},
				"up": {"uv": [15.5, 9, 8.5, 11], "texture": "#0"},
				"down": {"uv": [15.5, 11, 8.5, 9], "texture": "#0"}
			}
		},
		{
			"from": [2, 0.295, 15.292],
			"to": [4, 0.795, 16.062],
			"rotation": {"angle": 22.5, "axis": "x", "origin": [0, 0.295, 15.292]},
			"faces": {
				"north": {"uv": [1, 15, 2, 16], "texture": "#0"},
				"east": {"uv": [1.5, 15, 1.885, 16], "texture": "#0"},
				"south": {"uv": [1, 15, 2, 16], "texture": "#0"},
				"west": {"uv": [1, 15, 1.385, 16], "texture": "#0"},
				"up": {"uv": [1, 15, 2, 15.77], "texture": "#0"},
				"down": {"uv": [1, 15, 2, 15.77], "texture": "#0"}
			}
		},
		{
			"from": [12, 0.295, 15.292],
			"to": [14, 0.795, 16.062],
			"rotation": {"angle": 22.5, "axis": "x", "origin": [0, 0.295, 15.292]},
			"faces": {
				"north": {"uv": [2, 15, 1, 16], "texture": "#0"},
				"east": {"uv": [1.385, 15, 1, 16], "texture": "#0"},
				"south": {"uv": [2, 15, 1, 16], "texture": "#0"},
				"west": {"uv": [1.885, 15, 1.5, 16], "texture": "#0"},
				"up": {"uv": [2, 15, 1, 15.77], "texture": "#0"},
				"down": {"uv": [2, 15, 1, 15.77], "texture": "#0"}
			}
		},
		{
			"from": [2, 0, 15.23],
			"to": [4, 0.7, 16],
			"rotation": {"angle": 45, "axis": "x", "origin": [0, 0, 16]},
			"faces": {
				"north": {"uv": [1, 15, 2, 16], "texture": "#0"},
				"east": {"uv": [1.5, 15, 1.885, 16], "texture": "#0"},
				"south": {"uv": [1, 15, 2, 16], "texture": "#0"},
				"west": {"uv": [1, 15, 1.385, 16], "texture": "#0"},
				"up": {"uv": [1, 15, 2, 15.77], "texture": "#0"},
				"down": {"uv": [1, 15, 2, 15.77], "texture": "#0"}
			}
		},
		{
			"from": [12, 0, 15.23],
			"to": [14, 0.7, 16],
			"rotation": {"angle": 45, "axis": "x", "origin": [0, 0, 16]},
			"faces": {
				"north": {"uv": [2, 15, 1, 16], "texture": "#0"},
				"east": {"uv": [1.385, 15, 1, 16], "texture": "#0"},
				"south": {"uv": [2, 15, 1, 16], "texture": "#0"},
				"west": {"uv": [1.885, 15, 1.5, 16], "texture": "#0"},
				"up": {"uv": [2, 15, 1, 15.77], "texture": "#0"},
				"down": {"uv": [2, 15, 1, 15.77], "texture": "#0"}
			}
		}
	],
	"groups": [
		0,
		1,
		2,
		3,
		{
			"name": "group",
			"origin": [0, 0, 0],
			"color": 0,
			"children": [4, 5, 6, 7, 8]
		},
		9,
		10,
		11,
		12,
		{
			"name": "group",
			"origin": [8, 8, 8],
			"color": 0,
			"children": []
		}
	]
}