{
	"credit": "Made with Blockbench",
	"texture_size": [32, 16],
	"textures": {
		"0": "block/detector_rail_src",
		"particle": "block/break_particles/detector_rail_src"
	},
	"elements": [
		{
			"from": [2, 0, 0],
			"to": [4, 1, 16],
			"faces": {
				"north": {"uv": [2, 0, 1, 1], "texture": "#0"},
				"east": {"uv": [1.5, 0, 2, 16], "rotation": 90, "texture": "#0"},
				"south": {"uv": [1, 15, 2, 16], "texture": "#0"},
				"west": {"uv": [1, 16, 1.5, 0], "rotation": 90, "texture": "#0"},
				"up": {"uv": [1, 0, 2, 16], "texture": "#0"},
				"down": {"uv": [1, 16, 2, 0], "texture": "#0"}
			}
		},
		{
			"from": [12, 0, 0],
			"to": [14, 1, 16],
			"faces": {
				"north": {"uv": [7, 0, 6, 1], "texture": "#0"},
				"east": {"uv": [6.5, 0, 7, 16], "rotation": 90, "texture": "#0"},
				"south": {"uv": [6, 15, 7, 16], "texture": "#0"},
				"west": {"uv": [6, 16, 6.5, 0], "rotation": 90, "texture": "#0"},
				"up": {"uv": [6, 0, 7, 16], "texture": "#0"},
				"down": {"uv": [6, 16, 7, 0], "texture": "#0"}
			}
		},
		{
			"from": [1, -0.5, 1],
			"to": [15, 0.5, 3],
			"faces": {
				"north": {"uv": [15.5, 1, 8.5, 2], "texture": "#0"},
				"east": {"uv": [15, 1, 15.5, 3], "rotation": 90, "texture": "#0"},
				"south": {"uv": [8.5, 2, 15.5, 3], "texture": "#0"},
				"west": {"uv": [8.5, 3, 9, 1], "rotation": 90, "texture": "#0"},
				"up": {"uv": [8.5, 1, 15.5, 3], "texture": "#0"},
				"down": {"uv": [8.5, 1, 15.5, 3], "texture": "#0"}
			}
		},
		{
			"from": [1, -0.5, 5],
			"to": [15, 0.5, 7],
			"faces": {
				"north": {"uv": [15.5, 5, 8.5, 6], "texture": "#0"},
				"east": {"uv": [8.5, 5, 9, 7], "rotation": 90, "texture": "#0"},
				"south": {"uv": [8.5, 6, 15.5, 7], "texture": "#0"},
				"west": {"uv": [8.5, 7, 9, 5], "rotation": 90, "texture": "#0"},
				"up": {"uv": [8.5, 5, 15.5, 7], "texture": "#0"},
				"down": {"uv": [8.5, 5, 15.5, 7], "texture": "#0"}
			}
		},
		{
			"from": [1, -0.5, 9],
			"to": [15, 0.5, 11],
			"faces": {
				"north": {"uv": [8.5, 9, 15.5, 10], "texture": "#0"},
				"east": {"uv": [8.5, 9, 9, 11], "rotation": 90, "texture": "#0"},
				"south": {"uv": [8.5, 10, 15.5, 11], "texture": "#0"},
				"west": {"uv": [8.5, 11, 9, 9], "rotation": 90, "texture": "#0"},
				"up": {"uv": [15.5, 9, 8.5, 11], "texture": "#0"},
				"down": {"uv": [8.5, 9, 15.5, 11], "texture": "#0"}
			}
		},
		{
			"from": [1, -0.5, 13],
			"to": [15, 0.5, 15],
			"faces": {
				"north": {"uv": [15.5, 13, 8.5, 14], "texture": "#0"},
				"east": {"uv": [8.5, 13, 9, 15], "rotation": 90, "texture": "#0"},
				"south": {"uv": [8.5, 14, 15.5, 15], "texture": "#0"},
				"west": {"uv": [8.5, 15, 9, 13], "rotation": 90, "texture": "#0"},
				"up": {"uv": [8.5, 13, 15.5, 15], "texture": "#0"},
				"down": {"uv": [8.5, 13, 15.5, 15], "texture": "#0"}
			}
		},
		{
			"from": [3.5, 0.5, 7.75],
			"to": [12.5, 0.75, 8.25],
			"faces": {
				"north": {"uv": [5.5, 5, 2.5, 6], "texture": "#0"},
				"east": {"uv": [5, 5, 5.5, 11], "rotation": 90, "texture": "#0"},
				"south": {"uv": [2.5, 10, 5.5, 11], "texture": "#0"},
				"west": {"uv": [2.5, 11, 3, 5], "rotation": 90, "texture": "#0"},
				"up": {"uv": [5, 10, 5.5, 11], "texture": "#0"},
				"down": {"uv": [2.5, 5, 5.5, 6], "texture": "#0"}
			}
		},
		{
			"from": [5.75, 0.75, 7.25],
			"to": [10.25, 1, 8.75],
			"faces": {
				"north": {"uv": [5, 6, 3, 7], "texture": "#0"},
				"east": {"uv": [4.5, 6, 5, 10], "rotation": 90, "texture": "#0"},
				"south": {"uv": [3, 9, 5, 10], "texture": "#0"},
				"west": {"uv": [3, 10, 3.5, 6], "rotation": 90, "texture": "#0"},
				"up": {"uv": [8.5, 3, 15.5, 5], "texture": "#0"},
				"down": {"uv": [5, 10, 5.5, 11], "texture": "#0"}
			}
		}
	],
	"display": {
		"thirdperson_righthand": {
			"rotation": [75, 45, 0],
			"translation": [0, 2.5, 3],
			"scale": [0.375, 0.375, 0.375]
		},
		"thirdperson_lefthand": {
			"rotation": [75, 45, 0],
			"translation": [0, 2.5, 3],
			"scale": [0.375, 0.375, 0.375]
		},
		"firstperson_righthand": {
			"rotation": [0, 45, 0],
			"translation": [0, 4, 0],
			"scale": [0.4, 0.4, 0.4]
		},
		"firstperson_lefthand": {
			"rotation": [0, 225, 0],
			"translation": [0, 4, 0],
			"scale": [0.4, 0.4, 0.4]
		},
		"ground": {
			"rotation": [90, 0, 0],
			"translation": [0, 3, 2],
			"scale": [0.25, 0.25, 0.25]
		},
		"gui": {
			"rotation": [90, 0, 0]
		},
		"head": {
			"translation": [0, 14.75, 0]
		},
		"fixed": {
			"rotation": [-90, 0, 0],
			"translation": [0, 0, -8]
		}
	},
	"groups": [
		0,
		1,
		{
			"name": "group",
			"origin": [0, 0, 0],
			"color": 0,
			"children": [2, 3, 4, 5]
		},
		6,
		7
	]
}