{
	"credit": "Made with Blockbench",
	"textures": {
		"1": "block/quartz_block_bottom",
		"2": "block/glass",
		"3": "block/black_concrete",
		"6": "block/gray_concrete",
		"particle": "block/lime_concrete"
	},
	"elements": [
		{
			"from": [15.6, 8.5, 2.25],
			"to": [16.1, 9.75, 7.5],
			"faces": {
				"north": {"uv": [0, 0, 1, 6.75], "texture": "#3"},
				"east": {"uv": [0, 0, 5.25, 6.75], "texture": "#6"},
				"south": {"uv": [0, 0, 1, 6.75], "texture": "#3"},
				"west": {"uv": [0, 0, 10.786, 12.094], "texture": "#1"},
				"up": {"uv": [0, 0, 1, 5.25], "texture": "#3"},
				"down": {"uv": [0, 0, 1, 5.25], "texture": "#3"}
			}
		},
		{
			"from": [15.6, 5, 0.5],
			"to": [16.1, 8.5, 8.25],
			"faces": {
				"north": {"uv": [0, 0, 1, 6.75], "texture": "#3"},
				"east": {"uv": [0, 0, 5.25, 6.75], "texture": "#6"},
				"south": {"uv": [0, 0, 1, 6.75], "texture": "#3"},
				"west": {"uv": [0, 0, 10.786, 12.094], "texture": "#1"},
				"up": {"uv": [0, 0, 1, 5.25], "texture": "#3"},
				"down": {"uv": [0, 0, 1, 5.25], "texture": "#3"}
			}
		},
		{
			"from": [15.6, 8.5, 0.5],
			"to": [16.1, 18.75, 2.25],
			"faces": {
				"north": {"uv": [0, 0, 1, 6.75], "texture": "#3"},
				"east": {"uv": [0, 0, 5.25, 6.75], "texture": "#6"},
				"south": {"uv": [0, 0, 1, 6.75], "texture": "#3"},
				"west": {"uv": [0, 0, 10.786, 12.094], "texture": "#1"},
				"up": {"uv": [0, 0, 1, 5.25], "texture": "#3"},
				"down": {"uv": [0, 0, 1, 5.25], "texture": "#3"}
			}
		},
		{
			"from": [15.85, 9.75, 2.25],
			"to": [15.85, 17.25, 7.5],
			"faces": {
				"north": {"uv": [0, 0, 16, 16], "texture": "#3"},
				"east": {"uv": [0, 0, 16, 16], "texture": "#2"},
				"south": {"uv": [0, 0, 16, 16], "texture": "#3"},
				"west": {"uv": [0, 0, 16, 16], "texture": "#2"},
				"up": {"uv": [0, 0, 16, 16], "texture": "#3"},
				"down": {"uv": [0, 0, 16, 16], "texture": "#3"}
			}
		},
		{
			"from": [15.6, 8.5, 7.5],
			"to": [16.1, 18.75, 8.25],
			"faces": {
				"north": {"uv": [0, 0, 1, 6.75], "texture": "#3"},
				"east": {"uv": [0, 0, 5.25, 6.75], "texture": "#6"},
				"south": {"uv": [0, 0, 1, 6.75], "texture": "#3"},
				"west": {"uv": [0, 0, 10.786, 12.094], "texture": "#1"},
				"up": {"uv": [0, 0, 1, 5.25], "texture": "#3"},
				"down": {"uv": [0, 0, 1, 5.25], "texture": "#3"}
			}
		},
		{
			"from": [15.6, 17.25, 2.25],
			"to": [16.1, 18.75, 7.5],
			"faces": {
				"north": {"uv": [0, 0, 1, 6.75], "texture": "#3"},
				"east": {"uv": [0, 0, 5.25, 6.75], "texture": "#6"},
				"south": {"uv": [0, 0, 1, 6.75], "texture": "#3"},
				"west": {"uv": [0, 0, 10.786, 12.094], "texture": "#1"},
				"up": {"uv": [0, 0, 1, 5.25], "texture": "#3"},
				"down": {"uv": [0, 0, 1, 5.25], "texture": "#3"}
			}
		}
	],
	"display": {
		"head": {
			"scale": [4, 4, 4]
		}
	}
}