{
	"credit": "Made with Blockbench",
	"texture_size": [32, 16],
	"textures": {
		"1": "block/powered_rail_on_src",
		"particle": "block/break_particles/powered_rail_on_src"
	},
	"elements": [
		{
			"from": [2, 0, 0],
			"to": [5, 1, 22.625],
			"rotation": {"angle": -45, "axis": "x", "origin": [4, 1, 0]},
			"faces": {
				"north": {"uv": [2.5, 0, 1, 1], "texture": "#1"},
				"east": {"uv": [2, 0, 2.5, 16], "rotation": 90, "texture": "#1"},
				"south": {"uv": [1, 15, 2.5, 16], "texture": "#1"},
				"west": {"uv": [1, 16, 1.5, 0], "rotation": 90, "texture": "#1"},
				"up": {"uv": [1, 0, 2.5, 16], "texture": "#1"},
				"down": {"uv": [1, 16, 2.5, 0], "texture": "#1"}
			}
		},
		{
			"from": [11, 0, 0],
			"to": [14, 1, 22.625],
			"rotation": {"angle": -45, "axis": "x", "origin": [4, 1, 0]},
			"faces": {
				"north": {"uv": [7, 0, 5.5, 1], "texture": "#1"},
				"east": {"uv": [6.5, 0, 7, 16], "rotation": 90, "texture": "#1"},
				"south": {"uv": [5.5, 15, 7, 16], "texture": "#1"},
				"west": {"uv": [5.5, 16, 6, 0], "rotation": 90, "texture": "#1"},
				"up": {"uv": [5.5, 0, 7, 16], "texture": "#1"},
				"down": {"uv": [5.5, 16, 7, 0], "texture": "#1"}
			}
		},
		{
			"from": [1, 14.5, -5],
			"to": [15, 15.5, -3],
			"rotation": {"angle": -45, "axis": "x", "origin": [4, 16, 15]},
			"faces": {
				"north": {"uv": [15.5, 14, 8.5, 15], "texture": "#1"},
				"east": {"uv": [15, 15, 15.5, 13], "rotation": 90, "texture": "#1"},
				"south": {"uv": [8.5, 13, 15.5, 14], "texture": "#1"},
				"west": {"uv": [8.5, 13, 9, 15], "rotation": 90, "texture": "#1"},
				"up": {"uv": [8.5, 15, 15.5, 13], "texture": "#1"},
				"down": {"uv": [8.5, 13, 15.5, 15], "texture": "#1"}
			}
		},
		{
			"from": [1, 14.5, -0.5],
			"to": [15, 15.5, 1.5],
			"rotation": {"angle": -45, "axis": "x", "origin": [4, 16, 15]},
			"faces": {
				"north": {"uv": [15.5, 6, 8.5, 7], "texture": "#1"},
				"east": {"uv": [8.5, 7, 9, 5], "rotation": 90, "texture": "#1"},
				"south": {"uv": [8.5, 5, 15.5, 6], "texture": "#1"},
				"west": {"uv": [8.5, 5, 9, 7], "rotation": 90, "texture": "#1"},
				"up": {"uv": [8.5, 7, 15.5, 5], "texture": "#1"},
				"down": {"uv": [8.5, 5, 15.5, 7], "texture": "#1"}
			}
		},
		{
			"from": [1, 14.5, 8.5],
			"to": [15, 15.5, 10.5],
			"rotation": {"angle": -45, "axis": "x", "origin": [4, 16, 15]},
			"faces": {
				"north": {"uv": [8.5, 6, 15.5, 7], "texture": "#1"},
				"east": {"uv": [8.5, 7, 9, 5], "rotation": 90, "texture": "#1"},
				"south": {"uv": [15.5, 5, 8.5, 6], "texture": "#1"},
				"west": {"uv": [8.5, 5, 9, 7], "rotation": 90, "texture": "#1"},
				"up": {"uv": [15.5, 7, 8.5, 5], "texture": "#1"},
				"down": {"uv": [15.5, 5, 8.5, 7], "texture": "#1"}
			}
		},
		{
			"from": [1, 14.5, 13],
			"to": [15, 15.5, 15],
			"rotation": {"angle": -45, "axis": "x", "origin": [4, 16, 15]},
			"faces": {
				"north": {"uv": [15.5, 2, 8.5, 3], "texture": "#1"},
				"east": {"uv": [8.5, 3, 9, 1], "rotation": 90, "texture": "#1"},
				"south": {"uv": [8.5, 1, 15.5, 2], "texture": "#1"},
				"west": {"uv": [8.5, 1, 9, 3], "rotation": 90, "texture": "#1"},
				"up": {"uv": [8.5, 3, 15.5, 1], "texture": "#1"},
				"down": {"uv": [8.5, 1, 15.5, 3], "texture": "#1"}
			}
		},
		{
			"from": [1, 14.5, 4],
			"to": [15, 15.5, 6],
			"rotation": {"angle": -45, "axis": "x", "origin": [4, 16, 15]},
			"faces": {
				"north": {"uv": [8.5, 10, 15.5, 11], "texture": "#1"},
				"east": {"uv": [8.5, 11, 9, 9], "rotation": 90, "texture": "#1"},
				"south": {"uv": [15.5, 9, 8.5, 10], "texture": "#1"},
				"west": {"uv": [8.5, 9, 9, 11], "rotation": 90, "texture": "#1"},
				"up": {"uv": [15.5, 11, 8.5, 9], "texture": "#1"},
				"down": {"uv": [15.5, 9, 8.5, 11], "texture": "#1"}
			}
		},
		{
			"from": [11, 0, 0],
			"to": [14, 0.5, 0.77],
			"rotation": {"angle": -22.5, "axis": "x", "origin": [0, 0, 0]},
			"faces": {
				"north": {"uv": [1, 15, 2.5, 16], "texture": "#1"},
				"east": {"uv": [1.385, 15, 1, 16], "texture": "#1"},
				"south": {"uv": [2.5, 15, 1, 16], "texture": "#1"},
				"west": {"uv": [2.385, 15, 2, 16], "texture": "#1"},
				"up": {"uv": [1, 15, 2.5, 15.77], "texture": "#1"},
				"down": {"uv": [2.5, 15, 1, 15.77], "texture": "#1"}
			}
		},
		{
			"from": [11, 0, 0],
			"to": [14, 0.7, 0.77],
			"rotation": {"angle": -45, "axis": "x", "origin": [0, 0, 0]},
			"faces": {
				"north": {"uv": [1, 15, 2.5, 16], "texture": "#1"},
				"east": {"uv": [1.385, 15, 1, 16], "texture": "#1"},
				"south": {"uv": [2, 15, 1, 16], "texture": "#1"},
				"west": {"uv": [2.385, 15, 2, 16], "texture": "#1"},
				"up": {"uv": [2.5, 15, 1, 15.77], "texture": "#1"},
				"down": {"uv": [2, 15, 1, 15.77], "texture": "#1"}
			}
		},
		{
			"from": [2, 0, 0],
			"to": [5, 0.7, 0.77],
			"rotation": {"angle": -45, "axis": "x", "origin": [0, 0, 0]},
			"faces": {
				"north": {"uv": [2.5, 15, 1, 16], "texture": "#1"},
				"east": {"uv": [2, 15, 2.385, 16], "texture": "#1"},
				"south": {"uv": [1, 15, 2, 16], "texture": "#1"},
				"west": {"uv": [1, 15, 1.385, 16], "texture": "#1"},
				"up": {"uv": [1, 15, 2.5, 15.77], "texture": "#1"},
				"down": {"uv": [1, 15, 2, 15.77], "texture": "#1"}
			}
		},
		{
			"from": [2, 0, 0],
			"to": [5, 0.5, 0.77],
			"rotation": {"angle": -22.5, "axis": "x", "origin": [0, 0, 0]},
			"faces": {
				"north": {"uv": [2.5, 15, 1, 16], "texture": "#1"},
				"east": {"uv": [2, 15, 2.385, 16], "texture": "#1"},
				"south": {"uv": [1, 15, 2.5, 16], "texture": "#1"},
				"west": {"uv": [1, 15, 1.385, 16], "texture": "#1"},
				"up": {"uv": [1, 15, 2.5, 15.77], "texture": "#1"},
				"down": {"uv": [1, 15, 2.5, 15.77], "texture": "#1"}
			}
		},
		{
			"from": [5, 15.25, 8.25],
			"to": [6, 16.75, 10.75],
			"rotation": {"angle": -45, "axis": "x", "origin": [0, 16.5, 16]},
			"faces": {
				"north": {"uv": [2.5, 3, 3, 2], "texture": "#1"},
				"east": {"uv": [2.5, 3, 3, 1], "rotation": 90, "texture": "#1"},
				"south": {"uv": [2.5, 2, 3, 1], "texture": "#1"},
				"west": {"uv": [2.5, 1, 3, 3], "rotation": 90, "texture": "#1"},
				"up": {"uv": [3, 3, 2.5, 1], "texture": "#1"},
				"down": {"uv": [2.5, 1, 3, 3], "texture": "#1"}
			}
		},
		{
			"from": [10, 15.25, 8.25],
			"to": [11, 16.75, 10.75],
			"rotation": {"angle": -45, "axis": "x", "origin": [0, 16.5, 16]},
			"faces": {
				"north": {"uv": [5, 3, 5.5, 2], "texture": "#1"},
				"east": {"uv": [5, 3, 5.5, 1], "rotation": 90, "texture": "#1"},
				"south": {"uv": [5, 2, 5.5, 1], "texture": "#1"},
				"west": {"uv": [5, 1, 5.5, 3], "rotation": 90, "texture": "#1"},
				"up": {"uv": [5.5, 3, 5, 1], "texture": "#1"},
				"down": {"uv": [5, 1, 5.5, 3], "texture": "#1"}
			}
		},
		{
			"from": [10, 15.25, -5.25],
			"to": [11, 16.75, -2.75],
			"rotation": {"angle": -45, "axis": "x", "origin": [0, 16.5, 16]},
			"faces": {
				"north": {"uv": [5, 7, 5.5, 6], "texture": "#1"},
				"east": {"uv": [5, 7, 5.5, 5], "rotation": 90, "texture": "#1"},
				"south": {"uv": [5, 6, 5.5, 5], "texture": "#1"},
				"west": {"uv": [5, 5, 5.5, 7], "rotation": 90, "texture": "#1"},
				"up": {"uv": [5.5, 7, 5, 5], "texture": "#1"},
				"down": {"uv": [5, 5, 5.5, 7], "texture": "#1"}
			}
		},
		{
			"from": [5, 15.25, -5.25],
			"to": [6, 16.75, -2.75],
			"rotation": {"angle": -45, "axis": "x", "origin": [0, 16.5, 16]},
			"faces": {
				"north": {"uv": [2.5, 7, 3, 6], "texture": "#1"},
				"east": {"uv": [2.5, 7, 3, 5], "rotation": 90, "texture": "#1"},
				"south": {"uv": [2.5, 6, 3, 5], "texture": "#1"},
				"west": {"uv": [2.5, 5, 3, 7], "rotation": 90, "texture": "#1"},
				"up": {"uv": [3, 7, 2.5, 5], "texture": "#1"},
				"down": {"uv": [2.5, 5, 3, 7], "texture": "#1"}
			}
		},
		{
			"from": [10, 15.25, 3.75],
			"to": [11, 16.75, 6.25],
			"rotation": {"angle": -45, "axis": "x", "origin": [0, 16.5, 16]},
			"faces": {
				"north": {"uv": [5, 11, 5.5, 10], "texture": "#1"},
				"east": {"uv": [5, 11, 5.5, 9], "rotation": 90, "texture": "#1"},
				"south": {"uv": [5, 10, 5.5, 9], "texture": "#1"},
				"west": {"uv": [5, 9, 5.5, 11], "rotation": 90, "texture": "#1"},
				"up": {"uv": [5.5, 11, 5, 9], "texture": "#1"},
				"down": {"uv": [5, 9, 5.5, 11], "texture": "#1"}
			}
		},
		{
			"from": [5, 15.25, 3.75],
			"to": [6, 16.75, 6.25],
			"rotation": {"angle": -45, "axis": "x", "origin": [0, 16.5, 16]},
			"faces": {
				"north": {"uv": [2.5, 11, 3, 10], "texture": "#1"},
				"east": {"uv": [2.5, 11, 3, 9], "rotation": 90, "texture": "#1"},
				"south": {"uv": [2.5, 10, 3, 9], "texture": "#1"},
				"west": {"uv": [2.5, 9, 3, 11], "rotation": 90, "texture": "#1"},
				"up": {"uv": [3, 11, 2.5, 9], "texture": "#1"},
				"down": {"uv": [2.5, 9, 3, 11], "texture": "#1"}
			}
		},
		{
			"from": [10, 15.25, 12.75],
			"to": [11, 16.75, 15.25],
			"rotation": {"angle": -45, "axis": "x", "origin": [0, 16.5, 16]},
			"faces": {
				"north": {"uv": [5, 15, 5.5, 14], "texture": "#1"},
				"east": {"uv": [5, 15, 5.5, 13], "rotation": 90, "texture": "#1"},
				"south": {"uv": [5, 14, 5.5, 13], "texture": "#1"},
				"west": {"uv": [5, 13, 5.5, 15], "rotation": 90, "texture": "#1"},
				"up": {"uv": [5.5, 15, 5, 13], "texture": "#1"},
				"down": {"uv": [5, 13, 5.5, 15], "texture": "#1"}
			}
		},
		{
			"from": [5, 15.25, 12.75],
			"to": [6, 16.75, 15.25],
			"rotation": {"angle": -45, "axis": "x", "origin": [0, 16.5, 16]},
			"faces": {
				"north": {"uv": [2.5, 15, 3, 14], "texture": "#1"},
				"east": {"uv": [2.5, 15, 3, 13], "rotation": 90, "texture": "#1"},
				"south": {"uv": [2.5, 14, 3, 13], "texture": "#1"},
				"west": {"uv": [2.5, 13, 3, 15], "rotation": 90, "texture": "#1"},
				"up": {"uv": [3, 15, 2.5, 13], "texture": "#1"},
				"down": {"uv": [2.5, 13, 3, 15], "texture": "#1"}
			}
		},
		{
			"from": [10, 15.25, -0.75],
			"to": [11, 16.75, 1.75],
			"rotation": {"angle": -45, "axis": "x", "origin": [0, 16.5, 16]},
			"faces": {
				"north": {"uv": [5, 15, 5.5, 14], "texture": "#1"},
				"east": {"uv": [5, 15, 5.5, 13], "rotation": 90, "texture": "#1"},
				"south": {"uv": [5, 14, 5.5, 13], "texture": "#1"},
				"west": {"uv": [5, 13, 5.5, 15], "rotation": 90, "texture": "#1"},
				"up": {"uv": [5.5, 15, 5, 13], "texture": "#1"},
				"down": {"uv": [5, 13, 5.5, 15], "texture": "#1"}
			}
		},
		{
			"from": [5, 15.25, -0.75],
			"to": [6, 16.75, 1.75],
			"rotation": {"angle": -45, "axis": "x", "origin": [0, 16.5, 16]},
			"faces": {
				"north": {"uv": [2.5, 15, 3, 14], "texture": "#1"},
				"east": {"uv": [2.5, 15, 3, 13], "rotation": 90, "texture": "#1"},
				"south": {"uv": [2.5, 14, 3, 13], "texture": "#1"},
				"west": {"uv": [2.5, 13, 3, 15], "rotation": 90, "texture": "#1"},
				"up": {"uv": [3, 15, 2.5, 13], "texture": "#1"},
				"down": {"uv": [2.5, 13, 3, 15], "texture": "#1"}
			}
		},
		{
			"from": [7, 15.25, 10.5],
			"to": [9, 16.75, 13],
			"rotation": {"angle": -45, "axis": "x", "origin": [0, 16.5, 16]},
			"faces": {
				"north": {"uv": [4.5, 13, 3.5, 12], "texture": "#1"},
				"east": {"uv": [4, 13, 3.5, 11], "rotation": 90, "texture": "#1"},
				"south": {"uv": [4.5, 12, 3.5, 11], "texture": "#1"},
				"west": {"uv": [4, 11, 4.5, 13], "rotation": 90, "texture": "#1"},
				"up": {"uv": [4.5, 13, 3.5, 11], "texture": "#1"},
				"down": {"uv": [4.5, 11, 3.5, 13], "texture": "#1"}
			}
		},
		{
			"from": [7, 15.25, 6],
			"to": [9, 16.75, 8.5],
			"rotation": {"angle": -45, "axis": "x", "origin": [0, 16.5, 16]},
			"faces": {
				"north": {"uv": [4.5, 9, 3.5, 8], "texture": "#1"},
				"east": {"uv": [4, 9, 3.5, 7], "rotation": 90, "texture": "#1"},
				"south": {"uv": [4.5, 8, 3.5, 7], "texture": "#1"},
				"west": {"uv": [4, 7, 4.5, 9], "rotation": 90, "texture": "#1"},
				"up": {"uv": [4.5, 9, 3.5, 7], "texture": "#1"},
				"down": {"uv": [4.5, 7, 3.5, 9], "texture": "#1"}
			}
		},
		{
			"from": [7, 15.25, -3],
			"to": [9, 16.75, -0.5],
			"rotation": {"angle": -45, "axis": "x", "origin": [0, 16.5, 16]},
			"faces": {
				"north": {"uv": [4.5, 9, 3.5, 8], "texture": "#1"},
				"east": {"uv": [4, 9, 3.5, 7], "rotation": 90, "texture": "#1"},
				"south": {"uv": [4.5, 8, 3.5, 7], "texture": "#1"},
				"west": {"uv": [4, 7, 4.5, 9], "rotation": 90, "texture": "#1"},
				"up": {"uv": [4.5, 9, 3.5, 7], "texture": "#1"},
				"down": {"uv": [4.5, 7, 3.5, 9], "texture": "#1"}
			}
		},
		{
			"from": [7, 15.25, 1.5],
			"to": [9, 16.75, 4],
			"rotation": {"angle": -45, "axis": "x", "origin": [0, 16.5, 16]},
			"faces": {
				"north": {"uv": [4.5, 5, 3.5, 4], "texture": "#1"},
				"east": {"uv": [4, 5, 3.5, 3], "rotation": 90, "texture": "#1"},
				"south": {"uv": [4.5, 4, 3.5, 3], "texture": "#1"},
				"west": {"uv": [4, 3, 4.5, 5], "rotation": 90, "texture": "#1"},
				"up": {"uv": [4.5, 5, 3.5, 3], "texture": "#1"},
				"down": {"uv": [4.5, 3, 3.5, 5], "texture": "#1"}
			}
		}
	],
	"groups": [
		0,
		1,
		{
			"name": "group",
			"origin": [0, 0, 0],
			"color": 0,
			"children": [2, 3, 4, 5, 6]
		},
		7,
		8,
		9,
		10,
		{
			"name": "group",
			"origin": [8, 8, 8],
			"color": 0,
			"children": [11, 12, 13, 14, 15, 16, 17, 18, 19, 20, 21, 22, 23, 24]
		}
	]
}