{
	"credit": "Made with Blockbench",
	"textures": {
		"0": "block/light_gray_concrete",
		"2": "block/black_concrete",
		"particle": "block/light_gray_concrete"
	},
	"elements": [
		{
			"from": [4, 12.75, 10],
			"to": [7, 13.5, 13],
			"rotation": {"angle": 0, "axis": "y", "origin": [0, 16, 0]},
			"faces": {
				"north": {"uv": [0, 3, 3, 0], "texture": "#2"},
				"east": {"uv": [0, 3, 3, 0], "texture": "#2"},
				"south": {"uv": [0, 3, 3, 0], "texture": "#2"},
				"west": {"uv": [0, 3, 3, 0], "texture": "#2"},
				"up": {"uv": [0, 3, 3, 0], "texture": "#2"},
				"down": {"uv": [0, 3, 3, 0], "texture": "#2"}
			}
		},
		{
			"from": [5, 10.5, 4],
			"to": [6, 12.75, 5],
			"rotation": {"angle": 0, "axis": "y", "origin": [0, 16, 0]},
			"faces": {
				"north": {"uv": [0, 3, 3, 0], "texture": "#0"},
				"east": {"uv": [0, 3, 3, 0], "texture": "#0"},
				"south": {"uv": [0, 3, 3, 0], "texture": "#0"},
				"west": {"uv": [0, 3, 3, 0], "texture": "#0"},
				"up": {"uv": [0, 3, 3, 0], "texture": "#0"},
				"down": {"uv": [0, 3, 3, 0], "texture": "#0"}
			}
		},
		{
			"from": [10, 10.5, 4],
			"to": [11, 12.75, 5],
			"rotation": {"angle": 0, "axis": "y", "origin": [0, 16, 0]},
			"faces": {
				"north": {"uv": [0, 3, 3, 0], "texture": "#0"},
				"east": {"uv": [0, 3, 3, 0], "texture": "#0"},
				"south": {"uv": [0, 3, 3, 0], "texture": "#0"},
				"west": {"uv": [0, 3, 3, 0], "texture": "#0"},
				"up": {"uv": [0, 3, 3, 0], "texture": "#0"},
				"down": {"uv": [0, 3, 3, 0], "texture": "#0"}
			}
		},
		{
			"from": [10, 10.5, 11],
			"to": [11, 12.75, 12],
			"rotation": {"angle": 0, "axis": "y", "origin": [0, 16, 0]},
			"faces": {
				"north": {"uv": [0, 3, 3, 0], "texture": "#0"},
				"east": {"uv": [0, 3, 3, 0], "texture": "#0"},
				"south": {"uv": [0, 3, 3, 0], "texture": "#0"},
				"west": {"uv": [0, 3, 3, 0], "texture": "#0"},
				"up": {"uv": [0, 3, 3, 0], "texture": "#0"},
				"down": {"uv": [0, 3, 3, 0], "texture": "#0"}
			}
		},
		{
			"from": [5, 10.5, 11],
			"to": [6, 12.75, 12],
			"rotation": {"angle": 0, "axis": "y", "origin": [0, 16, 0]},
			"faces": {
				"north": {"uv": [0, 3, 3, 0], "texture": "#0"},
				"east": {"uv": [0, 3, 3, 0], "texture": "#0"},
				"south": {"uv": [0, 3, 3, 0], "texture": "#0"},
				"west": {"uv": [0, 3, 3, 0], "texture": "#0"},
				"up": {"uv": [0, 3, 3, 0], "texture": "#0"},
				"down": {"uv": [0, 3, 3, 0], "texture": "#0"}
			}
		},
		{
			"from": [3, 11.75, 11.25],
			"to": [13, 12.25, 11.75],
			"rotation": {"angle": 0, "axis": "y", "origin": [0, 16, 0]},
			"faces": {
				"north": {"uv": [0, 0.5, 2, 0], "texture": "#0"},
				"east": {"uv": [0, 0.5, 0.5, 0], "texture": "#0"},
				"south": {"uv": [0, 0.5, 2, 0], "texture": "#0"},
				"west": {"uv": [0, 0.5, 0.5, 0], "texture": "#0"},
				"up": {"uv": [0, 0.5, 2, 0], "texture": "#0"},
				"down": {"uv": [0, 0.5, 2, 0], "texture": "#0"}
			}
		},
		{
			"from": [4, 12.75, 3],
			"to": [7, 13.5, 6],
			"rotation": {"angle": 0, "axis": "y", "origin": [0, 16, 0]},
			"faces": {
				"north": {"uv": [0, 3, 3, 0], "texture": "#2"},
				"east": {"uv": [0, 3, 3, 0], "texture": "#2"},
				"south": {"uv": [0, 3, 3, 0], "texture": "#2"},
				"west": {"uv": [0, 3, 3, 0], "texture": "#2"},
				"up": {"uv": [0, 3, 3, 0], "texture": "#2"},
				"down": {"uv": [0, 3, 3, 0], "texture": "#2"}
			}
		},
		{
			"from": [2.25, 14.25, 10],
			"to": [3, 17.25, 13],
			"rotation": {"angle": 0, "axis": "y", "origin": [0, 16, 0]},
			"faces": {
				"north": {"uv": [0, 3, 3, 0], "texture": "#2"},
				"east": {"uv": [0, 3, 3, 0], "texture": "#2"},
				"south": {"uv": [0, 3, 3, 0], "texture": "#2"},
				"west": {"uv": [0, 3, 3, 0], "texture": "#2"},
				"up": {"uv": [0, 3, 3, 0], "texture": "#2"},
				"down": {"uv": [0, 3, 3, 0], "texture": "#2"}
			}
		},
		{
			"from": [2.25, 14.25, 3],
			"to": [3, 17.25, 6],
			"rotation": {"angle": 0, "axis": "y", "origin": [0, 16, 0]},
			"faces": {
				"north": {"uv": [0, 3, 3, 0], "texture": "#2"},
				"east": {"uv": [0, 3, 3, 0], "texture": "#2"},
				"south": {"uv": [0, 3, 3, 0], "texture": "#2"},
				"west": {"uv": [0, 3, 3, 0], "texture": "#2"},
				"up": {"uv": [0, 3, 3, 0], "texture": "#2"},
				"down": {"uv": [0, 3, 3, 0], "texture": "#2"}
			}
		},
		{
			"from": [13, 14.25, 10],
			"to": [13.75, 17.25, 13],
			"rotation": {"angle": 0, "axis": "y", "origin": [0, 16, 0]},
			"faces": {
				"north": {"uv": [0, 3, 3, 0], "texture": "#2"},
				"east": {"uv": [0, 3, 3, 0], "texture": "#2"},
				"south": {"uv": [0, 3, 3, 0], "texture": "#2"},
				"west": {"uv": [0, 3, 3, 0], "texture": "#2"},
				"up": {"uv": [0, 3, 3, 0], "texture": "#2"},
				"down": {"uv": [0, 3, 3, 0], "texture": "#2"}
			}
		},
		{
			"from": [13, 14.25, 3],
			"to": [13.75, 17.25, 6],
			"rotation": {"angle": 0, "axis": "y", "origin": [0, 16, 0]},
			"faces": {
				"north": {"uv": [0, 3, 3, 0], "texture": "#2"},
				"east": {"uv": [0, 3, 3, 0], "texture": "#2"},
				"south": {"uv": [0, 3, 3, 0], "texture": "#2"},
				"west": {"uv": [0, 3, 3, 0], "texture": "#2"},
				"up": {"uv": [0, 3, 3, 0], "texture": "#2"},
				"down": {"uv": [0, 3, 3, 0], "texture": "#2"}
			}
		},
		{
			"from": [9, 12.75, 3],
			"to": [12, 13.5, 6],
			"rotation": {"angle": 0, "axis": "y", "origin": [0, 16, 0]},
			"faces": {
				"north": {"uv": [0, 3, 3, 0], "texture": "#2"},
				"east": {"uv": [0, 3, 3, 0], "texture": "#2"},
				"south": {"uv": [0, 3, 3, 0], "texture": "#2"},
				"west": {"uv": [0, 3, 3, 0], "texture": "#2"},
				"up": {"uv": [0, 3, 3, 0], "texture": "#2"},
				"down": {"uv": [0, 3, 3, 0], "texture": "#2"}
			}
		},
		{
			"from": [3, 11.75, 4.25],
			"to": [13, 12.25, 4.75],
			"rotation": {"angle": 0, "axis": "y", "origin": [0, 16, 0]},
			"faces": {
				"north": {"uv": [0, 0.5, 2, 0], "texture": "#0"},
				"east": {"uv": [0, 0.5, 0.5, 0], "texture": "#0"},
				"south": {"uv": [0, 0.5, 2, 0], "texture": "#0"},
				"west": {"uv": [0, 0.5, 0.5, 0], "texture": "#0"},
				"up": {"uv": [0, 0.5, 2, 0], "texture": "#0"},
				"down": {"uv": [0, 0.5, 2, 0], "texture": "#0"}
			}
		},
		{
			"from": [12.5, 12.25, 11.25],
			"to": [13, 16, 11.75],
			"rotation": {"angle": 0, "axis": "y", "origin": [0, 16, 0]},
			"faces": {
				"north": {"uv": [0, 0.5, 2, 0], "texture": "#0"},
				"east": {"uv": [0, 0.5, 0.5, 0], "texture": "#0"},
				"south": {"uv": [0, 0.5, 2, 0], "texture": "#0"},
				"west": {"uv": [0, 0.5, 0.5, 0], "texture": "#0"},
				"up": {"uv": [0, 0.5, 2, 0], "texture": "#0"},
				"down": {"uv": [0, 0.5, 2, 0], "texture": "#0"}
			}
		},
		{
			"from": [12.5, 12.25, 4.25],
			"to": [13, 16, 4.75],
			"rotation": {"angle": 0, "axis": "y", "origin": [0, 16, 0]},
			"faces": {
				"north": {"uv": [0, 0.5, 2, 0], "texture": "#0"},
				"east": {"uv": [0, 0.5, 0.5, 0], "texture": "#0"},
				"south": {"uv": [0, 0.5, 2, 0], "texture": "#0"},
				"west": {"uv": [0, 0.5, 0.5, 0], "texture": "#0"},
				"up": {"uv": [0, 0.5, 2, 0], "texture": "#0"},
				"down": {"uv": [0, 0.5, 2, 0], "texture": "#0"}
			}
		},
		{
			"from": [3, 12.25, 11.25],
			"to": [3.5, 16, 11.75],
			"rotation": {"angle": 0, "axis": "y", "origin": [0, 16, 0]},
			"faces": {
				"north": {"uv": [0, 0.5, 2, 0], "texture": "#0"},
				"east": {"uv": [0, 0.5, 0.5, 0], "texture": "#0"},
				"south": {"uv": [0, 0.5, 2, 0], "texture": "#0"},
				"west": {"uv": [0, 0.5, 0.5, 0], "texture": "#0"},
				"up": {"uv": [0, 0.5, 2, 0], "texture": "#0"},
				"down": {"uv": [0, 0.5, 2, 0], "texture": "#0"}
			}
		},
		{
			"from": [3, 12.25, 4.25],
			"to": [3.5, 16, 4.75],
			"rotation": {"angle": 0, "axis": "y", "origin": [0, 16, 0]},
			"faces": {
				"north": {"uv": [0, 0.5, 2, 0], "texture": "#0"},
				"east": {"uv": [0, 0.5, 0.5, 0], "texture": "#0"},
				"south": {"uv": [0, 0.5, 2, 0], "texture": "#0"},
				"west": {"uv": [0, 0.5, 0.5, 0], "texture": "#0"},
				"up": {"uv": [0, 0.5, 2, 0], "texture": "#0"},
				"down": {"uv": [0, 0.5, 2, 0], "texture": "#0"}
			}
		},
		{
			"from": [3.75, 9.75, 3.5],
			"to": [12.25, 11, 13.5],
			"rotation": {"angle": 0, "axis": "y", "origin": [0, 16, 0]},
			"faces": {
				"north": {"uv": [0, 2, 1, 0], "texture": "#0"},
				"east": {"uv": [0, 2, 4, 0], "texture": "#0"},
				"south": {"uv": [0, 2, 1, 0], "texture": "#0"},
				"west": {"uv": [0, 2, 4, 0], "texture": "#0"},
				"up": {"uv": [0, 4, 1, 0], "texture": "#0"},
				"down": {"uv": [0, 4, 1, 0], "texture": "#0"}
			}
		},
		{
			"from": [9, 12.75, 10],
			"to": [12, 13.5, 13],
			"rotation": {"angle": 0, "axis": "y", "origin": [0, 16, 0]},
			"faces": {
				"north": {"uv": [0, 3, 3, 0], "texture": "#2"},
				"east": {"uv": [0, 3, 3, 0], "texture": "#2"},
				"south": {"uv": [0, 3, 3, 0], "texture": "#2"},
				"west": {"uv": [0, 3, 3, 0], "texture": "#2"},
				"up": {"uv": [0, 3, 3, 0], "texture": "#2"},
				"down": {"uv": [0, 3, 3, 0], "texture": "#2"}
			}
		}
	],
	"display": {
		"head": {
			"translation": [0, -0.75, 0],
			"scale": [1.8, 3.5, 4]
		}
	}
}