{
	"credit": "Made with Blockbench",
	"textures": {
		"0": "block/black_concrete",
		"1": "block/glass",
		"2": "block/terracotta",
		"3": "block/white_terracotta",
		"particle": "block/black_concrete"
	},
	"elements": [
		{
			"from": [0.85, 1.5, 4.125],
			"to": [1.25, 5.5, 8.25],
			"faces": {
				"north": {"uv": [0, 0, 0.4, 4], "texture": "#0"},
				"east": {"uv": [0, 0, 4.125, 4], "texture": "#3"},
				"south": {"uv": [0, 0, 0.4, 4], "texture": "#0"},
				"west": {"uv": [0, 0, 4.125, 4], "texture": "#2"},
				"up": {"uv": [0, 0, 0.4, 4.125], "texture": "#0"},
				"down": {"uv": [0, 0, 0.4, 4.125], "texture": "#2"}
			}
		},
		{
			"from": [0.95, 5.5, 4.525],
			"to": [1.15, 14, 7.85],
			"faces": {
				"north": {"uv": [0, 0, 0.4, 8.5], "texture": "#2"},
				"east": {"uv": [0, 0, 16, 16], "texture": "#1"},
				"south": {"uv": [0, 0, 0.4, 8.5], "texture": "#2"},
				"west": {"uv": [0, 0, 16, 16], "texture": "#1"},
				"up": {"uv": [0, 0, 0.4, 2.825], "texture": "#2"},
				"down": {"uv": [0, 0, 0.4, 2.825], "texture": "#2"}
			}
		},
		{
			"from": [0.85, 14, 4.125],
			"to": [1.25, 16, 8.25],
			"faces": {
				"north": {"uv": [0, 0, 0.4, 2], "texture": "#0"},
				"east": {"uv": [0, 0, 4.125, 2], "texture": "#3"},
				"south": {"uv": [0, 0, 0.4, 2], "texture": "#0"},
				"west": {"uv": [0, 0, 4.125, 2], "texture": "#2"},
				"up": {"uv": [0, 0, 0.4, 4.125], "texture": "#2"},
				"down": {"uv": [0, 0, 0.4, 4.125], "texture": "#0"}
			}
		},
		{
			"from": [0.85, 5.5, 7.625],
			"to": [1.25, 14, 8.25],
			"faces": {
				"north": {"uv": [0, 0, 0.4, 8.5], "texture": "#0"},
				"east": {"uv": [0, 0, 0.625, 8.5], "texture": "#3"},
				"south": {"uv": [0, 0, 0.4, 8.5], "texture": "#0"},
				"west": {"uv": [0, 0, 0.625, 8.5], "texture": "#2"},
				"up": {"uv": [0, 0, 0.4, 0.625], "texture": "#2"},
				"down": {"uv": [0, 0, 0.4, 0.625], "texture": "#2"}
			}
		},
		{
			"from": [0.85, 5.5, 4.125],
			"to": [1.25, 14, 4.75],
			"faces": {
				"north": {"uv": [0, 0, 0.4, 8.5], "texture": "#0"},
				"east": {"uv": [0, 0, 0.625, 8.5], "texture": "#3"},
				"south": {"uv": [0, 0, 0.4, 8.5], "texture": "#0"},
				"west": {"uv": [0, 0, 0.625, 8.5], "texture": "#2"},
				"up": {"uv": [0, 0, 0.4, 0.625], "texture": "#2"},
				"down": {"uv": [0, 0, 0.4, 0.625], "texture": "#2"}
			}
		}
	],
	"display": {
		"head": {
			"scale": [4, 4, 4]
		}
	}
}