{
	"credit": "Made with Blockbench",
	"textures": {
		"1": "block/glass",
		"2": "block/red_terracotta",
		"4": "block/gray_concrete",
		"5": "block/coal_block",
		"6": "block/light_gray_concrete",
		"9": "block/quartz_block_bottom",
		"11": "block/yellow_concrete",
		"12": "block/cyan_terracotta",
		"14": "block/sea_lantern",
		"15": "block/shroomlight",
		"16": "block/redstone_block",
		"17": "block/red_concrete",
		"particle": "block/black_concrete"
	},
	"elements": [
		{
			"from": [12, -0.25, 18.75],
			"to": [14.75, 2.25, 21.25],
			"faces": {
				"north": {"uv": [0, 0, 2.75, 2.5], "texture": "#5"},
				"east": {"uv": [0, 0, 2.5, 2.5], "texture": "#5"},
				"south": {"uv": [0, 0, 2.75, 2.5], "texture": "#5"},
				"west": {"uv": [0, 0, 2.5, 2.5], "texture": "#5"},
				"up": {"uv": [0, 0, 2.75, 2.5], "texture": "#5"},
				"down": {"uv": [0, 0, 2.75, 2.5], "texture": "#5"}
			}
		},
		{
			"from": [1.25, -0.25, -12],
			"to": [4, 2.25, -9.5],
			"faces": {
				"north": {"uv": [0, 0, 2.75, 2.5], "texture": "#5"},
				"east": {"uv": [0, 0, 2.5, 2.5], "texture": "#5"},
				"south": {"uv": [0, 0, 2.75, 2.5], "texture": "#5"},
				"west": {"uv": [0, 0, 2.5, 2.5], "texture": "#5"},
				"up": {"uv": [0, 0, 2.75, 2.5], "texture": "#5"},
				"down": {"uv": [0, 0, 2.75, 2.5], "texture": "#5"}
			}
		},
		{
			"from": [12, -0.25, -12],
			"to": [14.75, 2.25, -9.5],
			"faces": {
				"north": {"uv": [0, 0, 2.75, 2.5], "texture": "#5"},
				"east": {"uv": [0, 0, 2.5, 2.5], "texture": "#5"},
				"south": {"uv": [0, 0, 2.75, 2.5], "texture": "#5"},
				"west": {"uv": [0, 0, 2.5, 2.5], "texture": "#5"},
				"up": {"uv": [0, 0, 2.75, 2.5], "texture": "#5"},
				"down": {"uv": [0, 0, 2.75, 2.5], "texture": "#5"}
			}
		},
		{
			"from": [1.25, -0.25, 18.75],
			"to": [4, 2.25, 21.25],
			"faces": {
				"north": {"uv": [0, 0, 2.75, 2.5], "texture": "#5"},
				"east": {"uv": [0, 0, 2.5, 2.5], "texture": "#5"},
				"south": {"uv": [0, 0, 2.75, 2.5], "texture": "#5"},
				"west": {"uv": [0, 0, 2.5, 2.5], "texture": "#5"},
				"up": {"uv": [0, 0, 2.75, 2.5], "texture": "#5"},
				"down": {"uv": [0, 0, 2.75, 2.5], "texture": "#5"}
			}
		},
		{
			"from": [1.25, 0.75, 21.5],
			"to": [5.25, 3.75, 22.25],
			"faces": {
				"north": {"uv": [0, 0, 4, 3], "texture": "#6"},
				"east": {"uv": [0, 0, 0.75, 3], "texture": "#6"},
				"south": {"uv": [0, 0, 4, 3], "texture": "#6"},
				"west": {"uv": [0, 0, 0.75, 3], "texture": "#6"},
				"up": {"uv": [0, 0, 4, 0.75], "texture": "#6"},
				"down": {"uv": [0, 0, 4, 0.75], "texture": "#6"}
			}
		},
		{
			"from": [1.25, 0.75, 17.75],
			"to": [5.25, 3.75, 18.5],
			"faces": {
				"north": {"uv": [0, 0, 4, 3], "texture": "#6"},
				"east": {"uv": [0, 0, 0.75, 3], "texture": "#6"},
				"south": {"uv": [0, 0, 4, 3], "texture": "#6"},
				"west": {"uv": [0, 0, 0.75, 3], "texture": "#6"},
				"up": {"uv": [0, 0, 4, 0.75], "texture": "#6"},
				"down": {"uv": [0, 0, 4, 0.75], "texture": "#6"}
			}
		},
		{
			"from": [10.75, 0.75, 21.5],
			"to": [14.75, 3.75, 22.25],
			"faces": {
				"north": {"uv": [0, 0, 4, 3], "texture": "#6"},
				"east": {"uv": [0, 0, 0.75, 3], "texture": "#6"},
				"south": {"uv": [0, 0, 4, 3], "texture": "#6"},
				"west": {"uv": [0, 0, 0.75, 3], "texture": "#6"},
				"up": {"uv": [0, 0, 4, 0.75], "texture": "#6"},
				"down": {"uv": [0, 0, 4, 0.75], "texture": "#6"}
			}
		},
		{
			"from": [10.75, 0.75, 17.75],
			"to": [14.75, 3.75, 18.5],
			"faces": {
				"north": {"uv": [0, 0, 4, 3], "texture": "#6"},
				"east": {"uv": [0, 0, 0.75, 3], "texture": "#6"},
				"south": {"uv": [0, 0, 4, 3], "texture": "#6"},
				"west": {"uv": [0, 0, 0.75, 3], "texture": "#6"},
				"up": {"uv": [0, 0, 4, 0.75], "texture": "#6"},
				"down": {"uv": [0, 0, 4, 0.75], "texture": "#6"}
			}
		},
		{
			"from": [10.75, 2.75, 18.5],
			"to": [14.75, 3.75, 21.5],
			"faces": {
				"north": {"uv": [0, 0, 4, 1], "texture": "#6"},
				"east": {"uv": [0, 0, 3, 1], "texture": "#6"},
				"south": {"uv": [0, 0, 4, 1], "texture": "#6"},
				"west": {"uv": [0, 0, 3, 1], "texture": "#6"},
				"up": {"uv": [0, 0, 4, 3], "texture": "#6"},
				"down": {"uv": [0, 0, 4, 3], "texture": "#6"}
			}
		},
		{
			"from": [1.25, 2.75, 18.5],
			"to": [5.25, 3.75, 21.5],
			"faces": {
				"north": {"uv": [0, 0, 4, 1], "texture": "#6"},
				"east": {"uv": [0, 0, 3, 1], "texture": "#6"},
				"south": {"uv": [0, 0, 4, 1], "texture": "#6"},
				"west": {"uv": [0, 0, 3, 1], "texture": "#6"},
				"up": {"uv": [0, 0, 4, 3], "texture": "#6"},
				"down": {"uv": [0, 0, 4, 3], "texture": "#6"}
			}
		},
		{
			"from": [4.75, 0.75, 18.5],
			"to": [5.25, 2.75, 21.5],
			"faces": {
				"north": {"uv": [0, 0, 0.5, 2], "texture": "#6"},
				"east": {"uv": [0, 0, 3, 2], "texture": "#6"},
				"south": {"uv": [0, 0, 0.5, 2], "texture": "#6"},
				"west": {"uv": [0, 0, 3, 2], "texture": "#6"},
				"up": {"uv": [0, 0, 0.5, 3], "texture": "#6"},
				"down": {"uv": [0, 0, 0.5, 3], "texture": "#6"}
			}
		},
		{
			"from": [10.75, 0.75, 18.5],
			"to": [11.25, 2.75, 21.5],
			"faces": {
				"north": {"uv": [0, 0, 0.5, 2], "texture": "#6"},
				"east": {"uv": [0, 0, 3, 2], "texture": "#6"},
				"south": {"uv": [0, 0, 0.5, 2], "texture": "#6"},
				"west": {"uv": [0, 0, 3, 2], "texture": "#6"},
				"up": {"uv": [0, 0, 0.5, 3], "texture": "#6"},
				"down": {"uv": [0, 0, 0.5, 3], "texture": "#6"}
			}
		},
		{
			"from": [1.25, 3.75, 2.75],
			"to": [14.75, 4.5, 27.75],
			"faces": {
				"north": {"uv": [0, 0, 9.5, 0.75], "texture": "#9"},
				"east": {"uv": [0, 0, 16, 0.75], "texture": "#9"},
				"south": {"uv": [0, 0, 9.5, 0.75], "texture": "#9"},
				"west": {"uv": [0, 0, 16, 0.75], "texture": "#9"},
				"up": {"uv": [0, 0, 9.5, 16], "texture": "#9"},
				"down": {"uv": [0, 0, 9.5, 16], "texture": "#17"}
			}
		},
		{
			"from": [1.25, 0.75, 2.75],
			"to": [14.75, 3.75, 17.75],
			"faces": {
				"north": {"uv": [0, 0, 9.5, 0.75], "texture": "#17"},
				"east": {"uv": [0, 0, 16, 0.75], "texture": "#17"},
				"south": {"uv": [0, 0, 9.5, 0.75], "texture": "#17"},
				"west": {"uv": [0, 0, 16, 0.75], "texture": "#17"},
				"up": {"uv": [0, 0, 9.5, 16], "texture": "#17"},
				"down": {"uv": [0, 0, 9.5, 16], "texture": "#17"}
			}
		},
		{
			"from": [1.25, 0.75, 22.25],
			"to": [14.75, 3.75, 27.75],
			"faces": {
				"north": {"uv": [0, 0, 9.5, 0.75], "texture": "#17"},
				"east": {"uv": [0, 0, 16, 0.75], "texture": "#17"},
				"south": {"uv": [0, 0, 9.5, 0.75], "texture": "#17"},
				"west": {"uv": [0, 0, 16, 0.75], "texture": "#17"},
				"up": {"uv": [0, 0, 9.5, 16], "texture": "#17"},
				"down": {"uv": [0, 0, 9.5, 16], "texture": "#17"}
			}
		},
		{
			"from": [5.1, 0.75, 17.75],
			"to": [10.9, 3.75, 22.25],
			"faces": {
				"north": {"uv": [0, 0, 9.5, 0.75], "texture": "#17"},
				"east": {"uv": [0, 0, 16, 0.75], "texture": "#17"},
				"south": {"uv": [0, 0, 9.5, 0.75], "texture": "#17"},
				"west": {"uv": [0, 0, 16, 0.75], "texture": "#17"},
				"up": {"uv": [0, 0, 9.5, 16], "texture": "#17"},
				"down": {"uv": [0, 0, 9.5, 16], "texture": "#17"}
			}
		},
		{
			"from": [1.25, 0.75, 2.75],
			"to": [14.75, 3.75, 17.75],
			"faces": {
				"north": {"uv": [0, 0, 9.5, 0.75], "texture": "#17"},
				"east": {"uv": [0, 0, 16, 0.75], "texture": "#17"},
				"south": {"uv": [0, 0, 9.5, 0.75], "texture": "#17"},
				"west": {"uv": [0, 0, 16, 0.75], "texture": "#17"},
				"up": {"uv": [0, 0, 9.5, 16], "texture": "#17"},
				"down": {"uv": [0, 0, 9.5, 16], "texture": "#17"}
			}
		},
		{
			"from": [1.25, 0.75, -8.5],
			"to": [14.75, 1.5, -0.25],
			"faces": {
				"north": {"uv": [0, 0, 9.5, 0.75], "texture": "#9"},
				"east": {"uv": [0, 0, 16, 0.75], "texture": "#9"},
				"south": {"uv": [0, 0, 9.5, 0.75], "texture": "#9"},
				"west": {"uv": [0, 0, 16, 0.75], "texture": "#9"},
				"up": {"uv": [0, 0, 9.5, 16], "texture": "#9"},
				"down": {"uv": [0, 0, 9.5, 16], "texture": "#17"}
			}
		},
		{
			"from": [1.25, 1.5, 27.75],
			"to": [14.75, 2.25, 31.25],
			"faces": {
				"north": {"uv": [0, 0, 9.5, 0.75], "texture": "#9"},
				"east": {"uv": [0, 0, 16, 0.75], "texture": "#9"},
				"south": {"uv": [0, 0, 9.5, 0.75], "texture": "#9"},
				"west": {"uv": [0, 0, 16, 0.75], "texture": "#9"},
				"up": {"uv": [0, 0, 9.5, 16], "texture": "#9"},
				"down": {"uv": [0, 0, 9.5, 16], "texture": "#9"}
			}
		},
		{
			"from": [0.75, 17.25, -0.25],
			"to": [15.25, 18.5, 31.25],
			"faces": {
				"north": {"uv": [0, 0, 14.5, 1.25], "texture": "#17"},
				"east": {"uv": [0, 0, 16, 1.25], "texture": "#17"},
				"south": {"uv": [0, 0, 14.5, 1.25], "texture": "#17"},
				"west": {"uv": [0, 0, 16, 1.25], "texture": "#17"},
				"up": {"uv": [0, 0, 14.5, 16], "texture": "#17"},
				"down": {"uv": [0, 0, 14.5, 16], "texture": "#12"}
			}
		},
		{
			"from": [0.75, 13.1967, -8.53553],
			"to": [15.25, 14.4467, -3.78553],
			"rotation": {"angle": 0, "axis": "y", "origin": [0, -4.0533, 6.71447]},
			"faces": {
				"north": {"uv": [0, 0, 14.5, 1.25], "texture": "#17"},
				"east": {"uv": [0, 0, 16, 1.25], "texture": "#17"},
				"south": {"uv": [0, 0, 14.5, 1.25], "texture": "#17"},
				"west": {"uv": [0, 0, 16, 1.25], "texture": "#17"},
				"up": {"uv": [0, 0, 14.5, 16], "texture": "#17"},
				"down": {"uv": [0, 0, 14.5, 16], "texture": "#12"}
			}
		},
		{
			"from": [0.75, 13.1967, -3.53553],
			"to": [15.25, 14.4467, -0.28553],
			"rotation": {"angle": 0, "axis": "y", "origin": [0, -4.0533, 6.71447]},
			"faces": {
				"north": {"uv": [0, 0, 14.5, 1.25], "texture": "#17"},
				"east": {"uv": [0, 0, 16, 1.25], "texture": "#17"},
				"south": {"uv": [0, 0, 14.5, 1.25], "texture": "#17"},
				"west": {"uv": [0, 0, 16, 1.25], "texture": "#17"},
				"up": {"uv": [0, 0, 14.5, 16], "texture": "#17"},
				"down": {"uv": [0, 0, 14.5, 16], "texture": "#12"}
			}
		},
		{
			"from": [0.75, 13.1967, -2.53553],
			"to": [15.25, 15.9467, -0.28553],
			"rotation": {"angle": 0, "axis": "y", "origin": [0, -4.0533, 6.71447]},
			"faces": {
				"north": {"uv": [0, 0, 14.5, 1.25], "texture": "#17"},
				"east": {"uv": [0, 0, 16, 1.25], "texture": "#17"},
				"south": {"uv": [0, 0, 14.5, 1.25], "texture": "#17"},
				"west": {"uv": [0, 0, 16, 1.25], "texture": "#17"},
				"up": {"uv": [0, 0, 14.5, 16], "texture": "#17"},
				"down": {"uv": [0, 0, 14.5, 16], "texture": "#12"}
			}
		},
		{
			"from": [13.25, 4.1967, -14.03553],
			"to": [15.25, 8.9467, -8.53553],
			"rotation": {"angle": 0, "axis": "y", "origin": [0, -4.0533, 6.71447]},
			"faces": {
				"north": {"uv": [0, 0, 14.5, 1.25], "texture": "#17"},
				"east": {"uv": [0, 0, 16, 1.25], "texture": "#17"},
				"south": {"uv": [0, 0, 14.5, 1.25], "texture": "#17"},
				"west": {"uv": [0, 0, 16, 1.25], "texture": "#17"},
				"up": {"uv": [0, 0, 14.5, 16], "texture": "#17"},
				"down": {"uv": [0, 0, 14.5, 16], "texture": "#12"}
			}
		},
		{
			"from": [13.25, 4.1967, -12.28553],
			"to": [15.25, 9.9467, -8.53553],
			"rotation": {"angle": 0, "axis": "y", "origin": [0, -4.0533, 6.71447]},
			"faces": {
				"north": {"uv": [0, 0, 14.5, 1.25], "texture": "#17"},
				"east": {"uv": [0, 0, 16, 1.25], "texture": "#17"},
				"south": {"uv": [0, 0, 14.5, 1.25], "texture": "#17"},
				"west": {"uv": [0, 0, 16, 1.25], "texture": "#17"},
				"up": {"uv": [0, 0, 14.5, 16], "texture": "#17"},
				"down": {"uv": [0, 0, 14.5, 16], "texture": "#12"}
			}
		},
		{
			"from": [13.25, 4.1967, -11.53553],
			"to": [15.25, 11.1967, -8.53553],
			"rotation": {"angle": 0, "axis": "y", "origin": [0, -4.0533, 6.71447]},
			"faces": {
				"north": {"uv": [0, 0, 14.5, 1.25], "texture": "#17"},
				"east": {"uv": [0, 0, 16, 1.25], "texture": "#17"},
				"south": {"uv": [0, 0, 14.5, 1.25], "texture": "#17"},
				"west": {"uv": [0, 0, 16, 1.25], "texture": "#17"},
				"up": {"uv": [0, 0, 14.5, 16], "texture": "#17"},
				"down": {"uv": [0, 0, 14.5, 16], "texture": "#12"}
			}
		},
		{
			"from": [13.25, 4.1967, -10.53553],
			"to": [15.25, 12.4467, -8.53553],
			"rotation": {"angle": 0, "axis": "y", "origin": [0, -4.0533, 6.71447]},
			"faces": {
				"north": {"uv": [0, 0, 14.5, 1.25], "texture": "#17"},
				"east": {"uv": [0, 0, 16, 1.25], "texture": "#17"},
				"south": {"uv": [0, 0, 14.5, 1.25], "texture": "#17"},
				"west": {"uv": [0, 0, 16, 1.25], "texture": "#17"},
				"up": {"uv": [0, 0, 14.5, 16], "texture": "#17"},
				"down": {"uv": [0, 0, 14.5, 16], "texture": "#12"}
			}
		},
		{
			"from": [13.25, 4.1967, -9.78553],
			"to": [15.25, 12.9467, -8.53553],
			"rotation": {"angle": 0, "axis": "y", "origin": [0, -4.0533, 6.71447]},
			"faces": {
				"north": {"uv": [0, 0, 14.5, 1.25], "texture": "#17"},
				"east": {"uv": [0, 0, 16, 1.25], "texture": "#17"},
				"south": {"uv": [0, 0, 14.5, 1.25], "texture": "#17"},
				"west": {"uv": [0, 0, 16, 1.25], "texture": "#17"},
				"up": {"uv": [0, 0, 14.5, 16], "texture": "#17"},
				"down": {"uv": [0, 0, 14.5, 16], "texture": "#12"}
			}
		},
		{
			"from": [0.75, 4.1967, -14.03553],
			"to": [2.75, 8.9467, -8.53553],
			"rotation": {"angle": 0, "axis": "y", "origin": [0, -4.0533, 6.71447]},
			"faces": {
				"north": {"uv": [0, 0, 14.5, 1.25], "texture": "#17"},
				"east": {"uv": [0, 0, 16, 1.25], "texture": "#17"},
				"south": {"uv": [0, 0, 14.5, 1.25], "texture": "#17"},
				"west": {"uv": [0, 0, 16, 1.25], "texture": "#17"},
				"up": {"uv": [0, 0, 14.5, 16], "texture": "#17"},
				"down": {"uv": [0, 0, 14.5, 16], "texture": "#12"}
			}
		},
		{
			"from": [2.75, 4.7967, -14.03553],
			"to": [13.25, 8.9467, -13.28553],
			"rotation": {"angle": 0, "axis": "y", "origin": [0, -4.0533, 6.71447]},
			"faces": {
				"north": {"uv": [0, 5, 16, 16], "texture": "#1"},
				"east": {"uv": [0, 0, 16, 1.25], "texture": "#1"},
				"south": {"uv": [0, 5, 16, 16], "texture": "#1"},
				"west": {"uv": [0, 0, 16, 1.25], "texture": "#1"},
				"up": {"uv": [9, 7, 10.5, 9], "texture": "#1"},
				"down": {"uv": [0, 0, 14.5, 16], "texture": "#1"}
			}
		},
		{
			"from": [0.75, 4.1967, -12.28553],
			"to": [2.75, 9.9467, -8.53553],
			"rotation": {"angle": 0, "axis": "y", "origin": [0, -4.0533, 6.71447]},
			"faces": {
				"north": {"uv": [0, 0, 14.5, 1.25], "texture": "#17"},
				"east": {"uv": [0, 0, 16, 1.25], "texture": "#17"},
				"south": {"uv": [0, 0, 14.5, 1.25], "texture": "#17"},
				"west": {"uv": [0, 0, 16, 1.25], "texture": "#17"},
				"up": {"uv": [0, 0, 14.5, 16], "texture": "#17"},
				"down": {"uv": [0, 0, 14.5, 16], "texture": "#12"}
			}
		},
		{
			"from": [0.75, 4.1967, -10.53553],
			"to": [2.75, 12.4467, -8.53553],
			"rotation": {"angle": 0, "axis": "y", "origin": [0, -4.0533, 6.71447]},
			"faces": {
				"north": {"uv": [0, 0, 14.5, 1.25], "texture": "#17"},
				"east": {"uv": [0, 0, 16, 1.25], "texture": "#17"},
				"south": {"uv": [0, 0, 14.5, 1.25], "texture": "#17"},
				"west": {"uv": [0, 0, 16, 1.25], "texture": "#17"},
				"up": {"uv": [0, 0, 14.5, 16], "texture": "#17"},
				"down": {"uv": [0, 0, 14.5, 16], "texture": "#12"}
			}
		},
		{
			"from": [0.75, 4.1967, -11.53553],
			"to": [2.75, 11.1967, -8.53553],
			"rotation": {"angle": 0, "axis": "y", "origin": [0, -4.0533, 6.71447]},
			"faces": {
				"north": {"uv": [0, 0, 14.5, 1.25], "texture": "#17"},
				"east": {"uv": [0, 0, 16, 1.25], "texture": "#17"},
				"south": {"uv": [0, 0, 14.5, 1.25], "texture": "#17"},
				"west": {"uv": [0, 0, 16, 1.25], "texture": "#17"},
				"up": {"uv": [0, 0, 14.5, 16], "texture": "#17"},
				"down": {"uv": [0, 0, 14.5, 16], "texture": "#12"}
			}
		},
		{
			"from": [0.75, 4.1967, -9.78553],
			"to": [2.75, 12.9467, -8.53553],
			"rotation": {"angle": 0, "axis": "y", "origin": [0, -4.0533, 6.71447]},
			"faces": {
				"north": {"uv": [0, 0, 14.5, 1.25], "texture": "#17"},
				"east": {"uv": [0, 0, 16, 1.25], "texture": "#17"},
				"south": {"uv": [0, 0, 14.5, 1.25], "texture": "#17"},
				"west": {"uv": [0, 0, 16, 1.25], "texture": "#17"},
				"up": {"uv": [0, 0, 14.5, 16], "texture": "#17"},
				"down": {"uv": [0, 0, 14.5, 16], "texture": "#12"}
			}
		},
		{
			"from": [0.75, 13.1967, -1.03553],
			"to": [15.25, 17.4467, -0.28553],
			"rotation": {"angle": 0, "axis": "y", "origin": [0, -4.0533, 6.71447]},
			"faces": {
				"north": {"uv": [0, 0, 14.5, 1.25], "texture": "#17"},
				"east": {"uv": [0, 0, 16, 1.25], "texture": "#17"},
				"south": {"uv": [0, 0, 14.5, 1.25], "texture": "#17"},
				"west": {"uv": [0, 0, 16, 1.25], "texture": "#17"},
				"up": {"uv": [0, 0, 14.5, 16], "texture": "#17"},
				"down": {"uv": [0, 0, 14.5, 16], "texture": "#12"}
			}
		},
		{
			"from": [0.75, 22.8453, 6.50825],
			"to": [15.25, 24.0953, 12.75825],
			"rotation": {"angle": -45, "axis": "x", "origin": [0, 5.5953, 13.00825]},
			"faces": {
				"north": {"uv": [0, 0, 14.5, 1.25], "texture": "#17"},
				"east": {"uv": [0, 0, 16, 1.25], "texture": "#17"},
				"south": {"uv": [0, 0, 14.5, 1.25], "texture": "#17"},
				"west": {"uv": [0, 0, 16, 1.25], "texture": "#17"},
				"up": {"uv": [0, 0, 14.5, 16], "texture": "#17"},
				"down": {"uv": [0, 0, 14.5, 16], "texture": "#12"}
			}
		},
		{
			"from": [13.25, 25.85786, -3.71878],
			"to": [15.25, 27.10786, 4.03122],
			"rotation": {"angle": -45, "axis": "x", "origin": [0, 5.60786, 13.03122]},
			"faces": {
				"north": {"uv": [0, 0, 14.5, 1.25], "texture": "#17"},
				"east": {"uv": [0, 0, 16, 1.25], "texture": "#17"},
				"south": {"uv": [0, 0, 14.5, 1.25], "texture": "#17"},
				"west": {"uv": [0, 0, 16, 1.25], "texture": "#17"},
				"up": {"uv": [0, 0, 14.5, 16], "texture": "#17"},
				"down": {"uv": [0, 0, 14.5, 16], "texture": "#12"}
			}
		},
		{
			"from": [0.75, 25.85786, -3.71878],
			"to": [2.75, 27.10786, 4.03122],
			"rotation": {"angle": -45, "axis": "x", "origin": [-4.5, 5.60786, 13.03122]},
			"faces": {
				"north": {"uv": [0, 0, 14.5, 1.25], "texture": "#17"},
				"east": {"uv": [0, 0, 16, 1.25], "texture": "#17"},
				"south": {"uv": [0, 0, 14.5, 1.25], "texture": "#17"},
				"west": {"uv": [0, 0, 16, 1.25], "texture": "#17"},
				"up": {"uv": [0, 0, 14.5, 16], "texture": "#17"},
				"down": {"uv": [0, 0, 14.5, 16], "texture": "#12"}
			}
		},
		{
			"from": [2.75, 25.85786, -3.71878],
			"to": [13.25, 27.10786, 4.03122],
			"rotation": {"angle": -45, "axis": "x", "origin": [-4.5, 5.60786, 13.03122]},
			"faces": {
				"north": {"uv": [1.5, 7, 14, 8.25], "texture": "#1"},
				"east": {"uv": [0, 0, 16, 1.25], "texture": "#1"},
				"south": {"uv": [0, 0, 14.5, 1.25], "texture": "#1"},
				"west": {"uv": [0, 0, 16, 1.25], "texture": "#1"},
				"up": {"uv": [0, 5, 16, 16], "texture": "#1"},
				"down": {"uv": [0, 5, 16, 16], "texture": "#1"}
			}
		},
		{
			"from": [6, 2, 27.75],
			"to": [10, 3.75, 28],
			"faces": {
				"north": {"uv": [0, 0, 6, 1.75], "texture": "#11"},
				"east": {"uv": [0, 0, 0.5, 1.75], "texture": "#11"},
				"south": {"uv": [0, 0, 6, 1.75], "texture": "#11"},
				"west": {"uv": [0, 0, 0.5, 1.75], "texture": "#11"},
				"up": {"uv": [0, 0, 6, 0.5], "texture": "#11"},
				"down": {"uv": [0, 0, 6, 0.5], "texture": "#11"}
			}
		},
		{
			"from": [5, 2.25, -15.5],
			"to": [11, 4, -15],
			"faces": {
				"north": {"uv": [0, 0, 6, 1.75], "texture": "#11"},
				"east": {"uv": [0, 0, 0.5, 1.75], "texture": "#11"},
				"south": {"uv": [0, 0, 6, 1.75], "texture": "#11"},
				"west": {"uv": [0, 0, 0.5, 1.75], "texture": "#11"},
				"up": {"uv": [0, 0, 6, 0.5], "texture": "#11"},
				"down": {"uv": [0, 0, 6, 0.5], "texture": "#11"}
			}
		},
		{
			"from": [1.5, 1.75, -15.5],
			"to": [2.5, 2.75, -15],
			"faces": {
				"north": {"uv": [0, 0, 16, 16], "texture": "#15"},
				"east": {"uv": [0, 0, 0.5, 1], "texture": "#2"},
				"south": {"uv": [0, 0, 1, 1], "texture": "#11"},
				"west": {"uv": [0, 0, 0.5, 1], "texture": "#2"},
				"up": {"uv": [0, 0, 1, 0.5], "texture": "#2"},
				"down": {"uv": [0, 0, 1, 0.5], "texture": "#2"}
			}
		},
		{
			"from": [13.5, 1.75, -15.5],
			"to": [14.5, 2.75, -15],
			"faces": {
				"north": {"uv": [0, 0, 16, 16], "texture": "#15"},
				"east": {"uv": [0, 0, 0.5, 1], "texture": "#2"},
				"south": {"uv": [0, 0, 1, 1], "texture": "#11"},
				"west": {"uv": [0, 0, 0.5, 1], "texture": "#2"},
				"up": {"uv": [0, 0, 1, 0.5], "texture": "#2"},
				"down": {"uv": [0, 0, 1, 0.5], "texture": "#2"}
			}
		},
		{
			"from": [1.5, 3.25, -15.5],
			"to": [2.5, 4.25, -15],
			"faces": {
				"north": {"uv": [0, 0, 16, 16], "texture": "#14"},
				"east": {"uv": [0, 0, 0.5, 1], "texture": "#2"},
				"south": {"uv": [0, 0, 1, 1], "texture": "#11"},
				"west": {"uv": [0, 0, 0.5, 1], "texture": "#2"},
				"up": {"uv": [0, 0, 1, 0.5], "texture": "#2"},
				"down": {"uv": [0, 0, 1, 0.5], "texture": "#2"}
			}
		},
		{
			"from": [13.5, 3.25, -15.5],
			"to": [14.5, 4.25, -15],
			"faces": {
				"north": {"uv": [0, 0, 16, 16], "texture": "#14"},
				"east": {"uv": [0, 0, 0.5, 1], "texture": "#2"},
				"south": {"uv": [0, 0, 1, 1], "texture": "#11"},
				"west": {"uv": [0, 0, 0.5, 1], "texture": "#2"},
				"up": {"uv": [0, 0, 1, 0.5], "texture": "#2"},
				"down": {"uv": [0, 0, 1, 0.5], "texture": "#2"}
			}
		},
		{
			"from": [12.75, 3, 28],
			"to": [13.75, 4, 28.5],
			"faces": {
				"north": {"uv": [0, 0, 1, 1], "texture": "#11"},
				"east": {"uv": [0, 0, 0.5, 1], "texture": "#2"},
				"south": {"uv": [0, 0, 16, 16], "texture": "#15"},
				"west": {"uv": [0, 0, 0.5, 1], "texture": "#2"},
				"up": {"uv": [0, 0, 1, 0.5], "texture": "#2"},
				"down": {"uv": [0, 0, 1, 0.5], "texture": "#2"}
			}
		},
		{
			"from": [2.25, 4.5, 28],
			"to": [3.25, 5.5, 28.5],
			"faces": {
				"north": {"uv": [0, 0, 1, 1], "texture": "#11"},
				"east": {"uv": [0, 0, 0.5, 1], "texture": "#2"},
				"south": {"uv": [0, 0, 16, 16], "texture": "#15"},
				"west": {"uv": [0, 0, 0.5, 1], "texture": "#2"},
				"up": {"uv": [0, 0, 1, 0.5], "texture": "#2"},
				"down": {"uv": [0, 0, 1, 0.5], "texture": "#2"}
			}
		},
		{
			"from": [2.25, 3, 28],
			"to": [3.25, 4, 28.5],
			"faces": {
				"north": {"uv": [0, 0, 1, 1], "texture": "#11"},
				"east": {"uv": [0, 0, 0.5, 1], "texture": "#2"},
				"south": {"uv": [0, 0, 16, 16], "texture": "#14"},
				"west": {"uv": [0, 0, 0.5, 1], "texture": "#2"},
				"up": {"uv": [0, 0, 1, 0.5], "texture": "#2"},
				"down": {"uv": [0, 0, 1, 0.5], "texture": "#2"}
			}
		},
		{
			"from": [2.25, 6, 28],
			"to": [3.25, 7, 28.5],
			"faces": {
				"north": {"uv": [0, 0, 1, 1], "texture": "#11"},
				"east": {"uv": [0, 0, 0.5, 1], "texture": "#2"},
				"south": {"uv": [0, 0, 16, 16], "texture": "#16"},
				"west": {"uv": [0, 0, 0.5, 1], "texture": "#2"},
				"up": {"uv": [0, 0, 1, 0.5], "texture": "#2"},
				"down": {"uv": [0, 0, 1, 0.5], "texture": "#2"}
			}
		},
		{
			"from": [12.75, 4.5, 28],
			"to": [13.75, 5.5, 28.5],
			"faces": {
				"north": {"uv": [0, 0, 1, 1], "texture": "#11"},
				"east": {"uv": [0, 0, 0.5, 1], "texture": "#2"},
				"south": {"uv": [0, 0, 16, 16], "texture": "#16"},
				"west": {"uv": [0, 0, 0.5, 1], "texture": "#2"},
				"up": {"uv": [0, 0, 1, 0.5], "texture": "#2"},
				"down": {"uv": [0, 0, 1, 0.5], "texture": "#2"}
			}
		},
		{
			"from": [1.25, 7.25, 3.25],
			"to": [5.25, 7.5, 27.75],
			"faces": {
				"north": {"uv": [0, 0, 2.5, 0.25], "texture": "#4"},
				"east": {"uv": [0, 0, 2.25, 0.25], "texture": "#4"},
				"south": {"uv": [0, 0, 2.5, 0.25], "texture": "#4"},
				"west": {"uv": [0, 0, 2.25, 0.25], "texture": "#4"},
				"up": {"uv": [0, 0, 2.5, 2.25], "texture": "#4"},
				"down": {"uv": [0, 0, 2.5, 2.25], "texture": "#4"}
			}
		},
		{
			"from": [1.25, 7.5, 3.25],
			"to": [1.75, 11.25, 27.75],
			"faces": {
				"north": {"uv": [0, 0, 2.5, 0.25], "texture": "#4"},
				"east": {"uv": [0, 0, 2.25, 0.25], "texture": "#4"},
				"south": {"uv": [0, 0, 2.5, 0.25], "texture": "#4"},
				"west": {"uv": [0, 0, 2.25, 0.25], "texture": "#4"},
				"up": {"uv": [0, 0, 2.5, 2.25], "texture": "#4"},
				"down": {"uv": [0, 0, 2.5, 2.25], "texture": "#4"}
			}
		},
		{
			"from": [14.25, 7.5, 3.25],
			"to": [14.75, 11.25, 27.75],
			"faces": {
				"north": {"uv": [0, 0, 2.5, 0.25], "texture": "#4"},
				"east": {"uv": [0, 0, 2.25, 0.25], "texture": "#4"},
				"south": {"uv": [0, 0, 2.5, 0.25], "texture": "#4"},
				"west": {"uv": [0, 0, 2.25, 0.25], "texture": "#4"},
				"up": {"uv": [0, 0, 2.5, 2.25], "texture": "#4"},
				"down": {"uv": [0, 0, 2.5, 2.25], "texture": "#4"}
			}
		},
		{
			"from": [10.75, 7.25, 3.25],
			"to": [14.75, 7.5, 27.75],
			"faces": {
				"north": {"uv": [0, 0, 2.5, 0.25], "texture": "#4"},
				"east": {"uv": [0, 0, 2.25, 0.25], "texture": "#4"},
				"south": {"uv": [0, 0, 2.5, 0.25], "texture": "#4"},
				"west": {"uv": [0, 0, 2.25, 0.25], "texture": "#4"},
				"up": {"uv": [0, 0, 2.5, 2.25], "texture": "#4"},
				"down": {"uv": [0, 0, 2.5, 2.25], "texture": "#4"}
			}
		},
		{
			"from": [2.75, 3.75, -2.75],
			"to": [5.25, 6.75, -2.5],
			"faces": {
				"north": {"uv": [0, 0, 2.5, 3], "texture": "#12"},
				"east": {"uv": [0, 0, 0.25, 3], "texture": "#9"},
				"south": {"uv": [0, 0, 2.5, 3], "texture": "#9"},
				"west": {"uv": [0, 0, 0.25, 3], "texture": "#9"},
				"up": {"uv": [0, 0, 2.5, 0.25], "texture": "#9"},
				"down": {"uv": [0, 0, 2.5, 0.25], "texture": "#9"}
			}
		},
		{
			"from": [2.75, 3.75, -5],
			"to": [5.25, 4, -2.75],
			"faces": {
				"north": {"uv": [0, 0, 2.5, 0.25], "texture": "#9"},
				"east": {"uv": [0, 0, 2.25, 0.25], "texture": "#9"},
				"south": {"uv": [0, 0, 2.5, 0.25], "texture": "#9"},
				"west": {"uv": [0, 0, 2.25, 0.25], "texture": "#9"},
				"up": {"uv": [0, 0, 2.5, 2.25], "texture": "#12"},
				"down": {"uv": [0, 0, 2.5, 2.25], "texture": "#9"}
			}
		},
		{
			"from": [3.5, 1.25, -4.5],
			"to": [4.5, 3.75, -3.5],
			"faces": {
				"north": {"uv": [0, 0, 1, 2.5], "texture": "#9"},
				"east": {"uv": [0, 0, 1, 2.5], "texture": "#9"},
				"south": {"uv": [0, 0, 1, 2.5], "texture": "#9"},
				"west": {"uv": [0, 0, 1, 2.5], "texture": "#9"},
				"up": {"uv": [0, 0, 1, 1], "texture": "#9"},
				"down": {"uv": [0, 0, 1, 1], "texture": "#9"}
			}
		},
		{
			"from": [10.75, 3.75, -2.75],
			"to": [13.25, 6.75, -2.5],
			"faces": {
				"north": {"uv": [0, 0, 2.5, 3], "texture": "#12"},
				"east": {"uv": [0, 0, 0.25, 3], "texture": "#9"},
				"south": {"uv": [0, 0, 2.5, 3], "texture": "#9"},
				"west": {"uv": [0, 0, 0.25, 3], "texture": "#9"},
				"up": {"uv": [0, 0, 2.5, 0.25], "texture": "#9"},
				"down": {"uv": [0, 0, 2.5, 0.25], "texture": "#9"}
			}
		},
		{
			"from": [10.75, 3.75, -5],
			"to": [13.25, 4, -2.75],
			"faces": {
				"north": {"uv": [0, 0, 2.5, 0.25], "texture": "#9"},
				"east": {"uv": [0, 0, 2.25, 0.25], "texture": "#9"},
				"south": {"uv": [0, 0, 2.5, 0.25], "texture": "#9"},
				"west": {"uv": [0, 0, 2.25, 0.25], "texture": "#9"},
				"up": {"uv": [0, 0, 2.5, 2.25], "texture": "#12"},
				"down": {"uv": [0, 0, 2.5, 2.25], "texture": "#9"}
			}
		},
		{
			"from": [11.25, 5.25, -8],
			"to": [12.75, 5.5, -7.75],
			"faces": {
				"north": {"uv": [0, 0, 1.5, 0.25], "texture": "#4"},
				"east": {"uv": [0, 0, 0.25, 0.25], "texture": "#4"},
				"south": {"uv": [0, 0, 1.5, 0.25], "texture": "#4"},
				"west": {"uv": [0, 0, 0.25, 0.25], "texture": "#4"},
				"up": {"uv": [0, 0, 1.5, 0.25], "texture": "#4"},
				"down": {"uv": [0, 0, 1.5, 0.25], "texture": "#4"}
			}
		},
		{
			"from": [11.25, 6.5, -8],
			"to": [12.75, 6.75, -7.75],
			"faces": {
				"north": {"uv": [0, 0, 1.5, 0.25], "texture": "#4"},
				"east": {"uv": [0, 0, 0.25, 0.25], "texture": "#4"},
				"south": {"uv": [0, 0, 1.5, 0.25], "texture": "#4"},
				"west": {"uv": [0, 0, 0.25, 0.25], "texture": "#4"},
				"up": {"uv": [0, 0, 1.5, 0.25], "texture": "#4"},
				"down": {"uv": [0, 0, 1.5, 0.25], "texture": "#4"}
			}
		},
		{
			"from": [11.25, 5.5, -8],
			"to": [11.5, 6.5, -7.75],
			"faces": {
				"north": {"uv": [0, 0, 0.25, 1], "texture": "#4"},
				"east": {"uv": [0, 0, 0.25, 1], "texture": "#4"},
				"south": {"uv": [0, 0, 0.25, 1], "texture": "#4"},
				"west": {"uv": [0, 0, 0.25, 1], "texture": "#4"},
				"up": {"uv": [0, 0, 0.25, 0.25], "texture": "#4"},
				"down": {"uv": [0, 0, 0.25, 0.25], "texture": "#4"}
			}
		},
		{
			"from": [11.5, 5.75, -8],
			"to": [12.5, 6, -7.75],
			"faces": {
				"north": {"uv": [0, 0, 1, 0.25], "texture": "#4"},
				"east": {"uv": [0, 0, 0.25, 0.25], "texture": "#4"},
				"south": {"uv": [0, 0, 1, 0.25], "texture": "#4"},
				"west": {"uv": [0, 0, 0.25, 0.25], "texture": "#4"},
				"up": {"uv": [0, 0, 1, 0.25], "texture": "#4"},
				"down": {"uv": [0, 0, 1, 0.25], "texture": "#4"}
			}
		},
		{
			"from": [11.85, 5.75, -9],
			"to": [12.15, 6, -8],
			"faces": {
				"north": {"uv": [0, 0, 0.3, 0.25], "texture": "#4"},
				"east": {"uv": [0, 0, 1, 0.25], "texture": "#4"},
				"south": {"uv": [0, 0, 0.3, 0.25], "texture": "#4"},
				"west": {"uv": [0, 0, 1, 0.25], "texture": "#4"},
				"up": {"uv": [0, 0, 0.3, 1], "texture": "#4"},
				"down": {"uv": [0, 0, 0.3, 1], "texture": "#4"}
			}
		},
		{
			"from": [12.5, 5.5, -8],
			"to": [12.75, 6.5, -7.75],
			"faces": {
				"north": {"uv": [0, 0, 0.25, 1], "texture": "#4"},
				"east": {"uv": [0, 0, 0.25, 1], "texture": "#4"},
				"south": {"uv": [0, 0, 0.25, 1], "texture": "#4"},
				"west": {"uv": [0, 0, 0.25, 1], "texture": "#4"},
				"up": {"uv": [0, 0, 0.25, 0.25], "texture": "#4"},
				"down": {"uv": [0, 0, 0.25, 0.25], "texture": "#4"}
			}
		},
		{
			"from": [11.5, 1.25, -4.5],
			"to": [12.5, 3.75, -3.5],
			"faces": {
				"north": {"uv": [0, 0, 1, 2.5], "texture": "#9"},
				"east": {"uv": [0, 0, 1, 2.5], "texture": "#9"},
				"south": {"uv": [0, 0, 1, 2.5], "texture": "#9"},
				"west": {"uv": [0, 0, 1, 2.5], "texture": "#9"},
				"up": {"uv": [0, 0, 1, 1], "texture": "#9"},
				"down": {"uv": [0, 0, 1, 1], "texture": "#9"}
			}
		},
		{
			"from": [14.75, 0.75, 22.25],
			"to": [15.25, 9.5, 28.75],
			"faces": {
				"north": {"uv": [0, 0, 0.5, 4.25], "texture": "#17"},
				"east": {"uv": [0, 0, 16, 4.25], "texture": "#17"},
				"south": {"uv": [0, 0, 0.5, 4.25], "texture": "#17"},
				"west": {"uv": [0, 0, 16, 4.25], "texture": "#17"},
				"up": {"uv": [0, 0, 0.5, 16], "texture": "#17"},
				"down": {"uv": [0, 0, 0.5, 16], "texture": "#17"}
			}
		},
		{
			"from": [11.75, 0.75, 27.75],
			"to": [14.75, 9.5, 28.25],
			"faces": {
				"north": {"uv": [0, 0, 0.5, 4.25], "texture": "#17"},
				"east": {"uv": [0, 0, 16, 4.25], "texture": "#17"},
				"south": {"uv": [0, 0, 0.5, 4.25], "texture": "#17"},
				"west": {"uv": [0, 0, 16, 4.25], "texture": "#17"},
				"up": {"uv": [0, 0, 0.5, 16], "texture": "#17"},
				"down": {"uv": [0, 0, 0.5, 16], "texture": "#17"}
			}
		},
		{
			"from": [1.25, 0.75, 27.75],
			"to": [4.25, 9.5, 28.25],
			"faces": {
				"north": {"uv": [0, 0, 0.5, 4.25], "texture": "#17"},
				"east": {"uv": [0, 0, 16, 4.25], "texture": "#17"},
				"south": {"uv": [0, 0, 0.5, 4.25], "texture": "#17"},
				"west": {"uv": [0, 0, 16, 4.25], "texture": "#17"},
				"up": {"uv": [0, 0, 0.5, 16], "texture": "#17"},
				"down": {"uv": [0, 0, 0.5, 16], "texture": "#17"}
			}
		},
		{
			"from": [14.75, 0.75, -0.25],
			"to": [15.25, 9.5, 17.75],
			"faces": {
				"north": {"uv": [0, 0, 0.5, 4.25], "texture": "#17"},
				"east": {"uv": [0, 0, 16, 4.25], "texture": "#17"},
				"south": {"uv": [0, 0, 0.5, 4.25], "texture": "#17"},
				"west": {"uv": [0, 0, 16, 4.25], "texture": "#17"},
				"up": {"uv": [0, 0, 0.5, 16], "texture": "#17"},
				"down": {"uv": [0, 0, 0.5, 16], "texture": "#17"}
			}
		},
		{
			"from": [14.75, 0.75, -8.5],
			"to": [15.25, 6.25, -0.25],
			"faces": {
				"north": {"uv": [0, 0, 0.5, 4.25], "texture": "#17"},
				"east": {"uv": [0, 0, 16, 4.25], "texture": "#17"},
				"south": {"uv": [0, 0, 0.5, 4.25], "texture": "#17"},
				"west": {"uv": [0, 0, 16, 4.25], "texture": "#17"},
				"up": {"uv": [0, 0, 0.5, 16], "texture": "#17"},
				"down": {"uv": [0, 0, 0.5, 16], "texture": "#17"}
			}
		},
		{
			"from": [0.75, 0.75, -9.25],
			"to": [15.25, 6.5, -8.5],
			"faces": {
				"north": {"uv": [0, 0, 0.5, 4.25], "texture": "#17"},
				"east": {"uv": [0, 0, 16, 4.25], "texture": "#17"},
				"south": {"uv": [0, 0, 0.5, 4.25], "texture": "#17"},
				"west": {"uv": [0, 0, 16, 4.25], "texture": "#17"},
				"up": {"uv": [0, 0, 0.5, 16], "texture": "#17"},
				"down": {"uv": [0, 0, 0.5, 16], "texture": "#17"}
			}
		},
		{
			"from": [0.75, 3, -12.75],
			"to": [15.25, 6.25, -9.25],
			"faces": {
				"north": {"uv": [0, 0, 0.5, 4.25], "texture": "#17"},
				"east": {"uv": [0, 0, 16, 4.25], "texture": "#17"},
				"south": {"uv": [0, 0, 0.5, 4.25], "texture": "#17"},
				"west": {"uv": [0, 0, 16, 4.25], "texture": "#17"},
				"up": {"uv": [0, 0, 0.5, 16], "texture": "#17"},
				"down": {"uv": [0, 0, 0.5, 16], "texture": "#17"}
			}
		},
		{
			"from": [0.75, 0.75, -15.35],
			"to": [15.25, 4.75, -12.75],
			"faces": {
				"north": {"uv": [0, 0, 0.5, 4.25], "texture": "#17"},
				"east": {"uv": [0, 0, 16, 4.25], "texture": "#17"},
				"south": {"uv": [0, 0, 0.5, 4.25], "texture": "#17"},
				"west": {"uv": [0, 0, 16, 4.25], "texture": "#17"},
				"up": {"uv": [0, 0, 0.5, 16], "texture": "#17"},
				"down": {"uv": [0, 0, 0.5, 16], "texture": "#17"}
			}
		},
		{
			"from": [3.75, 0.75, -13.1],
			"to": [12.25, 4.75, -8.25],
			"faces": {
				"north": {"uv": [0, 0, 0.5, 4.25], "texture": "#17"},
				"east": {"uv": [0, 0, 16, 4.25], "texture": "#17"},
				"south": {"uv": [0, 0, 0.5, 4.25], "texture": "#17"},
				"west": {"uv": [0, 0, 16, 4.25], "texture": "#17"},
				"up": {"uv": [0, 0, 0.5, 16], "texture": "#17"},
				"down": {"uv": [0, 0, 0.5, 16], "texture": "#17"}
			}
		},
		{
			"from": [14.75, 6.25, -6.75],
			"to": [15.25, 11, -2],
			"faces": {
				"north": {"uv": [0, 0, 0.5, 4.25], "texture": "#1"},
				"east": {"uv": [0, 0, 16, 16], "texture": "#1"},
				"south": {"uv": [0, 0, 0.5, 4.25], "texture": "#1"},
				"west": {"uv": [0, 0, 16, 16], "texture": "#1"},
				"up": {"uv": [0, 0, 0.5, 16], "texture": "#1"},
				"down": {"uv": [0, 0, 0.5, 16], "texture": "#1"}
			}
		},
		{
			"from": [14.75, 6.25, -8.5],
			"to": [15.25, 11, -6.75],
			"faces": {
				"north": {"uv": [0, 0, 0.5, 4.25], "texture": "#17"},
				"east": {"uv": [0, 0, 16, 16], "texture": "#17"},
				"south": {"uv": [0, 0, 0.5, 4.25], "texture": "#17"},
				"west": {"uv": [0, 0, 16, 16], "texture": "#17"},
				"up": {"uv": [0, 0, 0.5, 16], "texture": "#17"},
				"down": {"uv": [0, 0, 0.5, 16], "texture": "#17"}
			}
		},
		{
			"from": [14.75, 6.25, -2],
			"to": [15.25, 11, -0.25],
			"faces": {
				"north": {"uv": [0, 0, 0.5, 4.25], "texture": "#17"},
				"east": {"uv": [0, 0, 16, 16], "texture": "#17"},
				"south": {"uv": [0, 0, 0.5, 4.25], "texture": "#17"},
				"west": {"uv": [0, 0, 16, 16], "texture": "#17"},
				"up": {"uv": [0, 0, 0.5, 16], "texture": "#17"},
				"down": {"uv": [0, 0, 0.5, 16], "texture": "#17"}
			}
		},
		{
			"from": [14.75, 11, -8.5],
			"to": [15.25, 13.25, -0.25],
			"faces": {
				"north": {"uv": [0, 0, 0.5, 4.25], "texture": "#17"},
				"east": {"uv": [0, 0, 16, 16], "texture": "#17"},
				"south": {"uv": [0, 0, 0.5, 4.25], "texture": "#17"},
				"west": {"uv": [0, 0, 16, 16], "texture": "#17"},
				"up": {"uv": [0, 0, 0.5, 16], "texture": "#17"},
				"down": {"uv": [0, 0, 0.5, 16], "texture": "#17"}
			}
		},
		{
			"from": [0.75, 6.25, -6.75],
			"to": [1.25, 11, -2],
			"faces": {
				"north": {"uv": [0, 0, 0.5, 4.25], "texture": "#1"},
				"east": {"uv": [0, 0, 16, 16], "texture": "#1"},
				"south": {"uv": [0, 0, 0.5, 4.25], "texture": "#1"},
				"west": {"uv": [0, 0, 16, 16], "texture": "#1"},
				"up": {"uv": [0, 0, 0.5, 16], "texture": "#1"},
				"down": {"uv": [0, 0, 0.5, 16], "texture": "#1"}
			}
		},
		{
			"from": [0.75, 6.25, -2],
			"to": [1.25, 11, -0.25],
			"faces": {
				"north": {"uv": [0, 0, 0.5, 4.25], "texture": "#17"},
				"east": {"uv": [0, 0, 16, 16], "texture": "#17"},
				"south": {"uv": [0, 0, 0.5, 4.25], "texture": "#17"},
				"west": {"uv": [0, 0, 16, 16], "texture": "#17"},
				"up": {"uv": [0, 0, 0.5, 16], "texture": "#17"},
				"down": {"uv": [0, 0, 0.5, 16], "texture": "#17"}
			}
		},
		{
			"from": [0.75, 6.25, -8.5],
			"to": [1.25, 11, -6.75],
			"faces": {
				"north": {"uv": [0, 0, 0.5, 4.25], "texture": "#17"},
				"east": {"uv": [0, 0, 16, 16], "texture": "#17"},
				"south": {"uv": [0, 0, 0.5, 4.25], "texture": "#17"},
				"west": {"uv": [0, 0, 16, 16], "texture": "#17"},
				"up": {"uv": [0, 0, 0.5, 16], "texture": "#17"},
				"down": {"uv": [0, 0, 0.5, 16], "texture": "#17"}
			}
		},
		{
			"from": [0.75, 11, -8.5],
			"to": [1.25, 13.25, -0.25],
			"faces": {
				"north": {"uv": [0, 0, 0.5, 4.25], "texture": "#17"},
				"east": {"uv": [0, 0, 16, 16], "texture": "#17"},
				"south": {"uv": [0, 0, 0.5, 4.25], "texture": "#17"},
				"west": {"uv": [0, 0, 16, 16], "texture": "#17"},
				"up": {"uv": [0, 0, 0.5, 16], "texture": "#17"},
				"down": {"uv": [0, 0, 0.5, 16], "texture": "#17"}
			}
		},
		{
			"from": [1.25, 0.75, -0.25],
			"to": [14.75, 9.5, 3.25],
			"faces": {
				"north": {"uv": [0, 0, 0.5, 4.25], "texture": "#17"},
				"east": {"uv": [0, 0, 16, 4.25], "texture": "#17"},
				"south": {"uv": [0, 0, 0.5, 4.25], "texture": "#17"},
				"west": {"uv": [0, 0, 16, 4.25], "texture": "#17"},
				"up": {"uv": [0, 0, 0.5, 16], "texture": "#17"},
				"down": {"uv": [0, 0, 0.5, 16], "texture": "#17"}
			}
		},
		{
			"from": [0.75, 9.5, -0.25],
			"to": [4, 17.25, 1.75],
			"faces": {
				"north": {"uv": [0, 0, 0.5, 4.25], "texture": "#17"},
				"east": {"uv": [0, 0, 16, 4.25], "texture": "#17"},
				"south": {"uv": [0, 0, 0.5, 4.25], "texture": "#17"},
				"west": {"uv": [0, 0, 16, 4.25], "texture": "#17"},
				"up": {"uv": [0, 0, 0.5, 16], "texture": "#17"},
				"down": {"uv": [0, 0, 0.5, 16], "texture": "#17"}
			}
		},
		{
			"from": [12, 9.5, -0.25],
			"to": [15.25, 17.25, 1.75],
			"faces": {
				"north": {"uv": [0, 0, 0.5, 4.25], "texture": "#17"},
				"east": {"uv": [0, 0, 16, 4.25], "texture": "#17"},
				"south": {"uv": [0, 0, 0.5, 4.25], "texture": "#17"},
				"west": {"uv": [0, 0, 16, 4.25], "texture": "#17"},
				"up": {"uv": [0, 0, 0.5, 16], "texture": "#17"},
				"down": {"uv": [0, 0, 0.5, 16], "texture": "#17"}
			}
		},
		{
			"from": [14.75, 9.5, 9.5],
			"to": [15.25, 17.25, 10],
			"faces": {
				"north": {"uv": [0, 0, 0.5, 4.25], "texture": "#6"},
				"east": {"uv": [0, 0, 16, 4.25], "texture": "#6"},
				"south": {"uv": [0, 0, 0.5, 4.25], "texture": "#6"},
				"west": {"uv": [0, 0, 16, 4.25], "texture": "#6"},
				"up": {"uv": [0, 0, 0.5, 16], "texture": "#6"},
				"down": {"uv": [0, 0, 0.5, 16], "texture": "#6"}
			}
		},
		{
			"from": [0.75, 9.5, 9.5],
			"to": [1.25, 17.25, 10],
			"faces": {
				"north": {"uv": [0, 0, 0.5, 4.25], "texture": "#6"},
				"east": {"uv": [0, 0, 16, 4.25], "texture": "#6"},
				"south": {"uv": [0, 0, 0.5, 4.25], "texture": "#6"},
				"west": {"uv": [0, 0, 16, 4.25], "texture": "#6"},
				"up": {"uv": [0, 0, 0.5, 16], "texture": "#6"},
				"down": {"uv": [0, 0, 0.5, 16], "texture": "#6"}
			}
		},
		{
			"from": [14.75, 9.5, 17.75],
			"to": [15.25, 17.25, 18.25],
			"faces": {
				"north": {"uv": [0, 0, 0.5, 4.25], "texture": "#6"},
				"east": {"uv": [0, 0, 16, 4.25], "texture": "#6"},
				"south": {"uv": [0, 0, 0.5, 4.25], "texture": "#6"},
				"west": {"uv": [0, 0, 16, 4.25], "texture": "#6"},
				"up": {"uv": [0, 0, 0.5, 16], "texture": "#6"},
				"down": {"uv": [0, 0, 0.5, 16], "texture": "#6"}
			}
		},
		{
			"from": [0.75, 9.5, 17.75],
			"to": [1.25, 17.25, 18.25],
			"faces": {
				"north": {"uv": [0, 0, 0.5, 4.25], "texture": "#6"},
				"east": {"uv": [0, 0, 16, 4.25], "texture": "#6"},
				"south": {"uv": [0, 0, 0.5, 4.25], "texture": "#6"},
				"west": {"uv": [0, 0, 16, 4.25], "texture": "#6"},
				"up": {"uv": [0, 0, 0.5, 16], "texture": "#6"},
				"down": {"uv": [0, 0, 0.5, 16], "texture": "#6"}
			}
		},
		{
			"from": [14.75, 9.5, 24.75],
			"to": [15.25, 17.25, 25.25],
			"faces": {
				"north": {"uv": [0, 0, 0.5, 4.25], "texture": "#6"},
				"east": {"uv": [0, 0, 16, 4.25], "texture": "#6"},
				"south": {"uv": [0, 0, 0.5, 4.25], "texture": "#6"},
				"west": {"uv": [0, 0, 16, 4.25], "texture": "#6"},
				"up": {"uv": [0, 0, 0.5, 16], "texture": "#6"},
				"down": {"uv": [0, 0, 0.5, 16], "texture": "#6"}
			}
		},
		{
			"from": [0.75, 9.5, 24.75],
			"to": [1.25, 17.25, 25.25],
			"faces": {
				"north": {"uv": [0, 0, 0.5, 4.25], "texture": "#6"},
				"east": {"uv": [0, 0, 16, 4.25], "texture": "#6"},
				"south": {"uv": [0, 0, 0.5, 4.25], "texture": "#6"},
				"west": {"uv": [0, 0, 16, 4.25], "texture": "#6"},
				"up": {"uv": [0, 0, 0.5, 16], "texture": "#6"},
				"down": {"uv": [0, 0, 0.5, 16], "texture": "#6"}
			}
		},
		{
			"from": [14.75, 9.5, 27.75],
			"to": [15.25, 17.25, 28.25],
			"faces": {
				"north": {"uv": [0, 0, 0.5, 4.25], "texture": "#6"},
				"east": {"uv": [0, 0, 16, 4.25], "texture": "#6"},
				"south": {"uv": [0, 0, 0.5, 4.25], "texture": "#6"},
				"west": {"uv": [0, 0, 16, 4.25], "texture": "#6"},
				"up": {"uv": [0, 0, 0.5, 16], "texture": "#6"},
				"down": {"uv": [0, 0, 0.5, 16], "texture": "#6"}
			}
		},
		{
			"from": [0.75, 9.5, 27.75],
			"to": [1.25, 17.25, 28.25],
			"faces": {
				"north": {"uv": [0, 0, 0.5, 4.25], "texture": "#6"},
				"east": {"uv": [0, 0, 16, 4.25], "texture": "#6"},
				"south": {"uv": [0, 0, 0.5, 4.25], "texture": "#6"},
				"west": {"uv": [0, 0, 16, 4.25], "texture": "#6"},
				"up": {"uv": [0, 0, 0.5, 16], "texture": "#6"},
				"down": {"uv": [0, 0, 0.5, 16], "texture": "#6"}
			}
		},
		{
			"from": [14.75, 1.5, 30.75],
			"to": [15.25, 17.25, 31.25],
			"faces": {
				"north": {"uv": [0, 0, 0.5, 4.25], "texture": "#6"},
				"east": {"uv": [0, 0, 16, 4.25], "texture": "#6"},
				"south": {"uv": [0, 0, 0.5, 4.25], "texture": "#6"},
				"west": {"uv": [0, 0, 16, 4.25], "texture": "#6"},
				"up": {"uv": [0, 0, 0.5, 16], "texture": "#6"},
				"down": {"uv": [0, 0, 0.5, 16], "texture": "#6"}
			}
		},
		{
			"from": [0.75, 1.5, 30.75],
			"to": [1.25, 17.25, 31.25],
			"faces": {
				"north": {"uv": [0, 0, 0.5, 4.25], "texture": "#6"},
				"east": {"uv": [0, 0, 16, 4.25], "texture": "#6"},
				"south": {"uv": [0, 0, 0.5, 4.25], "texture": "#6"},
				"west": {"uv": [0, 0, 16, 4.25], "texture": "#6"},
				"up": {"uv": [0, 0, 0.5, 16], "texture": "#6"},
				"down": {"uv": [0, 0, 0.5, 16], "texture": "#6"}
			}
		},
		{
			"from": [4, 9.5, -0.25],
			"to": [12, 15, 1.75],
			"faces": {
				"north": {"uv": [0, 0, 16, 16], "texture": "#1"},
				"east": {"uv": [0, 0, 16, 4.25], "texture": "#1"},
				"south": {"uv": [0, 0, 16, 16], "texture": "#1"},
				"west": {"uv": [0, 0, 16, 4.25], "texture": "#1"},
				"up": {"uv": [0, 0, 0.5, 16], "texture": "#1"},
				"down": {"uv": [0, 0, 0.5, 16], "texture": "#1"}
			}
		},
		{
			"from": [4, 15, -0.25],
			"to": [12, 17.25, 1.75],
			"faces": {
				"north": {"uv": [0, 0, 16, 16], "texture": "#17"},
				"east": {"uv": [0, 0, 16, 4.25], "texture": "#17"},
				"south": {"uv": [0, 0, 16, 16], "texture": "#17"},
				"west": {"uv": [0, 0, 16, 4.25], "texture": "#17"},
				"up": {"uv": [0, 0, 0.5, 16], "texture": "#17"},
				"down": {"uv": [0, 0, 0.5, 16], "texture": "#17"}
			}
		},
		{
			"from": [0.75, 0.75, 22.25],
			"to": [1.25, 9.5, 28.75],
			"faces": {
				"north": {"uv": [0, 0, 0.5, 4.25], "texture": "#17"},
				"east": {"uv": [0, 0, 16, 4.25], "texture": "#17"},
				"south": {"uv": [0, 0, 0.5, 4.25], "texture": "#17"},
				"west": {"uv": [0, 0, 16, 4.25], "texture": "#17"},
				"up": {"uv": [0, 0, 0.5, 16], "texture": "#17"},
				"down": {"uv": [0, 0, 0.5, 16], "texture": "#17"}
			}
		},
		{
			"from": [0.75, 3.75, 17.75],
			"to": [1.25, 9.5, 22.25],
			"faces": {
				"north": {"uv": [0, 0, 0.5, 4.25], "texture": "#17"},
				"east": {"uv": [0, 0, 16, 4.25], "texture": "#17"},
				"south": {"uv": [0, 0, 0.5, 4.25], "texture": "#17"},
				"west": {"uv": [0, 0, 16, 4.25], "texture": "#17"},
				"up": {"uv": [0, 0, 0.5, 16], "texture": "#17"},
				"down": {"uv": [0, 0, 0.5, 16], "texture": "#17"}
			}
		},
		{
			"from": [0.75, 0.75, -0.25],
			"to": [1.25, 9.5, 17.75],
			"faces": {
				"north": {"uv": [0, 0, 0.5, 4.25], "texture": "#17"},
				"east": {"uv": [0, 0, 16, 4.25], "texture": "#17"},
				"south": {"uv": [0, 0, 0.5, 4.25], "texture": "#17"},
				"west": {"uv": [0, 0, 16, 4.25], "texture": "#17"},
				"up": {"uv": [0, 0, 0.5, 16], "texture": "#17"},
				"down": {"uv": [0, 0, 0.5, 16], "texture": "#17"}
			}
		},
		{
			"from": [14.75, 3.75, 17.75],
			"to": [15.25, 9.5, 22.25],
			"faces": {
				"north": {"uv": [0, 0, 0.5, 4.25], "texture": "#17"},
				"east": {"uv": [0, 0, 16, 4.25], "texture": "#17"},
				"south": {"uv": [0, 0, 0.5, 4.25], "texture": "#17"},
				"west": {"uv": [0, 0, 16, 4.25], "texture": "#17"},
				"up": {"uv": [0, 0, 0.5, 16], "texture": "#17"},
				"down": {"uv": [0, 0, 0.5, 16], "texture": "#17"}
			}
		},
		{
			"from": [14.6, 5.25, -7.75],
			"to": [15.4, 5.5, -6.5],
			"faces": {
				"north": {"uv": [0, 0, 0.8, 0.25], "texture": "#4"},
				"east": {"uv": [0, 0, 1.25, 0.25], "texture": "#4"},
				"south": {"uv": [0, 0, 0.8, 0.25], "texture": "#4"},
				"west": {"uv": [0, 0, 1.25, 0.25], "texture": "#4"},
				"up": {"uv": [0, 0, 0.8, 1.25], "texture": "#4"},
				"down": {"uv": [0, 0, 0.8, 1.25], "texture": "#4"}
			}
		},
		{
			"from": [14.6, 5, -7.75],
			"to": [15.4, 5.25, -7.5],
			"faces": {
				"north": {"uv": [0, 0, 0.8, 0.25], "texture": "#4"},
				"east": {"uv": [0, 0, 0.25, 0.25], "texture": "#4"},
				"south": {"uv": [0, 0, 0.8, 0.25], "texture": "#4"},
				"west": {"uv": [0, 0, 0.25, 0.25], "texture": "#4"},
				"up": {"uv": [0, 0, 0.8, 0.25], "texture": "#4"},
				"down": {"uv": [0, 0, 0.8, 0.25], "texture": "#4"}
			}
		},
		{
			"from": [0.75, 0.75, -8.5],
			"to": [1.25, 6.25, -0.25],
			"faces": {
				"north": {"uv": [0, 0, 0.5, 4.25], "texture": "#17"},
				"east": {"uv": [0, 0, 16, 4.25], "texture": "#17"},
				"south": {"uv": [0, 0, 0.5, 4.25], "texture": "#17"},
				"west": {"uv": [0, 0, 16, 4.25], "texture": "#17"},
				"up": {"uv": [0, 0, 0.5, 16], "texture": "#17"},
				"down": {"uv": [0, 0, 0.5, 16], "texture": "#17"}
			}
		},
		{
			"from": [0.6, 5.25, -7.75],
			"to": [1.4, 5.5, -6.5],
			"faces": {
				"north": {"uv": [0, 0, 0.8, 0.25], "texture": "#4"},
				"east": {"uv": [0, 0, 1.25, 0.25], "texture": "#4"},
				"south": {"uv": [0, 0, 0.8, 0.25], "texture": "#4"},
				"west": {"uv": [0, 0, 1.25, 0.25], "texture": "#4"},
				"up": {"uv": [0, 0, 0.8, 1.25], "texture": "#4"},
				"down": {"uv": [0, 0, 0.8, 1.25], "texture": "#4"}
			}
		},
		{
			"from": [0.6, 5, -7.75],
			"to": [1.4, 5.25, -7.5],
			"faces": {
				"north": {"uv": [0, 0, 0.8, 0.25], "texture": "#4"},
				"east": {"uv": [0, 0, 0.25, 0.25], "texture": "#4"},
				"south": {"uv": [0, 0, 0.8, 0.25], "texture": "#4"},
				"west": {"uv": [0, 0, 0.25, 0.25], "texture": "#4"},
				"up": {"uv": [0, 0, 0.8, 0.25], "texture": "#4"},
				"down": {"uv": [0, 0, 0.8, 0.25], "texture": "#4"}
			}
		}
	],
	"display": {
		"head": {
			"scale": [4, 4, 4]
		}
	}
}