{
	"credit": "Made with Blockbench",
	"textures": {
		"4": "block/mec/light_gray_concrete",
		"9": "block/mec/red_concrete_powder",
		"10": "block/mec/cyan_concrete",
		"11": "block/mec/white_concrete",
		"12": "block/mec/sea_lantern",
		"13": "block/mec/floor",
		"15": "block/mec/glass",
		"16": "block/mec/black_concrete",
		"17": "block/mec/red_concrete",
		"18": "block/mec/light_blue_concrete",
		"20": "block/mec/mecs",
		"22": "block/mec/black_stained_glass",
		"particle": "block/mec/floor"
	},
	"elements": [
		{
			"from": [4.9, 7.8, 13.6],
			"to": [8.1, 8.1, 14],
			"rotation": {"angle": 0, "axis": "y", "origin": [-5, 0, -10.9]},
			"faces": {
				"north": {"uv": [0, 0, 16, 4], "texture": "#4"},
				"east": {"uv": [0, 0, 1.8, 4], "texture": "#4"},
				"south": {"uv": [0, 0, 16, 4], "texture": "#4"},
				"west": {"uv": [0, 0, 1.8, 4], "texture": "#4"},
				"up": {"uv": [0, 0, 16, 1.8], "texture": "#4"},
				"down": {"uv": [0, 0, 16, 1.8], "texture": "#4"}
			}
		},
		{
			"from": [2.4, 11.5, 13.6],
			"to": [6.6, 11.8, 13.8],
			"rotation": {"angle": -22.5, "axis": "z", "origin": [-5, 0, -10.9]},
			"faces": {
				"north": {"uv": [0, 0, 16, 4], "texture": "#4"},
				"east": {"uv": [0, 0, 1.8, 4], "texture": "#4"},
				"south": {"uv": [0, 0, 16, 4], "texture": "#4"},
				"west": {"uv": [0, 0, 1.8, 4], "texture": "#4"},
				"up": {"uv": [0, 0, 16, 1.8], "texture": "#4"},
				"down": {"uv": [0, 0, 16, 1.8], "texture": "#4"}
			}
		},
		{
			"from": [7.4, 11.5, 13.6],
			"to": [11.6, 11.8, 13.8],
			"rotation": {"angle": -22.5, "axis": "z", "origin": [0, 0, -10.9]},
			"faces": {
				"north": {"uv": [0, 0, 16, 4], "texture": "#4"},
				"east": {"uv": [0, 0, 1.8, 4], "texture": "#4"},
				"south": {"uv": [0, 0, 16, 4], "texture": "#4"},
				"west": {"uv": [0, 0, 1.8, 4], "texture": "#4"},
				"up": {"uv": [0, 0, 16, 1.8], "texture": "#4"},
				"down": {"uv": [0, 0, 16, 1.8], "texture": "#4"}
			}
		},
		{
			"from": [9.9, 7.8, 13.6],
			"to": [13.1, 8.1, 14],
			"rotation": {"angle": 0, "axis": "y", "origin": [0, 0, -10.9]},
			"faces": {
				"north": {"uv": [0, 0, 16, 4], "texture": "#4"},
				"east": {"uv": [0, 0, 1.8, 4], "texture": "#4"},
				"south": {"uv": [0, 0, 16, 4], "texture": "#4"},
				"west": {"uv": [0, 0, 1.8, 4], "texture": "#4"},
				"up": {"uv": [0, 0, 16, 1.8], "texture": "#4"},
				"down": {"uv": [0, 0, 16, 1.8], "texture": "#4"}
			}
		},
		{
			"from": [-0.1, 5.1, 10.15],
			"to": [16.35, 6.85, 12.25],
			"rotation": {"angle": 0, "axis": "y", "origin": [0, 0, -10.9]},
			"faces": {
				"north": {"uv": [0, 0, 16, 4], "texture": "#4"},
				"east": {"uv": [0, 0, 1.8, 4], "texture": "#4"},
				"south": {"uv": [0, 0, 16, 4], "texture": "#4"},
				"west": {"uv": [0, 0, 1.8, 4], "texture": "#4"},
				"up": {"uv": [0, 0, 16, 1.8], "texture": "#4"},
				"down": {"uv": [0, 0, 16, 1.8], "texture": "#4"}
			}
		},
		{
			"from": [10.85, 6.3, 10.85],
			"to": [11.1, 7.75, 11.15],
			"rotation": {"angle": 0, "axis": "y", "origin": [0, 0, -10.9]},
			"faces": {
				"north": {"uv": [0, 0, 16, 4], "texture": "#10"},
				"east": {"uv": [0, 0, 1.8, 4], "texture": "#10"},
				"south": {"uv": [0, 0, 16, 4], "texture": "#10"},
				"west": {"uv": [0, 0, 1.8, 4], "texture": "#10"},
				"up": {"uv": [0, 0, 16, 1.8], "texture": "#10"},
				"down": {"uv": [0, 0, 16, 1.8], "texture": "#10"}
			}
		},
		{
			"from": [10.45, 7.7, 10.85],
			"to": [11.6, 7.85, 11.15],
			"rotation": {"angle": 0, "axis": "y", "origin": [0, 0, -10.9]},
			"faces": {
				"north": {"uv": [0, 0, 16, 4], "texture": "#10"},
				"east": {"uv": [0, 0, 1.8, 4], "texture": "#10"},
				"south": {"uv": [0, 0, 16, 4], "texture": "#10"},
				"west": {"uv": [0, 0, 1.8, 4], "texture": "#10"},
				"up": {"uv": [0, 0, 16, 1.8], "texture": "#10"},
				"down": {"uv": [0, 0, 16, 1.8], "texture": "#10"}
			}
		},
		{
			"from": [7.85, 6.3, 10.85],
			"to": [8.1, 7.75, 11.15],
			"rotation": {"angle": 0, "axis": "y", "origin": [0, 0, -10.9]},
			"faces": {
				"north": {"uv": [0, 0, 16, 4], "texture": "#10"},
				"east": {"uv": [0, 0, 1.8, 4], "texture": "#10"},
				"south": {"uv": [0, 0, 16, 4], "texture": "#10"},
				"west": {"uv": [0, 0, 1.8, 4], "texture": "#10"},
				"up": {"uv": [0, 0, 16, 1.8], "texture": "#10"},
				"down": {"uv": [0, 0, 16, 1.8], "texture": "#10"}
			}
		},
		{
			"from": [7.45, 7.7, 10.85],
			"to": [8.6, 7.85, 11.15],
			"rotation": {"angle": 0, "axis": "y", "origin": [0, 0, -10.9]},
			"faces": {
				"north": {"uv": [0, 0, 16, 4], "texture": "#10"},
				"east": {"uv": [0, 0, 1.8, 4], "texture": "#10"},
				"south": {"uv": [0, 0, 16, 4], "texture": "#10"},
				"west": {"uv": [0, 0, 1.8, 4], "texture": "#10"},
				"up": {"uv": [0, 0, 16, 1.8], "texture": "#10"},
				"down": {"uv": [0, 0, 16, 1.8], "texture": "#10"}
			}
		},
		{
			"from": [5.85, 7, 11.85],
			"to": [9.1, 8.35, 12.15],
			"rotation": {"angle": 0, "axis": "y", "origin": [0, 0, -10.9]},
			"faces": {
				"north": {"uv": [0, 0, 16, 4], "texture": "#16"},
				"east": {"uv": [0, 0, 1.8, 4], "texture": "#16"},
				"south": {"uv": [0, 0, 16, 4], "texture": "#16"},
				"west": {"uv": [0, 0, 1.8, 4], "texture": "#16"},
				"up": {"uv": [0, 0, 16, 1.8], "texture": "#16"},
				"down": {"uv": [0, 0, 16, 1.8], "texture": "#16"}
			}
		},
		{
			"from": [9.85, 7, 11.85],
			"to": [13.1, 8.35, 12.15],
			"rotation": {"angle": 0, "axis": "y", "origin": [0, 0, -10.9]},
			"faces": {
				"north": {"uv": [0, 0, 16, 4], "texture": "#16"},
				"east": {"uv": [0, 0, 1.8, 4], "texture": "#16"},
				"south": {"uv": [0, 0, 16, 4], "texture": "#16"},
				"west": {"uv": [0, 0, 1.8, 4], "texture": "#16"},
				"up": {"uv": [0, 0, 16, 1.8], "texture": "#16"},
				"down": {"uv": [0, 0, 16, 1.8], "texture": "#16"}
			}
		},
		{
			"from": [0.5, 6.8, 11.95],
			"to": [15.75, 8.55, 12.25],
			"rotation": {"angle": 0, "axis": "y", "origin": [0, 0, -10.9]},
			"faces": {
				"north": {"uv": [0, 0, 16, 4], "texture": "#4"},
				"east": {"uv": [0, 0, 1.8, 4], "texture": "#4"},
				"south": {"uv": [0, 0, 16, 4], "texture": "#4"},
				"west": {"uv": [0, 0, 1.8, 4], "texture": "#4"},
				"up": {"uv": [0, 0, 16, 1.8], "texture": "#4"},
				"down": {"uv": [0, 0, 16, 1.8], "texture": "#4"}
			}
		},
		{
			"from": [1.9, 15.6, 13.3],
			"to": [2.9, 16.6, 14.1],
			"rotation": {"angle": 0, "axis": "y", "origin": [0, 0, -10.9]},
			"faces": {
				"north": {"uv": [0, 0, 16, 4], "texture": "#10"},
				"east": {"uv": [0, 0, 1.8, 4], "texture": "#10"},
				"south": {"uv": [0, 0, 16, 16], "texture": "#12"},
				"west": {"uv": [0, 0, 1.8, 4], "texture": "#10"},
				"up": {"uv": [0, 0, 16, 1.8], "texture": "#18"},
				"down": {"uv": [0, 0, 16, 1.8], "texture": "#18"}
			}
		},
		{
			"from": [1.7, 1.6, 13.3],
			"to": [2.3, 2.6, 14.1],
			"rotation": {"angle": 0, "axis": "y", "origin": [0, 0, -10.9]},
			"faces": {
				"north": {"uv": [0, 0, 16, 4], "texture": "#10"},
				"east": {"uv": [0, 0, 1.8, 4], "texture": "#10"},
				"south": {"uv": [0, 0, 16, 16], "texture": "#9"},
				"west": {"uv": [0, 0, 1.8, 4], "texture": "#10"},
				"up": {"uv": [0, 0, 16, 1.8], "texture": "#18"},
				"down": {"uv": [0, 0, 16, 1.8], "texture": "#18"}
			}
		},
		{
			"from": [13.6, 1.6, 13.3],
			"to": [14.2, 2.6, 14.1],
			"rotation": {"angle": 0, "axis": "y", "origin": [0, 0, -10.9]},
			"faces": {
				"north": {"uv": [0, 0, 16, 4], "texture": "#10"},
				"east": {"uv": [0, 0, 1.8, 4], "texture": "#10"},
				"south": {"uv": [0, 0, 16, 16], "texture": "#9"},
				"west": {"uv": [0, 0, 1.8, 4], "texture": "#10"},
				"up": {"uv": [0, 0, 16, 1.8], "texture": "#18"},
				"down": {"uv": [0, 0, 16, 1.8], "texture": "#18"}
			}
		},
		{
			"from": [12.9, 15.6, 13.3],
			"to": [13.9, 16.6, 14.1],
			"rotation": {"angle": 0, "axis": "y", "origin": [0, 0, -10.9]},
			"faces": {
				"north": {"uv": [0, 0, 16, 4], "texture": "#10"},
				"east": {"uv": [0, 0, 1.8, 4], "texture": "#10"},
				"south": {"uv": [0, 0, 16, 16], "texture": "#12"},
				"west": {"uv": [0, 0, 1.8, 4], "texture": "#10"},
				"up": {"uv": [0, 0, 16, 1.8], "texture": "#18"},
				"down": {"uv": [0, 0, 16, 1.8], "texture": "#18"}
			}
		},
		{
			"name": "roof",
			"from": [0.25, 18, 3],
			"to": [15.75, 19, 10.2],
			"rotation": {"angle": 0, "axis": "y", "origin": [8, 3.48964, -5.875]},
			"faces": {
				"north": {"uv": [5, 0, 11, 16], "texture": "#4"},
				"east": {"uv": [5, 0, 11, 16], "texture": "#4"},
				"south": {"uv": [5, 0, 11, 16], "texture": "#4"},
				"west": {"uv": [5, 0, 11, 16], "texture": "#4"},
				"up": {"uv": [5, 0, 11, 16], "texture": "#4"},
				"down": {"uv": [5, 0, 11, 16], "texture": "#11"}
			}
		},
		{
			"name": "roof",
			"from": [2.63391, 18.9372, 3],
			"to": [4.63391, 19.9372, 10.2],
			"rotation": {"angle": -45, "axis": "z", "origin": [8, 3.48964, -5.875]},
			"faces": {
				"north": {"uv": [6, 0, 0, 16], "texture": "#4"},
				"east": {"uv": [6, 0, 0, 16], "texture": "#4"},
				"south": {"uv": [6, 0, 0, 16], "texture": "#11"},
				"west": {"uv": [6, 0, 0, 16], "texture": "#4"},
				"up": {"uv": [2, 0, 0, 16], "texture": "#4"},
				"down": {"uv": [6, 0, 0, 16], "texture": "#11"}
			}
		},
		{
			"name": "roof",
			"from": [11.36609, 18.9372, 3],
			"to": [13.36609, 19.9372, 10.2],
			"rotation": {"angle": 45, "axis": "z", "origin": [8, 3.48964, -5.875]},
			"faces": {
				"north": {"uv": [0, 0, 6, 16], "texture": "#4"},
				"east": {"uv": [0, 0, 6, 16], "texture": "#4"},
				"south": {"uv": [0, 0, 6, 16], "texture": "#11"},
				"west": {"uv": [0, 0, 6, 16], "texture": "#4"},
				"up": {"uv": [0, 0, 2, 16], "texture": "#4"},
				"down": {"uv": [0, 0, 6, 16], "texture": "#11"}
			}
		},
		{
			"from": [16.25, 0.8, 3],
			"to": [17.25, 15.5, 4.15],
			"rotation": {"angle": 0, "axis": "y", "origin": [8, 15.48964, -32.875]},
			"faces": {
				"north": {"uv": [0, 0, 1, 16], "texture": "#4"},
				"east": {"uv": [0, 0, 1, 16], "texture": "#11"},
				"south": {"uv": [0, 0, 1, 16], "texture": "#16"},
				"west": {"uv": [0, 0, 1, 16], "texture": "#11"},
				"up": {"uv": [0, 0, 1, 2], "texture": "#4"},
				"down": {"uv": [0, 0, 1, 16], "texture": "#4"}
			}
		},
		{
			"from": [16.25, 0.5, 9],
			"to": [17.25, 15.5, 10.25],
			"rotation": {"angle": 0, "axis": "y", "origin": [8, 15.48964, -32.875]},
			"faces": {
				"north": {"uv": [0, 0, 1, 16], "texture": "#16"},
				"east": {"uv": [0, 0, 1, 16], "texture": "#11"},
				"south": {"uv": [0, 0, 1, 16], "texture": "#16"},
				"west": {"uv": [0, 0, 1, 16], "texture": "#11"},
				"up": {"uv": [0, 0, 1, 2], "texture": "#4"},
				"down": {"uv": [0, 0, 1, 16], "texture": "#4"}
			}
		},
		{
			"from": [16.25, 15.5, 3],
			"to": [17.25, 17.5, 10.25],
			"rotation": {"angle": 0, "axis": "y", "origin": [8, 15.48964, -13.875]},
			"faces": {
				"north": {"uv": [0, 0, 1, 16], "texture": "#4"},
				"east": {"uv": [0, 0, 1, 16], "texture": "#11"},
				"south": {"uv": [0, 0, 1, 16], "texture": "#16"},
				"west": {"uv": [0, 0, 1, 16], "texture": "#11"},
				"up": {"uv": [0, 0, 1, 2], "texture": "#4"},
				"down": {"uv": [0, 0, 1, 16], "texture": "#16"}
			}
		},
		{
			"from": [-1.25, 0.8, 3],
			"to": [-0.25, 15.5, 4.15],
			"rotation": {"angle": 0, "axis": "y", "origin": [8, 15.48964, -32.875]},
			"faces": {
				"north": {"uv": [0, 0, 1, 16], "texture": "#4"},
				"east": {"uv": [0, 0, 1, 16], "texture": "#11"},
				"south": {"uv": [0, 0, 1, 16], "texture": "#16"},
				"west": {"uv": [0, 0, 1, 16], "texture": "#11"},
				"up": {"uv": [0, 0, 1, 2], "texture": "#4"},
				"down": {"uv": [0, 0, 1, 16], "texture": "#4"}
			}
		},
		{
			"from": [-1.25, 0.5, 9],
			"to": [-0.25, 15.5, 10.25],
			"rotation": {"angle": 0, "axis": "y", "origin": [8, 15.48964, -32.875]},
			"faces": {
				"north": {"uv": [0, 0, 1, 16], "texture": "#16"},
				"east": {"uv": [0, 0, 1, 16], "texture": "#11"},
				"south": {"uv": [0, 0, 1, 16], "texture": "#16"},
				"west": {"uv": [0, 0, 1, 16], "texture": "#11"},
				"up": {"uv": [0, 0, 1, 2], "texture": "#4"},
				"down": {"uv": [0, 0, 1, 16], "texture": "#4"}
			}
		},
		{
			"from": [-1.25, 15.5, 3],
			"to": [-0.25, 17.5, 10.25],
			"rotation": {"angle": 0, "axis": "y", "origin": [8, 15.48964, -13.875]},
			"faces": {
				"north": {"uv": [0, 0, 1, 16], "texture": "#4"},
				"east": {"uv": [0, 0, 1, 16], "texture": "#11"},
				"south": {"uv": [0, 0, 1, 16], "texture": "#16"},
				"west": {"uv": [0, 0, 1, 16], "texture": "#11"},
				"up": {"uv": [0, 0, 1, 2], "texture": "#4"},
				"down": {"uv": [0, 0, 1, 16], "texture": "#16"}
			}
		},
		{
			"from": [-1.25, 0, 3],
			"to": [17.25, 1, 10.3],
			"rotation": {"angle": 0, "axis": "y", "origin": [8, 15.48964, -5.875]},
			"faces": {
				"north": {"uv": [0, 0, 14, 16], "texture": "#4"},
				"east": {"uv": [0, 0, 14, 16], "texture": "#11"},
				"south": {"uv": [0, 0, 14, 16], "texture": "#11"},
				"west": {"uv": [0, 0, 14, 16], "texture": "#11"},
				"up": {"uv": [0, 0, 14, 16], "texture": "#13"},
				"down": {"uv": [0, 0, 14, 16], "texture": "#11"}
			}
		},
		{
			"from": [-0.25, 0, 10.2],
			"to": [16.25, 1, 13.3],
			"rotation": {"angle": 0, "axis": "y", "origin": [8, 15.48964, -5.875]},
			"faces": {
				"north": {"uv": [0, 0, 14, 16], "texture": "#4"},
				"east": {"uv": [0, 0, 14, 16], "texture": "#11"},
				"south": {"uv": [0, 0, 14, 16], "texture": "#11"},
				"west": {"uv": [0, 0, 14, 16], "texture": "#11"},
				"up": {"uv": [0, 0, 14, 16], "texture": "#13"},
				"down": {"uv": [0, 0, 14, 16], "texture": "#17"}
			}
		},
		{
			"from": [-0.25, 0, 13],
			"to": [16.25, 1, 14],
			"rotation": {"angle": 0, "axis": "y", "origin": [8, 15.48964, -5.875]},
			"faces": {
				"north": {"uv": [0, 0, 14, 16], "texture": "#4"},
				"east": {"uv": [0, 0, 14, 16], "texture": "#11"},
				"south": {"uv": [0, 0, 14, 16], "texture": "#17"},
				"west": {"uv": [0, 0, 14, 16], "texture": "#11"},
				"up": {"uv": [0, 0, 14, 16], "texture": "#13"},
				"down": {"uv": [0, 0, 14, 16], "texture": "#17"}
			}
		},
		{
			"from": [16.25, 0, 10.2],
			"to": [17.25, 19, 14],
			"rotation": {"angle": 0, "axis": "y", "origin": [0, 0, -10.9]},
			"faces": {
				"north": {"uv": [0, 0, 16, 4], "texture": "#17"},
				"east": {"uv": [0, 0, 1.8, 4], "texture": "#17"},
				"south": {"uv": [0, 0, 16, 4], "texture": "#17"},
				"west": {"uv": [0, 0, 1.8, 4], "texture": "#4"},
				"up": {"uv": [0, 0, 16, 1.8], "texture": "#17"},
				"down": {"uv": [0, 0, 16, 1.8], "texture": "#17"}
			}
		},
		{
			"from": [-1.25, 0, 10.2],
			"to": [-0.25, 19, 14],
			"rotation": {"angle": 0, "axis": "y", "origin": [0, 0, -10.9]},
			"faces": {
				"north": {"uv": [0, 0, 16, 4], "texture": "#17"},
				"east": {"uv": [0, 0, 1.8, 4], "texture": "#11"},
				"south": {"uv": [0, 0, 16, 4], "texture": "#17"},
				"west": {"uv": [0, 0, 1.8, 4], "texture": "#17"},
				"up": {"uv": [0, 0, 16, 1.8], "texture": "#17"},
				"down": {"uv": [0, 0, 16, 1.8], "texture": "#17"}
			}
		},
		{
			"from": [-0.25, 17.1, 10.2],
			"to": [16.25, 19, 14],
			"rotation": {"angle": 0, "axis": "y", "origin": [0, 0, -10.9]},
			"faces": {
				"north": {"uv": [0, 0, 16, 4], "texture": "#4"},
				"east": {"uv": [0, 0, 1.8, 4], "texture": "#17"},
				"south": {"uv": [0, 0, 16, 4], "texture": "#4"},
				"west": {"uv": [0, 0, 1.8, 4], "texture": "#17"},
				"up": {"uv": [0, 0, 16, 1.8], "texture": "#4"},
				"down": {"uv": [0, 0, 16, 1.8], "texture": "#17"}
			}
		},
		{
			"from": [-0.25, 15.1, 12.2],
			"to": [16.3, 17.1, 14],
			"rotation": {"angle": 0, "axis": "y", "origin": [0, 0, -10.9]},
			"faces": {
				"north": {"uv": [0, 0, 16, 4], "texture": "#11"},
				"east": {"uv": [0, 0, 1.8, 4], "texture": "#10"},
				"south": {"uv": [0, 0, 16, 4], "texture": "#16"},
				"west": {"uv": [0, 0, 1.8, 4], "texture": "#10"},
				"up": {"uv": [0, 0, 16, 1.8], "texture": "#16"},
				"down": {"uv": [0, 0, 16, 1.8], "texture": "#16"}
			}
		},
		{
			"from": [-0.25, 6, 12.2],
			"to": [0.3, 15.1, 14],
			"rotation": {"angle": 0, "axis": "y", "origin": [0, 0, -10.9]},
			"faces": {
				"north": {"uv": [0, 0, 16, 4], "texture": "#16"},
				"east": {"uv": [0, 0, 1.8, 4], "texture": "#16"},
				"south": {"uv": [0, 0, 16, 4], "texture": "#16"},
				"west": {"uv": [0, 0, 1.8, 4], "texture": "#16"},
				"up": {"uv": [0, 0, 16, 1.8], "texture": "#16"},
				"down": {"uv": [0, 0, 16, 1.8], "texture": "#16"}
			}
		},
		{
			"from": [3.75, 7.1, 12.2],
			"to": [4.3, 15.1, 14],
			"rotation": {"angle": 0, "axis": "y", "origin": [0, 0, -10.9]},
			"faces": {
				"north": {"uv": [0, 0, 16, 4], "texture": "#16"},
				"east": {"uv": [0, 0, 1.8, 4], "texture": "#16"},
				"south": {"uv": [0, 0, 16, 4], "texture": "#16"},
				"west": {"uv": [0, 0, 1.8, 4], "texture": "#16"},
				"up": {"uv": [0, 0, 16, 1.8], "texture": "#16"},
				"down": {"uv": [0, 0, 16, 1.8], "texture": "#16"}
			}
		},
		{
			"from": [15.75, 7.1, 12.2],
			"to": [16.3, 15.1, 14],
			"rotation": {"angle": 0, "axis": "y", "origin": [0, 0, -10.9]},
			"faces": {
				"north": {"uv": [0, 0, 16, 4], "texture": "#16"},
				"east": {"uv": [0, 0, 1.8, 4], "texture": "#16"},
				"south": {"uv": [0, 0, 16, 4], "texture": "#16"},
				"west": {"uv": [0, 0, 1.8, 4], "texture": "#16"},
				"up": {"uv": [0, 0, 16, 1.8], "texture": "#16"},
				"down": {"uv": [0, 0, 16, 1.8], "texture": "#16"}
			}
		},
		{
			"from": [-0.25, 5.1, 12.2],
			"to": [16.25, 7.1, 14],
			"rotation": {"angle": 0, "axis": "y", "origin": [0, 0, -10.9]},
			"faces": {
				"north": {"uv": [0, 0, 16, 4], "texture": "#11"},
				"east": {"uv": [0, 0, 1.8, 4], "texture": "#10"},
				"south": {"uv": [0, 0, 16, 4], "texture": "#16"},
				"west": {"uv": [0, 0, 1.8, 4], "texture": "#10"},
				"up": {"uv": [0, 0, 16, 1.8], "texture": "#16"},
				"down": {"uv": [0, 0, 16, 1.8], "texture": "#18"}
			}
		},
		{
			"from": [0.3, 7.1, 13.2],
			"to": [15.7, 15.2, 13.6],
			"rotation": {"angle": 0, "axis": "y", "origin": [0, 0, -10.9]},
			"faces": {
				"north": {"uv": [0, 0, 16, 16], "texture": "#15"},
				"east": {"uv": [0, 0, 1.8, 4], "texture": "#10"},
				"south": {"uv": [0, 0, 16, 16], "texture": "#22"},
				"west": {"uv": [0, 0, 1.8, 4], "texture": "#15"},
				"up": {"uv": [0, 0, 16, 1.8], "texture": "#18"},
				"down": {"uv": [0, 0, 16, 1.8], "texture": "#18"}
			}
		},
		{
			"from": [-0.275, 1, 12.4],
			"to": [16.25, 5.1, 14],
			"rotation": {"angle": 0, "axis": "y", "origin": [0, 0, -10.8]},
			"faces": {
				"north": {"uv": [0, 0, 13.4, 13], "texture": "#4"},
				"east": {"uv": [0, 0, 1.6, 13], "texture": "#4"},
				"south": {"uv": [0, 0, 13.4, 13], "texture": "#11"},
				"west": {"uv": [0, 0, 1.6, 13], "texture": "#4"},
				"up": {"uv": [0, 0, 13.4, 1.6], "texture": "#4"},
				"down": {"uv": [0, 0, 13.4, 1.6], "texture": "#11"}
			}
		},
		{
			"from": [1.75, -4, 11.9],
			"to": [14.25, -1.6, 13.05],
			"rotation": {"angle": 0, "axis": "y", "origin": [8, 15.48964, 11.325]},
			"faces": {
				"north": {"uv": [0, 0, 14, 16], "texture": "#4"},
				"east": {"uv": [0, 0, 15.328, 3.648], "texture": "#4"},
				"south": {"uv": [0, 0, 14, 16], "texture": "#4"},
				"west": {"uv": [0, 0, 14, 16], "texture": "#4"},
				"up": {"uv": [0, 0, 14, 16], "texture": "#4"},
				"down": {"uv": [0, 0, 14, 16], "texture": "#4"}
			}
		},
		{
			"from": [0.75, -4, 11.9],
			"to": [2.25, 0, 13.05],
			"rotation": {"angle": 0, "axis": "y", "origin": [8, 15.48964, 11.325]},
			"faces": {
				"north": {"uv": [0, 0, 14, 16], "texture": "#4"},
				"east": {"uv": [0, 0, 15.328, 3.648], "texture": "#4"},
				"south": {"uv": [0, 0, 14, 16], "texture": "#4"},
				"west": {"uv": [0, 0, 14, 16], "texture": "#4"},
				"up": {"uv": [0, 0, 14, 16], "texture": "#4"},
				"down": {"uv": [0, 0, 14, 16], "texture": "#4"}
			}
		},
		{
			"from": [13.75, -4, 11.9],
			"to": [15.25, 0, 13.05],
			"rotation": {"angle": 0, "axis": "y", "origin": [8, 15.48964, 11.325]},
			"faces": {
				"north": {"uv": [0, 0, 14, 16], "texture": "#4"},
				"east": {"uv": [0, 0, 15.328, 3.648], "texture": "#4"},
				"south": {"uv": [0, 0, 14, 16], "texture": "#4"},
				"west": {"uv": [0, 0, 14, 16], "texture": "#4"},
				"up": {"uv": [0, 0, 14, 16], "texture": "#4"},
				"down": {"uv": [0, 0, 14, 16], "texture": "#4"}
			}
		},
		{
			"from": [16.7, 0.9, 4],
			"to": [17.2, 15.9, 5.15],
			"rotation": {"angle": 0, "axis": "y", "origin": [7.1, 14.88964, -14.675]},
			"faces": {
				"north": {"uv": [0, 0, 1, 16], "texture": "#4"},
				"east": {"uv": [0, 0, 1, 16], "texture": "#4"},
				"south": {"uv": [0, 0, 1, 16], "texture": "#4"},
				"west": {"uv": [0, 0, 1, 16], "texture": "#4"},
				"up": {"uv": [0, 0, 1, 2], "texture": "#4"},
				"down": {"uv": [0, 0, 1, 16], "texture": "#4"}
			}
		},
		{
			"from": [16.7, 0.9, 5],
			"to": [17.2, 6.9, 8.15],
			"rotation": {"angle": 0, "axis": "y", "origin": [7.1, 14.88964, -14.675]},
			"faces": {
				"north": {"uv": [0, 0, 1, 16], "texture": "#4"},
				"east": {"uv": [0, 0, 1, 16], "texture": "#4"},
				"south": {"uv": [0, 0, 1, 16], "texture": "#4"},
				"west": {"uv": [0, 0, 1, 16], "texture": "#4"},
				"up": {"uv": [0, 0, 1, 2], "texture": "#4"},
				"down": {"uv": [0, 0, 1, 16], "texture": "#4"}
			}
		},
		{
			"from": [16.7, 0.9, 8],
			"to": [17.2, 15.9, 9.15],
			"rotation": {"angle": 0, "axis": "y", "origin": [7.1, 14.88964, -14.675]},
			"faces": {
				"north": {"uv": [0, 0, 1, 16], "texture": "#4"},
				"east": {"uv": [0, 0, 1, 16], "texture": "#4"},
				"south": {"uv": [0, 0, 1, 16], "texture": "#4"},
				"west": {"uv": [0, 0, 1, 16], "texture": "#4"},
				"up": {"uv": [0, 0, 1, 2], "texture": "#4"},
				"down": {"uv": [0, 0, 1, 16], "texture": "#4"}
			}
		},
		{
			"from": [16.95, 6.9, 5],
			"to": [16.95, 13.9, 8.15],
			"rotation": {"angle": 0, "axis": "y", "origin": [7.1, 14.88964, -14.675]},
			"faces": {
				"north": {"uv": [0, 0, 1, 16], "texture": "#15"},
				"east": {"uv": [0, 0, 16, 16], "texture": "#22"},
				"south": {"uv": [0, 0, 1, 16], "texture": "#15"},
				"west": {"uv": [0, 0, 16, 16], "texture": "#15"},
				"up": {"uv": [0, 0, 1, 2], "texture": "#15"},
				"down": {"uv": [0, 0, 1, 16], "texture": "#15"}
			}
		},
		{
			"from": [16.7, 13.9, 5],
			"to": [17.2, 15.9, 8.15],
			"rotation": {"angle": 0, "axis": "y", "origin": [7.1, 14.88964, -14.675]},
			"faces": {
				"north": {"uv": [0, 0, 1, 16], "texture": "#4"},
				"east": {"uv": [0, 0, 1, 16], "texture": "#4"},
				"south": {"uv": [0, 0, 1, 16], "texture": "#4"},
				"west": {"uv": [0, 0, 1, 16], "texture": "#4"},
				"up": {"uv": [0, 0, 1, 2], "texture": "#4"},
				"down": {"uv": [0, 0, 1, 16], "texture": "#4"}
			}
		},
		{
			"from": [-1.2, 0.9, 4],
			"to": [-0.7, 15.9, 5.15],
			"rotation": {"angle": 0, "axis": "y", "origin": [7.1, 14.88964, -14.675]},
			"faces": {
				"north": {"uv": [0, 0, 1, 16], "texture": "#4"},
				"east": {"uv": [0, 0, 1, 16], "texture": "#4"},
				"south": {"uv": [0, 0, 1, 16], "texture": "#4"},
				"west": {"uv": [0, 0, 1, 16], "texture": "#4"},
				"up": {"uv": [0, 0, 1, 2], "texture": "#4"},
				"down": {"uv": [0, 0, 1, 16], "texture": "#4"}
			}
		},
		{
			"from": [-1.2, 0.9, 5],
			"to": [-0.7, 6.9, 8.15],
			"rotation": {"angle": 0, "axis": "y", "origin": [7.1, 14.88964, -14.675]},
			"faces": {
				"north": {"uv": [0, 0, 1, 16], "texture": "#4"},
				"east": {"uv": [0, 0, 1, 16], "texture": "#4"},
				"south": {"uv": [0, 0, 1, 16], "texture": "#4"},
				"west": {"uv": [0, 0, 1, 16], "texture": "#4"},
				"up": {"uv": [0, 0, 1, 2], "texture": "#4"},
				"down": {"uv": [0, 0, 1, 16], "texture": "#4"}
			}
		},
		{
			"from": [-1.225, 3.9, 5.4],
			"to": [-1.125, 5.9, 7.55],
			"rotation": {"angle": 0, "axis": "y", "origin": [7.1, 14.88964, -14.675]},
			"faces": {
				"north": {"uv": [0, 0, 1, 16], "texture": "#4"},
				"east": {"uv": [0, 0, 1, 16], "texture": "#4"},
				"south": {"uv": [0, 0, 1, 16], "texture": "#4"},
				"west": {"uv": [0, 0, 8, 8], "texture": "#20"},
				"up": {"uv": [0, 0, 1, 2], "texture": "#4"},
				"down": {"uv": [0, 0, 1, 16], "texture": "#4"}
			}
		},
		{
			"from": [17.125, 3.9, 5.4],
			"to": [17.225, 5.9, 7.55],
			"rotation": {"angle": 0, "axis": "y", "origin": [7.1, 14.88964, -14.675]},
			"faces": {
				"north": {"uv": [0, 0, 1, 16], "texture": "#4"},
				"east": {"uv": [0, 0, 8, 8.125], "texture": "#20"},
				"south": {"uv": [0, 0, 1, 16], "texture": "#4"},
				"west": {"uv": [0, 0, 8, 8], "texture": "#20"},
				"up": {"uv": [0, 0, 1, 2], "texture": "#4"},
				"down": {"uv": [0, 0, 1, 16], "texture": "#4"}
			}
		},
		{
			"from": [-1.2, 0.9, 8],
			"to": [-0.7, 15.9, 9.15],
			"rotation": {"angle": 0, "axis": "y", "origin": [7.1, 14.88964, -14.675]},
			"faces": {
				"north": {"uv": [0, 0, 1, 16], "texture": "#4"},
				"east": {"uv": [0, 0, 1, 16], "texture": "#4"},
				"south": {"uv": [0, 0, 1, 16], "texture": "#4"},
				"west": {"uv": [0, 0, 1, 16], "texture": "#4"},
				"up": {"uv": [0, 0, 1, 2], "texture": "#4"},
				"down": {"uv": [0, 0, 1, 16], "texture": "#4"}
			}
		},
		{
			"from": [-0.95, 6.9, 5],
			"to": [-0.95, 13.9, 8.15],
			"rotation": {"angle": 0, "axis": "y", "origin": [7.1, 14.88964, -14.675]},
			"faces": {
				"north": {"uv": [0, 0, 1, 16], "texture": "#15"},
				"east": {"uv": [0, 0, 16, 16], "texture": "#15"},
				"south": {"uv": [0, 0, 1, 16], "texture": "#15"},
				"west": {"uv": [0, 0, 16, 16], "texture": "#22"},
				"up": {"uv": [0, 0, 1, 2], "texture": "#15"},
				"down": {"uv": [0, 0, 1, 16], "texture": "#15"}
			}
		},
		{
			"from": [-1.2, 13.9, 5],
			"to": [-0.7, 15.9, 8.15],
			"rotation": {"angle": 0, "axis": "y", "origin": [7.1, 14.88964, -14.675]},
			"faces": {
				"north": {"uv": [0, 0, 1, 16], "texture": "#4"},
				"east": {"uv": [0, 0, 1, 16], "texture": "#4"},
				"south": {"uv": [0, 0, 1, 16], "texture": "#4"},
				"west": {"uv": [0, 0, 1, 16], "texture": "#4"},
				"up": {"uv": [0, 0, 1, 2], "texture": "#4"},
				"down": {"uv": [0, 0, 1, 16], "texture": "#4"}
			}
		}
	],
	"display": {
		"head": {
			"scale": [3.85, 3.85, 4]
		}
	},
	"groups": [
		0,
		1,
		2,
		3,
		{
			"name": "group",
			"origin": [0, 0, -10.9],
			"color": 0,
			"children": [4, 5, 6, 7, 8, 9, 10, 11]
		},
		12,
		13,
		14,
		15,
		{
			"name": "group",
			"origin": [8, 12.48964, 6.125],
			"color": 0,
			"children": [16, 17, 18]
		},
		{
			"name": "group",
			"origin": [8, 15.48964, -1.875],
			"color": 0,
			"children": [19, 20, 21]
		},
		{
			"name": "group",
			"origin": [8, 15.48964, -1.875],
			"color": 0,
			"children": [22, 23, 24]
		},
		{
			"name": "group",
			"origin": [8, 15.48964, -20.875],
			"color": 0,
			"children": []
		},
		25,
		26,
		27,
		28,
		29,
		{
			"name": "group",
			"origin": [0, 0, 1.1],
			"color": 0,
			"children": [30, 31, 32, 33, 34, 35, 36]
		},
		37,
		38,
		39,
		40,
		{
			"name": "group",
			"origin": [7.1, 14.88964, -14.675],
			"color": 0,
			"children": [41, 42, 43, 44, 45]
		},
		{
			"name": "group",
			"origin": [7.1, 14.88964, -14.675],
			"color": 0,
			"children": [46, 47, 48, 49, 50, 51, 52]
		}
	]
}