{
	"credit": "Made with Blockbench",
	"textures": {
		"3": "block/white_concrete",
		"4": "block/sr_signs/5-himanosdamtour",
		"5": "block/siemens/metal",
		"particle": "block/black_wool"
	},
	"elements": [
		{
			"from": [15.27, 6, -2],
			"to": [16.02, 10, 18],
			"rotation": {"angle": 0, "axis": "y", "origin": [0, 0, -9.75]},
			"faces": {
				"north": {"uv": [0, 0, 1, 6.25], "texture": "#3"},
				"east": {"uv": [0, 0, 16, 16], "texture": "#4"},
				"south": {"uv": [0, 0, 1, 6.25], "texture": "#3"},
				"west": {"uv": [0, 0.16, 16, 6.25], "texture": "#3"},
				"up": {"uv": [0, 0, 1, 16], "texture": "#3"},
				"down": {"uv": [0, 0, 1, 16], "texture": "#3"}
			}
		},
		{
			"from": [-0.02, 6, -2],
			"to": [0.73, 10, 18],
			"rotation": {"angle": 0, "axis": "y", "origin": [-0.01, 0, -9.75]},
			"faces": {
				"north": {"uv": [0, 0, 1, 6.25], "texture": "#3"},
				"east": {"uv": [0, 6.144, 16, 9.834], "texture": "#3"},
				"south": {"uv": [0, 0, 1, 6.25], "texture": "#3"},
				"west": {"uv": [0, 0, 16, 16], "texture": "#4"},
				"up": {"uv": [0, 0, 1, 16], "texture": "#3"},
				"down": {"uv": [0, 0, 1, 16], "texture": "#3"}
			}
		},
		{
			"from": [-0.27, 5.5, -2.5],
			"to": [0.98, 10.5, -2],
			"rotation": {"angle": 0, "axis": "y", "origin": [-0.01, 0, -9.75]},
			"faces": {
				"north": {"uv": [0, 0, 1, 6.25], "texture": "#5"},
				"east": {"uv": [0, 6.144, 16, 9.834], "texture": "#5"},
				"south": {"uv": [0, 0, 1, 6.25], "texture": "#5"},
				"west": {"uv": [0, 0, 16, 16], "texture": "#5"},
				"up": {"uv": [0, 0, 1, 16], "texture": "#5"},
				"down": {"uv": [0, 0, 1, 16], "texture": "#5"}
			}
		},
		{
			"from": [-0.27, 5.5, 18],
			"to": [0.98, 10.5, 18.5],
			"rotation": {"angle": 0, "axis": "y", "origin": [-0.01, 0, -9.75]},
			"faces": {
				"north": {"uv": [0, 0, 1, 6.25], "texture": "#5"},
				"east": {"uv": [0, 6.144, 16, 9.834], "texture": "#5"},
				"south": {"uv": [0, 0, 1, 6.25], "texture": "#5"},
				"west": {"uv": [0, 0, 16, 16], "texture": "#5"},
				"up": {"uv": [0, 0, 1, 16], "texture": "#5"},
				"down": {"uv": [0, 0, 1, 16], "texture": "#5"}
			}
		},
		{
			"from": [-0.27, 5.5, -2],
			"to": [0.98, 6, 18],
			"rotation": {"angle": 0, "axis": "y", "origin": [-0.01, 0, -9.75]},
			"faces": {
				"north": {"uv": [0, 0, 1, 6.25], "texture": "#5"},
				"east": {"uv": [0, 6.144, 16, 9.834], "texture": "#5"},
				"south": {"uv": [0, 0, 1, 6.25], "texture": "#5"},
				"west": {"uv": [0, 0, 16, 16], "texture": "#5"},
				"up": {"uv": [0, 0, 1, 16], "texture": "#5"},
				"down": {"uv": [0, 0, 1, 16], "texture": "#5"}
			}
		},
		{
			"from": [14.98, 5.5, -2.5],
			"to": [16.23, 10.5, -2],
			"rotation": {"angle": 0, "axis": "y", "origin": [-0.01, 0, -9.75]},
			"faces": {
				"north": {"uv": [0, 0, 1, 6.25], "texture": "#5"},
				"east": {"uv": [0, 6.144, 16, 9.834], "texture": "#5"},
				"south": {"uv": [0, 0, 1, 6.25], "texture": "#5"},
				"west": {"uv": [0, 0, 16, 16], "texture": "#5"},
				"up": {"uv": [0, 0, 1, 16], "texture": "#5"},
				"down": {"uv": [0, 0, 1, 16], "texture": "#5"}
			}
		},
		{
			"from": [14.98, 5.5, 18],
			"to": [16.23, 10.5, 18.5],
			"rotation": {"angle": 0, "axis": "y", "origin": [-0.01, 0, -9.75]},
			"faces": {
				"north": {"uv": [0, 0, 1, 6.25], "texture": "#5"},
				"east": {"uv": [0, 6.144, 16, 9.834], "texture": "#5"},
				"south": {"uv": [0, 0, 1, 6.25], "texture": "#5"},
				"west": {"uv": [0, 0, 16, 16], "texture": "#5"},
				"up": {"uv": [0, 0, 1, 16], "texture": "#5"},
				"down": {"uv": [0, 0, 1, 16], "texture": "#5"}
			}
		},
		{
			"from": [14.98, 5.5, -2],
			"to": [16.23, 6, 18],
			"rotation": {"angle": 0, "axis": "y", "origin": [-0.01, 0, -9.75]},
			"faces": {
				"north": {"uv": [0, 0, 1, 6.25], "texture": "#5"},
				"east": {"uv": [0, 6.144, 16, 9.834], "texture": "#5"},
				"south": {"uv": [0, 0, 1, 6.25], "texture": "#5"},
				"west": {"uv": [0, 0, 16, 16], "texture": "#5"},
				"up": {"uv": [0, 0, 1, 16], "texture": "#5"},
				"down": {"uv": [0, 0, 1, 16], "texture": "#5"}
			}
		}
	],
	"display": {
		"firstperson_lefthand": {
			"scale": [4, 4, 4]
		},
		"head": {
			"scale": [4, 4, 4]
		}
	}
}