{
	"credit": "Made with Blockbench",
	"textures": {
		"28": "block/s-trec/b37/transparency",
		"37": "block/s-trec/b37/rollsign/local_shinetsu",
		"particle": "block/s-trec/b37/yellow"
	},
	"elements": [
		{
			"from": [4.25, 18.65, 13.85],
			"to": [11.75, 20.8, 14.6],
			"faces": {
				"north": {"uv": [0, 0, 1, 0.75], "texture": "#28"},
				"east": {"uv": [0, 0, 5.33333, 5.33333], "texture": "#28"},
				"south": {"uv": [0, 0, 16, 16], "texture": "#37"},
				"west": {"uv": [0, 0, 10.25, 0.75], "texture": "#28"},
				"up": {"uv": [0, 0, 1, 10.25], "texture": "#28"},
				"down": {"uv": [0, 0, 1, 10.25], "texture": "#28"}
			}
		}
	],
	"display": {
		"thirdperson_righthand": {
			"scale": [4, 4, 4]
		},
		"head": {
			"scale": [4, 4, 4]
		}
	}
}