{
	"textures": {
		"1": "block/acacia_log",
		"2": "destos/not_in_service",
		"3": "block/black_concrete",
		"4": "block/sea_lantern",
		"5": "block/glass",
		"6": "block/yellow_concrete_powder",
		"7": "block/cyan_terracotta",
		"8": "block/fire_coral_block",
		"9": "block/gray_concrete_powder",
		"10": "block/red_concrete",
		"11": "block/clay",
		"12": "block/snow",
		"13": "block/shroomlight",
		"14": "block/lodestone_top",
		"particle": "block/red_concrete"
	},
	"elements": [
		{
			"from": [0, 1, 12],
			"to": [0.5, 5.5, 20],
			"rotation": {"angle": 0, "axis": "y", "origin": [8.75, 9.5, -25.75]},
			"faces": {
				"east": {"uv": [0, 0, 16, 16], "texture": "#10"},
				"south": {"uv": [0, 0, 16, 16], "texture": "#10"},
				"west": {"uv": [0, 0, 16, 16], "texture": "#10"},
				"up": {"uv": [0, 0, 16, 16], "texture": "#10"}
			}
		},
		{
			"from": [0.5, 1, 5],
			"to": [3.5, 5.5, 13],
			"rotation": {"angle": 0, "axis": "y", "origin": [8.75, 9.5, -25.75]},
			"faces": {
				"north": {"uv": [0, 0, 3, 4.5], "texture": "#11"},
				"east": {"uv": [0, 0, 8, 4.5], "texture": "#11"},
				"south": {"uv": [0, 0, 3, 4.5], "texture": "#11"},
				"west": {"uv": [0, 0, 8, 4.5], "texture": "#11"},
				"up": {"uv": [0, 0, 3, 8], "texture": "#11"},
				"down": {"uv": [0, 0, 3, 8], "texture": "#11"}
			}
		},
		{
			"from": [0, 1, 5],
			"to": [0.5, 5.5, 6],
			"rotation": {"angle": 0, "axis": "y", "origin": [8.75, 9.5, -24.75]},
			"faces": {
				"north": {"uv": [0, 0, 16, 16], "texture": "#10"},
				"west": {"uv": [0, 0, 16, 16], "texture": "#10"}
			}
		},
		{
			"from": [0, 2, 6],
			"to": [0.5, 5.5, 7],
			"rotation": {"angle": 0, "axis": "y", "origin": [8.75, 9.5, -24.75]},
			"faces": {
				"west": {"uv": [0, 0, 16, 16], "texture": "#10"},
				"up": {"uv": [0, 0, 16, 16], "texture": "#10"}
			}
		},
		{
			"from": [0, 2.75, 7],
			"to": [0.5, 5.5, 11],
			"rotation": {"angle": 0, "axis": "y", "origin": [8.75, 9.5, -24.75]},
			"faces": {
				"west": {"uv": [0, 0, 16, 16], "texture": "#10"},
				"up": {"uv": [0, 0, 16, 16], "texture": "#10"},
				"down": {"uv": [0, 0, 16, 16], "texture": "#10"}
			}
		},
		{
			"from": [0, 2, 11],
			"to": [0.5, 5.5, 12],
			"rotation": {"angle": 0, "axis": "y", "origin": [8.75, 9.5, -24.75]},
			"faces": {
				"west": {"uv": [0, 0, 16, 16], "texture": "#10"},
				"up": {"uv": [0, 0, 16, 16], "texture": "#10"}
			}
		},
		{
			"from": [15.5, 2, 6],
			"to": [16, 5.5, 7],
			"rotation": {"angle": 0, "axis": "y", "origin": [7.25, 9.5, -24.75]},
			"faces": {
				"east": {"uv": [0, 0, 16, 16], "texture": "#10"},
				"west": {"uv": [0, 0, 16, 16], "texture": "#10"}
			}
		},
		{
			"from": [15.5, 2.75, 7],
			"to": [16, 5.5, 11],
			"rotation": {"angle": 0, "axis": "y", "origin": [7.25, 9.5, -24.75]},
			"faces": {
				"east": {"uv": [0, 0, 16, 16], "texture": "#10"},
				"west": {"uv": [0, 0, 16, 16], "texture": "#10"},
				"down": {"uv": [0, 0, 16, 16], "texture": "#10"}
			}
		},
		{
			"from": [15.5, 2, 11],
			"to": [16, 5.5, 12],
			"rotation": {"angle": 0, "axis": "y", "origin": [7.25, 9.5, -24.75]},
			"faces": {
				"east": {"uv": [0, 0, 16, 16], "texture": "#10"},
				"west": {"uv": [0, 0, 16, 16], "texture": "#10"}
			}
		},
		{
			"from": [15.5, 1, 12],
			"to": [16, 5.5, 27],
			"rotation": {"angle": 0, "axis": "y", "origin": [7.25, 9.5, -25.75]},
			"faces": {
				"east": {"uv": [0, 0, 16, 16], "texture": "#10"},
				"south": {"uv": [0, 0, 16, 16], "texture": "#10"},
				"west": {"uv": [0, 0, 16, 16], "texture": "#10"},
				"up": {"uv": [0, 0, 16, 16], "texture": "#10"}
			}
		},
		{
			"from": [15.5, 1, -5],
			"to": [16, 5.5, 6],
			"rotation": {"angle": 0, "axis": "y", "origin": [7.25, 9.5, -25.75]},
			"faces": {
				"east": {"uv": [0, 0, 16, 16], "texture": "#10"},
				"west": {"uv": [0, 0, 16, 16], "texture": "#10"},
				"up": {"uv": [0, 0, 16, 16], "texture": "#10"}
			}
		},
		{
			"from": [9, 1, 3],
			"to": [9.5, 19.5, 13],
			"rotation": {"angle": 0, "axis": "y", "origin": [7.25, 9.5, -25.75]},
			"faces": {
				"north": {"uv": [0, 0, 0.5, 16], "texture": "#11"},
				"east": {"uv": [0, 0, 10, 16], "texture": "#11"},
				"south": {"uv": [0, 0, 0.5, 16], "texture": "#11"},
				"west": {"uv": [0, 0, 10, 16], "texture": "#11"},
				"up": {"uv": [0, 0, 0.5, 10], "texture": "#11"}
			}
		},
		{
			"from": [9, 12.5, 13],
			"to": [9.5, 19.5, 19],
			"rotation": {"angle": 0, "axis": "y", "origin": [7.25, 9.5, -25.75]},
			"faces": {
				"east": {"uv": [0, 0, 6, 7], "texture": "#11"},
				"west": {"uv": [0, 0, 6, 7], "texture": "#11"},
				"up": {"uv": [0, 0, 0.5, 6], "texture": "#11"},
				"down": {"uv": [0, 0, 0.5, 6], "texture": "#11"}
			}
		},
		{
			"from": [9, 1, 18.5],
			"to": [15.5, 19.5, 19],
			"rotation": {"angle": 0, "axis": "y", "origin": [7.25, 9.5, -25.75]},
			"faces": {
				"north": {"uv": [0, 0, 6.5, 16], "texture": "#11"},
				"south": {"uv": [0, 0, 6.5, 16], "texture": "#11"},
				"west": {"uv": [0, 0, 0.5, 16], "texture": "#11"},
				"up": {"uv": [0, 0, 6.5, 0.5], "texture": "#11"}
			}
		},
		{
			"from": [9, 1, 5.5],
			"to": [15.5, 10.5, 6],
			"rotation": {"angle": 0, "axis": "y", "origin": [7.25, 9.5, -25.75]},
			"faces": {
				"north": {"uv": [0, 0, 6.5, 11.5], "texture": "#11"},
				"south": {"uv": [0, 0, 6.5, 11.5], "texture": "#11"}
			}
		},
		{
			"from": [9.5, 1, 6],
			"to": [15.5, 4.5, 12],
			"rotation": {"angle": 0, "axis": "y", "origin": [7.25, 9.5, -25.75]},
			"faces": {
				"east": {"uv": [0, 0, 9, 3.5], "texture": "#11"},
				"south": {"uv": [0, 0, 6, 3.5], "texture": "#11"},
				"up": {"uv": [0, 0, 6, 9], "texture": "#11"},
				"down": {"uv": [0, 0, 6, 9], "texture": "#11"}
			}
		},
		{
			"from": [0, 1, 26],
			"to": [0.5, 5.5, 27],
			"rotation": {"angle": 0, "axis": "y", "origin": [8.75, 9.5, -25.75]},
			"faces": {
				"north": {"uv": [0, 0, 16, 16], "texture": "#10"},
				"east": {"uv": [0, 0, 16, 16], "texture": "#10"},
				"south": {"uv": [0, 0, 16, 16], "texture": "#10"},
				"west": {"uv": [0, 0, 16, 16], "texture": "#10"}
			}
		},
		{
			"from": [0, 15, -5],
			"to": [0.5, 19.5, 27],
			"rotation": {"angle": 0, "axis": "y", "origin": [8.75, 9.5, -25.75]},
			"faces": {
				"east": {"uv": [16, 0, 0, 4.5], "texture": "#12"},
				"south": {"uv": [0.5, 0, 0, 4.5], "texture": "#12"},
				"west": {"uv": [16, 0, 0, 4.5], "texture": "#12"},
				"up": {"uv": [0.5, 0, 0, 16], "texture": "#12"}
			}
		},
		{
			"from": [15.5, 15, -5],
			"to": [16, 19.5, 27],
			"rotation": {"angle": 0, "axis": "y", "origin": [7.25, 9.5, -25.75]},
			"faces": {
				"east": {"uv": [0, 0, 16, 4.5], "texture": "#12"},
				"south": {"uv": [0, 0, 0.5, 4.5], "texture": "#12"},
				"west": {"uv": [0, 0, 16, 4.5], "texture": "#12"},
				"up": {"uv": [0, 0, 0.5, 16], "texture": "#12"}
			}
		},
		{
			"from": [0, 3, -6],
			"to": [16, 5.5, -5],
			"rotation": {"angle": 0, "axis": "y", "origin": [8.75, 9.5, -20.75]},
			"faces": {
				"north": {"uv": [16, 0, 0, 4.5], "texture": "#10"},
				"east": {"uv": [1, 0, 0, 4.5], "texture": "#10"},
				"south": {"uv": [16, 0, 0, 4.5], "texture": "#10"},
				"west": {"uv": [1, 0, 0, 4.5], "texture": "#10"},
				"up": {"uv": [16, 0, 0, 1], "texture": "#10"}
			}
		},
		{
			"from": [11, 1, -5],
			"to": [14, 6.5, -2],
			"rotation": {"angle": 0, "axis": "y", "origin": [8.75, 9.5, -20.75]},
			"faces": {
				"north": {"uv": [0, 0, 16, 16], "texture": "#14"},
				"east": {"uv": [0, 0, 16, 16], "texture": "#14"},
				"south": {"uv": [0, 0, 16, 16], "texture": "#14"},
				"west": {"uv": [0, 0, 16, 16], "texture": "#14"},
				"up": {"uv": [0, 0, 16, 16], "texture": "#14"},
				"down": {"uv": [0, 0, 16, 16], "texture": "#14"}
			}
		},
		{
			"from": [0, 1, -6],
			"to": [16, 3, -5],
			"rotation": {"angle": 0, "axis": "y", "origin": [8.75, 9.5, -20.75]},
			"faces": {
				"north": {"uv": [16, 0, 0, 4.5], "texture": "#3"},
				"east": {"uv": [1, 0, 0, 4.5], "texture": "#10"},
				"south": {"uv": [16, 0, 0, 4.5], "texture": "#10"},
				"west": {"uv": [1, 0, 0, 4.5], "texture": "#10"}
			}
		},
		{
			"from": [0, 12.5, -6],
			"to": [16, 13.5, -5],
			"rotation": {"angle": 0, "axis": "y", "origin": [8.75, 9.5, -25.75]},
			"faces": {
				"north": {"uv": [0, 1, 16, 3], "texture": "#12"},
				"east": {"uv": [0, 0, 1, 2], "texture": "#12"},
				"west": {"uv": [0, 0, 1, 2], "texture": "#12"},
				"down": {"uv": [0, 0, 16, 1], "texture": "#12"}
			}
		},
		{
			"from": [2, 13.5, -6],
			"to": [14, 14.5, -5],
			"rotation": {"angle": 0, "axis": "y", "origin": [8.75, 9.5, -25.75]},
			"faces": {
				"north": {"uv": [1, 1, 2, 2], "texture": "#13"},
				"up": {"uv": [0, 0, 16, 1], "texture": "#12"}
			}
		},
		{
			"from": [0, 18.5, -6],
			"to": [16, 19.5, -5],
			"rotation": {"angle": 0, "axis": "y", "origin": [8.75, 9.5, -25.75]},
			"faces": {
				"north": {"uv": [0, 3, 16, 1], "texture": "#12"},
				"east": {"uv": [0, 0, 1, 2], "texture": "#12"},
				"south": {"uv": [0, 0, 16, 2], "texture": "#12"},
				"west": {"uv": [0, 0, 1, 2], "texture": "#12"},
				"up": {"uv": [0, 0, 16, 1], "texture": "#12"}
			}
		},
		{
			"from": [2, 17.5, -6],
			"to": [14, 18.5, -5],
			"rotation": {"angle": 0, "axis": "y", "origin": [8.75, 9.5, -25.75]},
			"faces": {
				"north": {"uv": [1, 2, 2, 1], "texture": "#13"},
				"south": {"uv": [0, 0, 16, 2], "texture": "#12"},
				"down": {"uv": [0, 0, 16, 1], "texture": "#12"}
			}
		},
		{
			"from": [0, 13.5, -6],
			"to": [1, 18.5, -5],
			"rotation": {"angle": 0, "axis": "y", "origin": [8.75, 9.5, -25.75]},
			"faces": {
				"north": {"uv": [1, 1, 3, 4], "texture": "#12"},
				"south": {"uv": [0, 0, 2, 3], "texture": "#12"},
				"west": {"uv": [0, 0, 1, 3], "texture": "#12"}
			}
		},
		{
			"from": [1, 13.5, -6],
			"to": [2, 18.5, -5],
			"rotation": {"angle": 0, "axis": "y", "origin": [8.75, 9.5, -25.75]},
			"faces": {
				"north": {"uv": [2, 1, 1, 2], "texture": "#13"},
				"east": {"uv": [0, 0, 1, 3], "texture": "#12"},
				"south": {"uv": [0, 0, 2, 3], "texture": "#12"}
			}
		},
		{
			"from": [15, 13.5, -6],
			"to": [16, 18.5, -5],
			"rotation": {"angle": 0, "axis": "y", "origin": [8.75, 9.5, -25.75]},
			"faces": {
				"north": {"uv": [1, 1, 3, 4], "texture": "#12"},
				"east": {"uv": [0, 0, 1, 3], "texture": "#12"},
				"south": {"uv": [0, 0, 2, 3], "texture": "#12"}
			}
		},
		{
			"from": [14, 13.5, -6],
			"to": [15, 18.5, -5],
			"rotation": {"angle": 0, "axis": "y", "origin": [8.75, 9.5, -25.75]},
			"faces": {
				"north": {"uv": [2, 1, 1, 2], "texture": "#13"},
				"south": {"uv": [0, 0, 2, 3], "texture": "#12"},
				"west": {"uv": [0, 0, 1, 3], "texture": "#12"}
			}
		},
		{
			"from": [0, 0.5, 11],
			"to": [16, 1, 27],
			"rotation": {"angle": 0, "axis": "y", "origin": [8, 0.75, 8]},
			"faces": {
				"north": {"uv": [16, 0, 0, 0.5], "texture": "#7"},
				"east": {"uv": [16, 0, 0, 0.5], "texture": "#7"},
				"south": {"uv": [16, 0, 0, 0.5], "texture": "#7"},
				"west": {"uv": [16, 0, 0, 0.5], "texture": "#7"},
				"up": {"uv": [16, 0, 0, 16], "texture": "#9"},
				"down": {"uv": [16, 0, 0, 16], "texture": "#7"}
			}
		},
		{
			"from": [0, 12.5, 19],
			"to": [16, 15, 27],
			"rotation": {"angle": 0, "axis": "y", "origin": [8.75, 9.5, -25.75]},
			"faces": {
				"east": {"uv": [8, 0, 0, 2.5], "texture": "#12"},
				"south": {"uv": [16, 0, 0, 2.5], "texture": "#12"},
				"west": {"uv": [8, 0, 0, 2.5], "texture": "#12"},
				"up": {"uv": [16, 0, 0, 8], "texture": "#9"},
				"down": {"uv": [0, 0, 16, 8], "texture": "#1"}
			}
		},
		{
			"from": [0.5, 12.5, 5],
			"to": [9, 15, 19],
			"rotation": {"angle": 0, "axis": "y", "origin": [8.75, 9.5, -25.75]},
			"faces": {
				"east": {"uv": [8, 0, 0, 2.5], "texture": "#12"},
				"up": {"uv": [9, 0, 0, 14], "texture": "#9"},
				"down": {"uv": [0, 0, 9, 14], "texture": "#1"}
			}
		},
		{
			"from": [0, 26.5, -6],
			"to": [16, 27.5, 27],
			"rotation": {"angle": 0, "axis": "y", "origin": [8.75, 9.5, -25.75]},
			"faces": {
				"north": {"uv": [16, 0, 0, 1], "texture": "#12"},
				"east": {"uv": [16, 0, 0, 1], "texture": "#12"},
				"south": {"uv": [16, 0, 0, 1], "texture": "#12"},
				"west": {"uv": [16, 0, 0, 1], "texture": "#12"},
				"up": {"uv": [16, 0, 0, 16], "texture": "#12"},
				"down": {"uv": [16, 0, 0, 16], "texture": "#1"}
			}
		},
		{
			"from": [0, 12.5, 3],
			"to": [9, 15, 5],
			"rotation": {"angle": 0, "axis": "y", "origin": [8.75, 9.5, -25.75]},
			"faces": {
				"west": {"uv": [2, 0, 0, 2.5], "texture": "#12"},
				"up": {"uv": [9, 0, 0, 2], "texture": "#9"},
				"down": {"uv": [0, 0, 9, 2], "texture": "#1"}
			}
		},
		{
			"from": [0, 12.5, -3],
			"to": [9, 15, 3],
			"rotation": {"angle": 0, "axis": "y", "origin": [8.75, 9.5, -25.75]},
			"faces": {
				"west": {"uv": [6, 0, 0, 2.5], "texture": "#12"},
				"up": {"uv": [9, 0, 0, 6], "texture": "#9"},
				"down": {"uv": [0, 0, 9, 6], "texture": "#1"}
			}
		},
		{
			"from": [0, 12.5, -5],
			"to": [16, 15, -3],
			"rotation": {"angle": 0, "axis": "y", "origin": [8.75, 9.5, -25.75]},
			"faces": {
				"east": {"uv": [2, 0, 0, 2.5], "texture": "#12"},
				"west": {"uv": [7, 0, 0, 2.5], "texture": "#12"},
				"up": {"uv": [16, 0, 0, 7], "texture": "#9"},
				"down": {"uv": [0, 0, 16, 7], "texture": "#1"}
			}
		},
		{
			"from": [9, 12.5, -3],
			"to": [15.5, 15, 3],
			"rotation": {"angle": 0, "axis": "y", "origin": [8.75, 9.5, -25.75]},
			"faces": {
				"south": {"uv": [0, 0, 16, 16], "texture": "#6"},
				"up": {"uv": [0, 0, 16, 16], "texture": "#6"},
				"down": {"uv": [0, 0, 6.5, 6], "texture": "#1"}
			}
		},
		{
			"from": [15.5, 12.5, -3],
			"to": [16, 15, 19],
			"rotation": {"angle": 0, "axis": "y", "origin": [0, 0, 5]},
			"faces": {
				"east": {"uv": [0, 0, 16, 2.5], "texture": "#12"},
				"west": {"uv": [0, 0, 16, 2.5], "texture": "#12"}
			}
		},
		{
			"from": [1, 0.5, 5],
			"to": [15, 1, 11],
			"rotation": {"angle": 0, "axis": "y", "origin": [8, 0.75, 8]},
			"faces": {
				"east": {"uv": [6, 0, 0, 0.5], "texture": "#7"},
				"west": {"uv": [6, 0, 0, 0.5], "texture": "#7"},
				"up": {"uv": [14, 0, 0, 6], "texture": "#9"},
				"down": {"uv": [14, 0, 0, 6], "texture": "#7"}
			}
		},
		{
			"from": [0, 0.5, -6],
			"to": [16, 1, 5],
			"rotation": {"angle": 0, "axis": "y", "origin": [8, 0.75, 8]},
			"faces": {
				"north": {"uv": [16, 0, 0, 0.5], "texture": "#7"},
				"east": {"uv": [16, 0, 0, 0.5], "texture": "#7"},
				"south": {"uv": [16, 0, 0, 0.5], "texture": "#7"},
				"west": {"uv": [16, 0, 0, 0.5], "texture": "#7"},
				"up": {"uv": [16, 0, 0, 16], "texture": "#9"},
				"down": {"uv": [16, 0, 0, 16], "texture": "#7"}
			}
		},
		{
			"from": [0, 5.5, 5],
			"to": [0.5, 12.5, 6],
			"rotation": {"angle": 0, "axis": "y", "origin": [0, 0, 5]},
			"faces": {
				"north": {"uv": [0, 0, 16, 16], "texture": "#3"},
				"east": {"uv": [0, 0, 16, 16], "texture": "#3"},
				"south": {"uv": [0, 0, 16, 16], "texture": "#3"},
				"west": {"uv": [0, 0, 16, 16], "texture": "#3"}
			}
		},
		{
			"from": [15.5, 5.5, 2],
			"to": [16, 12.5, 19],
			"rotation": {"angle": 0, "axis": "y", "origin": [0, 0, 5]},
			"faces": {
				"north": {"uv": [0, 0, 16, 16], "texture": "#3"},
				"east": {"uv": [0, 0, 16, 16], "texture": "#10"},
				"south": {"uv": [0, 0, 16, 16], "texture": "#3"},
				"west": {"uv": [0, 0, 16, 16], "texture": "#10"}
			}
		},
		{
			"from": [0, 5.5, -6],
			"to": [1, 12.5, -5],
			"rotation": {"angle": 0, "axis": "y", "origin": [0, 0, 5]},
			"faces": {
				"north": {"uv": [0, 0, 16, 16], "texture": "#10"},
				"east": {"uv": [0, 0, 16, 16], "texture": "#10"},
				"south": {"uv": [0, 0, 16, 16], "texture": "#10"},
				"west": {"uv": [0, 0, 16, 16], "texture": "#10"}
			}
		},
		{
			"from": [15, 5.5, -6],
			"to": [16, 12.5, -5],
			"rotation": {"angle": 0, "axis": "y", "origin": [0, 0, 5]},
			"faces": {
				"north": {"uv": [0, 0, 16, 16], "texture": "#10"},
				"east": {"uv": [0, 0, 16, 16], "texture": "#10"},
				"south": {"uv": [0, 0, 16, 16], "texture": "#10"},
				"west": {"uv": [0, 0, 16, 16], "texture": "#10"}
			}
		},
		{
			"from": [0, 10, 6],
			"to": [0.5, 10.5, 14],
			"rotation": {"angle": 0, "axis": "y", "origin": [0, 0, 5]},
			"faces": {
				"east": {"uv": [0, 0, 16, 16], "texture": "#3"},
				"west": {"uv": [0, 0, 16, 16], "texture": "#3"},
				"up": {"uv": [0, 0, 16, 16], "texture": "#3"},
				"down": {"uv": [0, 0, 16, 16], "texture": "#3"}
			}
		},
		{
			"from": [0, 12.5, 5],
			"to": [0.5, 15, 19],
			"rotation": {"angle": 0, "axis": "y", "origin": [0, 0, 5]},
			"faces": {
				"east": {"uv": [0, 0, 16, 16], "texture": "#3"},
				"west": {"uv": [1, 1, 15, 2], "texture": "#12"},
				"down": {"uv": [1, 1, 2, 2], "texture": "#13"}
			}
		},
		{
			"from": [0.25, 10.5, 6],
			"to": [0.5, 12.5, 14],
			"rotation": {"angle": 0, "axis": "y", "origin": [0, 0, 5]},
			"faces": {
				"east": {"uv": [0, 0, 12, 3], "texture": "#3"},
				"west": {"uv": [0, 0, 16, 16], "texture": "#2"}
			}
		},
		{
			"from": [2, 14.5, -5.75],
			"to": [14, 17.5, -5],
			"rotation": {"angle": 0, "axis": "y", "origin": [0, 0, 5]},
			"faces": {
				"north": {"uv": [0, 0, 16, 16], "texture": "#2"},
				"south": {"uv": [1, 1, 15, 7], "texture": "#12"}
			}
		},
		{
			"from": [0, 5.5, 14],
			"to": [0.5, 12.5, 15],
			"rotation": {"angle": 0, "axis": "y", "origin": [0, 0, 5]},
			"faces": {
				"north": {"uv": [0, 0, 16, 16], "texture": "#3"},
				"east": {"uv": [0, 0, 16, 16], "texture": "#3"},
				"south": {"uv": [0, 0, 16, 16], "texture": "#3"},
				"west": {"uv": [0, 0, 16, 16], "texture": "#3"}
			}
		},
		{
			"from": [0, 5.5, 19],
			"to": [0.5, 12.5, 20],
			"rotation": {"angle": 0, "axis": "y", "origin": [0, 0, 5]},
			"faces": {
				"north": {"uv": [0, 0, 16, 16], "texture": "#3"},
				"east": {"uv": [0, 0, 16, 16], "texture": "#3"},
				"south": {"uv": [0, 0, 16, 16], "texture": "#3"},
				"west": {"uv": [0, 0, 16, 16], "texture": "#3"}
			}
		},
		{
			"from": [0, 5.5, 26],
			"to": [0.5, 12.5, 27],
			"rotation": {"angle": 0, "axis": "y", "origin": [0, 0, 5]},
			"faces": {
				"north": {"uv": [0, 0, 16, 16], "texture": "#3"},
				"east": {"uv": [0, 0, 16, 16], "texture": "#3"},
				"south": {"uv": [0, 0, 16, 16], "texture": "#3"},
				"west": {"uv": [0, 0, 16, 16], "texture": "#3"}
			}
		},
		{
			"from": [0, 19.5, 26],
			"to": [0.5, 26.5, 27],
			"rotation": {"angle": 0, "axis": "y", "origin": [0, 0, 5]},
			"faces": {
				"north": {"uv": [0, 0, 16, 16], "texture": "#3"},
				"east": {"uv": [0, 0, 16, 16], "texture": "#3"},
				"south": {"uv": [0, 0, 16, 16], "texture": "#3"},
				"west": {"uv": [0, 0, 16, 16], "texture": "#3"}
			}
		},
		{
			"from": [0, 19.5, 18],
			"to": [0.5, 26.5, 19],
			"rotation": {"angle": 0, "axis": "y", "origin": [0, 0, 5]},
			"faces": {
				"north": {"uv": [0, 0, 16, 16], "texture": "#3"},
				"east": {"uv": [0, 0, 16, 16], "texture": "#3"},
				"south": {"uv": [0, 0, 16, 16], "texture": "#3"},
				"west": {"uv": [0, 0, 16, 16], "texture": "#3"}
			}
		},
		{
			"from": [0, 19.5, 10],
			"to": [0.5, 26.5, 11],
			"rotation": {"angle": 0, "axis": "y", "origin": [0, 0, 5]},
			"faces": {
				"north": {"uv": [0, 0, 16, 16], "texture": "#3"},
				"east": {"uv": [0, 0, 16, 16], "texture": "#3"},
				"south": {"uv": [0, 0, 16, 16], "texture": "#3"},
				"west": {"uv": [0, 0, 16, 16], "texture": "#3"}
			}
		},
		{
			"from": [0, 19.5, -6],
			"to": [1, 26.5, -5],
			"rotation": {"angle": 0, "axis": "y", "origin": [0, 0, 5]},
			"faces": {
				"north": {"uv": [0, 0, 16, 16], "texture": "#12"},
				"east": {"uv": [0, 0, 16, 16], "texture": "#12"},
				"south": {"uv": [0, 0, 16, 16], "texture": "#12"},
				"west": {"uv": [0, 0, 16, 16], "texture": "#12"}
			}
		},
		{
			"from": [0, 19.5, 2],
			"to": [0.5, 26.5, 3],
			"rotation": {"angle": 0, "axis": "y", "origin": [0, 0, 5]},
			"faces": {
				"north": {"uv": [0, 0, 16, 16], "texture": "#3"},
				"east": {"uv": [0, 0, 16, 16], "texture": "#3"},
				"south": {"uv": [0, 0, 16, 16], "texture": "#3"},
				"west": {"uv": [0, 0, 16, 16], "texture": "#3"}
			}
		},
		{
			"from": [15.5, 19.5, 18],
			"to": [16, 26.5, 19],
			"rotation": {"angle": 0, "axis": "y", "origin": [0, 0, 5]},
			"faces": {
				"north": {"uv": [0, 0, 16, 16], "texture": "#3"},
				"east": {"uv": [0, 0, 16, 16], "texture": "#3"},
				"south": {"uv": [0, 0, 16, 16], "texture": "#3"},
				"west": {"uv": [0, 0, 16, 16], "texture": "#3"}
			}
		},
		{
			"from": [15.5, 19.5, 26],
			"to": [16, 26.5, 27],
			"rotation": {"angle": 0, "axis": "y", "origin": [0, 0, 5]},
			"faces": {
				"north": {"uv": [0, 0, 16, 16], "texture": "#3"},
				"east": {"uv": [0, 0, 16, 16], "texture": "#3"},
				"south": {"uv": [0, 0, 16, 16], "texture": "#3"},
				"west": {"uv": [0, 0, 16, 16], "texture": "#3"}
			}
		},
		{
			"from": [15.5, 19.5, 10],
			"to": [16, 26.5, 11],
			"rotation": {"angle": 0, "axis": "y", "origin": [0, 0, 5]},
			"faces": {
				"north": {"uv": [0, 0, 16, 16], "texture": "#3"},
				"east": {"uv": [0, 0, 16, 16], "texture": "#3"},
				"south": {"uv": [0, 0, 16, 16], "texture": "#3"},
				"west": {"uv": [0, 0, 16, 16], "texture": "#3"}
			}
		},
		{
			"from": [15.5, 19.5, 2],
			"to": [16, 26.5, 3],
			"rotation": {"angle": 0, "axis": "y", "origin": [0, 0, 5]},
			"faces": {
				"north": {"uv": [0, 0, 16, 16], "texture": "#3"},
				"east": {"uv": [0, 0, 16, 16], "texture": "#3"},
				"south": {"uv": [0, 0, 16, 16], "texture": "#3"},
				"west": {"uv": [0, 0, 16, 16], "texture": "#3"}
			}
		},
		{
			"from": [15, 19.5, -6],
			"to": [16, 26.5, -5],
			"rotation": {"angle": 0, "axis": "y", "origin": [0, 0, 5]},
			"faces": {
				"north": {"uv": [0, 0, 16, 16], "texture": "#12"},
				"east": {"uv": [0, 0, 16, 16], "texture": "#12"},
				"south": {"uv": [0, 0, 16, 16], "texture": "#12"},
				"west": {"uv": [0, 0, 16, 16], "texture": "#12"}
			}
		},
		{
			"from": [15.5, 5.5, 26],
			"to": [16, 12.5, 27],
			"rotation": {"angle": 0, "axis": "y", "origin": [0, 0, 5]},
			"faces": {
				"north": {"uv": [0, 0, 1, 1], "texture": "#3"},
				"east": {"uv": [0, 0, 1, 1], "texture": "#3"},
				"south": {"uv": [0, 0, 1, 1], "texture": "#3"},
				"west": {"uv": [0, 0, 1, 1], "texture": "#3"}
			}
		},
		{
			"from": [0, -1.74728, 5.25],
			"to": [0.5, 1.24728, 6.25],
			"rotation": {"angle": 45, "axis": "x", "origin": [0.5, 0, 9]},
			"faces": {
				"east": {"uv": [0, 0, 16, 16], "texture": "#10"},
				"south": {"uv": [0, 0, 16, 16], "texture": "#10"},
				"west": {"uv": [0, 0, 16, 16], "texture": "#10"}
			}
		},
		{
			"from": [0, -1.74728, 11.75],
			"to": [0.5, 1.24728, 12.75],
			"rotation": {"angle": -45, "axis": "x", "origin": [0.5, 0, 9]},
			"faces": {
				"north": {"uv": [0, 0, 16, 16], "texture": "#10"},
				"east": {"uv": [0, 0, 16, 16], "texture": "#10"},
				"west": {"uv": [0, 0, 16, 16], "texture": "#10"}
			}
		},
		{
			"from": [15.5, -1.74728, 11.75],
			"to": [16, 1.24728, 12.75],
			"rotation": {"angle": -45, "axis": "x", "origin": [15.5, 0, 9]},
			"faces": {
				"north": {"uv": [0, 0, 16, 16], "texture": "#10"},
				"east": {"uv": [0, 0, 16, 16], "texture": "#10"},
				"west": {"uv": [0, 0, 16, 16], "texture": "#10"}
			}
		},
		{
			"from": [15.5, -1.74728, 5.25],
			"to": [16, 1.24728, 6.25],
			"rotation": {"angle": 45, "axis": "x", "origin": [15.5, 0, 9]},
			"faces": {
				"east": {"uv": [0, 0, 16, 16], "texture": "#10"},
				"south": {"uv": [0, 0, 16, 16], "texture": "#10"},
				"west": {"uv": [0, 0, 16, 16], "texture": "#10"}
			}
		},
		{
			"from": [0, -0.49728, 6.5],
			"to": [1, 0.49728, 11.5],
			"rotation": {"angle": -45, "axis": "x", "origin": [0.5, 0, 9]},
			"faces": {
				"north": {"uv": [0, 0, 1, 1], "texture": "#3"},
				"east": {"uv": [0, 0, 1, 1], "texture": "#3"},
				"south": {"uv": [0, 0, 1, 1], "texture": "#3"},
				"west": {"uv": [0, 0, 1, 1], "texture": "#3"}
			}
		},
		{
			"from": [0, -0.49728, 6.5],
			"to": [1, 0.49728, 11.5],
			"rotation": {"angle": -22.5, "axis": "x", "origin": [0.5, 0, 9]},
			"faces": {
				"north": {"uv": [0, 0, 1, 1], "texture": "#3"},
				"east": {"uv": [0, 0, 1, 1], "texture": "#3"},
				"south": {"uv": [0, 0, 1, 1], "texture": "#3"},
				"west": {"uv": [0, 0, 1, 1], "texture": "#3"}
			}
		},
		{
			"from": [0, -0.49728, 6.5],
			"to": [1, 0.49728, 11.5],
			"rotation": {"angle": 0, "axis": "x", "origin": [0.5, 0, 9]},
			"faces": {
				"north": {"uv": [0, 0, 1, 1], "texture": "#3"},
				"east": {"uv": [0, 0, 1, 1], "texture": "#3"},
				"south": {"uv": [0, 0, 1, 1], "texture": "#3"},
				"west": {"uv": [0, 0, 1, 1], "texture": "#3"}
			}
		},
		{
			"from": [0, -0.49728, 6.5],
			"to": [1, 0.49728, 11.5],
			"rotation": {"angle": 22.5, "axis": "x", "origin": [0.5, 0, 9]},
			"faces": {
				"north": {"uv": [0, 0, 1, 1], "texture": "#3"},
				"east": {"uv": [0, 0, 1, 1], "texture": "#3"},
				"south": {"uv": [0, 0, 1, 1], "texture": "#3"},
				"west": {"uv": [0, 0, 1, 1], "texture": "#3"}
			}
		},
		{
			"from": [0, -0.49728, 6.5],
			"to": [1, 0.49728, 11.5],
			"rotation": {"angle": 45, "axis": "x", "origin": [0.5, 0, 9]},
			"faces": {
				"north": {"uv": [0, 0, 1, 1], "texture": "#3"},
				"east": {"uv": [0, 0, 1, 1], "texture": "#3"},
				"south": {"uv": [0, 0, 1, 1], "texture": "#3"},
				"west": {"uv": [0, 0, 1, 1], "texture": "#3"}
			}
		},
		{
			"from": [0, -2.5, 8.50272],
			"to": [1, 2.5, 9.49728],
			"rotation": {"angle": -22.5, "axis": "x", "origin": [0.5, 0, 9]},
			"faces": {
				"east": {"uv": [0, 0, 1, 1], "texture": "#3"},
				"west": {"uv": [0, 0, 1, 1], "texture": "#3"},
				"up": {"uv": [0, 0, 1, 1], "texture": "#3"},
				"down": {"uv": [0, 0, 1, 1], "texture": "#3"}
			}
		},
		{
			"from": [0, -2.5, 8.50272],
			"to": [1, 2.5, 9.49728],
			"rotation": {"angle": 0, "axis": "x", "origin": [0.5, 0, 9]},
			"faces": {
				"east": {"uv": [0, 0, 1, 1], "texture": "#3"},
				"west": {"uv": [0, 0, 1, 1], "texture": "#3"},
				"up": {"uv": [0, 0, 1, 1], "texture": "#3"},
				"down": {"uv": [0, 0, 1, 1], "texture": "#3"}
			}
		},
		{
			"from": [0, -2.5, 8.50272],
			"to": [1, 2.5, 9.49728],
			"rotation": {"angle": 22.5, "axis": "x", "origin": [0.5, 0, 9]},
			"faces": {
				"east": {"uv": [0, 0, 1, 1], "texture": "#3"},
				"west": {"uv": [0, 0, 1, 1], "texture": "#3"},
				"up": {"uv": [0, 0, 1, 1], "texture": "#3"},
				"down": {"uv": [0, 0, 1, 1], "texture": "#3"}
			}
		},
		{
			"from": [15, -0.49728, 6.5],
			"to": [16, 0.49728, 11.5],
			"rotation": {"angle": -45, "axis": "x", "origin": [15.5, 0, 9]},
			"faces": {
				"north": {"uv": [1, 0, 0, 1], "texture": "#3"},
				"east": {"uv": [1, 0, 0, 1], "texture": "#3"},
				"south": {"uv": [1, 0, 0, 1], "texture": "#3"},
				"west": {"uv": [1, 0, 0, 1], "texture": "#3"}
			}
		},
		{
			"from": [15, -0.49728, 6.5],
			"to": [16, 0.49728, 11.5],
			"rotation": {"angle": -22.5, "axis": "x", "origin": [15.5, 0, 9]},
			"faces": {
				"north": {"uv": [1, 0, 0, 1], "texture": "#3"},
				"east": {"uv": [1, 0, 0, 1], "texture": "#3"},
				"south": {"uv": [1, 0, 0, 1], "texture": "#3"},
				"west": {"uv": [1, 0, 0, 1], "texture": "#3"}
			}
		},
		{
			"from": [15, -0.49728, 6.5],
			"to": [16, 0.49728, 11.5],
			"rotation": {"angle": 0, "axis": "x", "origin": [15.5, 0, 9]},
			"faces": {
				"north": {"uv": [1, 0, 0, 1], "texture": "#3"},
				"east": {"uv": [1, 0, 0, 1], "texture": "#3"},
				"south": {"uv": [1, 0, 0, 1], "texture": "#3"},
				"west": {"uv": [1, 0, 0, 1], "texture": "#3"}
			}
		},
		{
			"from": [15, -0.49728, 6.5],
			"to": [16, 0.49728, 11.5],
			"rotation": {"angle": 22.5, "axis": "x", "origin": [15.5, 0, 9]},
			"faces": {
				"north": {"uv": [1, 0, 0, 1], "texture": "#3"},
				"east": {"uv": [1, 0, 0, 1], "texture": "#3"},
				"south": {"uv": [1, 0, 0, 1], "texture": "#3"},
				"west": {"uv": [1, 0, 0, 1], "texture": "#3"}
			}
		},
		{
			"from": [15, -0.49728, 6.5],
			"to": [16, 0.49728, 11.5],
			"rotation": {"angle": 45, "axis": "x", "origin": [15.5, 0, 9]},
			"faces": {
				"north": {"uv": [1, 0, 0, 1], "texture": "#3"},
				"east": {"uv": [1, 0, 0, 1], "texture": "#3"},
				"south": {"uv": [1, 0, 0, 1], "texture": "#3"},
				"west": {"uv": [1, 0, 0, 1], "texture": "#3"}
			}
		},
		{
			"from": [15, -2.5, 8.50272],
			"to": [16, 2.5, 9.49728],
			"rotation": {"angle": -22.5, "axis": "x", "origin": [15.5, 0, 9]},
			"faces": {
				"east": {"uv": [1, 0, 0, 1], "texture": "#3"},
				"west": {"uv": [1, 0, 0, 1], "texture": "#3"},
				"up": {"uv": [1, 0, 0, 1], "texture": "#3"},
				"down": {"uv": [1, 0, 0, 1], "texture": "#3"}
			}
		},
		{
			"from": [15, -2.5, 8.50272],
			"to": [16, 2.5, 9.49728],
			"rotation": {"angle": 0, "axis": "x", "origin": [15.5, 0, 9]},
			"faces": {
				"east": {"uv": [1, 0, 0, 1], "texture": "#3"},
				"west": {"uv": [1, 0, 0, 1], "texture": "#3"},
				"up": {"uv": [1, 0, 0, 1], "texture": "#3"},
				"down": {"uv": [1, 0, 0, 1], "texture": "#3"}
			}
		},
		{
			"from": [15, -2.5, 8.50272],
			"to": [16, 2.5, 9.49728],
			"rotation": {"angle": 22.5, "axis": "x", "origin": [15.5, 0, 9]},
			"faces": {
				"east": {"uv": [1, 0, 0, 1], "texture": "#3"},
				"west": {"uv": [1, 0, 0, 1], "texture": "#3"},
				"up": {"uv": [1, 0, 0, 1], "texture": "#3"},
				"down": {"uv": [1, 0, 0, 1], "texture": "#3"}
			}
		},
		{
			"from": [9.5, 1, 13],
			"to": [15.5, 3, 18.5],
			"rotation": {"angle": 0, "axis": "y", "origin": [0, 0, 5]},
			"faces": {
				"north": {"uv": [0, 0, 16, 16], "texture": "#6"},
				"west": {"uv": [0, 0, 16, 16], "texture": "#6"},
				"up": {"uv": [0, 0, 16, 16], "texture": "#6"}
			}
		},
		{
			"from": [9.5, 3, 11],
			"to": [15.5, 5, 13],
			"rotation": {"angle": 0, "axis": "y", "origin": [0, 0, 5]},
			"faces": {
				"north": {"uv": [0, 0, 16, 16], "texture": "#6"},
				"south": {"uv": [0, 0, 16, 16], "texture": "#6"},
				"up": {"uv": [0, 0, 16, 16], "texture": "#6"},
				"down": {"uv": [0, 0, 16, 16], "texture": "#6"}
			}
		},
		{
			"from": [9.5, 5, 9],
			"to": [15.5, 7, 11],
			"rotation": {"angle": 0, "axis": "y", "origin": [0, 0, 5]},
			"faces": {
				"north": {"uv": [0, 0, 16, 16], "texture": "#6"},
				"south": {"uv": [0, 0, 16, 16], "texture": "#6"},
				"up": {"uv": [0, 0, 16, 16], "texture": "#6"},
				"down": {"uv": [0, 0, 16, 16], "texture": "#6"}
			}
		},
		{
			"from": [9.5, 7, 7],
			"to": [15.5, 9, 9],
			"rotation": {"angle": 0, "axis": "y", "origin": [0, 0, 5]},
			"faces": {
				"north": {"uv": [0, 0, 16, 16], "texture": "#6"},
				"south": {"uv": [0, 0, 16, 16], "texture": "#6"},
				"up": {"uv": [0, 0, 16, 16], "texture": "#6"},
				"down": {"uv": [0, 0, 16, 16], "texture": "#6"}
			}
		},
		{
			"from": [9.5, 9, 5],
			"to": [15.5, 11, 7],
			"rotation": {"angle": 0, "axis": "y", "origin": [0, 0, 5]},
			"faces": {
				"north": {"uv": [0, 0, 16, 16], "texture": "#6"},
				"south": {"uv": [0, 0, 16, 16], "texture": "#6"},
				"up": {"uv": [0, 0, 16, 16], "texture": "#6"},
				"down": {"uv": [0, 0, 16, 16], "texture": "#6"}
			}
		},
		{
			"from": [9.5, 11, 3],
			"to": [15.5, 13, 5],
			"rotation": {"angle": 0, "axis": "y", "origin": [0, 0, 5]},
			"faces": {
				"north": {"uv": [0, 0, 16, 16], "texture": "#6"},
				"south": {"uv": [0, 0, 16, 16], "texture": "#6"},
				"up": {"uv": [0, 0, 16, 16], "texture": "#6"},
				"down": {"uv": [0, 0, 16, 16], "texture": "#6"}
			}
		},
		{
			"from": [1, 15, -2],
			"to": [1.5, 17.25, -1.5],
			"rotation": {"angle": 0, "axis": "y", "origin": [7.25, 9.5, 17]},
			"faces": {
				"north": {"uv": [13, 0, 12.5, 0.5], "texture": "#11"},
				"east": {"uv": [13, 0, 12.5, 0.5], "texture": "#11"},
				"south": {"uv": [13, 0, 12.5, 0.5], "texture": "#11"},
				"west": {"uv": [13, 0, 12.5, 0.5], "texture": "#11"}
			}
		},
		{
			"from": [5, 15, -2],
			"to": [5.5, 17.25, -1.5],
			"rotation": {"angle": 0, "axis": "y", "origin": [7.25, 9.5, 17]},
			"faces": {
				"north": {"uv": [13, 0, 12.5, 0.5], "texture": "#11"},
				"east": {"uv": [13, 0, 12.5, 0.5], "texture": "#11"},
				"south": {"uv": [13, 0, 12.5, 0.5], "texture": "#11"},
				"west": {"uv": [13, 0, 12.5, 0.5], "texture": "#11"}
			}
		},
		{
			"from": [0.75, 17.25, -3],
			"to": [5.75, 17.5, -0.75],
			"rotation": {"angle": 0, "axis": "y", "origin": [7.25, 9.5, 17]},
			"faces": {
				"north": {"uv": [13, 0, 10, 0.25], "texture": "#8"},
				"east": {"uv": [12.25, 0, 10, 0.25], "texture": "#8"},
				"south": {"uv": [13, 0, 10, 2.25], "texture": "#7"},
				"west": {"uv": [12.25, 0, 10, 0.25], "texture": "#8"},
				"up": {"uv": [13, 0, 10, 2.25], "texture": "#8"},
				"down": {"uv": [13, 0, 10, 2.25], "texture": "#7"}
			}
		},
		{
			"from": [0.75, 17.5, -0.75],
			"to": [5.75, 20.5, -0.5],
			"rotation": {"angle": 0, "axis": "y", "origin": [7.25, 9.5, 17]},
			"faces": {
				"north": {"uv": [15.5, 0, 12.5, 2.75], "texture": "#8"},
				"east": {"uv": [12.75, 0, 12.5, 2.75], "texture": "#8"},
				"south": {"uv": [15.5, 0, 12.5, 2.75], "texture": "#7"},
				"west": {"uv": [12.75, 0, 12.5, 2.75], "texture": "#8"},
				"up": {"uv": [15.5, 0, 12.5, 2.75], "texture": "#8"},
				"down": {"uv": [15.5, 0, 12.5, 2.75], "texture": "#7"}
			}
		},
		{
			"from": [14.5, 15, -2],
			"to": [15, 17.25, -1.5],
			"rotation": {"angle": 0, "axis": "y", "origin": [8.75, 9.5, 17]},
			"faces": {
				"north": {"uv": [12.5, 0, 13, 0.5], "texture": "#11"},
				"east": {"uv": [12.5, 0, 13, 0.5], "texture": "#11"},
				"south": {"uv": [12.5, 0, 13, 0.5], "texture": "#11"},
				"west": {"uv": [12.5, 0, 13, 0.5], "texture": "#11"}
			}
		},
		{
			"from": [10.5, 15, -2],
			"to": [11, 17.25, -1.5],
			"rotation": {"angle": 0, "axis": "y", "origin": [8.75, 9.5, 17]},
			"faces": {
				"north": {"uv": [12.5, 0, 13, 0.5], "texture": "#11"},
				"east": {"uv": [12.5, 0, 13, 0.5], "texture": "#11"},
				"south": {"uv": [12.5, 0, 13, 0.5], "texture": "#11"},
				"west": {"uv": [12.5, 0, 13, 0.5], "texture": "#11"}
			}
		},
		{
			"from": [10.25, 17.25, -3],
			"to": [15.25, 17.5, -0.75],
			"rotation": {"angle": 0, "axis": "y", "origin": [8.75, 9.5, 17]},
			"faces": {
				"north": {"uv": [10, 0, 13, 0.25], "texture": "#8"},
				"east": {"uv": [10, 0, 12.25, 0.25], "texture": "#8"},
				"south": {"uv": [10, 0, 13, 2.25], "texture": "#7"},
				"west": {"uv": [10, 0, 12.25, 0.25], "texture": "#8"},
				"up": {"uv": [10, 0, 13, 2.25], "texture": "#8"},
				"down": {"uv": [10, 0, 13, 2.25], "texture": "#7"}
			}
		},
		{
			"from": [10.25, 17.5, -0.75],
			"to": [15.25, 20.5, -0.5],
			"rotation": {"angle": 0, "axis": "y", "origin": [8.75, 9.5, 17]},
			"faces": {
				"north": {"uv": [12.5, 0, 15.5, 2.75], "texture": "#8"},
				"east": {"uv": [12.5, 0, 12.75, 2.75], "texture": "#8"},
				"south": {"uv": [12.5, 0, 15.5, 2.75], "texture": "#7"},
				"west": {"uv": [12.5, 0, 12.75, 2.75], "texture": "#8"},
				"up": {"uv": [12.5, 0, 15.5, 2.75], "texture": "#8"},
				"down": {"uv": [12.5, 0, 15.5, 2.75], "texture": "#7"}
			}
		},
		{
			"from": [1, 15, 4],
			"to": [1.5, 17.25, 4.5],
			"rotation": {"angle": 0, "axis": "y", "origin": [7.25, 9.5, 17]},
			"faces": {
				"north": {"uv": [13, 0, 12.5, 0.5], "texture": "#11"},
				"east": {"uv": [13, 0, 12.5, 0.5], "texture": "#11"},
				"south": {"uv": [13, 0, 12.5, 0.5], "texture": "#11"},
				"west": {"uv": [13, 0, 12.5, 0.5], "texture": "#11"}
			}
		},
		{
			"from": [5, 15, 4],
			"to": [5.5, 17.25, 4.5],
			"rotation": {"angle": 0, "axis": "y", "origin": [7.25, 9.5, 17]},
			"faces": {
				"north": {"uv": [13, 0, 12.5, 0.5], "texture": "#11"},
				"east": {"uv": [13, 0, 12.5, 0.5], "texture": "#11"},
				"south": {"uv": [13, 0, 12.5, 0.5], "texture": "#11"},
				"west": {"uv": [13, 0, 12.5, 0.5], "texture": "#11"}
			}
		},
		{
			"from": [0.75, 17.25, 3],
			"to": [5.75, 17.5, 5.25],
			"rotation": {"angle": 0, "axis": "y", "origin": [7.25, 9.5, 17]},
			"faces": {
				"north": {"uv": [13, 0, 10, 0.25], "texture": "#8"},
				"east": {"uv": [12.25, 0, 10, 0.25], "texture": "#8"},
				"south": {"uv": [13, 0, 10, 2.25], "texture": "#7"},
				"west": {"uv": [12.25, 0, 10, 0.25], "texture": "#8"},
				"up": {"uv": [13, 0, 10, 2.25], "texture": "#8"},
				"down": {"uv": [13, 0, 10, 2.25], "texture": "#7"}
			}
		},
		{
			"from": [0.75, 17.5, 5.25],
			"to": [5.75, 20.5, 5.5],
			"rotation": {"angle": 0, "axis": "y", "origin": [7.25, 9.5, 17]},
			"faces": {
				"north": {"uv": [15.5, 0, 12.5, 2.75], "texture": "#8"},
				"east": {"uv": [12.75, 0, 12.5, 2.75], "texture": "#8"},
				"south": {"uv": [15.5, 0, 12.5, 2.75], "texture": "#7"},
				"west": {"uv": [12.75, 0, 12.5, 2.75], "texture": "#8"},
				"up": {"uv": [15.5, 0, 12.5, 2.75], "texture": "#8"},
				"down": {"uv": [15.5, 0, 12.5, 2.75], "texture": "#7"}
			}
		},
		{
			"from": [1, 15, 16],
			"to": [1.5, 17.25, 16.5],
			"rotation": {"angle": 0, "axis": "y", "origin": [7.25, 9.5, 17]},
			"faces": {
				"north": {"uv": [13, 0, 12.5, 0.5], "texture": "#11"},
				"east": {"uv": [13, 0, 12.5, 0.5], "texture": "#11"},
				"south": {"uv": [13, 0, 12.5, 0.5], "texture": "#11"},
				"west": {"uv": [13, 0, 12.5, 0.5], "texture": "#11"}
			}
		},
		{
			"from": [5, 15, 16],
			"to": [5.5, 17.25, 16.5],
			"rotation": {"angle": 0, "axis": "y", "origin": [7.25, 9.5, 17]},
			"faces": {
				"north": {"uv": [13, 0, 12.5, 0.5], "texture": "#11"},
				"east": {"uv": [13, 0, 12.5, 0.5], "texture": "#11"},
				"south": {"uv": [13, 0, 12.5, 0.5], "texture": "#11"},
				"west": {"uv": [13, 0, 12.5, 0.5], "texture": "#11"}
			}
		},
		{
			"from": [0.75, 17.25, 15],
			"to": [5.75, 17.5, 17.25],
			"rotation": {"angle": 0, "axis": "y", "origin": [7.25, 9.5, 17]},
			"faces": {
				"north": {"uv": [13, 0, 10, 0.25], "texture": "#8"},
				"east": {"uv": [12.25, 0, 10, 0.25], "texture": "#8"},
				"south": {"uv": [13, 0, 10, 2.25], "texture": "#7"},
				"west": {"uv": [12.25, 0, 10, 0.25], "texture": "#8"},
				"up": {"uv": [13, 0, 10, 2.25], "texture": "#8"},
				"down": {"uv": [13, 0, 10, 2.25], "texture": "#7"}
			}
		},
		{
			"from": [0.75, 17.5, 17.25],
			"to": [5.75, 20.5, 17.5],
			"rotation": {"angle": 0, "axis": "y", "origin": [7.25, 9.5, 17]},
			"faces": {
				"north": {"uv": [15.5, 0, 12.5, 2.75], "texture": "#8"},
				"east": {"uv": [12.75, 0, 12.5, 2.75], "texture": "#8"},
				"south": {"uv": [15.5, 0, 12.5, 2.75], "texture": "#7"},
				"west": {"uv": [12.75, 0, 12.5, 2.75], "texture": "#8"},
				"up": {"uv": [15.5, 0, 12.5, 2.75], "texture": "#8"},
				"down": {"uv": [15.5, 0, 12.5, 2.75], "texture": "#7"}
			}
		},
		{
			"from": [1, 15, 22],
			"to": [1.5, 17.25, 22.5],
			"rotation": {"angle": 0, "axis": "y", "origin": [7.25, 9.5, 17]},
			"faces": {
				"north": {"uv": [13, 0, 12.5, 0.5], "texture": "#11"},
				"east": {"uv": [13, 0, 12.5, 0.5], "texture": "#11"},
				"south": {"uv": [13, 0, 12.5, 0.5], "texture": "#11"},
				"west": {"uv": [13, 0, 12.5, 0.5], "texture": "#11"}
			}
		},
		{
			"from": [5, 15, 22],
			"to": [5.5, 17.25, 22.5],
			"rotation": {"angle": 0, "axis": "y", "origin": [7.25, 9.5, 17]},
			"faces": {
				"north": {"uv": [13, 0, 12.5, 0.5], "texture": "#11"},
				"east": {"uv": [13, 0, 12.5, 0.5], "texture": "#11"},
				"south": {"uv": [13, 0, 12.5, 0.5], "texture": "#11"},
				"west": {"uv": [13, 0, 12.5, 0.5], "texture": "#11"}
			}
		},
		{
			"from": [0.75, 17.25, 21],
			"to": [5.75, 17.5, 23.25],
			"rotation": {"angle": 0, "axis": "y", "origin": [7.25, 9.5, 17]},
			"faces": {
				"north": {"uv": [13, 0, 10, 0.25], "texture": "#8"},
				"east": {"uv": [12.25, 0, 10, 0.25], "texture": "#8"},
				"south": {"uv": [13, 0, 10, 2.25], "texture": "#7"},
				"west": {"uv": [12.25, 0, 10, 0.25], "texture": "#8"},
				"up": {"uv": [13, 0, 10, 2.25], "texture": "#8"},
				"down": {"uv": [13, 0, 10, 2.25], "texture": "#7"}
			}
		},
		{
			"from": [0.75, 17.5, 23.25],
			"to": [5.75, 20.5, 23.5],
			"rotation": {"angle": 0, "axis": "y", "origin": [7.25, 9.5, 17]},
			"faces": {
				"north": {"uv": [15.5, 0, 12.5, 2.75], "texture": "#8"},
				"east": {"uv": [12.75, 0, 12.5, 2.75], "texture": "#8"},
				"south": {"uv": [15.5, 0, 12.5, 2.75], "texture": "#7"},
				"west": {"uv": [12.75, 0, 12.5, 2.75], "texture": "#8"},
				"up": {"uv": [15.5, 0, 12.5, 2.75], "texture": "#8"},
				"down": {"uv": [15.5, 0, 12.5, 2.75], "texture": "#7"}
			}
		},
		{
			"from": [14.5, 15, 22],
			"to": [15, 17.25, 22.5],
			"rotation": {"angle": 0, "axis": "y", "origin": [8.75, 9.5, 17]},
			"faces": {
				"north": {"uv": [12.5, 0, 13, 0.5], "texture": "#11"},
				"east": {"uv": [12.5, 0, 13, 0.5], "texture": "#11"},
				"south": {"uv": [12.5, 0, 13, 0.5], "texture": "#11"},
				"west": {"uv": [12.5, 0, 13, 0.5], "texture": "#11"}
			}
		},
		{
			"from": [10.5, 15, 22],
			"to": [11, 17.25, 22.5],
			"rotation": {"angle": 0, "axis": "y", "origin": [8.75, 9.5, 17]},
			"faces": {
				"north": {"uv": [12.5, 0, 13, 0.5], "texture": "#11"},
				"east": {"uv": [12.5, 0, 13, 0.5], "texture": "#11"},
				"south": {"uv": [12.5, 0, 13, 0.5], "texture": "#11"},
				"west": {"uv": [12.5, 0, 13, 0.5], "texture": "#11"}
			}
		},
		{
			"from": [10.25, 17.25, 21],
			"to": [15.25, 17.5, 23.25],
			"rotation": {"angle": 0, "axis": "y", "origin": [8.75, 9.5, 17]},
			"faces": {
				"north": {"uv": [10, 0, 13, 0.25], "texture": "#8"},
				"east": {"uv": [10, 0, 12.25, 0.25], "texture": "#8"},
				"south": {"uv": [10, 0, 13, 2.25], "texture": "#7"},
				"west": {"uv": [10, 0, 12.25, 0.25], "texture": "#8"},
				"up": {"uv": [10, 0, 13, 2.25], "texture": "#8"},
				"down": {"uv": [10, 0, 13, 2.25], "texture": "#7"}
			}
		},
		{
			"from": [10.25, 17.5, 23.25],
			"to": [15.25, 20.5, 23.5],
			"rotation": {"angle": 0, "axis": "y", "origin": [8.75, 9.5, 17]},
			"faces": {
				"north": {"uv": [12.5, 0, 15.5, 2.75], "texture": "#8"},
				"east": {"uv": [12.5, 0, 12.75, 2.75], "texture": "#8"},
				"south": {"uv": [12.5, 0, 15.5, 2.75], "texture": "#7"},
				"west": {"uv": [12.5, 0, 12.75, 2.75], "texture": "#8"},
				"up": {"uv": [12.5, 0, 15.5, 2.75], "texture": "#8"},
				"down": {"uv": [12.5, 0, 15.5, 2.75], "texture": "#7"}
			}
		},
		{
			"from": [1, 15, 24.5],
			"to": [1.5, 17.25, 25],
			"rotation": {"angle": 0, "axis": "y", "origin": [7.25, 9.5, -1]},
			"faces": {
				"north": {"uv": [12.5, 0, 13, 0.5], "texture": "#11"},
				"east": {"uv": [12.5, 0, 13, 0.5], "texture": "#11"},
				"south": {"uv": [12.5, 0, 13, 0.5], "texture": "#11"},
				"west": {"uv": [12.5, 0, 13, 0.5], "texture": "#11"}
			}
		},
		{
			"from": [5, 15, 24.5],
			"to": [5.5, 17.25, 25],
			"rotation": {"angle": 0, "axis": "y", "origin": [7.25, 9.5, -1]},
			"faces": {
				"north": {"uv": [12.5, 0, 13, 0.5], "texture": "#11"},
				"east": {"uv": [12.5, 0, 13, 0.5], "texture": "#11"},
				"south": {"uv": [12.5, 0, 13, 0.5], "texture": "#11"},
				"west": {"uv": [12.5, 0, 13, 0.5], "texture": "#11"}
			}
		},
		{
			"from": [0.75, 17.25, 23.75],
			"to": [5.75, 17.5, 26],
			"rotation": {"angle": 0, "axis": "y", "origin": [7.25, 9.5, -1]},
			"faces": {
				"north": {"uv": [10, 0, 13, 2.25], "texture": "#7"},
				"east": {"uv": [10, 0, 12.25, 0.25], "texture": "#8"},
				"south": {"uv": [10, 0, 13, 0.25], "texture": "#8"},
				"west": {"uv": [10, 0, 12.25, 0.25], "texture": "#8"},
				"up": {"uv": [13, 2.25, 10, 0], "texture": "#8"},
				"down": {"uv": [13, 2.25, 10, 0], "texture": "#7"}
			}
		},
		{
			"from": [0.75, 17.5, 23.5],
			"to": [5.75, 20.5, 23.75],
			"rotation": {"angle": 0, "axis": "y", "origin": [7.25, 9.5, -1]},
			"faces": {
				"north": {"uv": [12.5, 0, 15.5, 2.75], "texture": "#7"},
				"east": {"uv": [12.5, 0, 12.75, 2.75], "texture": "#8"},
				"south": {"uv": [12.5, 0, 15.5, 2.75], "texture": "#8"},
				"west": {"uv": [12.5, 0, 12.75, 2.75], "texture": "#8"},
				"up": {"uv": [15.5, 2.75, 12.5, 0], "texture": "#8"},
				"down": {"uv": [15.5, 2.75, 12.5, 0], "texture": "#7"}
			}
		},
		{
			"from": [14.5, 15, 24.5],
			"to": [15, 17.25, 25],
			"rotation": {"angle": 0, "axis": "y", "origin": [8.75, 9.5, -1]},
			"faces": {
				"north": {"uv": [13, 0, 12.5, 0.5], "texture": "#11"},
				"east": {"uv": [13, 0, 12.5, 0.5], "texture": "#11"},
				"south": {"uv": [13, 0, 12.5, 0.5], "texture": "#11"},
				"west": {"uv": [13, 0, 12.5, 0.5], "texture": "#11"}
			}
		},
		{
			"from": [10.5, 15, 24.5],
			"to": [11, 17.25, 25],
			"rotation": {"angle": 0, "axis": "y", "origin": [8.75, 9.5, -1]},
			"faces": {
				"north": {"uv": [13, 0, 12.5, 0.5], "texture": "#11"},
				"east": {"uv": [13, 0, 12.5, 0.5], "texture": "#11"},
				"south": {"uv": [13, 0, 12.5, 0.5], "texture": "#11"},
				"west": {"uv": [13, 0, 12.5, 0.5], "texture": "#11"}
			}
		},
		{
			"from": [10.25, 17.25, 23.75],
			"to": [15.25, 17.5, 26],
			"rotation": {"angle": 0, "axis": "y", "origin": [8.75, 9.5, -1]},
			"faces": {
				"north": {"uv": [13, 0, 10, 2.25], "texture": "#7"},
				"east": {"uv": [12.25, 0, 10, 0.25], "texture": "#8"},
				"south": {"uv": [13, 0, 10, 0.25], "texture": "#8"},
				"west": {"uv": [12.25, 0, 10, 0.25], "texture": "#8"},
				"up": {"uv": [10, 2.25, 13, 0], "texture": "#8"},
				"down": {"uv": [10, 2.25, 13, 0], "texture": "#7"}
			}
		},
		{
			"from": [10.25, 17.5, 23.5],
			"to": [15.25, 20.5, 23.75],
			"rotation": {"angle": 0, "axis": "y", "origin": [8.75, 9.5, -1]},
			"faces": {
				"north": {"uv": [15.5, 0, 12.5, 2.75], "texture": "#7"},
				"east": {"uv": [12.75, 0, 12.5, 2.75], "texture": "#8"},
				"south": {"uv": [15.5, 0, 12.5, 2.75], "texture": "#8"},
				"west": {"uv": [12.75, 0, 12.5, 2.75], "texture": "#8"},
				"up": {"uv": [12.5, 2.75, 15.5, 0], "texture": "#8"},
				"down": {"uv": [12.5, 2.75, 15.5, 0], "texture": "#7"}
			}
		},
		{
			"from": [1, 1.5, -6.1],
			"to": [2, 2, -6],
			"rotation": {"angle": 0, "axis": "y", "origin": [0, 0, 5.25]},
			"faces": {
				"north": {"uv": [0, 4, 16, 12], "texture": "#4"},
				"east": {"uv": [0, 4, 16, 12], "texture": "#4"},
				"south": {"uv": [0, 4, 16, 12], "texture": "#4"},
				"west": {"uv": [0, 4, 16, 12], "texture": "#4"},
				"up": {"uv": [0, 4, 16, 12], "texture": "#4"},
				"down": {"uv": [0, 4, 16, 12], "texture": "#4"}
			}
		},
		{
			"from": [1, 2, -6.1],
			"to": [2, 2.5, -6],
			"rotation": {"angle": 0, "axis": "y", "origin": [0, 0, 5.25]},
			"faces": {
				"north": {"uv": [0, 4, 16, 12], "texture": "#13"},
				"east": {"uv": [0, 4, 16, 12], "texture": "#13"},
				"south": {"uv": [0, 4, 16, 12], "texture": "#13"},
				"west": {"uv": [0, 4, 16, 12], "texture": "#13"},
				"up": {"uv": [0, 4, 16, 12], "texture": "#13"},
				"down": {"uv": [0, 4, 16, 12], "texture": "#13"}
			}
		},
		{
			"from": [2.25, 1.75, -6.1],
			"to": [3.25, 2.75, -6],
			"rotation": {"angle": -45, "axis": "z", "origin": [2.5, 2, -5.875]},
			"faces": {
				"north": {"uv": [0, 0, 16, 16], "texture": "#4"},
				"east": {"uv": [0, 0, 16, 16], "texture": "#4"},
				"south": {"uv": [0, 0, 16, 16], "texture": "#4"},
				"west": {"uv": [0, 0, 16, 16], "texture": "#4"},
				"up": {"uv": [0, 0, 16, 16], "texture": "#4"},
				"down": {"uv": [0, 0, 16, 16], "texture": "#4"}
			}
		},
		{
			"from": [12.75, 1.75, -6.1],
			"to": [13.75, 2.75, -6],
			"rotation": {"angle": 45, "axis": "z", "origin": [13.5, 2, -5.875]},
			"faces": {
				"north": {"uv": [16, 0, 0, 16], "texture": "#4"},
				"east": {"uv": [16, 0, 0, 16], "texture": "#4"},
				"south": {"uv": [16, 0, 0, 16], "texture": "#4"},
				"west": {"uv": [16, 0, 0, 16], "texture": "#4"},
				"up": {"uv": [16, 0, 0, 16], "texture": "#4"},
				"down": {"uv": [16, 0, 0, 16], "texture": "#4"}
			}
		},
		{
			"from": [14, 1.5, -6.1],
			"to": [15, 2, -6],
			"rotation": {"angle": 0, "axis": "y", "origin": [16, 0, 5.25]},
			"faces": {
				"north": {"uv": [16, 4, 0, 12], "texture": "#4"},
				"east": {"uv": [16, 4, 0, 12], "texture": "#4"},
				"south": {"uv": [16, 4, 0, 12], "texture": "#4"},
				"west": {"uv": [16, 4, 0, 12], "texture": "#4"},
				"up": {"uv": [16, 4, 0, 12], "texture": "#4"},
				"down": {"uv": [16, 4, 0, 12], "texture": "#4"}
			}
		},
		{
			"from": [14, 2, -6.1],
			"to": [15, 2.5, -6],
			"rotation": {"angle": 0, "axis": "y", "origin": [16, 0, 5.25]},
			"faces": {
				"north": {"uv": [16, 4, 0, 12], "texture": "#13"},
				"east": {"uv": [16, 4, 0, 12], "texture": "#13"},
				"south": {"uv": [16, 4, 0, 12], "texture": "#13"},
				"west": {"uv": [16, 4, 0, 12], "texture": "#13"},
				"up": {"uv": [16, 4, 0, 12], "texture": "#13"},
				"down": {"uv": [16, 4, 0, 12], "texture": "#13"}
			}
		},
		{
			"from": [1, 5.5, -6],
			"to": [15, 12.5, -5],
			"rotation": {"angle": 0, "axis": "y", "origin": [0, 0, 5]},
			"faces": {
				"north": {"uv": [1, 1, 15, 15], "texture": "#5"},
				"east": {"uv": [1, 1, 15, 15], "texture": "#5"},
				"south": {"uv": [1, 1, 15, 15], "texture": "#5"},
				"west": {"uv": [1, 1, 15, 15], "texture": "#5"},
				"up": {"uv": [1, 1, 15, 15], "texture": "#5"},
				"down": {"uv": [1, 1, 15, 15], "texture": "#5"}
			}
		},
		{
			"from": [1, 19.5, -6],
			"to": [15, 26.5, -5],
			"rotation": {"angle": 0, "axis": "y", "origin": [0, 0, 5]},
			"faces": {
				"north": {"uv": [1, 1, 15, 15], "texture": "#5"},
				"east": {"uv": [1, 1, 15, 15], "texture": "#5"},
				"south": {"uv": [1, 1, 15, 15], "texture": "#5"},
				"west": {"uv": [1, 1, 15, 15], "texture": "#5"},
				"up": {"uv": [1, 1, 15, 15], "texture": "#5"},
				"down": {"uv": [1, 1, 15, 15], "texture": "#5"}
			}
		},
		{
			"from": [0, 19.5, -5],
			"to": [0.5, 26.5, 2],
			"rotation": {"angle": 0, "axis": "y", "origin": [0, 0, 5]},
			"faces": {
				"north": {"uv": [1, 1, 15, 15], "texture": "#5"},
				"east": {"uv": [1, 1, 15, 15], "texture": "#5"},
				"south": {"uv": [1, 1, 15, 15], "texture": "#5"},
				"west": {"uv": [1, 1, 15, 15], "texture": "#5"},
				"up": {"uv": [1, 1, 15, 15], "texture": "#5"},
				"down": {"uv": [1, 1, 15, 15], "texture": "#5"}
			}
		},
		{
			"from": [0, 19.5, 3],
			"to": [0.5, 26.5, 10],
			"rotation": {"angle": 0, "axis": "y", "origin": [0, 0, 5]},
			"faces": {
				"north": {"uv": [1, 1, 15, 15], "texture": "#5"},
				"east": {"uv": [1, 1, 15, 15], "texture": "#5"},
				"south": {"uv": [1, 1, 15, 15], "texture": "#5"},
				"west": {"uv": [1, 1, 15, 15], "texture": "#5"},
				"up": {"uv": [1, 1, 15, 15], "texture": "#5"},
				"down": {"uv": [1, 1, 15, 15], "texture": "#5"}
			}
		},
		{
			"from": [0, 19.5, 11],
			"to": [0.5, 26.5, 18],
			"rotation": {"angle": 0, "axis": "y", "origin": [0, 0, 5]},
			"faces": {
				"north": {"uv": [1, 1, 15, 15], "texture": "#5"},
				"east": {"uv": [1, 1, 15, 15], "texture": "#5"},
				"south": {"uv": [1, 1, 15, 15], "texture": "#5"},
				"west": {"uv": [1, 1, 15, 15], "texture": "#5"},
				"up": {"uv": [1, 1, 15, 15], "texture": "#5"},
				"down": {"uv": [1, 1, 15, 15], "texture": "#5"}
			}
		},
		{
			"from": [0, 5.5, 6],
			"to": [0.5, 10, 14],
			"rotation": {"angle": 0, "axis": "y", "origin": [0, 0, 5]},
			"faces": {
				"north": {"uv": [1, 1, 15, 15], "texture": "#5"},
				"east": {"uv": [1, 1, 15, 15], "texture": "#5"},
				"south": {"uv": [1, 1, 15, 15], "texture": "#5"},
				"west": {"uv": [1, 1, 15, 15], "texture": "#5"},
				"up": {"uv": [1, 1, 15, 15], "texture": "#5"},
				"down": {"uv": [1, 1, 15, 15], "texture": "#5"}
			}
		},
		{
			"from": [0, 5.5, 15],
			"to": [0.5, 12.5, 19],
			"rotation": {"angle": 0, "axis": "y", "origin": [0, 0, 5]},
			"faces": {
				"north": {"uv": [1, 1, 15, 15], "texture": "#5"},
				"east": {"uv": [1, 1, 15, 15], "texture": "#5"},
				"south": {"uv": [1, 1, 15, 15], "texture": "#5"},
				"west": {"uv": [1, 1, 15, 15], "texture": "#5"},
				"up": {"uv": [1, 1, 15, 15], "texture": "#5"},
				"down": {"uv": [1, 1, 15, 15], "texture": "#5"}
			}
		},
		{
			"from": [0, 19.5, 19],
			"to": [0.5, 26.5, 26],
			"rotation": {"angle": 0, "axis": "y", "origin": [0, 0, 5]},
			"faces": {
				"north": {"uv": [1, 1, 15, 15], "texture": "#5"},
				"east": {"uv": [1, 1, 15, 15], "texture": "#5"},
				"south": {"uv": [1, 1, 15, 15], "texture": "#5"},
				"west": {"uv": [1, 1, 15, 15], "texture": "#5"},
				"up": {"uv": [1, 1, 15, 15], "texture": "#5"},
				"down": {"uv": [1, 1, 15, 15], "texture": "#5"}
			}
		},
		{
			"from": [15.5, 19.5, 11],
			"to": [16, 26.5, 18],
			"rotation": {"angle": 0, "axis": "y", "origin": [0, 0, 5]},
			"faces": {
				"north": {"uv": [1, 1, 15, 15], "texture": "#5"},
				"east": {"uv": [1, 1, 15, 15], "texture": "#5"},
				"south": {"uv": [1, 1, 15, 15], "texture": "#5"},
				"west": {"uv": [1, 1, 15, 15], "texture": "#5"},
				"up": {"uv": [1, 1, 15, 15], "texture": "#5"},
				"down": {"uv": [1, 1, 15, 15], "texture": "#5"}
			}
		},
		{
			"from": [15.5, 19.5, 19],
			"to": [16, 26.5, 26],
			"rotation": {"angle": 0, "axis": "y", "origin": [0, 0, 5]},
			"faces": {
				"north": {"uv": [1, 1, 15, 15], "texture": "#5"},
				"east": {"uv": [1, 1, 15, 15], "texture": "#5"},
				"south": {"uv": [1, 1, 15, 15], "texture": "#5"},
				"west": {"uv": [1, 1, 15, 15], "texture": "#5"},
				"up": {"uv": [1, 1, 15, 15], "texture": "#5"},
				"down": {"uv": [1, 1, 15, 15], "texture": "#5"}
			}
		},
		{
			"from": [15.5, 5.5, 19],
			"to": [16, 12.5, 26],
			"rotation": {"angle": 0, "axis": "y", "origin": [0, 0, 5]},
			"faces": {
				"north": {"uv": [1, 1, 15, 15], "texture": "#5"},
				"east": {"uv": [1, 1, 15, 15], "texture": "#5"},
				"south": {"uv": [1, 1, 15, 15], "texture": "#5"},
				"west": {"uv": [1, 1, 15, 15], "texture": "#5"},
				"up": {"uv": [1, 1, 15, 15], "texture": "#5"},
				"down": {"uv": [1, 1, 15, 15], "texture": "#5"}
			}
		},
		{
			"from": [15.5, 19.5, 3],
			"to": [16, 26.5, 10],
			"rotation": {"angle": 0, "axis": "y", "origin": [0, 0, 5]},
			"faces": {
				"north": {"uv": [1, 1, 15, 15], "texture": "#5"},
				"east": {"uv": [1, 1, 15, 15], "texture": "#5"},
				"south": {"uv": [1, 1, 15, 15], "texture": "#5"},
				"west": {"uv": [1, 1, 15, 15], "texture": "#5"},
				"up": {"uv": [1, 1, 15, 15], "texture": "#5"},
				"down": {"uv": [1, 1, 15, 15], "texture": "#5"}
			}
		},
		{
			"from": [15.5, 19.5, -5],
			"to": [16, 26.5, 2],
			"rotation": {"angle": 0, "axis": "y", "origin": [0, 0, 5]},
			"faces": {
				"north": {"uv": [1, 1, 15, 15], "texture": "#5"},
				"east": {"uv": [1, 1, 15, 15], "texture": "#5"},
				"south": {"uv": [1, 1, 15, 15], "texture": "#5"},
				"west": {"uv": [1, 1, 15, 15], "texture": "#5"},
				"up": {"uv": [1, 1, 15, 15], "texture": "#5"},
				"down": {"uv": [1, 1, 15, 15], "texture": "#5"}
			}
		},
		{
			"from": [15.5, 5.5, -5],
			"to": [16, 12.5, -1.5],
			"rotation": {"angle": 0, "axis": "y", "origin": [0, 0, 5]},
			"faces": {
				"north": {"uv": [0, 0, 16, 16], "texture": "#5"},
				"east": {"uv": [0, 0, 16, 16], "texture": "#5"},
				"south": {"uv": [0, 0, 16, 16], "texture": "#5"},
				"west": {"uv": [0, 0, 16, 16], "texture": "#5"},
				"up": {"uv": [0, 0, 16, 16], "texture": "#5"},
				"down": {"uv": [0, 0, 16, 16], "texture": "#5"}
			}
		},
		{
			"from": [15.5, 5.5, -3.5],
			"to": [16, 12.5, 0],
			"rotation": {"angle": 0, "axis": "y", "origin": [0, 0, 5]},
			"faces": {
				"north": {"uv": [0, 0, 16, 16], "texture": "#5"},
				"east": {"uv": [0, 0, 16, 16], "texture": "#5"},
				"south": {"uv": [0, 0, 16, 16], "texture": "#5"},
				"west": {"uv": [0, 0, 16, 16], "texture": "#5"},
				"up": {"uv": [0, 0, 16, 16], "texture": "#5"},
				"down": {"uv": [0, 0, 16, 16], "texture": "#5"}
			}
		},
		{
			"from": [1, 15, 10],
			"to": [1.5, 17.25, 10.5],
			"rotation": {"angle": 0, "axis": "y", "origin": [7.25, 9.5, 17]},
			"faces": {
				"north": {"uv": [13, 0, 12.5, 0.5], "texture": "#11"},
				"east": {"uv": [13, 0, 12.5, 0.5], "texture": "#11"},
				"south": {"uv": [13, 0, 12.5, 0.5], "texture": "#11"},
				"west": {"uv": [13, 0, 12.5, 0.5], "texture": "#11"}
			}
		},
		{
			"from": [5, 15, 10],
			"to": [5.5, 17.25, 10.5],
			"rotation": {"angle": 0, "axis": "y", "origin": [7.25, 9.5, 17]},
			"faces": {
				"north": {"uv": [13, 0, 12.5, 0.5], "texture": "#11"},
				"east": {"uv": [13, 0, 12.5, 0.5], "texture": "#11"},
				"south": {"uv": [13, 0, 12.5, 0.5], "texture": "#11"},
				"west": {"uv": [13, 0, 12.5, 0.5], "texture": "#11"}
			}
		},
		{
			"from": [0.75, 17.25, 9],
			"to": [5.75, 17.5, 11.25],
			"rotation": {"angle": 0, "axis": "y", "origin": [7.25, 9.5, 17]},
			"faces": {
				"north": {"uv": [13, 0, 12.5, 0.5], "texture": "#11"},
				"east": {"uv": [12.25, 0, 10, 0.25], "texture": "#8"},
				"south": {"uv": [13, 0, 10, 2.25], "texture": "#7"},
				"west": {"uv": [12.25, 0, 10, 0.25], "texture": "#8"},
				"up": {"uv": [13, 0, 10, 2.25], "texture": "#8"},
				"down": {"uv": [13, 0, 10, 2.25], "texture": "#7"}
			}
		},
		{
			"from": [0.75, 17.5, 11.25],
			"to": [5.75, 20.5, 11.5],
			"rotation": {"angle": 0, "axis": "y", "origin": [7.25, 9.5, 17]},
			"faces": {
				"north": {"uv": [15.5, 0, 12.5, 2.75], "texture": "#8"},
				"east": {"uv": [12.75, 0, 12.5, 2.75], "texture": "#8"},
				"south": {"uv": [15.5, 0, 12.5, 2.75], "texture": "#7"},
				"west": {"uv": [12.75, 0, 12.5, 2.75], "texture": "#8"},
				"up": {"uv": [15.5, 0, 12.5, 2.75], "texture": "#8"},
				"down": {"uv": [15.5, 0, 12.5, 2.75], "texture": "#7"}
			}
		},
		{
			"from": [10, 1, 3],
			"to": [10.5, 3.25, 3.5],
			"rotation": {"angle": 0, "axis": "y", "origin": [7.25, 9.5, 17]},
			"faces": {
				"north": {"uv": [13, 0, 12.5, 0.5], "texture": "#11"},
				"east": {"uv": [13, 0, 12.5, 0.5], "texture": "#11"},
				"south": {"uv": [13, 0, 12.5, 0.5], "texture": "#11"},
				"west": {"uv": [13, 0, 12.5, 0.5], "texture": "#11"}
			}
		},
		{
			"from": [14, 1, 3],
			"to": [14.5, 3.25, 3.5],
			"rotation": {"angle": 0, "axis": "y", "origin": [7.25, 9.5, 17]},
			"faces": {
				"north": {"uv": [13, 0, 12.5, 0.5], "texture": "#11"},
				"east": {"uv": [13, 0, 12.5, 0.5], "texture": "#11"},
				"south": {"uv": [13, 0, 12.5, 0.5], "texture": "#11"},
				"west": {"uv": [13, 0, 12.5, 0.5], "texture": "#11"}
			}
		},
		{
			"from": [9.75, 3.25, 1],
			"to": [14.75, 4.25, 4.25],
			"rotation": {"angle": 0, "axis": "y", "origin": [7.25, 9.5, 17]},
			"faces": {
				"north": {"uv": [13, 0, 10, 0.25], "texture": "#8"},
				"east": {"uv": [12.25, 0, 10, 0.25], "texture": "#8"},
				"south": {"uv": [13, 0, 10, 2.25], "texture": "#7"},
				"west": {"uv": [12.25, 0, 10, 0.25], "texture": "#8"},
				"up": {"uv": [13, 0, 10, 2.25], "texture": "#8"},
				"down": {"uv": [13, 0, 10, 2.25], "texture": "#7"}
			}
		},
		{
			"from": [9.75, 3.5, 4.25],
			"to": [14.75, 8.5, 4.5],
			"rotation": {"angle": 0, "axis": "y", "origin": [7.25, 9.5, 17]},
			"faces": {
				"north": {"uv": [15.5, 0, 12.5, 2.75], "texture": "#8"},
				"east": {"uv": [12.75, 0, 12.5, 2.75], "texture": "#8"},
				"south": {"uv": [15.5, 0, 12.5, 2.75], "texture": "#7"},
				"west": {"uv": [12.75, 0, 12.5, 2.75], "texture": "#8"},
				"up": {"uv": [15.5, 0, 12.5, 2.75], "texture": "#8"},
				"down": {"uv": [15.5, 0, 12.5, 2.75], "texture": "#7"}
			}
		}
	],
	"display": {
		"head": {
			"translation": [0, -32, 0],
			"scale": [4, 4, 4]
		}
	},
	"groups": [
		0,
		1,
		2,
		3,
		4,
		5,
		6,
		7,
		8,
		9,
		10,
		11,
		12,
		13,
		14,
		15,
		16,
		17,
		18,
		19,
		20,
		21,
		22,
		23,
		24,
		25,
		26,
		27,
		28,
		29,
		30,
		31,
		32,
		33,
		34,
		35,
		36,
		37,
		38,
		39,
		40,
		41,
		42,
		43,
		44,
		45,
		46,
		47,
		48,
		49,
		50,
		51,
		52,
		53,
		54,
		55,
		56,
		57,
		58,
		59,
		60,
		61,
		62,
		63,
		64,
		65,
		66,
		{
			"name": "wheel",
			"origin": [8, 8, 8],
			"color": 0,
			"children": [67, 68, 69, 70, 71, 72, 73, 74, 75, 76, 77, 78, 79, 80, 81, 82]
		},
		83,
		84,
		85,
		86,
		87,
		88,
		{
			"name": "largeSeat",
			"origin": [7.25, 9.5, 12],
			"color": 0,
			"children": [89, 90, 91, 92]
		},
		{
			"name": "largeSeat",
			"origin": [7.25, 9.5, 12],
			"color": 0,
			"children": [93, 94, 95, 96]
		},
		{
			"name": "largeSeat",
			"origin": [7.25, 9.5, 12],
			"color": 0,
			"children": [97, 98, 99, 100]
		},
		{
			"name": "largeSeat",
			"origin": [7.25, 9.5, 12],
			"color": 0,
			"children": [101, 102, 103, 104]
		},
		{
			"name": "largeSeat",
			"origin": [7.25, 9.5, 12],
			"color": 0,
			"children": [105, 106, 107, 108]
		},
		{
			"name": "largeSeat",
			"origin": [7.25, 9.5, 12],
			"color": 0,
			"children": [109, 110, 111, 112]
		},
		{
			"name": "largeSeat",
			"origin": [7.25, 9.5, 12],
			"color": 0,
			"children": [113, 114, 115, 116]
		},
		{
			"name": "largeSeat",
			"origin": [7.25, 9.5, 12],
			"color": 0,
			"children": [117, 118, 119, 120]
		},
		121,
		122,
		123,
		124,
		125,
		126,
		{
			"name": "glass",
			"origin": [0, 0, 5],
			"color": 0,
			"children": [127, 128, 129, 130, 131, 132, 133, 134, 135, 136, 137, 138, 139, 140, 141]
		},
		{
			"name": "largeSeat",
			"origin": [7.25, 9.5, 17],
			"color": 0,
			"children": [142, 143, 144, 145]
		},
		{
			"name": "largeSeat",
			"origin": [7.25, 9.5, 12],
			"color": 0,
			"children": [146, 147, 148, 149]
		}
	]
}