{
	"credit": "Made with Blockbench",
	"textures": {
		"0": "block/lime_concrete",
		"1": "block/quartz_block_bottom",
		"2": "block/glass",
		"3": "block/black_concrete",
		"4": "block/white_concrete",
		"5": "block/light_gray_concrete",
		"particle": "block/lime_concrete"
	},
	"elements": [
		{
			"from": [16, 5, -16],
			"to": [16.5, 11.25, -8.5],
			"faces": {
				"north": {"uv": [0, 0, 1, 6.75], "texture": "#3"},
				"east": {"uv": [0, 0, 5.25, 6.75], "texture": "#4"},
				"south": {"uv": [0, 0, 1, 6.75], "texture": "#4"},
				"west": {"uv": [0, 0, 10.786, 12.094], "texture": "#1"},
				"up": {"uv": [0, 0, 1, 5.25], "texture": "#missing"},
				"down": {"uv": [0, 0, 1, 5.25], "texture": "#5"}
			}
		},
		{
			"from": [16, 11.25, -16],
			"to": [16.5, 18.75, -15.25],
			"faces": {
				"north": {"uv": [0, 0, 1, 6.75], "texture": "#3"},
				"east": {"uv": [0, 0, 5.25, 6.75], "texture": "#0"},
				"south": {"uv": [0, 0, 1, 6.75], "texture": "#3"},
				"west": {"uv": [0, 0, 10.786, 12.094], "texture": "#1"},
				"up": {"uv": [0, 0, 1, 5.25], "texture": "#0"},
				"down": {"uv": [0, 0, 1, 5.25], "texture": "#missing"}
			}
		},
		{
			"from": [16, 11.25, -15.25],
			"to": [16.5, 12, -10],
			"faces": {
				"north": {"uv": [0, 0, 1, 6.75], "texture": "#missing"},
				"east": {"uv": [0, 0, 5.25, 6.75], "texture": "#0"},
				"south": {"uv": [0, 0, 1, 6.75], "texture": "#missing"},
				"west": {"uv": [0, 0, 10.786, 12.094], "texture": "#1"},
				"up": {"uv": [0, 0, 1, 5.25], "texture": "#3"},
				"down": {"uv": [0, 0, 1, 5.25], "texture": "#missing"}
			}
		},
		{
			"from": [16.25, 12, -15.25],
			"to": [16.25, 17.25, -10],
			"faces": {
				"north": {"uv": [0, 0, 16, 16], "texture": "#missing"},
				"east": {"uv": [0, 0, 16, 16], "texture": "#2"},
				"south": {"uv": [0, 0, 16, 16], "texture": "#missing"},
				"west": {"uv": [0, 0, 16, 16], "texture": "#2"},
				"up": {"uv": [0, 0, 16, 16], "texture": "#missing"},
				"down": {"uv": [0, 0, 16, 16], "texture": "#missing"}
			}
		},
		{
			"from": [16, 11.25, -10],
			"to": [16.5, 18.75, -8.5],
			"faces": {
				"north": {"uv": [0, 0, 1, 6.75], "texture": "#3"},
				"east": {"uv": [0, 0, 5.25, 6.75], "texture": "#0"},
				"south": {"uv": [0, 0, 1, 6.75], "texture": "#0"},
				"west": {"uv": [0, 0, 10.786, 12.094], "texture": "#1"},
				"up": {"uv": [0, 0, 1, 5.25], "texture": "#0"},
				"down": {"uv": [0, 0, 1, 5.25], "texture": "#missing"}
			}
		},
		{
			"from": [16, 17.25, -15.25],
			"to": [16.5, 18.75, -10],
			"faces": {
				"north": {"uv": [0, 0, 1, 6.75], "texture": "#missing"},
				"east": {"uv": [0, 0, 5.25, 6.75], "texture": "#0"},
				"south": {"uv": [0, 0, 1, 6.75], "texture": "#missing"},
				"west": {"uv": [0, 0, 10.786, 12.094], "texture": "#1"},
				"up": {"uv": [0, 0, 1, 5.25], "texture": "#0"},
				"down": {"uv": [0, 0, 1, 5.25], "texture": "#3"}
			}
		}
	],
	"display": {
		"head": {
			"scale": [4, 4, 4]
		}
	}
}