{"textures": {"rail": "block/rail_corner", "particle": "block/rail_corner"}, "elements": [{"__comment": "Left rail part 1 outer", "from": [2, 1, 12], "to": [3, 1.75, 16], "faces": {"down": {"uv": [2, 12, 3, 16], "texture": "#rail", "rotation": 180}, "up": {"uv": [2, 12, 3, 16], "texture": "#rail"}, "north": {"uv": [2, 12, 3, 13], "texture": "#rail", "rotation": 180}, "south": {"uv": [2, 15, 3, 16], "texture": "#rail"}, "west": {"uv": [2, 12, 3, 16], "texture": "#rail", "rotation": 270}}}, {"__comment": "Left rail part 1 inner", "from": [3, 1, 12], "to": [4, 2.5, 16], "faces": {"down": {"uv": [3, 12, 4, 16], "texture": "#rail", "rotation": 180}, "up": {"uv": [3, 12, 4, 16], "texture": "#rail"}, "north": {"uv": [3, 12, 4, 13], "texture": "#rail", "rotation": 180}, "south": {"uv": [3, 15, 4, 16], "texture": "#rail"}, "west": {"uv": [3, 12, 4, 16], "texture": "#rail", "rotation": 270}, "east": {"uv": [3, 12, 4, 16], "texture": "#rail", "rotation": 90}}}, {"__comment": "Left rail part 2 outer", "from": [3, 1, 10], "to": [4, 1.75, 12], "faces": {"down": {"uv": [3, 10, 4, 12], "texture": "#rail", "rotation": 180}, "up": {"uv": [3, 10, 4, 12], "texture": "#rail"}, "north": {"uv": [3, 10, 4, 11], "texture": "#rail", "rotation": 180}, "west": {"uv": [3, 10, 4, 12], "texture": "#rail", "rotation": 270}}}, {"__comment": "Left rail part 2 inner", "from": [4, 1, 10], "to": [5, 2.5, 12], "faces": {"down": {"uv": [4, 10, 5, 12], "texture": "#rail", "rotation": 180}, "up": {"uv": [4, 10, 5, 12], "texture": "#rail"}, "north": {"uv": [4, 10, 5, 11], "texture": "#rail", "rotation": 180}, "south": {"uv": [4, 11, 5, 12], "texture": "#rail"}, "west": {"uv": [4, 10, 5, 12], "texture": "#rail", "rotation": 270}, "east": {"uv": [4, 10, 5, 12], "texture": "#rail", "rotation": 90}}}, {"__comment": "Left rail part 3 outer", "from": [4, 1, 8], "to": [5, 1.75, 10], "faces": {"down": {"uv": [4, 8, 5, 10], "texture": "#rail", "rotation": 180}, "up": {"uv": [4, 8, 5, 10], "texture": "#rail"}, "north": {"uv": [4, 8, 5, 9], "texture": "#rail", "rotation": 180}, "west": {"uv": [4, 8, 5, 10], "texture": "#rail", "rotation": 270}}}, {"__comment": "Left rail part 3 inner", "from": [5, 1, 8], "to": [6, 2.5, 10], "faces": {"down": {"uv": [5, 8, 6, 10], "texture": "#rail", "rotation": 180}, "up": {"uv": [5, 8, 6, 10], "texture": "#rail"}, "north": {"uv": [5, 8, 6, 9], "texture": "#rail", "rotation": 180}, "south": {"uv": [5, 9, 6, 10], "texture": "#rail"}, "west": {"uv": [5, 8, 6, 10], "texture": "#rail", "rotation": 270}, "east": {"uv": [5, 8, 6, 10], "texture": "#rail", "rotation": 90}}}, {"__comment": "Left rail part 4 outer", "from": [5, 1, 7], "to": [6, 1.75, 8], "faces": {"down": {"uv": [5, 7, 6, 8], "texture": "#rail", "rotation": 180}, "up": {"uv": [5, 7, 6, 8], "texture": "#rail"}, "north": {"uv": [5, 7, 6, 8], "texture": "#rail", "rotation": 180}, "west": {"uv": [5, 7, 6, 8], "texture": "#rail", "rotation": 270}}}, {"__comment": "Left rail part 4 inner", "from": [6, 1, 7], "to": [7, 2.5, 8], "faces": {"down": {"uv": [6, 7, 7, 8], "texture": "#rail", "rotation": 180}, "up": {"uv": [6, 7, 7, 8], "texture": "#rail"}, "north": {"uv": [6, 7, 7, 8], "texture": "#rail", "rotation": 180}, "south": {"uv": [6, 7, 7, 8], "texture": "#rail"}, "west": {"uv": [6, 7, 7, 8], "texture": "#rail", "rotation": 270}, "east": {"uv": [6, 7, 7, 8], "texture": "#rail", "rotation": 90}}}, {"__comment": "Left rail part 4-5 outer", "from": [6, 1, 6], "to": [7, 1.75, 7], "faces": {"down": {"uv": [6, 6, 7, 7], "texture": "#rail", "rotation": 180}, "up": {"uv": [6, 6, 7, 7], "texture": "#rail"}, "north": {"uv": [6, 6, 7, 7], "texture": "#rail", "rotation": 180}, "west": {"uv": [6, 6, 7, 7], "texture": "#rail", "rotation": 270}}}, {"__comment": "Left rail part 5 outer", "from": [7, 1, 5], "to": [8, 1.75, 6], "faces": {"down": {"uv": [7, 5, 8, 6], "texture": "#rail", "rotation": 180}, "up": {"uv": [7, 5, 8, 6], "texture": "#rail"}, "north": {"uv": [7, 5, 8, 6], "texture": "#rail", "rotation": 180}, "west": {"uv": [7, 5, 8, 6], "texture": "#rail", "rotation": 90}}}, {"__comment": "Left rail part 5 inner", "from": [7, 1, 6], "to": [8, 2.5, 7], "faces": {"down": {"uv": [7, 6, 8, 7], "texture": "#rail", "rotation": 180}, "up": {"uv": [7, 6, 8, 7], "texture": "#rail"}, "north": {"uv": [7, 6, 8, 7], "texture": "#rail", "rotation": 180}, "south": {"uv": [7, 6, 8, 7], "texture": "#rail"}, "west": {"uv": [7, 6, 8, 7], "texture": "#rail", "rotation": 270}, "east": {"uv": [7, 6, 8, 7], "texture": "#rail", "rotation": 90}}}, {"__comment": "Left rail part 6 outer", "from": [8, 1, 4], "to": [10, 1.75, 5], "faces": {"down": {"uv": [8, 4, 10, 5], "texture": "#rail", "rotation": 180}, "up": {"uv": [8, 4, 10, 5], "texture": "#rail"}, "north": {"uv": [8, 4, 10, 5], "texture": "#rail", "rotation": 180}, "west": {"uv": [8, 4, 9, 5], "texture": "#rail", "rotation": 270}}}, {"__comment": "Left rail part 6 inner", "from": [8, 1, 5], "to": [10, 2.5, 6], "faces": {"down": {"uv": [8, 5, 10, 6], "texture": "#rail", "rotation": 180}, "up": {"uv": [8, 5, 10, 6], "texture": "#rail"}, "north": {"uv": [8, 5, 10, 6], "texture": "#rail", "rotation": 180}, "south": {"uv": [8, 5, 10, 6], "texture": "#rail"}, "west": {"uv": [8, 5, 9, 6], "texture": "#rail", "rotation": 270}, "east": {"uv": [9, 5, 10, 6], "texture": "#rail", "rotation": 90}}}, {"__comment": "Left rail part 7 outer", "from": [10, 1, 3], "to": [12, 1.75, 4], "faces": {"down": {"uv": [10, 3, 12, 4], "texture": "#rail", "rotation": 180}, "up": {"uv": [10, 3, 12, 4], "texture": "#rail"}, "north": {"uv": [10, 3, 12, 4], "texture": "#rail", "rotation": 180}, "west": {"uv": [10, 3, 11, 4], "texture": "#rail", "rotation": 270}}}, {"__comment": "Left rail part 7 inner", "from": [10, 1, 4], "to": [12, 2.5, 5], "faces": {"down": {"uv": [10, 4, 12, 5], "texture": "#rail", "rotation": 180}, "up": {"uv": [10, 4, 12, 5], "texture": "#rail"}, "north": {"uv": [10, 4, 12, 5], "texture": "#rail", "rotation": 180}, "south": {"uv": [10, 4, 12, 5], "texture": "#rail"}, "west": {"uv": [10, 4, 11, 5], "texture": "#rail", "rotation": 270}, "east": {"uv": [11, 4, 12, 5], "texture": "#rail", "rotation": 90}}}, {"__comment": "Left rail part 8 outer", "from": [12, 1, 2], "to": [16, 1.75, 3], "faces": {"down": {"uv": [12, 2, 16, 3], "texture": "#rail", "rotation": 180}, "up": {"uv": [12, 2, 16, 3], "texture": "#rail"}, "north": {"uv": [12, 2, 16, 3], "texture": "#rail", "rotation": 180}, "west": {"uv": [12, 2, 13, 3], "texture": "#rail", "rotation": 270}, "east": {"uv": [15, 2, 16, 3], "texture": "#rail", "rotation": 90}}}, {"__comment": "Left rail part 8 inner", "from": [12, 1, 3], "to": [16, 2.5, 4], "faces": {"down": {"uv": [12, 3, 16, 4], "texture": "#rail", "rotation": 180}, "up": {"uv": [12, 3, 16, 4], "texture": "#rail"}, "north": {"uv": [12, 3, 16, 4], "texture": "#rail", "rotation": 180}, "south": {"uv": [12, 3, 16, 4], "texture": "#rail"}, "west": {"uv": [12, 3, 13, 4], "texture": "#rail", "rotation": 270}, "east": {"uv": [15, 3, 16, 4], "texture": "#rail", "rotation": 90}}}, {"__comment": "Right rail part 1 outer", "from": [13, 1, 14], "to": [14.02, 1.75, 16], "faces": {"down": {"uv": [13, 15, 14, 16], "texture": "#rail", "rotation": 180}, "up": {"uv": [13, 15, 14, 16], "texture": "#rail"}, "south": {"uv": [13, 15, 14, 16], "texture": "#rail"}, "east": {"uv": [13, 15, 14, 16], "texture": "#rail", "rotation": 90}}}, {"__comment": "Right rail part 1 inner", "from": [12, 1, 14], "to": [13, 2.5, 16], "faces": {"down": {"uv": [12, 15, 13, 16], "texture": "#rail", "rotation": 180}, "up": {"uv": [12, 15, 13, 16], "texture": "#rail"}, "north": {"uv": [12, 15, 13, 16], "texture": "#rail", "rotation": 180}, "south": {"uv": [12, 15, 13, 16], "texture": "#rail"}, "west": {"uv": [12, 15, 13, 16], "texture": "#rail", "rotation": 270}, "east": {"uv": [12, 15, 13, 16], "texture": "#rail", "rotation": 90}}}, {"__comment": "Right rail part 1-2 inner", "from": [13, 1, 13], "to": [14, 2.5, 14], "faces": {"down": {"uv": [13, 13, 14, 14], "texture": "#rail", "rotation": 180}, "up": {"uv": [13, 13, 14, 14], "texture": "#rail"}, "north": {"uv": [13, 13, 14, 14], "texture": "#rail", "rotation": 180}, "south": {"uv": [13, 13, 14, 14], "texture": "#rail"}, "west": {"uv": [13, 13, 14, 14], "texture": "#rail", "rotation": 270}, "east": {"uv": [13, 13, 14, 14], "texture": "#rail", "rotation": 90}}}, {"__comment": "Right rail part 2 outer", "from": [14, 1, 13], "to": [16, 1.75, 14.02], "faces": {"down": {"uv": [14, 13, 16, 14], "texture": "#rail", "rotation": 180}, "up": {"uv": [14, 13, 16, 14], "texture": "#rail"}, "south": {"uv": [14, 13, 16, 14], "texture": "#rail"}, "east": {"uv": [15, 13, 16, 14], "texture": "#rail", "rotation": 90}}}, {"__comment": "Right rail part 2 inner", "from": [14, 1, 12], "to": [16, 2.5, 13], "faces": {"down": {"uv": [14, 12, 16, 13], "texture": "#rail", "rotation": 180}, "up": {"uv": [14, 12, 16, 13], "texture": "#rail"}, "north": {"uv": [14, 12, 16, 13], "texture": "#rail", "rotation": 180}, "south": {"uv": [14, 12, 16, 13], "texture": "#rail"}, "west": {"uv": [14, 12, 15, 13], "texture": "#rail", "rotation": 270}, "east": {"uv": [15, 12, 16, 13], "texture": "#rail", "rotation": 90}}}, {"__comment": "First tie part 1", "from": [1, 0, 11], "to": [4, 1, 13], "faces": {"down": {"uv": [7, 12, 4, 14], "texture": "#rail", "rotation": 180}, "up": {"uv": [4, 12, 7, 14], "texture": "#rail"}, "north": {"uv": [4, 12, 7, 13], "texture": "#rail", "rotation": 180}, "south": {"uv": [4, 13, 7, 14], "texture": "#rail"}, "west": {"uv": [4, 12, 5, 14], "texture": "#rail", "rotation": 270}, "east": {"uv": [6, 12, 7, 14], "texture": "#rail", "rotation": 90}}}, {"__comment": "First tie part 2", "from": [4, 0, 12], "to": [7, 1, 14], "faces": {"down": {"uv": [7, 12, 4, 14], "texture": "#rail", "rotation": 180}, "up": {"uv": [4, 12, 7, 14], "texture": "#rail"}, "north": {"uv": [4, 12, 7, 13], "texture": "#rail", "rotation": 180}, "south": {"uv": [4, 13, 7, 14], "texture": "#rail"}, "west": {"uv": [4, 12, 5, 14], "texture": "#rail", "rotation": 270}, "east": {"uv": [6, 12, 7, 14], "texture": "#rail", "rotation": 90}}}, {"__comment": "First tie part 3", "from": [7, 0, 13], "to": [10, 1, 15], "faces": {"down": {"uv": [10, 13, 7, 15], "texture": "#rail", "rotation": 180}, "up": {"uv": [7, 13, 10, 15], "texture": "#rail"}, "north": {"uv": [7, 13, 10, 14], "texture": "#rail", "rotation": 180}, "south": {"uv": [7, 14, 10, 15], "texture": "#rail"}, "west": {"uv": [7, 13, 8, 15], "texture": "#rail", "rotation": 270}, "east": {"uv": [9, 13, 10, 15], "texture": "#rail", "rotation": 90}}}, {"__comment": "First tie part 4", "from": [10, 0, 14], "to": [12, 1, 16], "faces": {"down": {"uv": [12, 14, 10, 16], "texture": "#rail", "rotation": 180}, "up": {"uv": [10, 14, 12, 16], "texture": "#rail"}, "north": {"uv": [10, 14, 12, 15], "texture": "#rail", "rotation": 180}, "south": {"uv": [10, 15, 12, 16], "texture": "#rail"}, "west": {"uv": [10, 14, 11, 16], "texture": "#rail", "rotation": 270}, "east": {"uv": [11, 14, 12, 16], "texture": "#rail", "rotation": 90}}}, {"__comment": "First tie part 5", "from": [12, 0, 14], "to": [15, 1, 16], "faces": {"down": {"uv": [15, 14, 12, 16], "texture": "#rail", "rotation": 180}, "up": {"uv": [12, 14, 15, 16], "texture": "#rail"}, "north": {"uv": [12, 14, 15, 15], "texture": "#rail", "rotation": 180}, "south": {"uv": [12, 15, 15, 16], "texture": "#rail"}, "west": {"uv": [12, 14, 13, 16], "texture": "#rail", "rotation": 270}, "east": {"uv": [14, 14, 15, 16], "texture": "#rail", "rotation": 90}}}, {"__comment": "First tie part 6", "from": [15, 0, 14], "to": [16, 1, 15], "faces": {"down": {"uv": [16, 14, 15, 15], "texture": "#rail", "rotation": 180}, "up": {"uv": [15, 14, 16, 15], "texture": "#rail"}, "north": {"uv": [15, 14, 16, 15], "texture": "#rail", "rotation": 180}, "south": {"uv": [15, 14, 16, 15], "texture": "#rail"}, "west": {"uv": [15, 14, 16, 15], "texture": "#rail", "rotation": 270}, "east": {"uv": [15, 14, 16, 15], "texture": "#rail", "rotation": 90}}}, {"__comment": "First tie part 7", "from": [14, 0, 12], "to": [16, 1, 14], "faces": {"down": {"uv": [16, 12, 14, 14], "texture": "#rail", "rotation": 180}, "up": {"uv": [14, 12, 16, 14], "texture": "#rail"}, "north": {"uv": [14, 12, 16, 13], "texture": "#rail", "rotation": 180}, "south": {"uv": [14, 13, 16, 14], "texture": "#rail"}, "west": {"uv": [14, 12, 15, 14], "texture": "#rail", "rotation": 270}, "east": {"uv": [15, 12, 16, 14], "texture": "#rail", "rotation": 90}}}, {"__comment": "First tie part 8", "from": [12, 0, 13], "to": [14, 1, 14], "faces": {"down": {"uv": [14, 13, 12, 14], "texture": "#rail", "rotation": 180}, "up": {"uv": [12, 13, 14, 14], "texture": "#rail"}, "north": {"uv": [12, 13, 14, 14], "texture": "#rail", "rotation": 180}, "south": {"uv": [12, 13, 14, 14], "texture": "#rail"}, "west": {"uv": [12, 13, 13, 14], "texture": "#rail", "rotation": 270}, "east": {"uv": [13, 13, 14, 14], "texture": "#rail", "rotation": 90}}}, {"__comment": "Second tie part 1", "from": [6, 0, 5], "to": [7, 1, 6], "faces": {"down": {"uv": [7, 5, 6, 6], "texture": "#rail", "rotation": 180}, "up": {"uv": [6, 5, 7, 6], "texture": "#rail"}, "north": {"uv": [6, 5, 7, 6], "texture": "#rail", "rotation": 180}, "south": {"uv": [6, 5, 7, 6], "texture": "#rail"}, "west": {"uv": [6, 5, 7, 6], "texture": "#rail", "rotation": 270}, "east": {"uv": [6, 5, 7, 6], "texture": "#rail", "rotation": 90}}}, {"__comment": "Second tie part 2", "from": [6, 0, 6], "to": [8, 1, 7], "faces": {"down": {"uv": [6, 13, 4, 14], "texture": "#rail", "rotation": 180}, "up": {"uv": [4, 13, 6, 14], "texture": "#rail"}, "north": {"uv": [4, 13, 6, 14], "texture": "#rail", "rotation": 180}, "south": {"uv": [4, 13, 6, 14], "texture": "#rail"}, "west": {"uv": [4, 13, 5, 14], "texture": "#rail", "rotation": 270}, "east": {"uv": [5, 13, 6, 14], "texture": "#rail", "rotation": 90}}}, {"__comment": "Second tie part 3", "from": [6, 0, 7], "to": [9, 1, 8], "faces": {"down": {"uv": [10, 8, 7, 9], "texture": "#rail", "rotation": 180}, "up": {"uv": [7, 8, 10, 9], "texture": "#rail"}, "north": {"uv": [7, 8, 10, 9], "texture": "#rail", "rotation": 180}, "south": {"uv": [7, 8, 10, 9], "texture": "#rail"}, "west": {"uv": [7, 8, 8, 9], "texture": "#rail", "rotation": 270}, "east": {"uv": [9, 8, 10, 9], "texture": "#rail", "rotation": 90}}}, {"__comment": "Second tie part 4", "from": [7, 0, 8], "to": [10, 1, 9], "faces": {"down": {"uv": [10, 8, 7, 9], "texture": "#rail", "rotation": 180}, "up": {"uv": [7, 8, 10, 9], "texture": "#rail"}, "north": {"uv": [7, 8, 10, 9], "texture": "#rail", "rotation": 180}, "south": {"uv": [7, 8, 10, 9], "texture": "#rail"}, "west": {"uv": [7, 8, 8, 9], "texture": "#rail", "rotation": 270}, "east": {"uv": [9, 8, 10, 9], "texture": "#rail", "rotation": 90}}}, {"__comment": "Second tie part 5", "from": [8, 0, 9], "to": [11, 1, 10], "faces": {"down": {"uv": [11, 9, 8, 10], "texture": "#rail", "rotation": 180}, "up": {"uv": [8, 9, 11, 10], "texture": "#rail"}, "north": {"uv": [8, 9, 11, 10], "texture": "#rail", "rotation": 180}, "south": {"uv": [8, 9, 11, 10], "texture": "#rail"}, "west": {"uv": [8, 9, 9, 10], "texture": "#rail", "rotation": 270}, "east": {"uv": [10, 9, 11, 10], "texture": "#rail", "rotation": 90}}}, {"__comment": "Second tie part 6", "from": [9, 0, 10], "to": [12, 1, 11], "faces": {"down": {"uv": [12, 10, 9, 11], "texture": "#rail", "rotation": 180}, "up": {"uv": [9, 10, 12, 11], "texture": "#rail"}, "north": {"uv": [9, 10, 12, 11], "texture": "#rail", "rotation": 180}, "south": {"uv": [9, 10, 12, 11], "texture": "#rail"}, "west": {"uv": [9, 10, 10, 11], "texture": "#rail", "rotation": 270}, "east": {"uv": [11, 10, 12, 11], "texture": "#rail", "rotation": 90}}}, {"__comment": "Second tie part 7", "from": [10, 0, 11], "to": [13, 1, 12], "faces": {"down": {"uv": [13, 11, 10, 12], "texture": "#rail", "rotation": 180}, "up": {"uv": [10, 11, 13, 12], "texture": "#rail"}, "north": {"uv": [10, 11, 13, 12], "texture": "#rail", "rotation": 180}, "south": {"uv": [10, 11, 13, 12], "texture": "#rail"}, "west": {"uv": [10, 11, 11, 12], "texture": "#rail", "rotation": 270}, "east": {"uv": [12, 11, 13, 12], "texture": "#rail", "rotation": 90}}}, {"__comment": "Second tie part 8", "from": [12, 0, 12], "to": [14, 1, 13], "faces": {"down": {"uv": [14, 12, 12, 13], "texture": "#rail", "rotation": 180}, "up": {"uv": [12, 12, 14, 13], "texture": "#rail"}, "north": {"uv": [12, 12, 14, 13], "texture": "#rail", "rotation": 180}, "south": {"uv": [12, 12, 14, 13], "texture": "#rail"}, "west": {"uv": [12, 12, 13, 13], "texture": "#rail", "rotation": 270}, "east": {"uv": [13, 12, 14, 13], "texture": "#rail", "rotation": 90}}}, {"__comment": "Third tie part 1", "from": [11, 0, 1], "to": [13, 1, 4], "faces": {"down": {"uv": [15, 7, 13, 10], "texture": "#rail", "rotation": 180}, "up": {"uv": [13, 7, 15, 10], "texture": "#rail"}, "north": {"uv": [13, 7, 15, 8], "texture": "#rail", "rotation": 180}, "south": {"uv": [13, 9, 15, 10], "texture": "#rail"}, "west": {"uv": [13, 7, 14, 10], "texture": "#rail", "rotation": 270}, "east": {"uv": [14, 7, 15, 10], "texture": "#rail", "rotation": 90}}}, {"__comment": "Third tie part 2", "from": [12, 0, 4], "to": [14, 1, 7], "faces": {"down": {"uv": [14, 4, 12, 7], "texture": "#rail", "rotation": 180}, "up": {"uv": [12, 4, 14, 7], "texture": "#rail"}, "north": {"uv": [12, 4, 14, 5], "texture": "#rail", "rotation": 180}, "south": {"uv": [12, 6, 14, 7], "texture": "#rail"}, "west": {"uv": [12, 4, 13, 7], "texture": "#rail", "rotation": 270}, "east": {"uv": [13, 4, 14, 7], "texture": "#rail", "rotation": 90}}}, {"__comment": "Third tie part 3", "from": [13, 0, 7], "to": [15, 1, 10], "faces": {"down": {"uv": [15, 7, 13, 10], "texture": "#rail", "rotation": 180}, "up": {"uv": [13, 7, 15, 10], "texture": "#rail"}, "north": {"uv": [13, 7, 15, 8], "texture": "#rail", "rotation": 180}, "south": {"uv": [13, 9, 15, 10], "texture": "#rail"}, "west": {"uv": [13, 7, 14, 10], "texture": "#rail", "rotation": 270}, "east": {"uv": [14, 7, 15, 10], "texture": "#rail", "rotation": 90}}}, {"__comment": "Third tie part 4", "from": [14, 0, 10], "to": [16, 1, 12], "faces": {"down": {"uv": [16, 10, 14, 12], "texture": "#rail", "rotation": 180}, "up": {"uv": [14, 10, 16, 12], "texture": "#rail"}, "north": {"uv": [14, 10, 16, 11], "texture": "#rail", "rotation": 180}, "south": {"uv": [14, 11, 16, 12], "texture": "#rail"}, "west": {"uv": [14, 10, 15, 12], "texture": "#rail", "rotation": 270}, "east": {"uv": [15, 10, 16, 12], "texture": "#rail", "rotation": 90}}}]}