{
	"credit": "Made with Blockbench",
	"textures": {
		"2": "block/gray_concrete",
		"3": "block/light_gray_concrete",
		"4": "block/white_concrete",
		"8": "block/black_concrete",
		"9": "block/mrt/danger_black_concrete",
		"10": "block/glass",
		"11": "block/sea_lantern",
		"12": "block/quartz_block_bottom",
		"14": "block/blue_concrete_powder",
		"16": "block/black_wool",
		"17": "block/black_stained_glass",
		"18": "block/lime_concrete",
		"19": "block/green_concrete",
		"20": "block/mrt/sr_brown_concrete",
		"21": "block/mrt/aichi_gray_concrete",
		"22": "block/mrt/aichi_10000_white_concrete",
		"28": "block/mrt/konno_quartz_block_buttom",
		"29": "block/iron_block",
		"particle": "block/light_gray_concrete_powder"
	},
	"elements": [
		{
			"from": [4.25, 3, -16],
			"to": [11.75, 5, -3],
			"faces": {
				"north": {"uv": [0, 0, 16, 1.5], "texture": "#4"},
				"east": {"uv": [0, 0, 16, 1.5], "texture": "#4"},
				"south": {"uv": [0, 0, 16, 1.5], "texture": "#missing"},
				"west": {"uv": [0, 0, 16, 1.5], "texture": "#4"},
				"up": {"uv": [0, 0, 16, 10], "texture": "#2"},
				"down": {"uv": [0, 0, 16, 16], "texture": "#3"}
			}
		},
		{
			"from": [4.25, 3, -3],
			"to": [11.75, 5, 30],
			"faces": {
				"north": {"uv": [0, 0, 16, 1.5], "texture": "#missing"},
				"east": {"uv": [0, 0, 16, 1.5], "texture": "#4"},
				"south": {"uv": [0, 0, 16, 1.5], "texture": "#4"},
				"west": {"uv": [0, 0, 16, 1.5], "texture": "#4"},
				"up": {"uv": [0, 0, 6, 16], "texture": "#2"},
				"down": {"uv": [0, 0, 16, 16], "texture": "#3"}
			}
		},
		{
			"from": [1, 3, -16],
			"to": [4.25, 5, -3],
			"faces": {
				"north": {"uv": [0, 0, 16, 1.5], "texture": "#4"},
				"east": {"uv": [0, 0, 16, 1.5], "texture": "#4"},
				"south": {"uv": [0, 0, 16, 1.5], "texture": "#missing"},
				"west": {"uv": [0, 0, 16, 1.5], "texture": "#4"},
				"up": {"uv": [0, 0, 16, 10], "texture": "#4"},
				"down": {"uv": [0, 0, 16, 16], "texture": "#3"}
			}
		},
		{
			"from": [0, 3, -16],
			"to": [1, 5, -3],
			"faces": {
				"north": {"uv": [0, 0, 16, 1.5], "texture": "#4"},
				"east": {"uv": [0, 0, 16, 1.5], "texture": "#4"},
				"south": {"uv": [0, 0, 16, 1.5], "texture": "#missing"},
				"west": {"uv": [0, 0, 16, 1.5], "texture": "#4"},
				"up": {"uv": [0, 0, 16, 10], "texture": "#3"},
				"down": {"uv": [0, 0, 16, 16], "texture": "#3"}
			}
		},
		{
			"from": [1, 3, -3],
			"to": [4.25, 5, 30],
			"faces": {
				"north": {"uv": [0, 0, 16, 1.5], "texture": "#missing"},
				"east": {"uv": [0, 0, 16, 1.5], "texture": "#4"},
				"south": {"uv": [0, 0, 16, 1.5], "texture": "#4"},
				"west": {"uv": [0, 0, 16, 1.5], "texture": "#4"},
				"up": {"uv": [0, 0, 6, 16], "texture": "#4"},
				"down": {"uv": [0, 0, 16, 16], "texture": "#3"}
			}
		},
		{
			"from": [0, 3, -3],
			"to": [1, 5, 30],
			"faces": {
				"north": {"uv": [0, 0, 16, 1.5], "texture": "#missing"},
				"east": {"uv": [0, 0, 16, 1.5], "texture": "#4"},
				"south": {"uv": [0, 0, 16, 1.5], "texture": "#4"},
				"west": {"uv": [0, 0, 16, 1.5], "texture": "#4"},
				"up": {"uv": [0, 0, 6, 16], "texture": "#3"},
				"down": {"uv": [0, 0, 16, 16], "texture": "#3"}
			}
		},
		{
			"from": [11.75, 3, -16],
			"to": [15, 5, -3],
			"faces": {
				"north": {"uv": [0, 0, 16, 1.5], "texture": "#4"},
				"east": {"uv": [0, 0, 16, 1.5], "texture": "#4"},
				"south": {"uv": [0, 0, 16, 1.5], "texture": "#missing"},
				"west": {"uv": [0, 0, 16, 1.5], "texture": "#4"},
				"up": {"uv": [0, 0, 16, 10], "texture": "#4"},
				"down": {"uv": [0, 0, 16, 16], "texture": "#3"}
			}
		},
		{
			"from": [15, 3, -16],
			"to": [16, 5, -3],
			"faces": {
				"north": {"uv": [0, 0, 16, 1.5], "texture": "#4"},
				"east": {"uv": [0, 0, 16, 1.5], "texture": "#4"},
				"south": {"uv": [0, 0, 16, 1.5], "texture": "#missing"},
				"west": {"uv": [0, 0, 16, 1.5], "texture": "#4"},
				"up": {"uv": [0, 0, 16, 10], "texture": "#3"},
				"down": {"uv": [0, 0, 16, 16], "texture": "#3"}
			}
		},
		{
			"from": [11.75, 3, -3],
			"to": [15, 5, 30],
			"faces": {
				"north": {"uv": [0, 0, 16, 1.5], "texture": "#missing"},
				"east": {"uv": [0, 0, 16, 1.5], "texture": "#4"},
				"south": {"uv": [0, 0, 16, 1.5], "texture": "#4"},
				"west": {"uv": [0, 0, 16, 1.5], "texture": "#4"},
				"up": {"uv": [0, 0, 6, 16], "texture": "#4"},
				"down": {"uv": [0, 0, 16, 16], "texture": "#3"}
			}
		},
		{
			"from": [15, 3, -3],
			"to": [16, 5, 30],
			"faces": {
				"north": {"uv": [0, 0, 16, 1.5], "texture": "#missing"},
				"east": {"uv": [0, 0, 16, 1.5], "texture": "#4"},
				"south": {"uv": [0, 0, 16, 1.5], "texture": "#4"},
				"west": {"uv": [0, 0, 16, 1.5], "texture": "#4"},
				"up": {"uv": [0, 0, 6, 16], "texture": "#3"},
				"down": {"uv": [0, 0, 16, 16], "texture": "#3"}
			}
		},
		{
			"from": [2.75, 1, -16],
			"to": [13.25, 3, 10.5],
			"faces": {
				"north": {"uv": [0, 0, 16, 1.5], "texture": "#2"},
				"east": {"uv": [0, 0, 16, 1.5], "texture": "#2"},
				"south": {"uv": [0, 0, 16, 1.5], "texture": "#2"},
				"west": {"uv": [0, 0, 16, 1.5], "texture": "#2"},
				"up": {"uv": [0, 0, 6, 16], "texture": "#missing"},
				"down": {"uv": [0, 0, 16, 16], "texture": "#2"}
			}
		},
		{
			"from": [15, 18.75, -16],
			"to": [16, 19.75, 30],
			"faces": {
				"north": {"uv": [0, 0, 1, 1], "texture": "#19"},
				"east": {"uv": [0, 0, 16, 1], "texture": "#19"},
				"south": {"uv": [0, 0, 1, 1], "texture": "#19"},
				"west": {"uv": [0, 0, 16, 1], "texture": "#12"},
				"up": {"uv": [0, 0, 1, 16], "texture": "#missing"},
				"down": {"uv": [0, 0, 1, 16], "texture": "#missing"}
			}
		},
		{
			"from": [0, 18.75, -16],
			"to": [1, 19.75, 30],
			"faces": {
				"north": {"uv": [0, 0, 1, 1], "texture": "#19"},
				"east": {"uv": [0, 0, 16, 1], "texture": "#12"},
				"south": {"uv": [0, 0, 1, 1], "texture": "#19"},
				"west": {"uv": [0, 0, 16, 1], "texture": "#19"},
				"up": {"uv": [0, 0, 1, 16], "texture": "#missing"},
				"down": {"uv": [0, 0, 1, 16], "texture": "#missing"}
			}
		},
		{
			"from": [13, 19.55, -16],
			"to": [14, 19.75, 30],
			"rotation": {"angle": 0, "axis": "y", "origin": [10.5, 0, 0]},
			"faces": {
				"north": {"uv": [0, 0, 1, 0.2], "texture": "#19"},
				"east": {"uv": [0, 0, 16, 0.2], "texture": "#missing"},
				"south": {"uv": [0, 0, 1, 0.2], "texture": "#19"},
				"west": {"uv": [0, 0, 16, 0.2], "texture": "#3"},
				"up": {"uv": [0, 0, 1, 16], "texture": "#missing"},
				"down": {"uv": [5, 6, 10.75, 11], "texture": "#11"}
			}
		},
		{
			"from": [2, 19.55, -16],
			"to": [3, 19.75, 30],
			"rotation": {"angle": 0, "axis": "y", "origin": [-0.5, 0, 0]},
			"faces": {
				"north": {"uv": [0, 0, 1, 0.2], "texture": "#19"},
				"east": {"uv": [0, 0, 16, 0.2], "texture": "#3"},
				"south": {"uv": [0, 0, 1, 0.2], "texture": "#19"},
				"west": {"uv": [0, 0, 16, 0.2], "texture": "#missing"},
				"up": {"uv": [0, 0, 1, 16], "texture": "#missing"},
				"down": {"uv": [5, 6, 10.75, 11], "texture": "#11"}
			}
		},
		{
			"from": [1.25, 19.75, -16],
			"to": [14.75, 20.5, 30],
			"faces": {
				"north": {"uv": [0, 0, 12, 0.75], "texture": "#19"},
				"east": {"uv": [0, 0, 16, 0.75], "texture": "#missing"},
				"south": {"uv": [0, 0, 12, 0.75], "texture": "#19"},
				"west": {"uv": [0, 0, 16, 0.75], "texture": "#missing"},
				"up": {"uv": [0, 0, 12, 16], "texture": "#missing"},
				"down": {"uv": [0, 0, 12, 16], "texture": "#12"}
			}
		},
		{
			"from": [1.9, 20.5, -16],
			"to": [14.1, 21.25, 30],
			"faces": {
				"north": {"uv": [0, 0, 8.7, 0.25], "texture": "#19"},
				"east": {"uv": [0, 0, 16, 0.25], "texture": "#missing"},
				"south": {"uv": [0, 0, 8.7, 0.25], "texture": "#19"},
				"west": {"uv": [0, 0, 16, 0.25], "texture": "#missing"},
				"up": {"uv": [0, 0, 8.7, 16], "texture": "#2"},
				"down": {"uv": [0, 0, 8.7, 16], "texture": "#missing"}
			}
		},
		{
			"from": [2.65, 21.25, -16],
			"to": [13.35, 21.25, 30],
			"faces": {
				"north": {"uv": [0, 0, 8.7, 0.25], "texture": "#19"},
				"east": {"uv": [0, 0, 16, 0.25], "texture": "#missing"},
				"south": {"uv": [0, 0, 8.7, 0.25], "texture": "#19"},
				"west": {"uv": [0, 0, 16, 0.25], "texture": "#missing"},
				"up": {"uv": [0, 0, 8.7, 16], "texture": "#2"},
				"down": {"uv": [0, 0, 8.7, 16], "texture": "#missing"}
			}
		},
		{
			"from": [2.4, 21.25, -16],
			"to": [13.6, 21.5, 30],
			"faces": {
				"north": {"uv": [0, 0, 8.7, 0.25], "texture": "#19"},
				"east": {"uv": [0, 0, 16, 0.25], "texture": "#missing"},
				"south": {"uv": [0, 0, 8.7, 0.25], "texture": "#19"},
				"west": {"uv": [0, 0, 16, 0.25], "texture": "#missing"},
				"up": {"uv": [0, 0, 8.7, 16], "texture": "#2"},
				"down": {"uv": [0, 0, 8.7, 16], "texture": "#missing"}
			}
		},
		{
			"from": [2.9, 21.25, -16],
			"to": [13.1, 22.05, 30],
			"faces": {
				"north": {"uv": [0, 0, 8.7, 0.25], "texture": "#19"},
				"east": {"uv": [0, 0, 16, 0.25], "texture": "#missing"},
				"south": {"uv": [0, 0, 8.7, 0.25], "texture": "#19"},
				"west": {"uv": [0, 0, 16, 0.25], "texture": "#missing"},
				"up": {"uv": [0, 0, 8.7, 16], "texture": "#2"},
				"down": {"uv": [0, 0, 8.7, 16], "texture": "#missing"}
			}
		},
		{
			"from": [5.4, 21.75, -11.5],
			"to": [10.6, 23.25, 1.75],
			"faces": {
				"north": {"uv": [0, 0, 5.2, 1], "texture": "#3"},
				"east": {"uv": [0, 0, 13.25, 1], "texture": "#3"},
				"south": {"uv": [0, 0, 5.2, 1], "texture": "#3"},
				"west": {"uv": [0, 0, 13.25, 1], "texture": "#3"},
				"up": {"uv": [8.288, 5.792, 11.28, 13.856], "texture": "#9"},
				"down": {"uv": [0, 0, 5.2, 13.25], "texture": "#missing"}
			}
		},
		{
			"from": [7.15, 22.05, 12],
			"to": [8.85, 23.05, 16.25],
			"faces": {
				"north": {"uv": [0, 0, 1.7, 1], "texture": "#8"},
				"east": {"uv": [1.088, 1.344, 6.106, 3.272], "texture": "#9"},
				"south": {"uv": [0, 0, 1.7, 1], "texture": "#8"},
				"west": {"uv": [0, 0, 4.25, 1], "texture": "#8"},
				"up": {"uv": [0, 0, 1.7, 4.25], "texture": "#8"},
				"down": {"uv": [0, 0, 1.7, 4.25], "texture": "#missing"}
			}
		},
		{
			"from": [7.15, 22.05, 6.25],
			"to": [8.85, 23.05, 10.5],
			"faces": {
				"north": {"uv": [0, 0, 1.7, 1], "texture": "#8"},
				"east": {"uv": [1.088, 1.344, 6.106, 3.272], "texture": "#9"},
				"south": {"uv": [0, 0, 1.7, 1], "texture": "#8"},
				"west": {"uv": [0, 0, 4.25, 1], "texture": "#8"},
				"up": {"uv": [0, 0, 1.7, 4.25], "texture": "#8"},
				"down": {"uv": [0, 0, 1.7, 4.25], "texture": "#missing"}
			}
		},
		{
			"from": [4.65, 22.05, 12],
			"to": [6.35, 23.05, 16.25],
			"faces": {
				"north": {"uv": [0, 0, 1.7, 1], "texture": "#8"},
				"east": {"uv": [1.088, 1.344, 6.106, 3.272], "texture": "#9"},
				"south": {"uv": [0, 0, 1.7, 1], "texture": "#8"},
				"west": {"uv": [0, 0, 4.25, 1], "texture": "#8"},
				"up": {"uv": [0, 0, 1.7, 4.25], "texture": "#8"},
				"down": {"uv": [0, 0, 1.7, 4.25], "texture": "#missing"}
			}
		},
		{
			"from": [4.65, 22.05, 6.25],
			"to": [6.35, 23.05, 10.5],
			"faces": {
				"north": {"uv": [0, 0, 1.7, 1], "texture": "#8"},
				"east": {"uv": [1.088, 1.344, 6.106, 3.272], "texture": "#9"},
				"south": {"uv": [0, 0, 1.7, 1], "texture": "#8"},
				"west": {"uv": [0, 0, 4.25, 1], "texture": "#8"},
				"up": {"uv": [0, 0, 1.7, 4.25], "texture": "#8"},
				"down": {"uv": [0, 0, 1.7, 4.25], "texture": "#missing"}
			}
		},
		{
			"from": [9.65, 22.05, 12],
			"to": [11.35, 23.05, 16.25],
			"faces": {
				"north": {"uv": [0, 0, 1.7, 1], "texture": "#8"},
				"east": {"uv": [1.088, 1.344, 6.106, 3.272], "texture": "#9"},
				"south": {"uv": [0, 0, 1.7, 1], "texture": "#8"},
				"west": {"uv": [0, 0, 4.25, 1], "texture": "#8"},
				"up": {"uv": [0, 0, 1.7, 4.25], "texture": "#8"},
				"down": {"uv": [0, 0, 1.7, 4.25], "texture": "#missing"}
			}
		},
		{
			"from": [9.65, 22.05, 6.25],
			"to": [11.35, 23.05, 10.5],
			"faces": {
				"north": {"uv": [0, 0, 1.7, 1], "texture": "#8"},
				"east": {"uv": [1.088, 1.344, 6.106, 3.272], "texture": "#9"},
				"south": {"uv": [0, 0, 1.7, 1], "texture": "#8"},
				"west": {"uv": [0, 0, 4.25, 1], "texture": "#8"},
				"up": {"uv": [0, 0, 1.7, 4.25], "texture": "#8"},
				"down": {"uv": [0, 0, 1.7, 4.25], "texture": "#missing"}
			}
		},
		{
			"from": [13.96536, 24.53464, -16],
			"to": [17.96536, 25.53464, 30],
			"rotation": {"angle": 45, "axis": "z", "origin": [13.96536, 5.78464, 0]},
			"faces": {
				"north": {"uv": [0, 0, 4, 1], "texture": "#19"},
				"east": {"uv": [0, 0, 16, 1], "texture": "#19"},
				"south": {"uv": [0, 0, 4, 1], "texture": "#19"},
				"west": {"uv": [0, 0, 16, 1], "texture": "#missing"},
				"up": {"uv": [0, 0, 4, 16], "texture": "#19"},
				"down": {"uv": [0, 0, 4, 16], "texture": "#12"}
			}
		},
		{
			"from": [-0.79379, 27.36307, -16],
			"to": [3.20621, 28.36307, 30],
			"rotation": {"angle": -45, "axis": "z", "origin": [-0.79379, 8.61307, 0]},
			"faces": {
				"north": {"uv": [0, 0, 4, 1], "texture": "#19"},
				"east": {"uv": [0, 0, 16, 1], "texture": "#missing"},
				"south": {"uv": [0, 0, 4, 1], "texture": "#19"},
				"west": {"uv": [0, 0, 16, 1], "texture": "#19"},
				"up": {"uv": [0, 0, 4, 16], "texture": "#19"},
				"down": {"uv": [0, 0, 4, 16], "texture": "#12"}
			}
		},
		{
			"from": [0, 9.25, -9.75],
			"to": [1, 11.25, -6.75],
			"rotation": {"angle": 0, "axis": "y", "origin": [0, 0, -0.5]},
			"faces": {
				"north": {"uv": [0, 0, 1, 6.25], "texture": "#8"},
				"east": {"uv": [0, 5.024, 16, 7.786], "texture": "#12"},
				"south": {"uv": [0, 0, 1, 6.25], "texture": "#4"},
				"west": {"uv": [0, 0.864, 15.776, 3.658], "texture": "#4"},
				"up": {"uv": [0, 0, 1, 16], "texture": "#8"},
				"down": {"uv": [0, 0, 1, 16], "texture": "#missing"}
			}
		},
		{
			"from": [15, 11.25, 5.75],
			"to": [16, 18, 8.75],
			"rotation": {"angle": 0, "axis": "y", "origin": [0, 0, -0.5]},
			"faces": {
				"north": {"uv": [0, 0, 1, 6.75], "texture": "#8"},
				"east": {"uv": [0, 0, 5.25, 6.75], "texture": "#4"},
				"south": {"uv": [0, 0, 1, 6.75], "texture": "#8"},
				"west": {"uv": [0, 0, 10.786, 12.094], "texture": "#12"},
				"up": {"uv": [0, 0, 1, 5.25], "texture": "#missing"},
				"down": {"uv": [0, 0, 1, 5.25], "texture": "#missing"}
			}
		},
		{
			"from": [15, 9.25, 5.75],
			"to": [16, 11.25, 8.75],
			"rotation": {"angle": 0, "axis": "y", "origin": [0, 0, -0.5]},
			"faces": {
				"north": {"uv": [0, 0, 1, 6.25], "texture": "#3"},
				"east": {"uv": [0, 5.024, 16, 7.786], "texture": "#4"},
				"south": {"uv": [0, 0, 1, 6.25], "texture": "#8"},
				"west": {"uv": [0, 0, 16, 6.25], "texture": "#12"},
				"up": {"uv": [0, 0, 1, 16], "texture": "#8"},
				"down": {"uv": [0, 0, 1, 16], "texture": "#missing"}
			}
		},
		{
			"from": [0, 11.25, 5.75],
			"to": [1, 18, 8.75],
			"rotation": {"angle": 0, "axis": "y", "origin": [0, 0, -0.5]},
			"faces": {
				"north": {"uv": [0, 0, 1, 6.75], "texture": "#8"},
				"east": {"uv": [6.59, 0, 16, 13.758], "texture": "#12"},
				"south": {"uv": [0, 0, 1, 6.75], "texture": "#8"},
				"west": {"uv": [0, 0, 5.25, 6.75], "texture": "#4"},
				"up": {"uv": [0, 0, 1, 5.25], "texture": "#missing"},
				"down": {"uv": [0, 0, 1, 5.25], "texture": "#missing"}
			}
		},
		{
			"from": [0, 9.25, 5.75],
			"to": [1, 11.25, 8.75],
			"rotation": {"angle": 0, "axis": "y", "origin": [0, 0, -0.5]},
			"faces": {
				"north": {"uv": [0, 0, 1, 6.25], "texture": "#3"},
				"east": {"uv": [0, 5.024, 16, 7.786], "texture": "#12"},
				"south": {"uv": [0, 0, 1, 6.25], "texture": "#8"},
				"west": {"uv": [0, 0.864, 15.776, 3.658], "texture": "#4"},
				"up": {"uv": [0, 0, 1, 16], "texture": "#8"},
				"down": {"uv": [0, 0, 1, 16], "texture": "#missing"}
			}
		},
		{
			"from": [15, 11.25, 21.25],
			"to": [16, 18, 24.25],
			"rotation": {"angle": 0, "axis": "y", "origin": [0, 0, -0.5]},
			"faces": {
				"north": {"uv": [0, 0, 1, 6.75], "texture": "#8"},
				"east": {"uv": [0, 0, 5.25, 6.75], "texture": "#4"},
				"south": {"uv": [0, 0, 1, 6.75], "texture": "#8"},
				"west": {"uv": [0, 0, 10.786, 12.094], "texture": "#12"},
				"up": {"uv": [0, 0, 1, 5.25], "texture": "#missing"},
				"down": {"uv": [0, 0, 1, 5.25], "texture": "#missing"}
			}
		},
		{
			"from": [15, 9.25, 21.25],
			"to": [16, 11.25, 24.25],
			"rotation": {"angle": 0, "axis": "y", "origin": [0, 0, -0.5]},
			"faces": {
				"north": {"uv": [0, 0, 1, 6.25], "texture": "#8"},
				"east": {"uv": [0, 5.024, 16, 7.786], "texture": "#4"},
				"south": {"uv": [0, 0, 1, 6.25], "texture": "#3"},
				"west": {"uv": [0, 0, 16, 6.25], "texture": "#12"},
				"up": {"uv": [0, 0, 1, 16], "texture": "#8"},
				"down": {"uv": [0, 0, 1, 16], "texture": "#missing"}
			}
		},
		{
			"from": [0, 11.25, 21.25],
			"to": [1, 18, 24.25],
			"rotation": {"angle": 0, "axis": "y", "origin": [0, 0, -0.5]},
			"faces": {
				"north": {"uv": [0, 0, 1, 6.75], "texture": "#8"},
				"east": {"uv": [6.59, 0, 16, 13.758], "texture": "#12"},
				"south": {"uv": [0, 0, 1, 6.75], "texture": "#8"},
				"west": {"uv": [0, 0, 5.25, 6.75], "texture": "#4"},
				"up": {"uv": [0, 0, 1, 5.25], "texture": "#missing"},
				"down": {"uv": [0, 0, 1, 5.25], "texture": "#missing"}
			}
		},
		{
			"from": [0, 9.25, 21.25],
			"to": [1, 11.25, 24.25],
			"rotation": {"angle": 0, "axis": "y", "origin": [0, 0, -0.5]},
			"faces": {
				"north": {"uv": [0, 0, 1, 6.25], "texture": "#8"},
				"east": {"uv": [0, 5.024, 16, 7.786], "texture": "#12"},
				"south": {"uv": [0, 0, 1, 6.25], "texture": "#3"},
				"west": {"uv": [0, 0.864, 15.776, 3.658], "texture": "#4"},
				"up": {"uv": [0, 0, 1, 16], "texture": "#8"},
				"down": {"uv": [0, 0, 1, 16], "texture": "#missing"}
			}
		},
		{
			"from": [15, 11.25, 27],
			"to": [16, 18, 30],
			"rotation": {"angle": 0, "axis": "y", "origin": [0, 0, -0.5]},
			"faces": {
				"north": {"uv": [0, 0, 1, 6.75], "texture": "#8"},
				"east": {"uv": [0, 0, 5.25, 6.75], "texture": "#4"},
				"south": {"uv": [0, 0, 1, 6.75], "texture": "#4"},
				"west": {"uv": [0, 0, 10.786, 12.094], "texture": "#12"},
				"up": {"uv": [0, 0, 1, 5.25], "texture": "#missing"},
				"down": {"uv": [0, 0, 1, 5.25], "texture": "#missing"}
			}
		},
		{
			"from": [15, 9.25, 27],
			"to": [16, 11.25, 30],
			"rotation": {"angle": 0, "axis": "y", "origin": [0, 0, -0.5]},
			"faces": {
				"north": {"uv": [0, 0, 1, 6.25], "texture": "#3"},
				"east": {"uv": [0, 5.024, 16, 7.786], "texture": "#4"},
				"south": {"uv": [0, 0, 1, 6.25], "texture": "#4"},
				"west": {"uv": [0, 0, 16, 6.25], "texture": "#12"},
				"up": {"uv": [0, 0, 1, 16], "texture": "#8"},
				"down": {"uv": [0, 0, 1, 16], "texture": "#missing"}
			}
		},
		{
			"from": [0, 11.25, 27],
			"to": [1, 18, 30],
			"rotation": {"angle": 0, "axis": "y", "origin": [0, 0, -0.5]},
			"faces": {
				"north": {"uv": [0, 0, 1, 6.75], "texture": "#8"},
				"east": {"uv": [6.59, 0, 16, 13.758], "texture": "#12"},
				"south": {"uv": [0, 0, 1, 6.75], "texture": "#4"},
				"west": {"uv": [0, 0, 5.25, 6.75], "texture": "#4"},
				"up": {"uv": [0, 0, 1, 5.25], "texture": "#missing"},
				"down": {"uv": [0, 0, 1, 5.25], "texture": "#missing"}
			}
		},
		{
			"from": [0, 9.25, 27],
			"to": [1, 11.25, 30],
			"rotation": {"angle": 0, "axis": "y", "origin": [0, 0, -0.5]},
			"faces": {
				"north": {"uv": [0, 0, 1, 6.25], "texture": "#3"},
				"east": {"uv": [0, 5.024, 16, 7.786], "texture": "#12"},
				"south": {"uv": [0, 0, 1, 6.25], "texture": "#4"},
				"west": {"uv": [0, 0.864, 15.776, 3.658], "texture": "#4"},
				"up": {"uv": [0, 0, 1, 16], "texture": "#8"},
				"down": {"uv": [0, 0, 1, 16], "texture": "#missing"}
			}
		},
		{
			"from": [15, 9.25, -6.75],
			"to": [16, 11.25, 5.75],
			"rotation": {"angle": 0, "axis": "y", "origin": [0, 0, -0.5]},
			"faces": {
				"north": {"uv": [0, 0, 1, 6.25], "texture": "#12"},
				"east": {"uv": [0, 5.024, 16, 7.786], "texture": "#4"},
				"south": {"uv": [0, 0, 1, 6.25], "texture": "#4"},
				"west": {"uv": [0, 0, 16, 6.25], "texture": "#12"},
				"up": {"uv": [0, 0, 1, 16], "texture": "#8"},
				"down": {"uv": [0, 0, 1, 16], "texture": "#missing"}
			}
		},
		{
			"from": [0.2, 11.25, 24.25],
			"to": [0.8, 18, 27],
			"rotation": {"angle": 0, "axis": "y", "origin": [0, 0, -0.25]},
			"faces": {
				"north": {"uv": [0, 0, 0.6, 4.75], "texture": "#missing"},
				"east": {"uv": [1, 1, 15, 15], "texture": "#10"},
				"south": {"uv": [0, 0, 0.6, 4.75], "texture": "#missing"},
				"west": {"uv": [1, 1, 15, 15], "texture": "#17"},
				"up": {"uv": [0, 0, 0.6, 16], "texture": "#8"},
				"down": {"uv": [0, 0, 0.6, 16], "texture": "#missing"}
			}
		},
		{
			"from": [0, 9.25, 24.25],
			"to": [1, 11.25, 27],
			"rotation": {"angle": 0, "axis": "y", "origin": [0, 0, -0.5]},
			"faces": {
				"north": {"uv": [0, 0, 1, 6.25], "texture": "#12"},
				"east": {"uv": [0, 5.024, 16, 7.786], "texture": "#12"},
				"south": {"uv": [0, 0, 1, 6.25], "texture": "#4"},
				"west": {"uv": [0, 0.864, 15.776, 3.658], "texture": "#4"},
				"up": {"uv": [0, 0, 1, 16], "texture": "#8"},
				"down": {"uv": [0, 0, 1, 16], "texture": "#missing"}
			}
		},
		{
			"from": [15, 6.75, -9.75],
			"to": [16, 9.25, -6.75],
			"rotation": {"angle": 0, "axis": "y", "origin": [0, 0, -0.5]},
			"faces": {
				"north": {"uv": [0, 0, 1, 6.25], "texture": "#8"},
				"east": {"uv": [0, 5.024, 16, 7.786], "texture": "#18"},
				"south": {"uv": [0, 0, 1, 6.25], "texture": "#4"},
				"west": {"uv": [0, 0, 16, 6.25], "texture": "#12"},
				"up": {"uv": [0, 0, 1, 16], "texture": "#8"},
				"down": {"uv": [0, 0, 1, 16], "texture": "#missing"}
			}
		},
		{
			"from": [15, 6.75, -6.75],
			"to": [16, 9.25, 5.75],
			"rotation": {"angle": 0, "axis": "y", "origin": [0, 0, -0.5]},
			"faces": {
				"north": {"uv": [0, 0, 1, 6.25], "texture": "#12"},
				"east": {"uv": [0, 6.144, 16, 9.834], "texture": "#20"},
				"south": {"uv": [0, 0, 1, 6.25], "texture": "#4"},
				"west": {"uv": [0, 0.16, 16, 6.25], "texture": "#12"},
				"up": {"uv": [0, 0, 1, 16], "texture": "#8"},
				"down": {"uv": [0, 0, 1, 16], "texture": "#missing"}
			}
		},
		{
			"from": [15, 6.75, 5.75],
			"to": [16, 9.25, 8.75],
			"rotation": {"angle": 0, "axis": "y", "origin": [0, 0, -0.5]},
			"faces": {
				"north": {"uv": [0, 0, 1, 6.25], "texture": "#3"},
				"east": {"uv": [0, 5.024, 16, 7.786], "texture": "#18"},
				"south": {"uv": [0, 0, 1, 6.25], "texture": "#8"},
				"west": {"uv": [0, 0, 16, 6.25], "texture": "#12"},
				"up": {"uv": [0, 0, 1, 16], "texture": "#8"},
				"down": {"uv": [0, 0, 1, 16], "texture": "#missing"}
			}
		},
		{
			"from": [15, 6.75, 21.25],
			"to": [16, 9.25, 24.25],
			"rotation": {"angle": 0, "axis": "y", "origin": [0, 0, -0.5]},
			"faces": {
				"north": {"uv": [0, 0, 1, 6.25], "texture": "#8"},
				"east": {"uv": [0, 5.024, 16, 7.786], "texture": "#18"},
				"south": {"uv": [0, 0, 1, 6.25], "texture": "#3"},
				"west": {"uv": [0, 0, 16, 6.25], "texture": "#12"},
				"up": {"uv": [0, 0, 1, 16], "texture": "#8"},
				"down": {"uv": [0, 0, 1, 16], "texture": "#missing"}
			}
		},
		{
			"from": [15, 6.75, 24.25],
			"to": [16, 9.25, 27],
			"rotation": {"angle": 0, "axis": "y", "origin": [0, 0, -0.5]},
			"faces": {
				"north": {"uv": [0, 0, 1, 6.25], "texture": "#12"},
				"east": {"uv": [0, 5.024, 16, 7.786], "texture": "#18"},
				"south": {"uv": [0, 0, 1, 6.25], "texture": "#4"},
				"west": {"uv": [0, 0, 16, 6.25], "texture": "#12"},
				"up": {"uv": [0, 0, 1, 16], "texture": "#8"},
				"down": {"uv": [0, 0, 1, 16], "texture": "#missing"}
			}
		},
		{
			"from": [15, 6.75, 27],
			"to": [16, 9.25, 30],
			"rotation": {"angle": 0, "axis": "y", "origin": [0, 0, -0.5]},
			"faces": {
				"north": {"uv": [0, 0, 1, 6.25], "texture": "#3"},
				"east": {"uv": [0, 5.024, 16, 7.786], "texture": "#18"},
				"south": {"uv": [0, 0, 1, 6.25], "texture": "#18"},
				"west": {"uv": [0, 0, 16, 6.25], "texture": "#12"},
				"up": {"uv": [0, 0, 1, 16], "texture": "#8"},
				"down": {"uv": [0, 0, 1, 16], "texture": "#missing"}
			}
		},
		{
			"from": [0, 6.75, -9.75],
			"to": [1, 9.25, -6.75],
			"rotation": {"angle": 0, "axis": "y", "origin": [0, 0, -0.5]},
			"faces": {
				"north": {"uv": [0, 0, 1, 6.25], "texture": "#8"},
				"east": {"uv": [0, 5.024, 16, 7.786], "texture": "#12"},
				"south": {"uv": [0, 0, 1, 6.25], "texture": "#4"},
				"west": {"uv": [0, 0.864, 15.776, 3.658], "texture": "#18"},
				"up": {"uv": [0, 0, 1, 16], "texture": "#8"},
				"down": {"uv": [0, 0, 1, 16], "texture": "#missing"}
			}
		},
		{
			"from": [0, 6.75, -6.75],
			"to": [1, 9.25, 5.75],
			"rotation": {"angle": 0, "axis": "y", "origin": [0, 0, -0.5]},
			"faces": {
				"north": {"uv": [0, 0, 1, 6.25], "texture": "#12"},
				"east": {"uv": [0, 5.024, 16, 7.786], "texture": "#12"},
				"south": {"uv": [0, 0, 1, 6.25], "texture": "#4"},
				"west": {"uv": [0, 6.112, 16, 9.834], "texture": "#18"},
				"up": {"uv": [0, 0, 1, 16], "texture": "#8"},
				"down": {"uv": [0, 0, 1, 16], "texture": "#missing"}
			}
		},
		{
			"from": [0, 6.75, 5.75],
			"to": [1, 9.25, 8.75],
			"rotation": {"angle": 0, "axis": "y", "origin": [0, 0, -0.5]},
			"faces": {
				"north": {"uv": [0, 0, 1, 6.25], "texture": "#3"},
				"east": {"uv": [0, 5.024, 16, 7.786], "texture": "#12"},
				"south": {"uv": [0, 0, 1, 6.25], "texture": "#8"},
				"west": {"uv": [0, 0.864, 15.776, 3.658], "texture": "#18"},
				"up": {"uv": [0, 0, 1, 16], "texture": "#8"},
				"down": {"uv": [0, 0, 1, 16], "texture": "#missing"}
			}
		},
		{
			"from": [0, 6.75, 21.25],
			"to": [1, 9.25, 24.25],
			"rotation": {"angle": 0, "axis": "y", "origin": [0, 0, -0.5]},
			"faces": {
				"north": {"uv": [0, 0, 1, 6.25], "texture": "#8"},
				"east": {"uv": [0, 5.024, 16, 7.786], "texture": "#12"},
				"south": {"uv": [0, 0, 1, 6.25], "texture": "#3"},
				"west": {"uv": [0, 0.864, 15.776, 3.658], "texture": "#18"},
				"up": {"uv": [0, 0, 1, 16], "texture": "#8"},
				"down": {"uv": [0, 0, 1, 16], "texture": "#missing"}
			}
		},
		{
			"from": [0, 6.75, 27],
			"to": [1, 9.25, 30],
			"rotation": {"angle": 0, "axis": "y", "origin": [0, 0, -0.5]},
			"faces": {
				"north": {"uv": [0, 0, 1, 6.25], "texture": "#3"},
				"east": {"uv": [0, 5.024, 16, 7.786], "texture": "#12"},
				"south": {"uv": [0, 0, 1, 6.25], "texture": "#18"},
				"west": {"uv": [0, 0.864, 15.776, 3.658], "texture": "#18"},
				"up": {"uv": [0, 0, 1, 16], "texture": "#8"},
				"down": {"uv": [0, 0, 1, 16], "texture": "#missing"}
			}
		},
		{
			"from": [0, 6.75, 24.25],
			"to": [1, 9.25, 27],
			"rotation": {"angle": 0, "axis": "y", "origin": [0, 0, -0.5]},
			"faces": {
				"north": {"uv": [0, 0, 1, 6.25], "texture": "#12"},
				"east": {"uv": [0, 5.024, 16, 7.786], "texture": "#12"},
				"south": {"uv": [0, 0, 1, 6.25], "texture": "#4"},
				"west": {"uv": [0, 0.864, 15.776, 3.658], "texture": "#18"},
				"up": {"uv": [0, 0, 1, 16], "texture": "#8"},
				"down": {"uv": [0, 0, 1, 16], "texture": "#missing"}
			}
		},
		{
			"from": [15, 5, -9.75],
			"to": [16, 6.75, -6.75],
			"rotation": {"angle": 0, "axis": "y", "origin": [0, 0, -0.5]},
			"faces": {
				"north": {"uv": [0, 0, 1, 6.25], "texture": "#8"},
				"east": {"uv": [0, 5.024, 16, 7.786], "texture": "#4"},
				"south": {"uv": [0, 0, 1, 6.25], "texture": "#4"},
				"west": {"uv": [0, 0, 16, 6.25], "texture": "#12"},
				"up": {"uv": [0, 0, 1, 16], "texture": "#8"},
				"down": {"uv": [0, 0, 1, 16], "texture": "#missing"}
			}
		},
		{
			"from": [15, 5, -6.75],
			"to": [16, 6.75, 5.75],
			"rotation": {"angle": 0, "axis": "y", "origin": [0, 0, -0.5]},
			"faces": {
				"north": {"uv": [0, 0, 1, 6.25], "texture": "#12"},
				"east": {"uv": [0, 5.024, 16, 7.786], "texture": "#4"},
				"south": {"uv": [0, 0, 1, 6.25], "texture": "#4"},
				"west": {"uv": [0, 0, 16, 6.25], "texture": "#12"},
				"up": {"uv": [0, 0, 1, 16], "texture": "#8"},
				"down": {"uv": [0, 0, 1, 16], "texture": "#missing"}
			}
		},
		{
			"from": [15, 5, 5.75],
			"to": [16, 6.75, 8.75],
			"rotation": {"angle": 0, "axis": "y", "origin": [0, 0, -0.5]},
			"faces": {
				"north": {"uv": [0, 0, 1, 6.25], "texture": "#3"},
				"east": {"uv": [0, 5.024, 16, 7.786], "texture": "#4"},
				"south": {"uv": [0, 0, 1, 6.25], "texture": "#8"},
				"west": {"uv": [0, 0, 16, 6.25], "texture": "#12"},
				"up": {"uv": [0, 0, 1, 16], "texture": "#8"},
				"down": {"uv": [0, 0, 1, 16], "texture": "#missing"}
			}
		},
		{
			"from": [15, 5, 21.25],
			"to": [16, 6.75, 24.25],
			"rotation": {"angle": 0, "axis": "y", "origin": [0, 0, -0.5]},
			"faces": {
				"north": {"uv": [0, 0, 1, 6.25], "texture": "#8"},
				"east": {"uv": [0, 5.024, 16, 7.786], "texture": "#4"},
				"south": {"uv": [0, 0, 1, 6.25], "texture": "#3"},
				"west": {"uv": [0, 0, 16, 6.25], "texture": "#12"},
				"up": {"uv": [0, 0, 1, 16], "texture": "#8"},
				"down": {"uv": [0, 0, 1, 16], "texture": "#missing"}
			}
		},
		{
			"from": [15, 5, 24.25],
			"to": [16, 6.75, 27],
			"rotation": {"angle": 0, "axis": "y", "origin": [0, 0, -0.5]},
			"faces": {
				"north": {"uv": [0, 0, 1, 6.25], "texture": "#12"},
				"east": {"uv": [0, 5.024, 16, 7.786], "texture": "#4"},
				"south": {"uv": [0, 0, 1, 6.25], "texture": "#4"},
				"west": {"uv": [0, 0, 16, 6.25], "texture": "#12"},
				"up": {"uv": [0, 0, 1, 16], "texture": "#8"},
				"down": {"uv": [0, 0, 1, 16], "texture": "#missing"}
			}
		},
		{
			"from": [15, 5, 27],
			"to": [16, 6.75, 30],
			"rotation": {"angle": 0, "axis": "y", "origin": [0, 0, -0.5]},
			"faces": {
				"north": {"uv": [0, 0, 1, 6.25], "texture": "#3"},
				"east": {"uv": [0, 5.024, 16, 7.786], "texture": "#4"},
				"south": {"uv": [0, 0, 1, 6.25], "texture": "#4"},
				"west": {"uv": [0, 0, 16, 6.25], "texture": "#12"},
				"up": {"uv": [0, 0, 1, 16], "texture": "#8"},
				"down": {"uv": [0, 0, 1, 16], "texture": "#missing"}
			}
		},
		{
			"from": [0, 5, -9.75],
			"to": [1, 6.75, -6.75],
			"rotation": {"angle": 0, "axis": "y", "origin": [0, 0, -0.5]},
			"faces": {
				"north": {"uv": [0, 0, 1, 6.25], "texture": "#8"},
				"east": {"uv": [0, 5.024, 16, 7.786], "texture": "#12"},
				"south": {"uv": [0, 0, 1, 6.25], "texture": "#4"},
				"west": {"uv": [0, 0.864, 15.776, 3.658], "texture": "#4"},
				"up": {"uv": [0, 0, 1, 16], "texture": "#8"},
				"down": {"uv": [0, 0, 1, 16], "texture": "#missing"}
			}
		},
		{
			"from": [0, 5, -6.75],
			"to": [1, 6.75, 5.75],
			"rotation": {"angle": 0, "axis": "y", "origin": [0, 0, -0.5]},
			"faces": {
				"north": {"uv": [0, 0, 1, 6.25], "texture": "#12"},
				"east": {"uv": [0, 5.024, 16, 7.786], "texture": "#12"},
				"south": {"uv": [0, 0, 1, 6.25], "texture": "#4"},
				"west": {"uv": [2.552, 7.312, 13.288, 8.538], "texture": "#22"},
				"up": {"uv": [0, 0, 1, 16], "texture": "#8"},
				"down": {"uv": [0, 0, 1, 16], "texture": "#missing"}
			}
		},
		{
			"from": [0, 5, 5.75],
			"to": [1, 6.75, 8.75],
			"rotation": {"angle": 0, "axis": "y", "origin": [0, 0, -0.5]},
			"faces": {
				"north": {"uv": [0, 0, 1, 6.25], "texture": "#3"},
				"east": {"uv": [0, 5.024, 16, 7.786], "texture": "#12"},
				"south": {"uv": [0, 0, 1, 6.25], "texture": "#8"},
				"west": {"uv": [0, 0.864, 15.776, 3.658], "texture": "#4"},
				"up": {"uv": [0, 0, 1, 16], "texture": "#8"},
				"down": {"uv": [0, 0, 1, 16], "texture": "#missing"}
			}
		},
		{
			"from": [0, 5, 21.25],
			"to": [1, 6.75, 24.25],
			"rotation": {"angle": 0, "axis": "y", "origin": [0, 0, -0.5]},
			"faces": {
				"north": {"uv": [0, 0, 1, 6.25], "texture": "#8"},
				"east": {"uv": [0, 5.024, 16, 7.786], "texture": "#12"},
				"south": {"uv": [0, 0, 1, 6.25], "texture": "#3"},
				"west": {"uv": [0, 0.864, 15.776, 3.658], "texture": "#4"},
				"up": {"uv": [0, 0, 1, 16], "texture": "#8"},
				"down": {"uv": [0, 0, 1, 16], "texture": "#missing"}
			}
		},
		{
			"from": [0, 5, 27],
			"to": [1, 6.75, 30],
			"rotation": {"angle": 0, "axis": "y", "origin": [0, 0, -0.5]},
			"faces": {
				"north": {"uv": [0, 0, 1, 6.25], "texture": "#3"},
				"east": {"uv": [0, 5.024, 16, 7.786], "texture": "#12"},
				"south": {"uv": [0, 0, 1, 6.25], "texture": "#4"},
				"west": {"uv": [0, 0.864, 15.776, 3.658], "texture": "#4"},
				"up": {"uv": [0, 0, 1, 16], "texture": "#8"},
				"down": {"uv": [0, 0, 1, 16], "texture": "#missing"}
			}
		},
		{
			"from": [0, 5, 24.25],
			"to": [1, 6.75, 27],
			"rotation": {"angle": 0, "axis": "y", "origin": [0, 0, -0.5]},
			"faces": {
				"north": {"uv": [0, 0, 1, 6.25], "texture": "#12"},
				"east": {"uv": [0, 5.024, 16, 7.786], "texture": "#12"},
				"south": {"uv": [0, 0, 1, 6.25], "texture": "#4"},
				"west": {"uv": [0, 0.864, 15.776, 3.658], "texture": "#4"},
				"up": {"uv": [0, 0, 1, 16], "texture": "#8"},
				"down": {"uv": [0, 0, 1, 16], "texture": "#missing"}
			}
		},
		{
			"from": [15.2, 11.25, 24.25],
			"to": [15.8, 18, 27],
			"rotation": {"angle": 0, "axis": "y", "origin": [0, 0, -0.5]},
			"faces": {
				"north": {"uv": [0, 0, 0.6, 4.75], "texture": "#missing"},
				"east": {"uv": [1, 1, 15, 15], "texture": "#17"},
				"south": {"uv": [0, 0, 0.6, 4.75], "texture": "#missing"},
				"west": {"uv": [1, 1, 15, 15], "texture": "#10"},
				"up": {"uv": [0, 0, 0.6, 16], "texture": "#8"},
				"down": {"uv": [0, 0, 0.6, 16], "texture": "#missing"}
			}
		},
		{
			"from": [15, 9.25, 24.25],
			"to": [16, 11.25, 27],
			"rotation": {"angle": 0, "axis": "y", "origin": [0, 0, -0.5]},
			"faces": {
				"north": {"uv": [0, 0, 1, 6.25], "texture": "#12"},
				"east": {"uv": [0, 5.024, 16, 7.786], "texture": "#4"},
				"south": {"uv": [0, 0, 1, 6.25], "texture": "#4"},
				"west": {"uv": [0, 0, 16, 6.25], "texture": "#12"},
				"up": {"uv": [0, 0, 1, 16], "texture": "#8"},
				"down": {"uv": [0, 0, 1, 16], "texture": "#missing"}
			}
		},
		{
			"from": [0, 9.25, -6.75],
			"to": [1, 11.25, 5.75],
			"rotation": {"angle": 0, "axis": "y", "origin": [0, 0, -0.5]},
			"faces": {
				"north": {"uv": [0, 0, 1, 6.25], "texture": "#12"},
				"east": {"uv": [0, 5.024, 16, 7.786], "texture": "#12"},
				"south": {"uv": [0, 0, 1, 6.25], "texture": "#4"},
				"west": {"uv": [0, 0.864, 15.776, 3.658], "texture": "#4"},
				"up": {"uv": [0, 0, 1, 16], "texture": "#8"},
				"down": {"uv": [0, 0, 1, 16], "texture": "#missing"}
			}
		},
		{
			"from": [15, 9.25, -9.75],
			"to": [16, 11.25, -6.75],
			"rotation": {"angle": 0, "axis": "y", "origin": [0, 0, -0.5]},
			"faces": {
				"north": {"uv": [0, 0, 1, 6.25], "texture": "#8"},
				"east": {"uv": [0, 5.024, 16, 7.786], "texture": "#4"},
				"south": {"uv": [0, 0, 1, 6.25], "texture": "#4"},
				"west": {"uv": [0, 0, 16, 6.25], "texture": "#12"},
				"up": {"uv": [0, 0, 1, 16], "texture": "#8"},
				"down": {"uv": [0, 0, 1, 16], "texture": "#missing"}
			}
		},
		{
			"from": [11.25, 7, -6.75],
			"to": [15, 8.5, 5.75],
			"rotation": {"angle": 0, "axis": "y", "origin": [0, 0, -6.25]},
			"faces": {
				"north": {"uv": [0, 0, 3.75, 1.5], "texture": "#missing"},
				"east": {"uv": [0, 0, 16, 1.5], "texture": "#missing"},
				"south": {"uv": [0, 0, 3.75, 1.5], "texture": "#missing"},
				"west": {"uv": [0, 0, 16, 1.5], "texture": "#14"},
				"up": {"uv": [0, 0, 3.75, 16], "texture": "#14"},
				"down": {"uv": [0, 0, 3.75, 16], "texture": "#4"}
			}
		},
		{
			"from": [1, 8.5, 23.5],
			"to": [1.5, 11.05, 27.75],
			"rotation": {"angle": 0, "axis": "y", "origin": [0, 0, -6.25]},
			"faces": {
				"north": {"uv": [0, 0, 0.5, 2.75], "texture": "#14"},
				"east": {"uv": [0, 0, 16, 2.75], "texture": "#14"},
				"south": {"uv": [0, 0, 0.5, 2.75], "texture": "#14"},
				"west": {"uv": [0, 0, 16, 2.75], "texture": "#missing"},
				"up": {"uv": [0, 0, 0.5, 16], "texture": "#14"},
				"down": {"uv": [0, 0, 0.5, 16], "texture": "#14"}
			}
		},
		{
			"from": [1, 7, 23.5],
			"to": [4.75, 8.5, 27.75],
			"rotation": {"angle": 0, "axis": "y", "origin": [0, 0, -6.25]},
			"faces": {
				"north": {"uv": [0, 0, 3.75, 1.5], "texture": "#missing"},
				"east": {"uv": [0, 0, 16, 1.5], "texture": "#14"},
				"south": {"uv": [0, 0, 3.75, 1.5], "texture": "#missing"},
				"west": {"uv": [0, 0, 16, 1.5], "texture": "#missing"},
				"up": {"uv": [0, 0, 3.75, 16], "texture": "#14"},
				"down": {"uv": [0, 0, 3.75, 16], "texture": "#4"}
			}
		},
		{
			"from": [14.5, 8.5, 23.5],
			"to": [15, 11.05, 27.75],
			"rotation": {"angle": 0, "axis": "y", "origin": [0, 0, -6.25]},
			"faces": {
				"north": {"uv": [0, 0, 0.5, 2.75], "texture": "#14"},
				"east": {"uv": [0, 0, 16, 2.75], "texture": "#missing"},
				"south": {"uv": [0, 0, 0.5, 2.75], "texture": "#14"},
				"west": {"uv": [0, 0, 16, 2.75], "texture": "#14"},
				"up": {"uv": [0, 0, 0.5, 16], "texture": "#14"},
				"down": {"uv": [0, 0, 0.5, 16], "texture": "#missing"}
			}
		},
		{
			"from": [11.25, 7, 23.5],
			"to": [15, 8.5, 27.75],
			"rotation": {"angle": 0, "axis": "y", "origin": [0, 0, -6.25]},
			"faces": {
				"north": {"uv": [0, 0, 3.75, 1.5], "texture": "#missing"},
				"east": {"uv": [0, 0, 16, 1.5], "texture": "#missing"},
				"south": {"uv": [0, 0, 3.75, 1.5], "texture": "#missing"},
				"west": {"uv": [0, 0, 16, 1.5], "texture": "#14"},
				"up": {"uv": [0, 0, 3.75, 16], "texture": "#14"},
				"down": {"uv": [0, 0, 3.75, 16], "texture": "#4"}
			}
		},
		{
			"from": [1, 7, -6.75],
			"to": [4.75, 8.5, 5.75],
			"rotation": {"angle": 0, "axis": "y", "origin": [0, 0, -6.25]},
			"faces": {
				"north": {"uv": [0, 0, 3.75, 1.5], "texture": "#missing"},
				"east": {"uv": [0, 0, 16, 1.5], "texture": "#14"},
				"south": {"uv": [0, 0, 3.75, 1.5], "texture": "#missing"},
				"west": {"uv": [0, 0, 16, 1.5], "texture": "#missing"},
				"up": {"uv": [0, 0, 3.75, 16], "texture": "#14"},
				"down": {"uv": [0, 0, 3.75, 16], "texture": "#4"}
			}
		},
		{
			"from": [14.5, 8.5, -6.75],
			"to": [15, 11.05, 5.75],
			"rotation": {"angle": 0, "axis": "y", "origin": [0, 0, -6.25]},
			"faces": {
				"north": {"uv": [0, 0, 0.5, 2.75], "texture": "#14"},
				"east": {"uv": [0, 0, 16, 2.75], "texture": "#missing"},
				"south": {"uv": [0, 0, 0.5, 2.75], "texture": "#14"},
				"west": {"uv": [0, 0, 16, 2.75], "texture": "#14"},
				"up": {"uv": [0, 0, 0.5, 16], "texture": "#14"},
				"down": {"uv": [0, 0, 0.5, 16], "texture": "#missing"}
			}
		},
		{
			"from": [11.25, 7, -8],
			"to": [15, 10.5, -6.75],
			"rotation": {"angle": 0, "axis": "y", "origin": [0, 0, -6.25]},
			"faces": {
				"north": {"uv": [0, 0, 3.75, 3.5], "texture": "#4"},
				"east": {"uv": [0, 0, 1.25, 3.5], "texture": "#4"},
				"south": {"uv": [0, 0, 3.75, 3.5], "texture": "#4"},
				"west": {"uv": [0, 0, 1.25, 3.5], "texture": "#4"},
				"up": {"uv": [0, 0, 3.75, 1.25], "texture": "#4"},
				"down": {"uv": [0, 0, 3.75, 1.25], "texture": "#4"}
			}
		},
		{
			"from": [19.5, 4.52208, 6],
			"to": [25.25, 5.02208, 6.75],
			"rotation": {"angle": 45, "axis": "z", "origin": [9, -2.22792, 7.5]},
			"faces": {
				"north": {"uv": [0, 0, 5.75, 0.5], "texture": "#3"},
				"east": {"uv": [0, 0, 0.75, 0.5], "texture": "#3"},
				"south": {"uv": [0, 0, 5.75, 0.5], "texture": "#3"},
				"west": {"uv": [0, 0, 0.75, 0.5], "texture": "#3"},
				"up": {"uv": [0, 0, 5.75, 0.75], "texture": "#3"},
				"down": {"uv": [0, 0, 5.75, 0.75], "texture": "#3"}
			}
		},
		{
			"from": [11.25, 7, 5.75],
			"to": [15, 10.5, 7],
			"rotation": {"angle": 0, "axis": "y", "origin": [0, 0, 7.5]},
			"faces": {
				"north": {"uv": [0, 0, 3.75, 3.5], "texture": "#4"},
				"east": {"uv": [0, 0, 1.25, 3.5], "texture": "#4"},
				"south": {"uv": [0, 0, 3.75, 3.5], "texture": "#4"},
				"west": {"uv": [0, 0, 1.25, 3.5], "texture": "#4"},
				"up": {"uv": [0, 0, 3.75, 1.25], "texture": "#4"},
				"down": {"uv": [0, 0, 3.75, 1.25], "texture": "#4"}
			}
		},
		{
			"from": [14.35, 9.77208, 22.5],
			"to": [14.85, 15.52208, 23.25],
			"rotation": {"angle": 45, "axis": "z", "origin": [9, -2.22792, 24]},
			"faces": {
				"north": {"uv": [0, 0, 5.75, 0.5], "rotation": 90, "texture": "#3"},
				"east": {"uv": [0, 0, 5.75, 0.75], "rotation": 270, "texture": "#3"},
				"south": {"uv": [0, 0, 5.75, 0.5], "rotation": 270, "texture": "#3"},
				"west": {"uv": [0, 0, 5.75, 0.75], "rotation": 270, "texture": "#3"},
				"up": {"uv": [0, 0, 0.75, 0.5], "rotation": 270, "texture": "#3"},
				"down": {"uv": [0, 0, 0.75, 0.5], "rotation": 270, "texture": "#3"}
			}
		},
		{
			"from": [1, 7, 22.25],
			"to": [4.75, 10.5, 23.5],
			"rotation": {"angle": 0, "axis": "y", "origin": [0, 0, 24]},
			"faces": {
				"north": {"uv": [0, 0, 3.75, 3.5], "texture": "#4"},
				"east": {"uv": [0, 0, 1.25, 3.5], "texture": "#4"},
				"south": {"uv": [0, 0, 3.75, 3.5], "texture": "#4"},
				"west": {"uv": [0, 0, 1.25, 3.5], "texture": "#4"},
				"up": {"uv": [0, 0, 3.75, 1.25], "texture": "#4"},
				"down": {"uv": [0, 0, 3.75, 1.25], "texture": "#4"}
			}
		},
		{
			"from": [19.5, 4.52208, 28],
			"to": [25.25, 5.02208, 28.75],
			"rotation": {"angle": 45, "axis": "z", "origin": [9, -2.22792, 29.5]},
			"faces": {
				"north": {"uv": [0, 0, 5.75, 0.5], "texture": "#3"},
				"east": {"uv": [0, 0, 0.75, 0.5], "texture": "#3"},
				"south": {"uv": [0, 0, 5.75, 0.5], "texture": "#3"},
				"west": {"uv": [0, 0, 0.75, 0.5], "texture": "#3"},
				"up": {"uv": [0, 0, 5.75, 0.75], "texture": "#3"},
				"down": {"uv": [0, 0, 5.75, 0.75], "texture": "#3"}
			}
		},
		{
			"from": [11.25, 7, 27.75],
			"to": [15, 10.5, 29],
			"rotation": {"angle": 0, "axis": "y", "origin": [0, 0, 29.5]},
			"faces": {
				"north": {"uv": [0, 0, 3.75, 3.5], "texture": "#4"},
				"east": {"uv": [0, 0, 1.25, 3.5], "texture": "#4"},
				"south": {"uv": [0, 0, 3.75, 3.5], "texture": "#4"},
				"west": {"uv": [0, 0, 1.25, 3.5], "texture": "#4"},
				"up": {"uv": [0, 0, 3.75, 1.25], "texture": "#4"},
				"down": {"uv": [0, 0, 3.75, 1.25], "texture": "#4"}
			}
		},
		{
			"from": [14.35, 9.77208, 28],
			"to": [14.85, 15.52208, 28.75],
			"rotation": {"angle": 45, "axis": "z", "origin": [9, -2.22792, 29.5]},
			"faces": {
				"north": {"uv": [0, 0, 5.75, 0.5], "rotation": 90, "texture": "#3"},
				"east": {"uv": [0, 0, 5.75, 0.75], "rotation": 270, "texture": "#3"},
				"south": {"uv": [0, 0, 5.75, 0.5], "rotation": 270, "texture": "#3"},
				"west": {"uv": [0, 0, 5.75, 0.75], "rotation": 270, "texture": "#3"},
				"up": {"uv": [0, 0, 0.75, 0.5], "rotation": 270, "texture": "#3"},
				"down": {"uv": [0, 0, 0.75, 0.5], "rotation": 270, "texture": "#3"}
			}
		},
		{
			"from": [1, 7, 27.75],
			"to": [4.75, 10.5, 29],
			"rotation": {"angle": 0, "axis": "y", "origin": [0, 0, 29.5]},
			"faces": {
				"north": {"uv": [0, 0, 3.75, 3.5], "texture": "#4"},
				"east": {"uv": [0, 0, 1.25, 3.5], "texture": "#4"},
				"south": {"uv": [0, 0, 3.75, 3.5], "texture": "#4"},
				"west": {"uv": [0, 0, 1.25, 3.5], "texture": "#4"},
				"up": {"uv": [0, 0, 3.75, 1.25], "texture": "#4"},
				"down": {"uv": [0, 0, 3.75, 1.25], "texture": "#4"}
			}
		},
		{
			"from": [19.5, 4.52208, 22.5],
			"to": [25.25, 5.02208, 23.25],
			"rotation": {"angle": 45, "axis": "z", "origin": [9, -2.22792, 24]},
			"faces": {
				"north": {"uv": [0, 0, 5.75, 0.5], "texture": "#3"},
				"east": {"uv": [0, 0, 0.75, 0.5], "texture": "#3"},
				"south": {"uv": [0, 0, 5.75, 0.5], "texture": "#3"},
				"west": {"uv": [0, 0, 0.75, 0.5], "texture": "#3"},
				"up": {"uv": [0, 0, 5.75, 0.75], "texture": "#3"},
				"down": {"uv": [0, 0, 5.75, 0.75], "texture": "#3"}
			}
		},
		{
			"from": [11.25, 7, 22.25],
			"to": [15, 10.5, 23.5],
			"rotation": {"angle": 0, "axis": "y", "origin": [0, 0, 24]},
			"faces": {
				"north": {"uv": [0, 0, 3.75, 3.5], "texture": "#4"},
				"east": {"uv": [0, 0, 1.25, 3.5], "texture": "#4"},
				"south": {"uv": [0, 0, 3.75, 3.5], "texture": "#4"},
				"west": {"uv": [0, 0, 1.25, 3.5], "texture": "#4"},
				"up": {"uv": [0, 0, 3.75, 1.25], "texture": "#4"},
				"down": {"uv": [0, 0, 3.75, 1.25], "texture": "#4"}
			}
		},
		{
			"from": [1, 7, -8],
			"to": [4.75, 10.5, -6.75],
			"rotation": {"angle": 0, "axis": "y", "origin": [0, 0, -6.25]},
			"faces": {
				"north": {"uv": [0, 0, 3.75, 3.5], "texture": "#4"},
				"east": {"uv": [0, 0, 1.25, 3.5], "texture": "#4"},
				"south": {"uv": [0, 0, 3.75, 3.5], "texture": "#4"},
				"west": {"uv": [0, 0, 1.25, 3.5], "texture": "#4"},
				"up": {"uv": [0, 0, 3.75, 1.25], "texture": "#4"},
				"down": {"uv": [0, 0, 3.75, 1.25], "texture": "#4"}
			}
		},
		{
			"from": [1, 7, 5.75],
			"to": [4.75, 10.5, 7],
			"rotation": {"angle": 0, "axis": "y", "origin": [0, 0, 7.5]},
			"faces": {
				"north": {"uv": [0, 0, 3.75, 3.5], "texture": "#4"},
				"east": {"uv": [0, 0, 1.25, 3.5], "texture": "#4"},
				"south": {"uv": [0, 0, 3.75, 3.5], "texture": "#4"},
				"west": {"uv": [0, 0, 1.25, 3.5], "texture": "#4"},
				"up": {"uv": [0, 0, 3.75, 1.25], "texture": "#4"},
				"down": {"uv": [0, 0, 3.75, 1.25], "texture": "#4"}
			}
		},
		{
			"from": [1, 8.5, -6.75],
			"to": [1.5, 11.05, 5.75],
			"rotation": {"angle": 0, "axis": "y", "origin": [0, 0, -6.25]},
			"faces": {
				"north": {"uv": [0, 0, 0.5, 2.75], "texture": "#14"},
				"east": {"uv": [0, 0, 16, 2.75], "texture": "#14"},
				"south": {"uv": [0, 0, 0.5, 2.75], "texture": "#14"},
				"west": {"uv": [0, 0, 16, 2.75], "texture": "#missing"},
				"up": {"uv": [0, 0, 0.5, 16], "texture": "#14"},
				"down": {"uv": [0, 0, 0.5, 16], "texture": "#14"}
			}
		},
		{
			"from": [19.5, 4.52208, -7.75],
			"to": [25.25, 5.02208, -7],
			"rotation": {"angle": 45, "axis": "z", "origin": [9, -2.22792, -6.25]},
			"faces": {
				"north": {"uv": [0, 0, 5.75, 0.5], "texture": "#3"},
				"east": {"uv": [0, 0, 0.75, 0.5], "texture": "#3"},
				"south": {"uv": [0, 0, 5.75, 0.5], "texture": "#3"},
				"west": {"uv": [0, 0, 0.75, 0.5], "texture": "#3"},
				"up": {"uv": [0, 0, 5.75, 0.75], "texture": "#3"},
				"down": {"uv": [0, 0, 5.75, 0.75], "texture": "#3"}
			}
		},
		{
			"from": [14.35, 9.77208, 6],
			"to": [14.85, 15.52208, 6.75],
			"rotation": {"angle": 45, "axis": "z", "origin": [9, -2.22792, 7.5]},
			"faces": {
				"north": {"uv": [0, 0, 5.75, 0.5], "rotation": 90, "texture": "#3"},
				"east": {"uv": [0, 0, 5.75, 0.75], "rotation": 270, "texture": "#3"},
				"south": {"uv": [0, 0, 5.75, 0.5], "rotation": 270, "texture": "#3"},
				"west": {"uv": [0, 0, 5.75, 0.75], "rotation": 270, "texture": "#3"},
				"up": {"uv": [0, 0, 0.75, 0.5], "rotation": 270, "texture": "#3"},
				"down": {"uv": [0, 0, 0.75, 0.5], "rotation": 270, "texture": "#3"}
			}
		},
		{
			"from": [14.35, 9.77208, -7.75],
			"to": [14.85, 15.52208, -7],
			"rotation": {"angle": 45, "axis": "z", "origin": [9, -2.22792, -6.25]},
			"faces": {
				"north": {"uv": [0, 0, 5.75, 0.5], "rotation": 90, "texture": "#3"},
				"east": {"uv": [0, 0, 5.75, 0.75], "rotation": 270, "texture": "#3"},
				"south": {"uv": [0, 0, 5.75, 0.5], "rotation": 270, "texture": "#3"},
				"west": {"uv": [0, 0, 5.75, 0.75], "rotation": 270, "texture": "#3"},
				"up": {"uv": [0, 0, 0.75, 0.5], "rotation": 270, "texture": "#3"},
				"down": {"uv": [0, 0, 0.75, 0.5], "rotation": 270, "texture": "#3"}
			}
		},
		{
			"from": [12.75, 5, 29],
			"to": [15, 6.75, 30],
			"faces": {
				"north": {"uv": [0, 0, 0.75, 13.75], "texture": "#12"},
				"east": {"uv": [0, 0, 1, 13.75], "texture": "#missing"},
				"south": {"uv": [0, 0, 0.75, 13.75], "texture": "#4"},
				"west": {"uv": [0, 0, 1, 13.75], "texture": "#12"},
				"up": {"uv": [0, 0, 0.75, 1], "texture": "#missing"},
				"down": {"uv": [0, 0, 0.75, 1], "texture": "#missing"}
			}
		},
		{
			"from": [3.25, 5, 30],
			"to": [12.75, 6.5, 30.5],
			"faces": {
				"north": {"uv": [0, 0, 0.75, 13.75], "texture": "#3"},
				"east": {"uv": [0, 0, 1, 13.75], "texture": "#3"},
				"south": {"uv": [0, 0, 0.75, 13.75], "texture": "#3"},
				"west": {"uv": [0, 0, 1, 13.75], "texture": "#3"},
				"up": {"uv": [0, 0, 0.75, 1], "texture": "#3"},
				"down": {"uv": [0, 0, 0.75, 1], "texture": "#3"}
			}
		},
		{
			"from": [3.25, 17.25, 30],
			"to": [12.75, 18.75, 30.5],
			"faces": {
				"north": {"uv": [0, 0, 0.75, 13.75], "texture": "#3"},
				"east": {"uv": [0, 0, 1, 13.75], "texture": "#3"},
				"south": {"uv": [0, 0, 0.75, 13.75], "texture": "#3"},
				"west": {"uv": [0, 0, 1, 13.75], "texture": "#3"},
				"up": {"uv": [0, 0, 0.75, 1], "texture": "#3"},
				"down": {"uv": [0, 0, 0.75, 1], "texture": "#3"}
			}
		},
		{
			"from": [3.25, 6.5, 30],
			"to": [4.75, 17.25, 30.5],
			"faces": {
				"north": {"uv": [0, 0, 0.75, 13.75], "texture": "#3"},
				"east": {"uv": [0, 0, 1, 13.75], "texture": "#3"},
				"south": {"uv": [0, 0, 0.75, 13.75], "texture": "#3"},
				"west": {"uv": [0, 0, 1, 13.75], "texture": "#3"},
				"up": {"uv": [0, 0, 0.75, 1], "texture": "#3"},
				"down": {"uv": [0, 0, 0.75, 1], "texture": "#3"}
			}
		},
		{
			"from": [11.25, 6.5, 30],
			"to": [12.75, 17.25, 30.5],
			"faces": {
				"north": {"uv": [0, 0, 0.75, 13.75], "texture": "#3"},
				"east": {"uv": [0, 0, 1, 13.75], "texture": "#3"},
				"south": {"uv": [0, 0, 0.75, 13.75], "texture": "#3"},
				"west": {"uv": [0, 0, 1, 13.75], "texture": "#3"},
				"up": {"uv": [0, 0, 0.75, 1], "texture": "#3"},
				"down": {"uv": [0, 0, 0.75, 1], "texture": "#3"}
			}
		},
		{
			"from": [11.5, 11, 29.75],
			"to": [12, 12.75, 30.75],
			"faces": {
				"north": {"uv": [0, 0, 0.75, 13.75], "texture": "#2"},
				"east": {"uv": [0, 0, 1, 13.75], "texture": "#2"},
				"south": {"uv": [0, 0, 0.75, 13.75], "texture": "#2"},
				"west": {"uv": [0, 0, 1, 13.75], "texture": "#2"},
				"up": {"uv": [0, 0, 0.75, 1], "texture": "#2"},
				"down": {"uv": [0, 0, 0.75, 1], "texture": "#2"}
			}
		},
		{
			"from": [4.75, 6.5, 30.2],
			"to": [11.25, 17.25, 30.3],
			"faces": {
				"north": {"uv": [0, 0, 16, 16], "texture": "#10"},
				"east": {"uv": [0, 0, 1, 13.75], "texture": "#10"},
				"south": {"uv": [0, 0, 16, 16], "texture": "#10"},
				"west": {"uv": [0, 0, 1, 13.75], "texture": "#10"},
				"up": {"uv": [0, 0, 0.75, 1], "texture": "#10"},
				"down": {"uv": [0, 0, 0.75, 1], "texture": "#10"}
			}
		},
		{
			"from": [1, 6.75, 29],
			"to": [3.25, 9.25, 30],
			"faces": {
				"north": {"uv": [0, 0, 0.75, 13.75], "texture": "#12"},
				"east": {"uv": [0, 0, 1, 13.75], "texture": "#12"},
				"south": {"uv": [0, 0, 0.75, 13.75], "texture": "#18"},
				"west": {"uv": [0, 0, 1, 13.75], "texture": "#missing"},
				"up": {"uv": [0, 0, 0.75, 1], "texture": "#missing"},
				"down": {"uv": [0, 0, 0.75, 1], "texture": "#missing"}
			}
		},
		{
			"from": [12.75, 6.75, 29],
			"to": [15, 9.25, 30],
			"faces": {
				"north": {"uv": [0, 0, 0.75, 13.75], "texture": "#12"},
				"east": {"uv": [0, 0, 1, 13.75], "texture": "#missing"},
				"south": {"uv": [0, 0, 0.75, 13.75], "texture": "#18"},
				"west": {"uv": [0, 0, 1, 13.75], "texture": "#12"},
				"up": {"uv": [0, 0, 0.75, 1], "texture": "#missing"},
				"down": {"uv": [0, 0, 0.75, 1], "texture": "#missing"}
			}
		},
		{
			"from": [1, 9.25, 29],
			"to": [3.25, 18.75, 30],
			"faces": {
				"north": {"uv": [0, 0, 0.75, 13.75], "texture": "#12"},
				"east": {"uv": [0, 0, 1, 13.75], "texture": "#12"},
				"south": {"uv": [0, 0, 0.75, 13.75], "texture": "#4"},
				"west": {"uv": [0, 0, 1, 13.75], "texture": "#missing"},
				"up": {"uv": [0, 0, 0.75, 1], "texture": "#missing"},
				"down": {"uv": [0, 0, 0.75, 1], "texture": "#missing"}
			}
		},
		{
			"from": [0.15, 13.5, 29.8],
			"to": [2.35, 15, 30.05],
			"faces": {
				"north": {"uv": [0, 0, 0.75, 13.75], "texture": "#2"},
				"east": {"uv": [0, 0, 1, 13.75], "texture": "#2"},
				"south": {"uv": [2.848, 4.96, 13.024, 10.934], "texture": "#21"},
				"west": {"uv": [0, 0, 1, 13.75], "texture": "#2"},
				"up": {"uv": [0, 0, 0.75, 1], "texture": "#2"},
				"down": {"uv": [0, 0, 0.75, 1], "texture": "#2"}
			}
		},
		{
			"from": [1, 14.75, 28.95],
			"to": [3.2, 16.25, 29.2],
			"faces": {
				"north": {"uv": [2.816, 4.96, 13.006, 10.934], "texture": "#21"},
				"east": {"uv": [0, 0, 1, 13.75], "texture": "#2"},
				"south": {"uv": [2.848, 4.96, 13.024, 10.934], "texture": "#21"},
				"west": {"uv": [0, 0, 1, 13.75], "texture": "#2"},
				"up": {"uv": [0, 0, 0.75, 1], "texture": "#2"},
				"down": {"uv": [0, 0, 0.75, 1], "texture": "#2"}
			}
		},
		{
			"from": [0.15, 15.75, 29.8],
			"to": [2.35, 17.25, 30.05],
			"faces": {
				"north": {"uv": [0, 0, 0.75, 13.75], "texture": "#2"},
				"east": {"uv": [0, 0, 1, 13.75], "texture": "#2"},
				"south": {"uv": [1.376, 0, 14.432, 5.59], "texture": "#21"},
				"west": {"uv": [0, 0, 1, 13.75], "texture": "#2"},
				"up": {"uv": [0, 0, 0.75, 1], "texture": "#2"},
				"down": {"uv": [0, 0, 0.75, 1], "texture": "#2"}
			}
		},
		{
			"from": [12.75, 9.25, 29],
			"to": [15, 18.75, 30],
			"faces": {
				"north": {"uv": [0, 0, 0.75, 13.75], "texture": "#12"},
				"east": {"uv": [0, 0, 1, 13.75], "texture": "#missing"},
				"south": {"uv": [0, 0, 0.75, 13.75], "texture": "#4"},
				"west": {"uv": [0, 0, 1, 13.75], "texture": "#12"},
				"up": {"uv": [0, 0, 0.75, 1], "texture": "#missing"},
				"down": {"uv": [0, 0, 0.75, 1], "texture": "#missing"}
			}
		},
		{
			"from": [1, 18.75, 29],
			"to": [15, 19.75, 30],
			"faces": {
				"north": {"uv": [0, 0, 12.5, 1], "texture": "#12"},
				"east": {"uv": [0, 0, 1, 1], "texture": "#missing"},
				"south": {"uv": [0, 0, 12.5, 1], "texture": "#19"},
				"west": {"uv": [0, 0, 1, 1], "texture": "#missing"},
				"up": {"uv": [0, 0, 12.5, 1], "texture": "#missing"},
				"down": {"uv": [0, 0, 12.5, 1], "texture": "#12"}
			}
		},
		{
			"from": [0.75, 18.75, 29],
			"to": [15.25, 19.5, 30],
			"faces": {
				"north": {"uv": [0, 0, 13, 0.75], "texture": "#12"},
				"east": {"uv": [0, 0, 1, 0.75], "texture": "#missing"},
				"south": {"uv": [0, 0, 13, 0.75], "texture": "#19"},
				"west": {"uv": [0, 0, 1, 0.75], "texture": "#missing"},
				"up": {"uv": [0, 0, 13, 1], "texture": "#missing"},
				"down": {"uv": [0, 0, 13, 1], "texture": "#12"}
			}
		},
		{
			"from": [1.25, 18.75, 29],
			"to": [14.75, 19.25, 30],
			"faces": {
				"north": {"uv": [0, 0, 13.5, 0.5], "texture": "#12"},
				"east": {"uv": [0, 0, 1, 0.5], "texture": "#missing"},
				"south": {"uv": [0, 0, 13.5, 0.5], "texture": "#19"},
				"west": {"uv": [0, 0, 1, 0.5], "texture": "#missing"},
				"up": {"uv": [0, 0, 13.5, 1], "texture": "#missing"},
				"down": {"uv": [0, 0, 13.5, 1], "texture": "#12"}
			}
		},
		{
			"from": [1, 18.75, 29],
			"to": [15, 19.35, 30],
			"faces": {
				"north": {"uv": [0, 0, 14, 0.6], "texture": "#12"},
				"east": {"uv": [0, 0, 1, 0.6], "texture": "#missing"},
				"south": {"uv": [0, 0, 14, 0.6], "texture": "#19"},
				"west": {"uv": [0, 0, 1, 0.6], "texture": "#missing"},
				"up": {"uv": [0, 0, 14, 1], "texture": "#missing"},
				"down": {"uv": [0, 0, 14, 1], "texture": "#12"}
			}
		},
		{
			"from": [1, 5, 29],
			"to": [3.25, 6.75, 30],
			"faces": {
				"north": {"uv": [0, 0, 0.75, 13.75], "texture": "#12"},
				"east": {"uv": [0, 0, 1, 13.75], "texture": "#12"},
				"south": {"uv": [0, 0, 0.75, 13.75], "texture": "#4"},
				"west": {"uv": [0, 0, 1, 13.75], "texture": "#missing"},
				"up": {"uv": [0, 0, 0.75, 1], "texture": "#missing"},
				"down": {"uv": [0, 0, 0.75, 1], "texture": "#missing"}
			}
		},
		{
			"from": [15, 11.25, -9.75],
			"to": [16, 18, -6.75],
			"rotation": {"angle": 0, "axis": "y", "origin": [0, 0, -0.5]},
			"faces": {
				"north": {"uv": [0, 0, 1, 6.75], "texture": "#8"},
				"east": {"uv": [0, 0, 5.25, 6.75], "texture": "#4"},
				"south": {"uv": [0, 0, 1, 6.75], "texture": "#8"},
				"west": {"uv": [10.174, 0, 16, 12.094], "texture": "#28"},
				"up": {"uv": [0, 0, 1, 5.25], "texture": "#missing"},
				"down": {"uv": [0, 0, 1, 5.25], "texture": "#missing"}
			}
		},
		{
			"from": [15.2, 11.25, -6.75],
			"to": [15.8, 18, 5.75],
			"rotation": {"angle": 0, "axis": "y", "origin": [0, 0, -0.5]},
			"faces": {
				"north": {"uv": [0, 0, 0.6, 4.75], "texture": "#missing"},
				"east": {"uv": [1, 1, 15, 15], "texture": "#17"},
				"south": {"uv": [0, 0, 0.6, 4.75], "texture": "#missing"},
				"west": {"uv": [1, 1, 15, 15], "texture": "#10"},
				"up": {"uv": [0, 0, 0.6, 16], "texture": "#8"},
				"down": {"uv": [0, 0, 0.6, 16], "texture": "#missing"}
			}
		},
		{
			"from": [0, 11.25, -9.75],
			"to": [1, 18, -6.75],
			"rotation": {"angle": 0, "axis": "y", "origin": [0, 0, -0.5]},
			"faces": {
				"north": {"uv": [0, 0, 1, 6.75], "texture": "#8"},
				"east": {"uv": [6.59, 0, 16, 13.758], "texture": "#12"},
				"south": {"uv": [0, 0, 1, 6.75], "texture": "#8"},
				"west": {"uv": [0, 0, 5.25, 6.75], "texture": "#4"},
				"up": {"uv": [0, 0, 1, 5.25], "texture": "#missing"},
				"down": {"uv": [0, 0, 1, 5.25], "texture": "#missing"}
			}
		},
		{
			"from": [0.2, 11.25, -6.75],
			"to": [0.8, 18, 5.75],
			"rotation": {"angle": 0, "axis": "y", "origin": [0, 0, -0.25]},
			"faces": {
				"north": {"uv": [0, 0, 0.6, 4.75], "texture": "#missing"},
				"east": {"uv": [1, 1, 15, 15], "texture": "#10"},
				"south": {"uv": [0, 0, 0.6, 4.75], "texture": "#missing"},
				"west": {"uv": [1, 1, 15, 15], "texture": "#17"},
				"up": {"uv": [0, 0, 0.6, 16], "texture": "#8"},
				"down": {"uv": [0, 0, 0.6, 16], "texture": "#missing"}
			}
		},
		{
			"from": [15, 18, -5.75],
			"to": [16, 18.75, 30],
			"faces": {
				"north": {"uv": [0, 0, 1, 0.75], "texture": "#missing"},
				"east": {"uv": [0, 0, 16, 0.75], "texture": "#4"},
				"south": {"uv": [0, 0, 1, 0.75], "texture": "#4"},
				"west": {"uv": [0, 0, 16, 0.75], "texture": "#12"},
				"up": {"uv": [0, 0, 1, 16], "texture": "#missing"},
				"down": {"uv": [0, 0, 1, 16], "texture": "#8"}
			}
		},
		{
			"from": [0, 18, -5.75],
			"to": [1, 18.75, 30],
			"faces": {
				"north": {"uv": [0, 0, 1, 0.75], "texture": "#missing"},
				"east": {"uv": [0, 0, 16, 0.75], "texture": "#12"},
				"south": {"uv": [0, 0, 1, 0.75], "texture": "#4"},
				"west": {"uv": [0, 0, 16, 0.75], "texture": "#4"},
				"up": {"uv": [0, 0, 1, 16], "texture": "#missing"},
				"down": {"uv": [0, 0, 1, 16], "texture": "#8"}
			}
		},
		{
			"from": [15, 18, -16],
			"to": [16, 18.75, -5.75],
			"faces": {
				"north": {"uv": [0, 0, 1, 0.75], "texture": "#4"},
				"east": {"uv": [0, 0, 10.25, 0.75], "texture": "#4"},
				"south": {"uv": [0, 0, 1, 0.75], "texture": "#missing"},
				"west": {"uv": [0, 0, 10.25, 0.75], "texture": "#12"},
				"up": {"uv": [0, 0, 1, 10.25], "texture": "#missing"},
				"down": {"uv": [0, 0, 1, 10.25], "texture": "#8"}
			}
		},
		{
			"from": [0, 18, -16],
			"to": [1, 18.75, -5.75],
			"faces": {
				"north": {"uv": [0, 0, 1, 0.75], "texture": "#4"},
				"east": {"uv": [0, 0, 10.25, 0.75], "texture": "#12"},
				"south": {"uv": [0, 0, 1, 0.75], "texture": "#missing"},
				"west": {"uv": [0, 0, 10.25, 0.75], "texture": "#4"},
				"up": {"uv": [0, 0, 1, 10.25], "texture": "#missing"},
				"down": {"uv": [0, 0, 1, 10.25], "texture": "#8"}
			}
		},
		{
			"from": [3.25, 4.25, 30],
			"to": [12.75, 5, 32],
			"rotation": {"angle": 0, "axis": "y", "origin": [0, 0, 2]},
			"faces": {
				"north": {"uv": [0, 0, 12.5, 0.75], "texture": "#16"},
				"east": {"uv": [0, 0, 2, 0.75], "texture": "#16"},
				"south": {"uv": [0, 0, 12.5, 0.75], "texture": "#16"},
				"west": {"uv": [0, 0, 2, 0.75], "texture": "#16"},
				"up": {"uv": [0, 0, 12.5, 2], "texture": "#16"},
				"down": {"uv": [0, 0, 12.5, 2], "texture": "#16"}
			}
		},
		{
			"from": [3.25, 5, 30],
			"to": [12.75, 5.25, 32],
			"rotation": {"angle": 0, "axis": "y", "origin": [0, 0, 2]},
			"faces": {
				"north": {"uv": [0, 0, 12.5, 0.75], "texture": "#29"},
				"east": {"uv": [0, 0, 2, 0.75], "texture": "#29"},
				"south": {"uv": [0, 0, 12.5, 0.75], "texture": "#29"},
				"west": {"uv": [0, 0, 2, 0.75], "texture": "#29"},
				"up": {"uv": [1, 6, 13.5, 8], "texture": "#29"},
				"down": {"uv": [0, 0, 12.5, 2], "texture": "#29"}
			}
		},
		{
			"from": [3.25, 18.5, 30],
			"to": [12.75, 18.75, 32],
			"rotation": {"angle": 0, "axis": "y", "origin": [0, 0, 2]},
			"faces": {
				"north": {"uv": [0, 0, 12.5, 0.75], "texture": "#29"},
				"east": {"uv": [0, 0, 2, 0.75], "texture": "#29"},
				"south": {"uv": [0, 0, 12.5, 0.75], "texture": "#29"},
				"west": {"uv": [0, 0, 2, 0.75], "texture": "#29"},
				"up": {"uv": [1, 6, 13.5, 8], "texture": "#29"},
				"down": {"uv": [1, 6, 13.5, 8], "texture": "#29"}
			}
		},
		{
			"from": [3.25, 18.75, 30],
			"to": [12.75, 19.5, 32],
			"rotation": {"angle": 0, "axis": "y", "origin": [0, 0, 2]},
			"faces": {
				"north": {"uv": [0, 0, 12.5, 0.75], "texture": "#16"},
				"east": {"uv": [0, 0, 2, 0.75], "texture": "#16"},
				"south": {"uv": [0, 0, 12.5, 0.75], "texture": "#16"},
				"west": {"uv": [0, 0, 2, 0.75], "texture": "#16"},
				"up": {"uv": [0, 0, 12.5, 2], "texture": "#16"},
				"down": {"uv": [0, 0, 12.5, 2], "texture": "#16"}
			}
		},
		{
			"from": [12.75, 5, 30],
			"to": [13.5, 18.75, 32],
			"rotation": {"angle": 0, "axis": "y", "origin": [0, 0, 2]},
			"faces": {
				"north": {"uv": [0, 0, 0.75, 13.75], "texture": "#16"},
				"east": {"uv": [0, 0, 2, 13.75], "texture": "#16"},
				"south": {"uv": [0, 0, 0.75, 13.75], "texture": "#16"},
				"west": {"uv": [0, 0, 2, 13.75], "texture": "#16"},
				"up": {"uv": [0, 0, 0.75, 2], "texture": "#16"},
				"down": {"uv": [0, 0, 0.75, 2], "texture": "#16"}
			}
		},
		{
			"from": [2.5, 5, 30],
			"to": [3.25, 18.75, 32],
			"rotation": {"angle": 0, "axis": "y", "origin": [0, 0, 2]},
			"faces": {
				"north": {"uv": [0, 0, 0.75, 13.75], "texture": "#16"},
				"east": {"uv": [0, 0, 2, 13.75], "texture": "#16"},
				"south": {"uv": [0, 0, 0.75, 13.75], "texture": "#16"},
				"west": {"uv": [0, 0, 2, 13.75], "texture": "#16"},
				"up": {"uv": [0, 0, 0.75, 2], "texture": "#16"},
				"down": {"uv": [0, 0, 0.75, 2], "texture": "#16"}
			}
		},
		{
			"from": [3.25, 5, 30],
			"to": [3.75, 18.75, 32],
			"rotation": {"angle": 0, "axis": "y", "origin": [0, 0, 2]},
			"faces": {
				"north": {"uv": [0, 0, 0.75, 13.75], "texture": "#16"},
				"east": {"uv": [0, 0, 2, 13.75], "texture": "#12"},
				"south": {"uv": [0, 0, 0.75, 13.75], "texture": "#16"},
				"west": {"uv": [0, 0, 2, 13.75], "texture": "#16"},
				"up": {"uv": [0, 0, 0.75, 2], "texture": "#16"},
				"down": {"uv": [0, 0, 0.75, 2], "texture": "#16"}
			}
		},
		{
			"from": [12.25, 5, 30],
			"to": [12.75, 18.75, 32],
			"rotation": {"angle": 0, "axis": "y", "origin": [0, 0, 2]},
			"faces": {
				"north": {"uv": [0, 0, 0.75, 13.75], "texture": "#16"},
				"east": {"uv": [0, 0, 2, 13.75], "texture": "#16"},
				"south": {"uv": [0, 0, 0.75, 13.75], "texture": "#16"},
				"west": {"uv": [0, 0, 2, 13.75], "texture": "#12"},
				"up": {"uv": [0, 0, 0.75, 2], "texture": "#16"},
				"down": {"uv": [0, 0, 0.75, 2], "texture": "#16"}
			}
		},
		{
			"from": [-12.04881, 25.6154, 30],
			"to": [-11.29881, 26.6654, 32],
			"rotation": {"angle": -45, "axis": "z", "origin": [-13.04881, 4.6154, 2]},
			"faces": {
				"north": {"uv": [0, 0, 0.75, 1.05], "texture": "#16"},
				"east": {"uv": [0, 0, 2, 1.05], "texture": "#16"},
				"south": {"uv": [0, 0, 0.75, 1.05], "texture": "#16"},
				"west": {"uv": [0, 0, 2, 1.05], "texture": "#16"},
				"up": {"uv": [0, 0, 0.75, 2], "texture": "#16"},
				"down": {"uv": [0, 0, 0.75, 2], "texture": "#16"}
			}
		},
		{
			"from": [-2.33668, 11.63819, 30],
			"to": [-1.58668, 12.68819, 32],
			"rotation": {"angle": -45, "axis": "z", "origin": [-3.33668, -9.36181, 2]},
			"faces": {
				"north": {"uv": [0, 0, 0.75, 1.05], "texture": "#16"},
				"east": {"uv": [0, 0, 2, 1.05], "texture": "#16"},
				"south": {"uv": [0, 0, 0.75, 1.05], "texture": "#16"},
				"west": {"uv": [0, 0, 2, 1.05], "texture": "#16"},
				"up": {"uv": [0, 0, 0.75, 2], "texture": "#16"},
				"down": {"uv": [0, 0, 0.75, 2], "texture": "#16"}
			}
		},
		{
			"from": [28.10427, 23.67086, 30],
			"to": [28.85427, 24.72086, 32],
			"rotation": {"angle": 45, "axis": "z", "origin": [27.10427, 2.67086, 2]},
			"faces": {
				"north": {"uv": [0, 0, 0.75, 1.05], "texture": "#16"},
				"east": {"uv": [0, 0, 2, 1.05], "texture": "#16"},
				"south": {"uv": [0, 0, 0.75, 1.05], "texture": "#16"},
				"west": {"uv": [0, 0, 2, 1.05], "texture": "#16"},
				"up": {"uv": [0, 0, 0.75, 2], "texture": "#16"},
				"down": {"uv": [0, 0, 0.75, 2], "texture": "#16"}
			}
		},
		{
			"from": [18.39214, 9.69365, 30],
			"to": [19.14214, 10.74365, 32],
			"rotation": {"angle": 45, "axis": "z", "origin": [17.39214, -11.30635, 2]},
			"faces": {
				"north": {"uv": [0, 0, 0.75, 1.05], "texture": "#16"},
				"east": {"uv": [0, 0, 2, 1.05], "texture": "#16"},
				"south": {"uv": [0, 0, 0.75, 1.05], "texture": "#16"},
				"west": {"uv": [0, 0, 2, 1.05], "texture": "#16"},
				"up": {"uv": [0, 0, 0.75, 2], "texture": "#16"},
				"down": {"uv": [0, 0, 0.75, 2], "texture": "#16"}
			}
		},
		{
			"from": [12.73259, 7.46081, -9.5],
			"to": [14.73259, 7.96081, -9],
			"rotation": {"angle": 45, "axis": "z", "origin": [7.23259, -7.43919, -0.5]},
			"faces": {
				"north": {"uv": [0, 0, 16, 4.25], "texture": "#3"},
				"east": {"uv": [0, 0, 1.5, 4.25], "texture": "#3"},
				"south": {"uv": [3.392, 10.632, 12.672, 13.594], "texture": "#3"},
				"west": {"uv": [0, 0, 1.5, 4.25], "texture": "#3"},
				"up": {"uv": [0, 0, 16, 1.5], "texture": "#3"},
				"down": {"uv": [0, 0, 16, 1.5], "texture": "#3"}
			}
		},
		{
			"from": [29.1364, 9.15751, 8],
			"to": [31.1364, 9.65751, 8.5],
			"rotation": {"angle": 45, "axis": "z", "origin": [14.6364, -5.74249, 17]},
			"faces": {
				"north": {"uv": [0, 0, 16, 4.25], "texture": "#3"},
				"east": {"uv": [0, 0, 1.5, 4.25], "texture": "#3"},
				"south": {"uv": [3.392, 10.632, 12.672, 13.594], "texture": "#3"},
				"west": {"uv": [0, 0, 1.5, 4.25], "texture": "#3"},
				"up": {"uv": [0, 0, 16, 1.5], "texture": "#3"},
				"down": {"uv": [0, 0, 16, 1.5], "texture": "#3"}
			}
		},
		{
			"from": [14, 8.4, 8],
			"to": [14.5, 15.4, 8.5],
			"rotation": {"angle": 0, "axis": "y", "origin": [0, 0, 17]},
			"faces": {
				"north": {"uv": [0, 0, 16, 4.25], "texture": "#3"},
				"east": {"uv": [0, 0, 1.5, 4.25], "texture": "#3"},
				"south": {"uv": [3.392, 10.632, 12.672, 13.594], "texture": "#3"},
				"west": {"uv": [0, 0, 1.5, 4.25], "texture": "#3"},
				"up": {"uv": [0, 0, 16, 1.5], "texture": "#3"},
				"down": {"uv": [0, 0, 16, 1.5], "texture": "#3"}
			}
		},
		{
			"from": [7.71106, 23.01716, 8],
			"to": [9.71106, 23.51716, 8.5],
			"rotation": {"angle": -45, "axis": "z", "origin": [-6.78894, 8.11716, 17]},
			"faces": {
				"north": {"uv": [0, 0, 16, 4.25], "texture": "#3"},
				"east": {"uv": [0, 0, 1.5, 4.25], "texture": "#3"},
				"south": {"uv": [3.392, 10.632, 12.672, 13.594], "texture": "#3"},
				"west": {"uv": [0, 0, 1.5, 4.25], "texture": "#3"},
				"up": {"uv": [0, 0, 16, 1.5], "texture": "#3"},
				"down": {"uv": [0, 0, 16, 1.5], "texture": "#3"}
			}
		},
		{
			"from": [-8.83919, 24.3603, 8],
			"to": [-6.83919, 24.8603, 8.5],
			"rotation": {"angle": -45, "axis": "z", "origin": [-13.83919, 9.4603, 17]},
			"faces": {
				"north": {"uv": [0, 0, 16, 4.25], "texture": "#3"},
				"east": {"uv": [0, 0, 1.5, 4.25], "texture": "#3"},
				"south": {"uv": [3.392, 10.632, 12.672, 13.594], "texture": "#3"},
				"west": {"uv": [0, 0, 1.5, 4.25], "texture": "#3"},
				"up": {"uv": [0, 0, 16, 1.5], "texture": "#3"},
				"down": {"uv": [0, 0, 16, 1.5], "texture": "#3"}
			}
		},
		{
			"from": [1.5, 8.4, 8],
			"to": [2, 15.4, 8.5],
			"rotation": {"angle": 0, "axis": "y", "origin": [0, 0, 17]},
			"faces": {
				"north": {"uv": [0, 0, 16, 4.25], "texture": "#3"},
				"east": {"uv": [0, 0, 1.5, 4.25], "texture": "#3"},
				"south": {"uv": [3.392, 10.632, 12.672, 13.594], "texture": "#3"},
				"west": {"uv": [0, 0, 1.5, 4.25], "texture": "#3"},
				"up": {"uv": [0, 0, 16, 1.5], "texture": "#3"},
				"down": {"uv": [0, 0, 16, 1.5], "texture": "#3"}
			}
		},
		{
			"from": [12.73259, 7.46081, 8],
			"to": [14.73259, 7.96081, 8.5],
			"rotation": {"angle": 45, "axis": "z", "origin": [7.23259, -7.43919, 17]},
			"faces": {
				"north": {"uv": [0, 0, 16, 4.25], "texture": "#3"},
				"east": {"uv": [0, 0, 1.5, 4.25], "texture": "#3"},
				"south": {"uv": [3.392, 10.632, 12.672, 13.594], "texture": "#3"},
				"west": {"uv": [0, 0, 1.5, 4.25], "texture": "#3"},
				"up": {"uv": [0, 0, 16, 1.5], "texture": "#3"},
				"down": {"uv": [0, 0, 16, 1.5], "texture": "#3"}
			}
		},
		{
			"from": [29.1364, 9.15751, 21.5],
			"to": [31.1364, 9.65751, 22],
			"rotation": {"angle": 45, "axis": "z", "origin": [14.6364, -5.74249, 30.5]},
			"faces": {
				"north": {"uv": [0, 0, 16, 4.25], "texture": "#3"},
				"east": {"uv": [0, 0, 1.5, 4.25], "texture": "#3"},
				"south": {"uv": [3.392, 10.632, 12.672, 13.594], "texture": "#3"},
				"west": {"uv": [0, 0, 1.5, 4.25], "texture": "#3"},
				"up": {"uv": [0, 0, 16, 1.5], "texture": "#3"},
				"down": {"uv": [0, 0, 16, 1.5], "texture": "#3"}
			}
		},
		{
			"from": [14, 8.4, 21.5],
			"to": [14.5, 15.4, 22],
			"rotation": {"angle": 0, "axis": "y", "origin": [0, 0, 30.5]},
			"faces": {
				"north": {"uv": [0, 0, 16, 4.25], "texture": "#3"},
				"east": {"uv": [0, 0, 1.5, 4.25], "texture": "#3"},
				"south": {"uv": [3.392, 10.632, 12.672, 13.594], "texture": "#3"},
				"west": {"uv": [0, 0, 1.5, 4.25], "texture": "#3"},
				"up": {"uv": [0, 0, 16, 1.5], "texture": "#3"},
				"down": {"uv": [0, 0, 16, 1.5], "texture": "#3"}
			}
		},
		{
			"from": [7.71106, 23.01716, 21.5],
			"to": [9.71106, 23.51716, 22],
			"rotation": {"angle": -45, "axis": "z", "origin": [-6.78894, 8.11716, 30.5]},
			"faces": {
				"north": {"uv": [0, 0, 16, 4.25], "texture": "#3"},
				"east": {"uv": [0, 0, 1.5, 4.25], "texture": "#3"},
				"south": {"uv": [3.392, 10.632, 12.672, 13.594], "texture": "#3"},
				"west": {"uv": [0, 0, 1.5, 4.25], "texture": "#3"},
				"up": {"uv": [0, 0, 16, 1.5], "texture": "#3"},
				"down": {"uv": [0, 0, 16, 1.5], "texture": "#3"}
			}
		},
		{
			"from": [-8.83919, 24.3603, 21.5],
			"to": [-6.83919, 24.8603, 22],
			"rotation": {"angle": -45, "axis": "z", "origin": [-13.83919, 9.4603, 30.5]},
			"faces": {
				"north": {"uv": [0, 0, 16, 4.25], "texture": "#3"},
				"east": {"uv": [0, 0, 1.5, 4.25], "texture": "#3"},
				"south": {"uv": [3.392, 10.632, 12.672, 13.594], "texture": "#3"},
				"west": {"uv": [0, 0, 1.5, 4.25], "texture": "#3"},
				"up": {"uv": [0, 0, 16, 1.5], "texture": "#3"},
				"down": {"uv": [0, 0, 16, 1.5], "texture": "#3"}
			}
		},
		{
			"from": [1.5, 8.4, 21.5],
			"to": [2, 15.4, 22],
			"rotation": {"angle": 0, "axis": "y", "origin": [0, 0, 30.5]},
			"faces": {
				"north": {"uv": [0, 0, 16, 4.25], "texture": "#3"},
				"east": {"uv": [0, 0, 1.5, 4.25], "texture": "#3"},
				"south": {"uv": [3.392, 10.632, 12.672, 13.594], "texture": "#3"},
				"west": {"uv": [0, 0, 1.5, 4.25], "texture": "#3"},
				"up": {"uv": [0, 0, 16, 1.5], "texture": "#3"},
				"down": {"uv": [0, 0, 16, 1.5], "texture": "#3"}
			}
		},
		{
			"from": [12.73259, 7.46081, 21.5],
			"to": [14.73259, 7.96081, 22],
			"rotation": {"angle": 45, "axis": "z", "origin": [7.23259, -7.43919, 30.5]},
			"faces": {
				"north": {"uv": [0, 0, 16, 4.25], "texture": "#3"},
				"east": {"uv": [0, 0, 1.5, 4.25], "texture": "#3"},
				"south": {"uv": [3.392, 10.632, 12.672, 13.594], "texture": "#3"},
				"west": {"uv": [0, 0, 1.5, 4.25], "texture": "#3"},
				"up": {"uv": [0, 0, 16, 1.5], "texture": "#3"},
				"down": {"uv": [0, 0, 16, 1.5], "texture": "#3"}
			}
		},
		{
			"from": [10.25, 8.07144, 25.458],
			"to": [10.75, 8.57144, 28.458],
			"rotation": {"angle": -45, "axis": "x", "origin": [0, 10.44365, 11.33884]},
			"faces": {
				"north": {"uv": [0, 0, 16, 4.25], "texture": "#3"},
				"east": {"uv": [0, 0, 1.5, 4.25], "texture": "#3"},
				"south": {"uv": [3.392, 10.632, 12.672, 13.594], "texture": "#3"},
				"west": {"uv": [0, 0, 1.5, 4.25], "texture": "#3"},
				"up": {"uv": [0, 0, 16, 1.5], "texture": "#3"},
				"down": {"uv": [0, 0, 16, 1.5], "texture": "#3"}
			}
		},
		{
			"from": [5.25, 8.07144, 25.458],
			"to": [5.75, 8.57144, 28.458],
			"rotation": {"angle": -45, "axis": "x", "origin": [0, 10.44365, 11.33884]},
			"faces": {
				"north": {"uv": [0, 0, 16, 4.25], "texture": "#3"},
				"east": {"uv": [0, 0, 1.5, 4.25], "texture": "#3"},
				"south": {"uv": [3.392, 10.632, 12.672, 13.594], "texture": "#3"},
				"west": {"uv": [0, 0, 1.5, 4.25], "texture": "#3"},
				"up": {"uv": [0, 0, 16, 1.5], "texture": "#3"},
				"down": {"uv": [0, 0, 16, 1.5], "texture": "#3"}
			}
		},
		{
			"from": [10.25, 19.25, -1],
			"to": [10.75, 20.5, -0.5],
			"rotation": {"angle": 0, "axis": "y", "origin": [0, 1.5, 0]},
			"faces": {
				"north": {"uv": [0, 0, 16, 4.25], "texture": "#3"},
				"east": {"uv": [0, 0, 1.5, 4.25], "texture": "#3"},
				"south": {"uv": [3.392, 10.632, 12.672, 13.594], "texture": "#3"},
				"west": {"uv": [0, 0, 1.5, 4.25], "texture": "#3"},
				"up": {"uv": [0, 0, 16, 1.5], "texture": "#3"},
				"down": {"uv": [0, 0, 16, 1.5], "texture": "#3"}
			}
		},
		{
			"from": [5.25, 19.25, 11],
			"to": [5.75, 20.5, 11.5],
			"rotation": {"angle": 0, "axis": "y", "origin": [0, 1.5, 0]},
			"faces": {
				"north": {"uv": [0, 0, 16, 4.25], "texture": "#3"},
				"east": {"uv": [0, 0, 1.5, 4.25], "texture": "#3"},
				"south": {"uv": [3.392, 10.632, 12.672, 13.594], "texture": "#3"},
				"west": {"uv": [0, 0, 1.5, 4.25], "texture": "#3"},
				"up": {"uv": [0, 0, 16, 1.5], "texture": "#3"},
				"down": {"uv": [0, 0, 16, 1.5], "texture": "#3"}
			}
		},
		{
			"from": [10.25, 19.25, 11],
			"to": [10.75, 20.5, 11.5],
			"rotation": {"angle": 0, "axis": "y", "origin": [0, 1.5, 0]},
			"faces": {
				"north": {"uv": [0, 0, 16, 4.25], "texture": "#3"},
				"east": {"uv": [0, 0, 1.5, 4.25], "texture": "#3"},
				"south": {"uv": [3.392, 10.632, 12.672, 13.594], "texture": "#3"},
				"west": {"uv": [0, 0, 1.5, 4.25], "texture": "#3"},
				"up": {"uv": [0, 0, 16, 1.5], "texture": "#3"},
				"down": {"uv": [0, 0, 16, 1.5], "texture": "#3"}
			}
		},
		{
			"from": [5.25, 19.25, -1],
			"to": [5.75, 20.5, -0.5],
			"rotation": {"angle": 0, "axis": "y", "origin": [0, 1.5, 0]},
			"faces": {
				"north": {"uv": [0, 0, 16, 4.25], "texture": "#3"},
				"east": {"uv": [0, 0, 1.5, 4.25], "texture": "#3"},
				"south": {"uv": [3.392, 10.632, 12.672, 13.594], "texture": "#3"},
				"west": {"uv": [0, 0, 1.5, 4.25], "texture": "#3"},
				"up": {"uv": [0, 0, 16, 1.5], "texture": "#3"},
				"down": {"uv": [0, 0, 16, 1.5], "texture": "#3"}
			}
		},
		{
			"from": [10.25, 18.75, -16],
			"to": [10.75, 19.25, 23],
			"rotation": {"angle": 0, "axis": "y", "origin": [0, 1.5, 0]},
			"faces": {
				"north": {"uv": [0, 0, 16, 4.25], "texture": "#3"},
				"east": {"uv": [0, 0, 1.5, 4.25], "texture": "#3"},
				"south": {"uv": [3.392, 10.632, 12.672, 13.594], "texture": "#3"},
				"west": {"uv": [0, 0, 1.5, 4.25], "texture": "#3"},
				"up": {"uv": [0, 0, 16, 1.5], "texture": "#3"},
				"down": {"uv": [0, 0, 16, 1.5], "texture": "#3"}
			}
		},
		{
			"from": [5.25, 18.75, -16],
			"to": [5.75, 19.25, 23],
			"rotation": {"angle": 0, "axis": "y", "origin": [0, 1.5, 0]},
			"faces": {
				"north": {"uv": [0, 0, 16, 4.25], "texture": "#3"},
				"east": {"uv": [0, 0, 1.5, 4.25], "texture": "#3"},
				"south": {"uv": [3.392, 10.632, 12.672, 13.594], "texture": "#3"},
				"west": {"uv": [0, 0, 1.5, 4.25], "texture": "#3"},
				"up": {"uv": [0, 0, 16, 1.5], "texture": "#3"},
				"down": {"uv": [0, 0, 16, 1.5], "texture": "#3"}
			}
		},
		{
			"from": [5.75, 18.75, -15.75],
			"to": [10.25, 19.25, -15.25],
			"rotation": {"angle": 0, "axis": "y", "origin": [0, 1.5, 0]},
			"faces": {
				"north": {"uv": [0, 0, 16, 4.25], "texture": "#3"},
				"east": {"uv": [0, 0, 1.5, 4.25], "texture": "#3"},
				"south": {"uv": [3.392, 10.632, 12.672, 13.594], "texture": "#3"},
				"west": {"uv": [0, 0, 1.5, 4.25], "texture": "#3"},
				"up": {"uv": [0, 0, 16, 1.5], "texture": "#3"},
				"down": {"uv": [0, 0, 16, 1.5], "texture": "#3"}
			}
		},
		{
			"from": [7.75, 5, -16],
			"to": [8.25, 19.75, -15.75],
			"faces": {
				"north": {"uv": [0, 0, 16, 4.25], "texture": "#3"},
				"east": {"uv": [0, 0, 1.5, 4.25], "texture": "#3"},
				"south": {"uv": [3.392, 10.632, 12.672, 13.594], "texture": "#3"},
				"west": {"uv": [0, 0, 1.5, 4.25], "texture": "#3"},
				"up": {"uv": [0, 0, 16, 1.5], "texture": "#3"},
				"down": {"uv": [0, 0, 16, 1.5], "texture": "#3"}
			}
		},
		{
			"from": [1.5, 8.4, -9.5],
			"to": [2, 15.4, -9],
			"rotation": {"angle": 0, "axis": "y", "origin": [0, 0, -0.5]},
			"faces": {
				"north": {"uv": [0, 0, 16, 4.25], "texture": "#3"},
				"east": {"uv": [0, 0, 1.5, 4.25], "texture": "#3"},
				"south": {"uv": [3.392, 10.632, 12.672, 13.594], "texture": "#3"},
				"west": {"uv": [0, 0, 1.5, 4.25], "texture": "#3"},
				"up": {"uv": [0, 0, 16, 1.5], "texture": "#3"},
				"down": {"uv": [0, 0, 16, 1.5], "texture": "#3"}
			}
		},
		{
			"from": [-8.83919, 24.3603, -9.5],
			"to": [-6.83919, 24.8603, -9],
			"rotation": {"angle": -45, "axis": "z", "origin": [-13.83919, 9.4603, -0.5]},
			"faces": {
				"north": {"uv": [0, 0, 16, 4.25], "texture": "#3"},
				"east": {"uv": [0, 0, 1.5, 4.25], "texture": "#3"},
				"south": {"uv": [3.392, 10.632, 12.672, 13.594], "texture": "#3"},
				"west": {"uv": [0, 0, 1.5, 4.25], "texture": "#3"},
				"up": {"uv": [0, 0, 16, 1.5], "texture": "#3"},
				"down": {"uv": [0, 0, 16, 1.5], "texture": "#3"}
			}
		},
		{
			"from": [26.8864, 9.15751, 29.25],
			"to": [28.8864, 9.65751, 29.75],
			"rotation": {"angle": 45, "axis": "z", "origin": [12.3864, -5.74249, 38.25]},
			"faces": {
				"north": {"uv": [0, 0, 16, 4.25], "texture": "#3"},
				"east": {"uv": [0, 0, 1.5, 4.25], "texture": "#3"},
				"south": {"uv": [3.392, 10.632, 12.672, 13.594], "texture": "#3"},
				"west": {"uv": [0, 0, 1.5, 4.25], "texture": "#3"},
				"up": {"uv": [0, 0, 16, 1.5], "texture": "#3"},
				"down": {"uv": [0, 0, 16, 1.5], "texture": "#3"}
			}
		},
		{
			"from": [-6.58919, 24.3603, 29.25],
			"to": [-4.58919, 24.8603, 29.75],
			"rotation": {"angle": -45, "axis": "z", "origin": [-11.58919, 9.4603, 38.25]},
			"faces": {
				"north": {"uv": [0, 0, 16, 4.25], "texture": "#3"},
				"east": {"uv": [0, 0, 1.5, 4.25], "texture": "#3"},
				"south": {"uv": [3.392, 10.632, 12.672, 13.594], "texture": "#3"},
				"west": {"uv": [0, 0, 1.5, 4.25], "texture": "#3"},
				"up": {"uv": [0, 0, 16, 1.5], "texture": "#3"},
				"down": {"uv": [0, 0, 16, 1.5], "texture": "#3"}
			}
		},
		{
			"from": [3.75, 8.4, 29.25],
			"to": [4.25, 15.4, 29.75],
			"rotation": {"angle": 0, "axis": "y", "origin": [2.25, 0, 38.25]},
			"faces": {
				"north": {"uv": [0, 0, 16, 4.25], "texture": "#3"},
				"east": {"uv": [0, 0, 1.5, 4.25], "texture": "#3"},
				"south": {"uv": [3.392, 10.632, 12.672, 13.594], "texture": "#3"},
				"west": {"uv": [0, 0, 1.5, 4.25], "texture": "#3"},
				"up": {"uv": [0, 0, 16, 1.5], "texture": "#3"},
				"down": {"uv": [0, 0, 16, 1.5], "texture": "#3"}
			}
		},
		{
			"from": [14.98259, 7.46081, 29.25],
			"to": [16.98259, 7.96081, 29.75],
			"rotation": {"angle": 45, "axis": "z", "origin": [9.48259, -7.43919, 38.25]},
			"faces": {
				"north": {"uv": [0, 0, 16, 4.25], "texture": "#3"},
				"east": {"uv": [0, 0, 1.5, 4.25], "texture": "#3"},
				"south": {"uv": [3.392, 10.632, 12.672, 13.594], "texture": "#3"},
				"west": {"uv": [0, 0, 1.5, 4.25], "texture": "#3"},
				"up": {"uv": [0, 0, 16, 1.5], "texture": "#3"},
				"down": {"uv": [0, 0, 16, 1.5], "texture": "#3"}
			}
		},
		{
			"from": [11.75, 8.4, 29.25],
			"to": [12.25, 15.4, 29.75],
			"rotation": {"angle": 0, "axis": "y", "origin": [-2.25, 0, 38.25]},
			"faces": {
				"north": {"uv": [0, 0, 16, 4.25], "texture": "#3"},
				"east": {"uv": [0, 0, 1.5, 4.25], "texture": "#3"},
				"south": {"uv": [3.392, 10.632, 12.672, 13.594], "texture": "#3"},
				"west": {"uv": [0, 0, 1.5, 4.25], "texture": "#3"},
				"up": {"uv": [0, 0, 16, 1.5], "texture": "#3"},
				"down": {"uv": [0, 0, 16, 1.5], "texture": "#3"}
			}
		},
		{
			"from": [5.46106, 23.01716, 29.25],
			"to": [7.46106, 23.51716, 29.75],
			"rotation": {"angle": -45, "axis": "z", "origin": [-9.03894, 8.11716, 38.25]},
			"faces": {
				"north": {"uv": [0, 0, 16, 4.25], "texture": "#3"},
				"east": {"uv": [0, 0, 1.5, 4.25], "texture": "#3"},
				"south": {"uv": [3.392, 10.632, 12.672, 13.594], "texture": "#3"},
				"west": {"uv": [0, 0, 1.5, 4.25], "texture": "#3"},
				"up": {"uv": [0, 0, 16, 1.5], "texture": "#3"},
				"down": {"uv": [0, 0, 16, 1.5], "texture": "#3"}
			}
		},
		{
			"from": [11.65, 7.9, -7.65],
			"to": [12.15, 19.9, -7.15],
			"rotation": {"angle": 0, "axis": "y", "origin": [-1.75, 0, -0.25]},
			"faces": {
				"north": {"uv": [0, 0, 16, 4.25], "texture": "#3"},
				"east": {"uv": [0, 0, 1.5, 4.25], "texture": "#3"},
				"south": {"uv": [3.392, 10.632, 12.672, 13.594], "texture": "#3"},
				"west": {"uv": [0, 0, 1.5, 4.25], "texture": "#3"},
				"up": {"uv": [0, 0, 16, 1.5], "texture": "#3"},
				"down": {"uv": [0, 0, 16, 1.5], "texture": "#3"}
			}
		}
	],
	"display": {
		"thirdperson_righthand": {
			"scale": [4, 4, 4]
		},
		"head": {
			"scale": [4, 4, 4]
		}
	}
}