{
	"credit": "Made with Blockbench",
	"textures": {
		"0": "block/black_wool",
		"1": "block/iron_block",
		"2": "block/quartz_block_bottom",
		"particle": "block/black_wool"
	},
	"elements": [
		{
			"from": [3.25, 5, 6],
			"to": [3.75, 18.75, 10],
			"rotation": {"angle": 0, "axis": "y", "origin": [0, 0, -21]},
			"faces": {
				"north": {"uv": [0, 0, 0.75, 13.75], "texture": "#0"},
				"east": {"uv": [0, 0, 2, 13.75], "texture": "#2"},
				"south": {"uv": [0, 0, 0.75, 13.75], "texture": "#0"},
				"west": {"uv": [0, 0, 2, 13.75], "texture": "#0"},
				"up": {"uv": [0, 0, 0.75, 2], "texture": "#0"},
				"down": {"uv": [0, 0, 0.75, 2], "texture": "#0"}
			}
		},
		{
			"from": [-2.33668, 11.63819, 6],
			"to": [-1.58668, 12.68819, 10],
			"rotation": {"angle": -45, "axis": "z", "origin": [-3.33668, -9.36181, -21]},
			"faces": {
				"north": {"uv": [0, 0, 0.75, 1.05], "texture": "#0"},
				"east": {"uv": [0, 0, 2, 1.05], "texture": "#0"},
				"south": {"uv": [0, 0, 0.75, 1.05], "texture": "#0"},
				"west": {"uv": [0, 0, 2, 1.05], "texture": "#0"},
				"up": {"uv": [0, 0, 0.75, 2], "texture": "#0"},
				"down": {"uv": [0, 0, 0.75, 2], "texture": "#0"}
			}
		},
		{
			"from": [3.25, 4.25, 6],
			"to": [12.75, 5, 10],
			"rotation": {"angle": 0, "axis": "y", "origin": [0, 0, -21]},
			"faces": {
				"north": {"uv": [0, 0, 12.5, 0.75], "texture": "#0"},
				"east": {"uv": [0, 0, 2, 0.75], "texture": "#0"},
				"south": {"uv": [0, 0, 12.5, 0.75], "texture": "#0"},
				"west": {"uv": [0, 0, 2, 0.75], "texture": "#0"},
				"up": {"uv": [0, 0, 12.5, 2], "texture": "#0"},
				"down": {"uv": [0, 0, 12.5, 2], "texture": "#0"}
			}
		},
		{
			"from": [3.25, 5, 6],
			"to": [12.75, 5.25, 10],
			"rotation": {"angle": 0, "axis": "y", "origin": [0, 0, -21]},
			"faces": {
				"north": {"uv": [0, 0, 12.5, 0.75], "texture": "#0"},
				"east": {"uv": [0, 0, 2, 0.75], "texture": "#0"},
				"south": {"uv": [0, 0, 12.5, 0.75], "texture": "#0"},
				"west": {"uv": [0, 0, 2, 0.75], "texture": "#0"},
				"up": {"uv": [1, 6, 13.5, 8], "texture": "#1"},
				"down": {"uv": [0, 0, 12.5, 2], "texture": "#0"}
			}
		},
		{
			"from": [12.25, 5, 6],
			"to": [12.75, 18.75, 10],
			"rotation": {"angle": 0, "axis": "y", "origin": [0, 0, -21]},
			"faces": {
				"north": {"uv": [0, 0, 0.75, 13.75], "texture": "#0"},
				"east": {"uv": [0, 0, 2, 13.75], "texture": "#0"},
				"south": {"uv": [0, 0, 0.75, 13.75], "texture": "#0"},
				"west": {"uv": [0, 0, 2, 13.75], "texture": "#2"},
				"up": {"uv": [0, 0, 0.75, 2], "texture": "#0"},
				"down": {"uv": [0, 0, 0.75, 2], "texture": "#0"}
			}
		},
		{
			"from": [12.75, 5, 6],
			"to": [13.5, 18.75, 10],
			"rotation": {"angle": 0, "axis": "y", "origin": [0, 0, -21]},
			"faces": {
				"north": {"uv": [0, 0, 0.75, 13.75], "texture": "#0"},
				"east": {"uv": [0, 0, 2, 13.75], "texture": "#0"},
				"south": {"uv": [0, 0, 0.75, 13.75], "texture": "#0"},
				"west": {"uv": [0, 0, 2, 13.75], "texture": "#0"},
				"up": {"uv": [0, 0, 0.75, 2], "texture": "#0"},
				"down": {"uv": [0, 0, 0.75, 2], "texture": "#0"}
			}
		},
		{
			"from": [3.25, 18.75, 6],
			"to": [12.75, 19.5, 10],
			"rotation": {"angle": 0, "axis": "y", "origin": [0, 0, -21]},
			"faces": {
				"north": {"uv": [0, 0, 12.5, 0.75], "texture": "#0"},
				"east": {"uv": [0, 0, 2, 0.75], "texture": "#0"},
				"south": {"uv": [0, 0, 12.5, 0.75], "texture": "#0"},
				"west": {"uv": [0, 0, 2, 0.75], "texture": "#0"},
				"up": {"uv": [0, 0, 12.5, 2], "texture": "#0"},
				"down": {"uv": [0, 0, 12.5, 2], "texture": "#0"}
			}
		},
		{
			"from": [3.25, 18.5, 6],
			"to": [12.75, 18.75, 10],
			"rotation": {"angle": 0, "axis": "y", "origin": [0, 0, -21]},
			"faces": {
				"north": {"uv": [0, 0, 12.5, 0.75], "texture": "#0"},
				"east": {"uv": [0, 0, 2, 0.75], "texture": "#0"},
				"south": {"uv": [0, 0, 12.5, 0.75], "texture": "#0"},
				"west": {"uv": [0, 0, 2, 0.75], "texture": "#0"},
				"up": {"uv": [1, 6, 13.5, 8], "texture": "#0"},
				"down": {"uv": [1, 6, 13.5, 8], "texture": "#1"}
			}
		},
		{
			"from": [28.10427, 23.67086, 6],
			"to": [28.85427, 24.72086, 10],
			"rotation": {"angle": 45, "axis": "z", "origin": [27.10427, 2.67086, -21]},
			"faces": {
				"north": {"uv": [0, 0, 0.75, 1.05], "texture": "#0"},
				"east": {"uv": [0, 0, 2, 1.05], "texture": "#0"},
				"south": {"uv": [0, 0, 0.75, 1.05], "texture": "#0"},
				"west": {"uv": [0, 0, 2, 1.05], "texture": "#0"},
				"up": {"uv": [0, 0, 0.75, 2], "texture": "#0"},
				"down": {"uv": [0, 0, 0.75, 2], "texture": "#0"}
			}
		},
		{
			"from": [-12.04881, 25.6154, 6],
			"to": [-11.29881, 26.6654, 10],
			"rotation": {"angle": -45, "axis": "z", "origin": [-13.04881, 4.6154, -21]},
			"faces": {
				"north": {"uv": [0, 0, 0.75, 1.05], "texture": "#0"},
				"east": {"uv": [0, 0, 2, 1.05], "texture": "#0"},
				"south": {"uv": [0, 0, 0.75, 1.05], "texture": "#0"},
				"west": {"uv": [0, 0, 2, 1.05], "texture": "#0"},
				"up": {"uv": [0, 0, 0.75, 2], "texture": "#0"},
				"down": {"uv": [0, 0, 0.75, 2], "texture": "#0"}
			}
		},
		{
			"from": [2.5, 5, 6],
			"to": [3.25, 18.75, 10],
			"rotation": {"angle": 0, "axis": "y", "origin": [0, 0, -21]},
			"faces": {
				"north": {"uv": [0, 0, 0.75, 13.75], "texture": "#0"},
				"east": {"uv": [0, 0, 2, 13.75], "texture": "#0"},
				"south": {"uv": [0, 0, 0.75, 13.75], "texture": "#0"},
				"west": {"uv": [0, 0, 2, 13.75], "texture": "#0"},
				"up": {"uv": [0, 0, 0.75, 2], "texture": "#0"},
				"down": {"uv": [0, 0, 0.75, 2], "texture": "#0"}
			}
		},
		{
			"from": [18.39214, 9.69365, 6],
			"to": [19.14214, 10.74365, 10],
			"rotation": {"angle": 45, "axis": "z", "origin": [17.39214, -11.30635, -21]},
			"faces": {
				"north": {"uv": [0, 0, 0.75, 1.05], "texture": "#0"},
				"east": {"uv": [0, 0, 2, 1.05], "texture": "#0"},
				"south": {"uv": [0, 0, 0.75, 1.05], "texture": "#0"},
				"west": {"uv": [0, 0, 2, 1.05], "texture": "#0"},
				"up": {"uv": [0, 0, 0.75, 2], "texture": "#0"},
				"down": {"uv": [0, 0, 0.75, 2], "texture": "#0"}
			}
		}
	],
	"display": {
		"firstperson_lefthand": {
			"scale": [4, 4, 4]
		},
		"head": {
			"scale": [4, 4, 4]
		}
	}
}