{
	"credit": "Made with Blockbench",
	"textures": {
		"2": "block/green_concrete",
		"3": "block/sea_lantern",
		"particle": "block/redstone_lamp_on"
	},
	"elements": [
		{
			"from": [1.5, 6, 28.4],
			"to": [2, 8.75, 28.55],
			"faces": {
				"north": {"uv": [0, 0, 16, 4.25], "texture": "#2"},
				"east": {"uv": [0, 0, 1.5, 4.25], "texture": "#2"},
				"south": {"uv": [4, 3, 13, 13], "texture": "#3"},
				"west": {"uv": [0, 0, 1.5, 4.25], "texture": "#2"},
				"up": {"uv": [0, 0, 16, 1.5], "texture": "#2"},
				"down": {"uv": [0, 0, 16, 1.5], "texture": "#2"}
			}
		},
		{
			"from": [2, 6, 28.4],
			"to": [2.5, 6.5, 28.55],
			"faces": {
				"north": {"uv": [0, 0, 16, 4.25], "texture": "#2"},
				"east": {"uv": [0, 0, 1.5, 4.25], "texture": "#2"},
				"south": {"uv": [4, 3, 13, 13], "texture": "#3"},
				"west": {"uv": [0, 0, 1.5, 4.25], "texture": "#2"},
				"up": {"uv": [0, 0, 16, 1.5], "texture": "#2"},
				"down": {"uv": [0, 0, 16, 1.5], "texture": "#2"}
			}
		},
		{
			"from": [13.5, 6, 28.4],
			"to": [14, 6.5, 28.55],
			"faces": {
				"north": {"uv": [0, 0, 16, 4.25], "texture": "#2"},
				"east": {"uv": [0, 0, 1.5, 4.25], "texture": "#2"},
				"south": {"uv": [4, 3, 13, 13], "texture": "#3"},
				"west": {"uv": [0, 0, 1.5, 4.25], "texture": "#2"},
				"up": {"uv": [0, 0, 16, 1.5], "texture": "#2"},
				"down": {"uv": [0, 0, 16, 1.5], "texture": "#2"}
			}
		},
		{
			"from": [14, 6, 28.4],
			"to": [14.5, 8.75, 28.55],
			"faces": {
				"north": {"uv": [0, 0, 16, 4.25], "texture": "#2"},
				"east": {"uv": [0, 0, 1.5, 4.25], "texture": "#2"},
				"south": {"uv": [4, 3, 13, 13], "texture": "#3"},
				"west": {"uv": [0, 0, 1.5, 4.25], "texture": "#2"},
				"up": {"uv": [0, 0, 16, 1.5], "texture": "#2"},
				"down": {"uv": [0, 0, 16, 1.5], "texture": "#2"}
			}
		}
	],
	"display": {
		"head": {
			"scale": [4, 4, 4]
		}
	}
}