{
	"credit": "Made with Blockbench",
	"textures": {
		"5": "block/mrt/aichi_gray_concrete",
		"particle": "block/lime_concrete"
	},
	"elements": [
		{
			"from": [-0.05, 16.25, 22],
			"to": [0.95, 17.75, 23.5],
			"rotation": {"angle": 0, "axis": "y", "origin": [0, 0, -0.5]},
			"faces": {
				"north": {"uv": [0, 0, 1, 6.75], "texture": "#5"},
				"east": {"uv": [16, 0, 16, 13.758], "texture": "#5"},
				"south": {"uv": [0, 0, 1, 6.75], "texture": "#5"},
				"west": {"uv": [7.136, 13.056, 8.77, 14.622], "texture": "#5"},
				"up": {"uv": [0, 0, 1, 5.25], "texture": "#5"},
				"down": {"uv": [0, 0, 1, 5.25], "texture": "#5"}
			}
		}
	],
	"display": {
		"head": {
			"scale": [4, 4, 4]
		}
	}
}