{
	"credit": "Made with Blockbench",
	"textures": {
		"2": "block/black_concrete",
		"particle": "block/lime_concrete"
	},
	"elements": [
		{
			"from": [5.75, 22.75, 21.75],
			"to": [10.25, 23.25, 26.75],
			"faces": {
				"north": {"uv": [0, 0, 5.2, 1], "texture": "#2"},
				"east": {"uv": [0, 0, 13.25, 1], "texture": "#2"},
				"south": {"uv": [0, 0, 5.2, 1], "texture": "#2"},
				"west": {"uv": [0, 0, 13.25, 1], "texture": "#2"},
				"up": {"uv": [8.288, 5.792, 11.28, 13.856], "texture": "#2"},
				"down": {"uv": [0, 0, 5.2, 13.25], "texture": "#2"}
			}
		},
		{
			"from": [7.25, 23.25, 22.5],
			"to": [7.75, 24, 23.25],
			"faces": {
				"north": {"uv": [0, 0, 5.2, 1], "texture": "#2"},
				"east": {"uv": [0, 0, 13.25, 1], "texture": "#2"},
				"south": {"uv": [0, 0, 5.2, 1], "texture": "#2"},
				"west": {"uv": [0, 0, 13.25, 1], "texture": "#2"},
				"up": {"uv": [8.288, 5.792, 11.28, 13.856], "texture": "#2"},
				"down": {"uv": [0, 0, 5.2, 13.25], "texture": "#2"}
			}
		},
		{
			"from": [5.75, 22, 21.75],
			"to": [6.75, 22.75, 22.75],
			"faces": {
				"north": {"uv": [0, 0, 5.2, 1], "texture": "#2"},
				"east": {"uv": [0, 0, 13.25, 1], "texture": "#2"},
				"south": {"uv": [0, 0, 5.2, 1], "texture": "#2"},
				"west": {"uv": [0, 0, 13.25, 1], "texture": "#2"},
				"up": {"uv": [8.288, 5.792, 11.28, 13.856], "texture": "#2"},
				"down": {"uv": [0, 0, 5.2, 13.25], "texture": "#2"}
			}
		},
		{
			"from": [5.75, 22, 25.75],
			"to": [6.75, 22.75, 26.75],
			"faces": {
				"north": {"uv": [0, 0, 5.2, 1], "texture": "#2"},
				"east": {"uv": [0, 0, 13.25, 1], "texture": "#2"},
				"south": {"uv": [0, 0, 5.2, 1], "texture": "#2"},
				"west": {"uv": [0, 0, 13.25, 1], "texture": "#2"},
				"up": {"uv": [8.288, 5.792, 11.28, 13.856], "texture": "#2"},
				"down": {"uv": [0, 0, 5.2, 13.25], "texture": "#2"}
			}
		},
		{
			"from": [9.25, 22, 25.75],
			"to": [10.25, 22.75, 26.75],
			"faces": {
				"north": {"uv": [0, 0, 5.2, 1], "texture": "#2"},
				"east": {"uv": [0, 0, 13.25, 1], "texture": "#2"},
				"south": {"uv": [0, 0, 5.2, 1], "texture": "#2"},
				"west": {"uv": [0, 0, 13.25, 1], "texture": "#2"},
				"up": {"uv": [8.288, 5.792, 11.28, 13.856], "texture": "#2"},
				"down": {"uv": [0, 0, 5.2, 13.25], "texture": "#2"}
			}
		},
		{
			"from": [9.25, 22, 21.75],
			"to": [10.25, 22.75, 22.75],
			"faces": {
				"north": {"uv": [0, 0, 5.2, 1], "texture": "#2"},
				"east": {"uv": [0, 0, 13.25, 1], "texture": "#2"},
				"south": {"uv": [0, 0, 5.2, 1], "texture": "#2"},
				"west": {"uv": [0, 0, 13.25, 1], "texture": "#2"},
				"up": {"uv": [8.288, 5.792, 11.28, 13.856], "texture": "#2"},
				"down": {"uv": [0, 0, 5.2, 13.25], "texture": "#2"}
			}
		}
	],
	"display": {
		"head": {
			"scale": [4, 4, 4]
		}
	}
}