{
	"credit": "Made with Blockbench",
	"textures": {
		"2": "block/black_concrete",
		"particle": "block/lime_concrete"
	},
	"elements": [
		{
			"from": [7.25, 10.83528, 17.02233],
			"to": [7.75, 15.38528, 17.57233],
			"rotation": {"angle": -45, "axis": "x", "origin": [0, 24, 15]},
			"faces": {
				"north": {"uv": [0, 0, 5.2, 1], "texture": "#2"},
				"east": {"uv": [0, 0, 13.25, 1], "texture": "#2"},
				"south": {"uv": [0, 0, 5.2, 1], "texture": "#2"},
				"west": {"uv": [0, 0, 13.25, 1], "texture": "#2"},
				"up": {"uv": [8.288, 5.792, 11.28, 13.856], "texture": "#2"},
				"down": {"uv": [0, 0, 5.2, 13.25], "texture": "#2"}
			}
		},
		{
			"from": [8.25, 10.83528, 17.02233],
			"to": [8.75, 15.38528, 17.57233],
			"rotation": {"angle": -45, "axis": "x", "origin": [0, 24, 15]},
			"faces": {
				"north": {"uv": [0, 0, 5.2, 1], "texture": "#2"},
				"east": {"uv": [0, 0, 13.25, 1], "texture": "#2"},
				"south": {"uv": [0, 0, 5.2, 1], "texture": "#2"},
				"west": {"uv": [0, 0, 13.25, 1], "texture": "#2"},
				"up": {"uv": [8.288, 5.792, 11.28, 13.856], "texture": "#2"},
				"down": {"uv": [0, 0, 5.2, 13.25], "texture": "#2"}
			}
		}
	],
	"display": {
		"head": {
			"translation": [0, -10, 0],
			"scale": [4, 4, 4]
		}
	}
}