{
	"credit": "Made with Blockbench",
	"textures": {
		"1": "block/quartz_block_bottom",
		"2": "block/glass",
		"3": "block/black_concrete",
		"6": "block/gray_concrete",
		"particle": "block/lime_concrete"
	},
	"elements": [
		{
			"from": [-0.1, 5, 8.25],
			"to": [0.4, 8.5, 16],
			"faces": {
				"north": {"uv": [0, 0, 1, 6.75], "texture": "#3"},
				"east": {"uv": [0, 0, 5.25, 6.75], "texture": "#1"},
				"south": {"uv": [0, 0, 1, 6.75], "texture": "#3"},
				"west": {"uv": [0, 0, 10.786, 12.094], "texture": "#6"},
				"up": {"uv": [0, 0, 1, 5.25], "texture": "#3"},
				"down": {"uv": [0, 0, 1, 5.25], "texture": "#3"}
			}
		},
		{
			"from": [-0.1, 8.5, 8.25],
			"to": [0.4, 18.75, 9],
			"faces": {
				"north": {"uv": [0, 0, 1, 6.75], "texture": "#3"},
				"east": {"uv": [0, 0, 5.25, 6.75], "texture": "#1"},
				"south": {"uv": [0, 0, 1, 6.75], "texture": "#3"},
				"west": {"uv": [0, 0, 10.786, 12.094], "texture": "#6"},
				"up": {"uv": [0, 0, 1, 5.25], "texture": "#3"},
				"down": {"uv": [0, 0, 1, 5.25], "texture": "#3"}
			}
		},
		{
			"from": [-0.1, 8.5, 9],
			"to": [0.4, 9.75, 14.25],
			"faces": {
				"north": {"uv": [0, 0, 1, 6.75], "texture": "#3"},
				"east": {"uv": [0, 0, 5.25, 6.75], "texture": "#1"},
				"south": {"uv": [0, 0, 1, 6.75], "texture": "#3"},
				"west": {"uv": [0, 0, 10.786, 12.094], "texture": "#6"},
				"up": {"uv": [0, 0, 1, 5.25], "texture": "#3"},
				"down": {"uv": [0, 0, 1, 5.25], "texture": "#3"}
			}
		},
		{
			"from": [0.15, 9.75, 9],
			"to": [0.15, 17.25, 14.25],
			"faces": {
				"north": {"uv": [0, 0, 16, 16], "texture": "#3"},
				"east": {"uv": [0, 0, 16, 16], "texture": "#2"},
				"south": {"uv": [0, 0, 16, 16], "texture": "#3"},
				"west": {"uv": [0, 0, 16, 16], "texture": "#2"},
				"up": {"uv": [0, 0, 16, 16], "texture": "#3"},
				"down": {"uv": [0, 0, 16, 16], "texture": "#3"}
			}
		},
		{
			"from": [-0.1, 8.5, 14.25],
			"to": [0.4, 18.75, 16],
			"faces": {
				"north": {"uv": [0, 0, 1, 6.75], "texture": "#3"},
				"east": {"uv": [0, 0, 5.25, 6.75], "texture": "#1"},
				"south": {"uv": [0, 0, 1, 6.75], "texture": "#3"},
				"west": {"uv": [0, 0, 10.786, 12.094], "texture": "#6"},
				"up": {"uv": [0, 0, 1, 5.25], "texture": "#3"},
				"down": {"uv": [0, 0, 1, 5.25], "texture": "#3"}
			}
		},
		{
			"from": [-0.1, 17.25, 9],
			"to": [0.4, 18.75, 14.25],
			"faces": {
				"north": {"uv": [0, 0, 1, 6.75], "texture": "#3"},
				"east": {"uv": [0, 0, 5.25, 6.75], "texture": "#1"},
				"south": {"uv": [0, 0, 1, 6.75], "texture": "#3"},
				"west": {"uv": [0, 0, 10.786, 12.094], "texture": "#6"},
				"up": {"uv": [0, 0, 1, 5.25], "texture": "#3"},
				"down": {"uv": [0, 0, 1, 5.25], "texture": "#3"}
			}
		}
	],
	"display": {
		"head": {
			"scale": [4, 4, 4]
		}
	}
}