{
	"credit": "Made with Blockbench",
	"textures": {
		"14": "block/siemens/control_unit",
		"15": "block/siemens/front_window",
		"17": "block/siemens/pure_white",
		"18": "block/siemens/mcdonald",
		"19": "block/siemens/window",
		"20": "block/siemens/metal",
		"21": "block/siemens/cyan_seat_carpet",
		"22": "block/siemens/plastic",
		"23": "block/siemens/wall",
		"24": "block/siemens/interior_light",
		"25": "block/siemens/carpet",
		"26": "block/siemens/rubber",
		"28": "block/siemens/transparency",
		"30": "block/siemens/blue_orange",
		"31": "block/siemens/metal_gangway",
		"32": "block/siemens/gangway",
		"34": "block/siemens/srbb",
		"38": "block/siemens/sr",
		"particle": "block/siemens/window"
	},
	"elements": [
		{
			"from": [-0.5, 18, -5.5],
			"to": [0, 18.5, 18],
			"faces": {
				"north": {"uv": [0, 0, 16, 1.5], "texture": "#20"},
				"east": {"uv": [0, 0, 16, 1.5], "texture": "#20"},
				"south": {"uv": [0, 0, 16, 1.5], "texture": "#20"},
				"west": {"uv": [0, 0, 16, 1.5], "texture": "#20"},
				"up": {"uv": [0, 0, 6, 16], "texture": "#20"},
				"down": {"uv": [0, 0, 16, 16], "texture": "#20"}
			}
		},
		{
			"from": [16, 18, -5.5],
			"to": [16.5, 18.5, 18],
			"faces": {
				"north": {"uv": [0, 0, 16, 1.5], "texture": "#20"},
				"east": {"uv": [0, 0, 16, 1.5], "texture": "#20"},
				"south": {"uv": [0, 0, 16, 1.5], "texture": "#20"},
				"west": {"uv": [0, 0, 16, 1.5], "texture": "#20"},
				"up": {"uv": [0, 0, 6, 16], "texture": "#20"},
				"down": {"uv": [0, 0, 16, 16], "texture": "#20"}
			}
		},
		{
			"from": [1, 3, -16],
			"to": [15, 5, 0.75],
			"faces": {
				"north": {"uv": [0, 0, 16, 1.5], "texture": "#20"},
				"east": {"uv": [0, 0, 16, 1.5], "texture": "#20"},
				"south": {"uv": [0, 0, 16, 1.5], "texture": "#20"},
				"west": {"uv": [0, 0, 16, 1.5], "texture": "#20"},
				"up": {"uv": [0, 0, 6, 16], "texture": "#25"},
				"down": {"uv": [0, 0, 16, 16], "texture": "#20"}
			}
		},
		{
			"from": [1, 3, 11.75],
			"to": [15, 5, 28.5],
			"faces": {
				"north": {"uv": [0, 0, 16, 1.5], "texture": "#20"},
				"east": {"uv": [0, 0, 16, 1.5], "texture": "#20"},
				"south": {"uv": [0, 0, 16, 1.5], "texture": "#20"},
				"west": {"uv": [0, 0, 16, 1.5], "texture": "#20"},
				"up": {"uv": [0, 0, 6, 16], "texture": "#25"},
				"down": {"uv": [0, 0, 16, 16], "texture": "#20"}
			}
		},
		{
			"from": [1, 1.75, 11.75],
			"to": [15, 3, 13.25],
			"faces": {
				"north": {"uv": [0, 0, 16, 1.5], "texture": "#20"},
				"east": {"uv": [0, 0, 16, 1.5], "texture": "#20"},
				"south": {"uv": [0, 0, 16, 1.5], "texture": "#20"},
				"west": {"uv": [0, 0, 16, 1.5], "texture": "#20"},
				"up": {"uv": [0, 0, 6, 16], "texture": "#25"},
				"down": {"uv": [0, 0, 16, 16], "texture": "#20"}
			}
		},
		{
			"from": [1, 1.75, -0.75],
			"to": [15, 3, 0.75],
			"faces": {
				"north": {"uv": [0, 0, 16, 1.5], "texture": "#20"},
				"east": {"uv": [0, 0, 16, 1.5], "texture": "#20"},
				"south": {"uv": [0, 0, 16, 1.5], "texture": "#20"},
				"west": {"uv": [0, 0, 16, 1.5], "texture": "#20"},
				"up": {"uv": [0, 0, 6, 16], "texture": "#25"},
				"down": {"uv": [0, 0, 16, 16], "texture": "#20"}
			}
		},
		{
			"from": [5, 3, 0.75],
			"to": [11, 5, 11.75],
			"faces": {
				"north": {"uv": [0, 0, 16, 1.5], "texture": "#20"},
				"east": {"uv": [0, 0, 16, 1.5], "texture": "#20"},
				"south": {"uv": [0, 0, 16, 1.5], "texture": "#20"},
				"west": {"uv": [0, 0, 16, 1.5], "texture": "#20"},
				"up": {"uv": [0, 0, 6, 16], "texture": "#25"},
				"down": {"uv": [0, 0, 16, 16], "texture": "#20"}
			}
		},
		{
			"from": [11, 1.75, 0.75],
			"to": [16, 2.5, 11.75],
			"faces": {
				"north": {"uv": [0, 0, 16, 1.5], "texture": "#20"},
				"east": {"uv": [0, 0, 16, 1.5], "texture": "#20"},
				"south": {"uv": [0, 0, 16, 1.5], "texture": "#20"},
				"west": {"uv": [0, 0, 16, 1.5], "texture": "#missing"},
				"up": {"uv": [0, 0, 6, 16], "texture": "#25"},
				"down": {"uv": [0, 0, 16, 16], "texture": "#20"}
			}
		},
		{
			"from": [0, 1.75, 0.75],
			"to": [5, 2.5, 11.75],
			"faces": {
				"north": {"uv": [0, 0, 16, 1.5], "texture": "#20"},
				"east": {"uv": [0, 0, 16, 1.5], "texture": "#missing"},
				"south": {"uv": [0, 0, 16, 1.5], "texture": "#20"},
				"west": {"uv": [0, 0, 16, 1.5], "texture": "#20"},
				"up": {"uv": [0, 0, 6, 16], "texture": "#25"},
				"down": {"uv": [0, 0, 16, 16], "texture": "#20"}
			}
		},
		{
			"from": [5, -0.25, -16],
			"to": [11, 3.25, 13.25],
			"faces": {
				"north": {"uv": [0, 0, 16, 1.5], "texture": "#20"},
				"east": {"uv": [0, 0, 16, 1.5], "texture": "#20"},
				"south": {"uv": [0, 0, 16, 1.5], "texture": "#20"},
				"west": {"uv": [0, 0, 16, 1.5], "texture": "#20"},
				"up": {"uv": [0, 0, 6, 16], "texture": "#20"},
				"down": {"uv": [0, 0, 16, 16], "texture": "#20"}
			}
		},
		{
			"from": [14, 19.55, -16],
			"to": [15, 19.75, 28.25],
			"rotation": {"angle": 0, "axis": "y", "origin": [10.5, 0, 0]},
			"faces": {
				"north": {"uv": [0, 0, 1, 0.2], "texture": "#23"},
				"east": {"uv": [0, 0, 16, 0.2], "texture": "#missing"},
				"south": {"uv": [0, 0, 1, 0.2], "texture": "#23"},
				"west": {"uv": [0, 0, 16, 0.2], "texture": "#23"},
				"up": {"uv": [0, 0, 1, 16], "texture": "#missing"},
				"down": {"uv": [5, 6, 10.75, 11], "texture": "#24"}
			}
		},
		{
			"from": [1, 19.55, -16],
			"to": [2, 19.75, 28.25],
			"rotation": {"angle": 0, "axis": "y", "origin": [-0.5, 0, 0]},
			"faces": {
				"north": {"uv": [0, 0, 1, 0.2], "texture": "#23"},
				"east": {"uv": [0, 0, 16, 0.2], "texture": "#23"},
				"south": {"uv": [0, 0, 1, 0.2], "texture": "#23"},
				"west": {"uv": [0, 0, 16, 0.2], "texture": "#missing"},
				"up": {"uv": [0, 0, 1, 16], "texture": "#missing"},
				"down": {"uv": [5, 6, 10.75, 11], "texture": "#24"}
			}
		},
		{
			"from": [1.25, 19.75, -16],
			"to": [14.75, 20.5, 28.5],
			"faces": {
				"north": {"uv": [0, 0, 12, 0.75], "texture": "#20"},
				"east": {"uv": [0, 0, 16, 0.75], "texture": "#missing"},
				"south": {"uv": [0, 0, 12, 0.75], "texture": "#30"},
				"west": {"uv": [0, 0, 16, 0.75], "texture": "#missing"},
				"up": {"uv": [0, 0, 12, 16], "texture": "#missing"},
				"down": {"uv": [0, 0, 12, 16], "texture": "#23"}
			}
		},
		{
			"from": [1.9, 20.5, -16],
			"to": [14.1, 21.25, 28.5],
			"faces": {
				"north": {"uv": [0, 0, 8.7, 0.25], "texture": "#20"},
				"east": {"uv": [0, 0, 16, 0.25], "texture": "#missing"},
				"south": {"uv": [0, 0, 8.7, 0.25], "texture": "#30"},
				"west": {"uv": [0, 0, 16, 0.25], "texture": "#missing"},
				"up": {"uv": [0, 0, 8.7, 16], "texture": "#missing"},
				"down": {"uv": [0, 0, 8.7, 16], "texture": "#missing"}
			}
		},
		{
			"from": [2.4, 21.25, -16],
			"to": [13.6, 21.5, 28.5],
			"faces": {
				"north": {"uv": [0, 0, 8.7, 0.25], "texture": "#20"},
				"east": {"uv": [0, 0, 16, 0.25], "texture": "#missing"},
				"south": {"uv": [0, 0, 8.7, 0.25], "texture": "#30"},
				"west": {"uv": [0, 0, 16, 0.25], "texture": "#missing"},
				"up": {"uv": [0, 0, 8.7, 16], "texture": "#missing"},
				"down": {"uv": [0, 0, 8.7, 16], "texture": "#missing"}
			}
		},
		{
			"from": [2.9, 21.25, -16],
			"to": [13.1, 22.05, 28.5],
			"faces": {
				"north": {"uv": [0, 0, 8.7, 0.25], "texture": "#20"},
				"east": {"uv": [0, 0, 16, 0.25], "texture": "#missing"},
				"south": {"uv": [0, 0, 8.7, 0.25], "texture": "#30"},
				"west": {"uv": [0, 0, 16, 0.25], "texture": "#missing"},
				"up": {"uv": [0, 0, 8.7, 16], "texture": "#20"},
				"down": {"uv": [0, 0, 8.7, 16], "texture": "#missing"}
			}
		},
		{
			"from": [13.96536, 24.53464, -16],
			"to": [17.96536, 25.53464, 28.5],
			"rotation": {"angle": 45, "axis": "z", "origin": [13.96536, 5.78464, 0]},
			"faces": {
				"north": {"uv": [0, 0, 4, 1], "texture": "#20"},
				"east": {"uv": [0, 0, 16, 1], "texture": "#20"},
				"south": {"uv": [0, 0, 4, 1], "texture": "#30"},
				"west": {"uv": [0, 0, 16, 1], "texture": "#missing"},
				"up": {"uv": [0, 0, 4, 16], "texture": "#20"},
				"down": {"uv": [0, 0, 4, 16], "texture": "#23"}
			}
		},
		{
			"from": [-0.79379, 27.36307, -16],
			"to": [3.20621, 28.36307, 28.5],
			"rotation": {"angle": -45, "axis": "z", "origin": [-0.79379, 8.61307, 0]},
			"faces": {
				"north": {"uv": [0, 0, 4, 1], "texture": "#20"},
				"east": {"uv": [0, 0, 16, 1], "texture": "#missing"},
				"south": {"uv": [0, 0, 4, 1], "texture": "#30"},
				"west": {"uv": [0, 0, 16, 1], "texture": "#20"},
				"up": {"uv": [0, 0, 4, 16], "texture": "#20"},
				"down": {"uv": [0, 0, 4, 16], "texture": "#23"}
			}
		},
		{
			"from": [15, 11.25, -3.5],
			"to": [16, 18, 0.75],
			"rotation": {"angle": 0, "axis": "y", "origin": [0, 0, -9.75]},
			"faces": {
				"north": {"uv": [0, 0, 1, 6.75], "texture": "#26"},
				"east": {"uv": [15.52, 9.25, 13.022, 16], "texture": "#30"},
				"south": {"uv": [0, 0, 1, 6.75], "texture": "#26"},
				"west": {"uv": [0, 0, 10.786, 12.094], "texture": "#23"},
				"up": {"uv": [0, 0, 1, 5.25], "texture": "#missing"},
				"down": {"uv": [0, 0, 1, 5.25], "texture": "#missing"}
			}
		},
		{
			"from": [0, 11.25, -3.5],
			"to": [1, 18, 0.75],
			"rotation": {"angle": 0, "axis": "y", "origin": [0, 0, -9.75]},
			"faces": {
				"north": {"uv": [0, 0, 1, 6.75], "texture": "#26"},
				"east": {"uv": [8.67, 0.064, 16, 12.798], "texture": "#23"},
				"south": {"uv": [0, 0, 1, 6.75], "texture": "#26"},
				"west": {"uv": [13.502, 9.25, 16, 16], "texture": "#30"},
				"up": {"uv": [0, 0, 1, 5.25], "texture": "#missing"},
				"down": {"uv": [0, 0, 1, 5.25], "texture": "#missing"}
			}
		},
		{
			"from": [15, 11.25, 11.75],
			"to": [16, 18, 16],
			"rotation": {"angle": 0, "axis": "y", "origin": [0, 0, -6.75]},
			"faces": {
				"north": {"uv": [0, 0, 1, 6.75], "texture": "#26"},
				"east": {"uv": [13.502, 9.25, 16, 16], "texture": "#30"},
				"south": {"uv": [0, 0, 1, 6.75], "texture": "#26"},
				"west": {"uv": [0, 0, 10.786, 12.094], "texture": "#23"},
				"up": {"uv": [0, 0, 1, 5.25], "texture": "#missing"},
				"down": {"uv": [0, 0, 1, 5.25], "texture": "#missing"}
			}
		},
		{
			"from": [0, 11.25, 11.75],
			"to": [1, 18, 16],
			"rotation": {"angle": 0, "axis": "y", "origin": [0, 0, -6.75]},
			"faces": {
				"north": {"uv": [0, 0, 1, 6.75], "texture": "#26"},
				"east": {"uv": [6.59, 0, 16, 13.758], "texture": "#23"},
				"south": {"uv": [0, 0, 1, 6.75], "texture": "#26"},
				"west": {"uv": [13.984, 9.25, 11.486, 16], "texture": "#30"},
				"up": {"uv": [0, 0, 1, 5.25], "texture": "#missing"},
				"down": {"uv": [0, 0, 1, 5.25], "texture": "#missing"}
			}
		},
		{
			"from": [15, 11.25, 22],
			"to": [16, 18, 28.5],
			"rotation": {"angle": 0, "axis": "y", "origin": [0, 0, -0.5]},
			"faces": {
				"north": {"uv": [0, 0, 1, 6.75], "texture": "#26"},
				"east": {"uv": [0, 9.25, 5.25, 16], "texture": "#30"},
				"south": {"uv": [0, 0, 1, 6.75], "texture": "#30"},
				"west": {"uv": [0, 0, 10.786, 12.094], "texture": "#23"},
				"up": {"uv": [0, 0, 1, 5.25], "texture": "#missing"},
				"down": {"uv": [0, 0, 1, 5.25], "texture": "#missing"}
			}
		},
		{
			"from": [0, 11.25, -16],
			"to": [1, 18, -14.25],
			"rotation": {"angle": 0, "axis": "y", "origin": [0, 0, -0.5]},
			"faces": {
				"north": {"uv": [0, 0, 1, 6.75], "texture": "#23"},
				"east": {"uv": [6.59, 0, 16, 13.758], "texture": "#23"},
				"south": {"uv": [0, 0, 1, 6.75], "texture": "#26"},
				"west": {"uv": [8.994, 9.25, 3.744, 16], "texture": "#30"},
				"up": {"uv": [0, 0, 1, 5.25], "texture": "#missing"},
				"down": {"uv": [0, 0, 1, 5.25], "texture": "#missing"}
			}
		},
		{
			"from": [15, 11.25, -16],
			"to": [16, 18, -14.25],
			"rotation": {"angle": 0, "axis": "y", "origin": [0, 0, -0.5]},
			"faces": {
				"north": {"uv": [0, 0, 1, 6.75], "texture": "#23"},
				"east": {"uv": [10.75, 9.25, 16, 16], "texture": "#30"},
				"south": {"uv": [0, 0, 1, 6.75], "texture": "#26"},
				"west": {"uv": [0, 0, 10.786, 12.094], "texture": "#23"},
				"up": {"uv": [0, 0, 1, 5.25], "texture": "#missing"},
				"down": {"uv": [0, 0, 1, 5.25], "texture": "#missing"}
			}
		},
		{
			"from": [0, 11.25, 22],
			"to": [1, 18, 28.5],
			"rotation": {"angle": 0, "axis": "y", "origin": [0, 0, -0.5]},
			"faces": {
				"north": {"uv": [0, 0, 1, 6.75], "texture": "#26"},
				"east": {"uv": [6.59, 0, 16, 13.758], "texture": "#23"},
				"south": {"uv": [0, 0, 1, 6.75], "texture": "#30"},
				"west": {"uv": [13.826, 9.25, 8.576, 16], "texture": "#30"},
				"up": {"uv": [0, 0, 1, 5.25], "texture": "#missing"},
				"down": {"uv": [0, 0, 1, 5.25], "texture": "#missing"}
			}
		},
		{
			"from": [15, 5, -16],
			"to": [16, 11.25, 0.75],
			"rotation": {"angle": 0, "axis": "y", "origin": [0, 0, -9.75]},
			"faces": {
				"north": {"uv": [0, 0, 1, 6.25], "texture": "#23"},
				"east": {"uv": [16, 6.144, 0, 9.834], "texture": "#20"},
				"south": {"uv": [0, 0, 1, 6.25], "texture": "#26"},
				"west": {"uv": [0, 0.16, 16, 6.25], "texture": "#23"},
				"up": {"uv": [0, 0, 1, 16], "texture": "#26"},
				"down": {"uv": [0, 0, 1, 16], "texture": "#20"}
			}
		},
		{
			"from": [15, 5, 11.75],
			"to": [16, 11.25, 28.5],
			"rotation": {"angle": 0, "axis": "y", "origin": [0, 0, -0.5]},
			"faces": {
				"north": {"uv": [0, 0, 1, 6.25], "texture": "#26"},
				"east": {"uv": [0, 5.024, 16, 7.786], "texture": "#20"},
				"south": {"uv": [0, 0, 1, 6.25], "texture": "#30"},
				"west": {"uv": [0, 0, 16, 6.25], "texture": "#23"},
				"up": {"uv": [0, 0, 1, 16], "texture": "#26"},
				"down": {"uv": [0, 0, 1, 16], "texture": "#20"}
			}
		},
		{
			"from": [10.5, 5, 27.5],
			"to": [15, 11.25, 28.5],
			"rotation": {"angle": 0, "axis": "y", "origin": [0, 0, -0.5]},
			"faces": {
				"north": {"uv": [0, 0, 1, 6.25], "texture": "#23"},
				"east": {"uv": [0, 5.024, 16, 7.786], "texture": "#20"},
				"south": {"uv": [0, 0, 1, 6.25], "texture": "#30"},
				"west": {"uv": [0, 0, 16, 6.25], "texture": "#23"},
				"up": {"uv": [0, 0, 1, 16], "texture": "#20"},
				"down": {"uv": [0, 0, 1, 16], "texture": "#20"}
			}
		},
		{
			"from": [2, 6.5, 28],
			"to": [3.5, 7, 28.75],
			"rotation": {"angle": 0, "axis": "y", "origin": [0, 0, -0.5]},
			"faces": {
				"north": {"uv": [5.344, 0, 10.888, 6.25], "texture": "#28"},
				"east": {"uv": [0, 3.36, 16, 6.122], "texture": "#28"},
				"south": {"uv": [3.488, 5.952, 11.048, 10.122], "texture": "#17"},
				"west": {"uv": [0, 0, 16, 6.25], "texture": "#28"},
				"up": {"uv": [0, 0, 16, 2.816], "texture": "#28"},
				"down": {"uv": [0, 0, 10.76, 3.488], "texture": "#28"}
			}
		},
		{
			"from": [12.5, 7, 28],
			"to": [14, 7.5, 28.75],
			"rotation": {"angle": 0, "axis": "y", "origin": [0, 0, -0.5]},
			"faces": {
				"north": {"uv": [5.344, 0, 10.888, 6.25], "texture": "#28"},
				"east": {"uv": [0, 3.36, 16, 6.122], "texture": "#28"},
				"south": {"uv": [6.61333, 1.49333, 8.73333, 2.25], "texture": "#18"},
				"west": {"uv": [0, 0, 16, 6.25], "texture": "#28"},
				"up": {"uv": [0, 0, 16, 2.816], "texture": "#28"},
				"down": {"uv": [0, 0, 10.76, 3.488], "texture": "#28"}
			}
		},
		{
			"from": [2, 7, 28],
			"to": [3.5, 7.5, 28.75],
			"rotation": {"angle": 0, "axis": "y", "origin": [0, 0, -0.5]},
			"faces": {
				"north": {"uv": [5.344, 0, 10.888, 6.25], "texture": "#28"},
				"east": {"uv": [0, 3.36, 16, 6.122], "texture": "#28"},
				"south": {"uv": [6.61333, 1.49333, 8.73333, 2.25], "texture": "#18"},
				"west": {"uv": [0, 0, 16, 6.25], "texture": "#28"},
				"up": {"uv": [0, 0, 16, 2.816], "texture": "#28"},
				"down": {"uv": [0, 0, 10.76, 3.488], "texture": "#28"}
			}
		},
		{
			"from": [12, 8, 28],
			"to": [14.5, 10.5, 28.75],
			"rotation": {"angle": 0, "axis": "y", "origin": [0, 0, -0.5]},
			"faces": {
				"north": {"uv": [5.344, 0, 10.888, 6.25], "texture": "#28"},
				"east": {"uv": [0, 3.36, 16, 6.122], "texture": "#28"},
				"south": {"uv": [0, 0, 16, 16], "texture": "#38"},
				"west": {"uv": [0, 0, 16, 6.25], "texture": "#28"},
				"up": {"uv": [0, 0, 16, 2.816], "texture": "#28"},
				"down": {"uv": [0, 0, 10.76, 3.488], "texture": "#28"}
			}
		},
		{
			"from": [1.5, 8, 28],
			"to": [4, 10.5, 28.75],
			"rotation": {"angle": 0, "axis": "y", "origin": [0, 0, -0.5]},
			"faces": {
				"north": {"uv": [5.344, 0, 10.888, 6.25], "texture": "#28"},
				"east": {"uv": [0, 3.36, 16, 6.122], "texture": "#28"},
				"south": {"uv": [0, 0, 16, 16], "texture": "#34"},
				"west": {"uv": [0, 0, 16, 6.25], "texture": "#28"},
				"up": {"uv": [0, 0, 16, 2.816], "texture": "#28"},
				"down": {"uv": [0, 0, 10.76, 3.488], "texture": "#28"}
			}
		},
		{
			"from": [12.5, 6.5, 28],
			"to": [14, 7, 28.75],
			"rotation": {"angle": 0, "axis": "y", "origin": [0, 0, -0.5]},
			"faces": {
				"north": {"uv": [5.344, 0, 10.888, 6.25], "texture": "#28"},
				"east": {"uv": [0, 3.36, 16, 6.122], "texture": "#28"},
				"south": {"uv": [3.488, 5.952, 11.048, 10.122], "texture": "#17"},
				"west": {"uv": [0, 0, 16, 6.25], "texture": "#28"},
				"up": {"uv": [0, 0, 16, 2.816], "texture": "#28"},
				"down": {"uv": [0, 0, 10.76, 3.488], "texture": "#28"}
			}
		},
		{
			"from": [5.5, 5, 27.75],
			"to": [10.5, 12.25, 28.25],
			"rotation": {"angle": 0, "axis": "y", "origin": [0, 0, -0.5]},
			"faces": {
				"north": {"uv": [0, 0, 1, 6.25], "texture": "#23"},
				"east": {"uv": [0, 5.024, 16, 7.786], "texture": "#20"},
				"south": {"uv": [0, 0, 1, 6.25], "texture": "#30"},
				"west": {"uv": [0, 0, 16, 6.25], "texture": "#23"},
				"up": {"uv": [0, 0, 1, 16], "texture": "#20"},
				"down": {"uv": [0, 0, 1, 16], "texture": "#20"}
			}
		},
		{
			"from": [5.5, 12.25, 27.75],
			"to": [10.5, 19.75, 28.25],
			"rotation": {"angle": 0, "axis": "y", "origin": [0, 0, -0.5]},
			"faces": {
				"north": {"uv": [0, 0, 1, 6.25], "texture": "#23"},
				"east": {"uv": [0, 5.024, 16, 7.786], "texture": "#20"},
				"south": {"uv": [0, 0, 1, 6.25], "texture": "#26"},
				"west": {"uv": [0, 0, 16, 6.25], "texture": "#23"},
				"up": {"uv": [0, 0, 1, 16], "texture": "#20"},
				"down": {"uv": [0, 0, 1, 16], "texture": "#20"}
			}
		},
		{
			"from": [1, 5, 27.5],
			"to": [5.5, 11.25, 28.5],
			"rotation": {"angle": 0, "axis": "y", "origin": [0, 0, -0.5]},
			"faces": {
				"north": {"uv": [0, 0, 1, 6.25], "texture": "#23"},
				"east": {"uv": [0, 5.024, 16, 7.786], "texture": "#20"},
				"south": {"uv": [0, 0, 1, 6.25], "texture": "#30"},
				"west": {"uv": [0, 0, 16, 6.25], "texture": "#23"},
				"up": {"uv": [0, 0, 1, 16], "texture": "#23"},
				"down": {"uv": [0, 0, 1, 16], "texture": "#20"}
			}
		},
		{
			"from": [1, 11.25, 27.5],
			"to": [5.5, 19.75, 28.5],
			"rotation": {"angle": 0, "axis": "y", "origin": [0, 0, -0.5]},
			"faces": {
				"north": {"uv": [0, 0, 1, 6.25], "texture": "#15"},
				"east": {"uv": [0, 5.024, 16, 7.786], "texture": "#20"},
				"south": {"uv": [0, 0, 1, 6.25], "texture": "#15"},
				"west": {"uv": [0, 0, 16, 6.25], "texture": "#23"},
				"up": {"uv": [0, 0, 1, 16], "texture": "#23"},
				"down": {"uv": [0, 0, 1, 16], "texture": "#20"}
			}
		},
		{
			"from": [10.5, 11.25, 27.5],
			"to": [15, 19.75, 28.5],
			"rotation": {"angle": 0, "axis": "y", "origin": [0, 0, -0.5]},
			"faces": {
				"north": {"uv": [0, 0, 1, 6.25], "texture": "#15"},
				"east": {"uv": [0, 5.024, 16, 7.786], "texture": "#20"},
				"south": {"uv": [0, 0, 1, 6.25], "texture": "#15"},
				"west": {"uv": [0, 0, 16, 6.25], "texture": "#23"},
				"up": {"uv": [0, 0, 1, 16], "texture": "#26"},
				"down": {"uv": [0, 0, 1, 16], "texture": "#20"}
			}
		},
		{
			"from": [4.5, 11.25, 27.5],
			"to": [5.5, 19.75, 28.5],
			"rotation": {"angle": 0, "axis": "y", "origin": [0, 0, -0.5]},
			"faces": {
				"north": {"uv": [0, 0, 1, 6.25], "texture": "#23"},
				"east": {"uv": [0, 5.024, 16, 7.786], "texture": "#20"},
				"south": {"uv": [0, 0, 1, 6.25], "texture": "#30"},
				"west": {"uv": [0, 0, 16, 6.25], "texture": "#23"},
				"up": {"uv": [0, 0, 1, 16], "texture": "#26"},
				"down": {"uv": [0, 0, 1, 16], "texture": "#20"}
			}
		},
		{
			"from": [0, 5, -16],
			"to": [1, 11.25, 0.75],
			"rotation": {"angle": 0, "axis": "y", "origin": [0, 0, -9.75]},
			"faces": {
				"north": {"uv": [0, 0, 1, 6.25], "texture": "#23"},
				"east": {"uv": [0, 5.024, 16, 7.786], "texture": "#23"},
				"south": {"uv": [0, 0, 1, 6.25], "texture": "#26"},
				"west": {"uv": [0, 6.112, 16, 9.834], "texture": "#20"},
				"up": {"uv": [0, 0, 1, 16], "texture": "#26"},
				"down": {"uv": [0, 0, 1, 16], "texture": "#20"}
			}
		},
		{
			"from": [-0.01, 13.25, 24],
			"to": [0.99, 16, 26.75],
			"rotation": {"angle": 0, "axis": "y", "origin": [0, 0, -9.75]},
			"faces": {
				"north": {"uv": [0, 0, 1, 6.25], "texture": "#28"},
				"east": {"uv": [0, 5.024, 16, 7.786], "texture": "#28"},
				"south": {"uv": [0, 0, 1, 6.25], "texture": "#28"},
				"west": {"uv": [0, 0, 16, 16], "texture": "#38"},
				"up": {"uv": [0, 0, 1, 16], "texture": "#28"},
				"down": {"uv": [0, 0, 1, 16], "texture": "#28"}
			}
		},
		{
			"from": [15.01, 13.25, 24],
			"to": [16.01, 16, 26.75],
			"rotation": {"angle": 0, "axis": "y", "origin": [0, 0, -9.75]},
			"faces": {
				"north": {"uv": [0, 0, 1, 6.25], "texture": "#28"},
				"east": {"uv": [0, 0, 16, 16], "texture": "#34"},
				"south": {"uv": [0, 0, 1, 6.25], "texture": "#28"},
				"west": {"uv": [0, 0, 16, 16], "texture": "#28"},
				"up": {"uv": [0, 0, 1, 16], "texture": "#28"},
				"down": {"uv": [0, 0, 1, 16], "texture": "#28"}
			}
		},
		{
			"from": [0, 5, 11.75],
			"to": [1, 11.25, 28.5],
			"rotation": {"angle": 0, "axis": "y", "origin": [0, 0, -0.5]},
			"faces": {
				"north": {"uv": [0, 0, 1, 6.25], "texture": "#26"},
				"east": {"uv": [0, 5.024, 16, 7.786], "texture": "#23"},
				"south": {"uv": [0, 0, 1, 6.25], "texture": "#30"},
				"west": {"uv": [16, 0.864, 0, 3.658], "texture": "#20"},
				"up": {"uv": [0, 0, 1, 16], "texture": "#26"},
				"down": {"uv": [0, 0, 1, 16], "texture": "#20"}
			}
		},
		{
			"from": [10.5, 7, -16],
			"to": [15, 8.5, -12.5],
			"rotation": {"angle": 0, "axis": "y", "origin": [0, 0, -15.5]},
			"faces": {
				"north": {"uv": [0, 0, 3.75, 1.5], "texture": "#22"},
				"east": {"uv": [0, 0, 16, 1.5], "texture": "#21"},
				"south": {"uv": [0, 0, 3.75, 1.5], "texture": "#21"},
				"west": {"uv": [0, 0, 16, 1.5], "texture": "#22"},
				"up": {"uv": [0, 0, 3.75, 16], "texture": "#21"},
				"down": {"uv": [0, 0, 3.75, 16], "texture": "#22"}
			}
		},
		{
			"from": [1, 7, -16],
			"to": [5.5, 8.5, -12.5],
			"rotation": {"angle": 0, "axis": "y", "origin": [0, 0, -15.5]},
			"faces": {
				"north": {"uv": [0, 0, 3.75, 1.5], "texture": "#22"},
				"east": {"uv": [0, 0, 16, 1.5], "texture": "#22"},
				"south": {"uv": [0, 0, 3.75, 1.5], "texture": "#21"},
				"west": {"uv": [0, 0, 16, 1.5], "texture": "#21"},
				"up": {"uv": [0, 0, 3.75, 16], "texture": "#21"},
				"down": {"uv": [0, 0, 3.75, 16], "texture": "#22"}
			}
		},
		{
			"from": [10.5, 8.5, 26.5],
			"to": [15, 12.8, 27],
			"rotation": {"angle": 0, "axis": "y", "origin": [0, 0, -15.5]},
			"faces": {
				"north": {"uv": [0, 0, 0.5, 2.75], "texture": "#21"},
				"east": {"uv": [0, 0, 16, 2.75], "texture": "#22"},
				"south": {"uv": [0, 0, 0.5, 2.75], "texture": "#22"},
				"west": {"uv": [0, 0, 16, 2.75], "texture": "#22"},
				"up": {"uv": [0, 0, 0.5, 16], "texture": "#22"},
				"down": {"uv": [0, 0, 0.5, 16], "texture": "#22"}
			}
		},
		{
			"from": [10.5, 7, 23.5],
			"to": [15, 8.5, 27],
			"rotation": {"angle": 0, "axis": "y", "origin": [0, 0, -15.5]},
			"faces": {
				"north": {"uv": [0, 0, 3.75, 1.5], "texture": "#21"},
				"east": {"uv": [0, 0, 16, 1.5], "texture": "#21"},
				"south": {"uv": [0, 0, 3.75, 1.5], "texture": "#22"},
				"west": {"uv": [0, 0, 16, 1.5], "texture": "#22"},
				"up": {"uv": [0, 0, 3.75, 16], "texture": "#21"},
				"down": {"uv": [0, 0, 3.75, 16], "texture": "#22"}
			}
		},
		{
			"from": [5.25, 5, 23.5],
			"to": [5.5, 20, 27.5],
			"rotation": {"angle": 0, "axis": "y", "origin": [0, 0, -15.5]},
			"faces": {
				"north": {"uv": [0, 0, 3.75, 1.5], "texture": "#23"},
				"east": {"uv": [0, 0, 16, 1.5], "texture": "#23"},
				"south": {"uv": [0, 0, 3.75, 1.5], "texture": "#23"},
				"west": {"uv": [0, 0, 16, 1.5], "texture": "#23"},
				"up": {"uv": [0, 0, 3.75, 16], "texture": "#23"},
				"down": {"uv": [0, 0, 3.75, 16], "texture": "#23"}
			}
		},
		{
			"from": [5.25, 5, 14],
			"to": [5.5, 20, 18],
			"rotation": {"angle": 0, "axis": "y", "origin": [0, 0, -15.5]},
			"faces": {
				"north": {"uv": [0, 0, 3.75, 1.5], "texture": "#23"},
				"east": {"uv": [0, 0, 16, 1.5], "texture": "#23"},
				"south": {"uv": [0, 0, 3.75, 1.5], "texture": "#23"},
				"west": {"uv": [0, 0, 16, 1.5], "texture": "#23"},
				"up": {"uv": [0, 0, 3.75, 16], "texture": "#23"},
				"down": {"uv": [0, 0, 3.75, 16], "texture": "#23"}
			}
		},
		{
			"from": [1, 5, 14],
			"to": [5.25, 20, 14.5],
			"rotation": {"angle": 0, "axis": "y", "origin": [0, 0, -15.5]},
			"faces": {
				"north": {"uv": [0, 0, 3.75, 1.5], "texture": "#23"},
				"east": {"uv": [0, 0, 16, 1.5], "texture": "#23"},
				"south": {"uv": [0, 0, 3.75, 1.5], "texture": "#23"},
				"west": {"uv": [0, 0, 16, 1.5], "texture": "#23"},
				"up": {"uv": [0, 0, 3.75, 16], "texture": "#23"},
				"down": {"uv": [0, 0, 3.75, 16], "texture": "#23"}
			}
		},
		{
			"from": [1, 5, 23.5],
			"to": [5.25, 11.25, 27.5],
			"rotation": {"angle": 0, "axis": "y", "origin": [0, 0, -15.5]},
			"faces": {
				"north": {"uv": [0, 0, 3.75, 1.5], "texture": "#22"},
				"east": {"uv": [0, 0, 16, 1.5], "texture": "#22"},
				"south": {"uv": [0, 0, 3.75, 1.5], "texture": "#22"},
				"west": {"uv": [0, 0, 16, 1.5], "texture": "#21"},
				"up": {"uv": [5.894, 10.496, 0.928, 5.568], "texture": "#14"},
				"down": {"uv": [0, 0, 3.75, 16], "texture": "#22"}
			}
		},
		{
			"from": [10.5, 8.5, 14.5],
			"to": [15, 12.8, 15],
			"rotation": {"angle": 0, "axis": "y", "origin": [0, 0, -15.5]},
			"faces": {
				"north": {"uv": [0, 0, 0.5, 2.75], "texture": "#22"},
				"east": {"uv": [0, 0, 16, 2.75], "texture": "#22"},
				"south": {"uv": [0, 0, 0.5, 2.75], "texture": "#21"},
				"west": {"uv": [0, 0, 16, 2.75], "texture": "#22"},
				"up": {"uv": [0, 0, 0.5, 16], "texture": "#22"},
				"down": {"uv": [0, 0, 0.5, 16], "texture": "#22"}
			}
		},
		{
			"from": [10.5, 7, 14.5],
			"to": [15, 8.5, 18],
			"rotation": {"angle": 0, "axis": "y", "origin": [0, 0, -15.5]},
			"faces": {
				"north": {"uv": [0, 0, 3.75, 1.5], "texture": "#22"},
				"east": {"uv": [0, 0, 16, 1.5], "texture": "#21"},
				"south": {"uv": [0, 0, 3.75, 1.5], "texture": "#21"},
				"west": {"uv": [0, 0, 16, 1.5], "texture": "#22"},
				"up": {"uv": [0, 0, 3.75, 16], "texture": "#21"},
				"down": {"uv": [0, 0, 3.75, 16], "texture": "#22"}
			}
		},
		{
			"from": [1, 8.5, 14.5],
			"to": [5.25, 12.8, 15],
			"rotation": {"angle": 0, "axis": "y", "origin": [0, 0, -15.5]},
			"faces": {
				"north": {"uv": [0, 0, 0.5, 2.75], "texture": "#22"},
				"east": {"uv": [0, 0, 16, 2.75], "texture": "#22"},
				"south": {"uv": [0, 0, 0.5, 2.75], "texture": "#21"},
				"west": {"uv": [0, 0, 16, 2.75], "texture": "#22"},
				"up": {"uv": [0, 0, 0.5, 16], "texture": "#22"},
				"down": {"uv": [0, 0, 0.5, 16], "texture": "#22"}
			}
		},
		{
			"from": [1, 7, 14.5],
			"to": [5.25, 8.5, 18],
			"rotation": {"angle": 0, "axis": "y", "origin": [0, 0, -15.5]},
			"faces": {
				"north": {"uv": [0, 0, 3.75, 1.5], "texture": "#22"},
				"east": {"uv": [0, 0, 16, 1.5], "texture": "#22"},
				"south": {"uv": [0, 0, 3.75, 1.5], "texture": "#21"},
				"west": {"uv": [0, 0, 16, 1.5], "texture": "#21"},
				"up": {"uv": [0, 0, 3.75, 16], "texture": "#21"},
				"down": {"uv": [0, 0, 3.75, 16], "texture": "#22"}
			}
		},
		{
			"from": [1, 8.5, -4],
			"to": [5.5, 12.8, -3.5],
			"rotation": {"angle": 0, "axis": "y", "origin": [0, 0, -15.5]},
			"faces": {
				"north": {"uv": [0, 0, 0.5, 2.75], "texture": "#21"},
				"east": {"uv": [0, 0, 16, 2.75], "texture": "#22"},
				"south": {"uv": [0, 0, 0.5, 2.75], "texture": "#22"},
				"west": {"uv": [0, 0, 16, 2.75], "texture": "#22"},
				"up": {"uv": [0, 0, 0.5, 16], "texture": "#22"},
				"down": {"uv": [0, 0, 0.5, 16], "texture": "#22"}
			}
		},
		{
			"from": [10.5, 8.5, -4],
			"to": [15, 12.8, -3.5],
			"rotation": {"angle": 0, "axis": "y", "origin": [0, 0, -15.5]},
			"faces": {
				"north": {"uv": [0, 0, 0.5, 2.75], "texture": "#21"},
				"east": {"uv": [0, 0, 16, 2.75], "texture": "#22"},
				"south": {"uv": [0, 0, 0.5, 2.75], "texture": "#22"},
				"west": {"uv": [0, 0, 16, 2.75], "texture": "#22"},
				"up": {"uv": [0, 0, 0.5, 16], "texture": "#22"},
				"down": {"uv": [0, 0, 0.5, 16], "texture": "#22"}
			}
		},
		{
			"from": [10.5, 7, -7],
			"to": [15, 8.5, -3.5],
			"rotation": {"angle": 0, "axis": "y", "origin": [0, 0, -15.5]},
			"faces": {
				"north": {"uv": [0, 0, 3.75, 1.5], "texture": "#21"},
				"east": {"uv": [0, 0, 16, 1.5], "texture": "#21"},
				"south": {"uv": [0, 0, 3.75, 1.5], "texture": "#22"},
				"west": {"uv": [0, 0, 16, 1.5], "texture": "#22"},
				"up": {"uv": [0, 0, 3.75, 16], "texture": "#21"},
				"down": {"uv": [0, 0, 3.75, 16], "texture": "#22"}
			}
		},
		{
			"from": [1, 7, -7],
			"to": [5.5, 8.5, -3.5],
			"rotation": {"angle": 0, "axis": "y", "origin": [0, 0, -15.5]},
			"faces": {
				"north": {"uv": [0, 0, 3.75, 1.5], "texture": "#21"},
				"east": {"uv": [0, 0, 16, 1.5], "texture": "#22"},
				"south": {"uv": [0, 0, 3.75, 1.5], "texture": "#22"},
				"west": {"uv": [0, 0, 16, 1.5], "texture": "#21"},
				"up": {"uv": [0, 0, 3.75, 16], "texture": "#21"},
				"down": {"uv": [0, 0, 3.75, 16], "texture": "#22"}
			}
		},
		{
			"from": [10.5, 8.5, -16],
			"to": [15, 12.8, -15.5],
			"rotation": {"angle": 0, "axis": "y", "origin": [0, 0, -15.5]},
			"faces": {
				"north": {"uv": [0, 0, 0.5, 2.75], "texture": "#22"},
				"east": {"uv": [0, 0, 16, 2.75], "texture": "#22"},
				"south": {"uv": [0, 0, 0.5, 2.75], "texture": "#21"},
				"west": {"uv": [0, 0, 16, 2.75], "texture": "#22"},
				"up": {"uv": [0, 0, 0.5, 16], "texture": "#22"},
				"down": {"uv": [0, 0, 0.5, 16], "texture": "#22"}
			}
		},
		{
			"from": [1, 8.5, -16],
			"to": [5.5, 12.8, -15.5],
			"rotation": {"angle": 0, "axis": "y", "origin": [0, 0, -15.5]},
			"faces": {
				"north": {"uv": [0, 0, 0.5, 2.75], "texture": "#22"},
				"east": {"uv": [0, 0, 16, 2.75], "texture": "#22"},
				"south": {"uv": [0, 0, 0.5, 2.75], "texture": "#21"},
				"west": {"uv": [0, 0, 16, 2.75], "texture": "#22"},
				"up": {"uv": [0, 0, 0.5, 16], "texture": "#22"},
				"down": {"uv": [0, 0, 0.5, 16], "texture": "#22"}
			}
		},
		{
			"from": [15, 18, 11.75],
			"to": [16, 19.75, 28.5],
			"faces": {
				"north": {"uv": [0, 0, 1, 0.75], "texture": "#missing"},
				"east": {"uv": [0, 12.626, 16, 16], "texture": "#30"},
				"south": {"uv": [0, 0, 1, 0.75], "texture": "#30"},
				"west": {"uv": [0, 0, 16, 0.75], "texture": "#23"},
				"up": {"uv": [0, 0, 1, 16], "texture": "#missing"},
				"down": {"uv": [0, 0, 1, 16], "texture": "#26"}
			}
		},
		{
			"from": [0, 18, 11.75],
			"to": [1, 19.75, 28.5],
			"faces": {
				"north": {"uv": [0, 0, 1, 0.75], "texture": "#missing"},
				"east": {"uv": [0, 0, 16, 0.75], "texture": "#23"},
				"south": {"uv": [0, 0, 1, 0.75], "texture": "#30"},
				"west": {"uv": [16, 15.25, 0, 16], "texture": "#30"},
				"up": {"uv": [0, 0, 1, 16], "texture": "#missing"},
				"down": {"uv": [0, 0, 1, 16], "texture": "#26"}
			}
		},
		{
			"from": [15, 18, -16],
			"to": [16, 19.75, 0.75],
			"faces": {
				"north": {"uv": [0, 0, 1, 0.75], "texture": "#23"},
				"east": {"uv": [16, 14.578, 0, 16], "texture": "#30"},
				"south": {"uv": [0, 0, 1, 0.75], "texture": "#missing"},
				"west": {"uv": [0, 0, 10.25, 0.75], "texture": "#23"},
				"up": {"uv": [0, 0, 1, 10.25], "texture": "#missing"},
				"down": {"uv": [0, 0, 1, 10.25], "texture": "#26"}
			}
		},
		{
			"from": [0, 18, 0.75],
			"to": [1, 19.75, 11.75],
			"faces": {
				"north": {"uv": [0, 0, 1, 0.75], "texture": "#missing"},
				"east": {"uv": [0, 0, 10.25, 0.75], "texture": "#23"},
				"south": {"uv": [0, 0, 1, 0.75], "texture": "#missing"},
				"west": {"uv": [0.256, 15.25, 10.506, 16], "texture": "#30"},
				"up": {"uv": [0, 0, 1, 10.25], "texture": "#missing"},
				"down": {"uv": [0, 0, 1, 10.25], "texture": "#26"}
			}
		},
		{
			"from": [15, 18, 0.75],
			"to": [16, 19.75, 11.75],
			"faces": {
				"north": {"uv": [0, 0, 1, 0.75], "texture": "#missing"},
				"east": {"uv": [0, 15.25, 10.25, 16], "texture": "#30"},
				"south": {"uv": [0, 0, 1, 0.75], "texture": "#missing"},
				"west": {"uv": [0, 0, 10.25, 0.75], "texture": "#23"},
				"up": {"uv": [0, 0, 1, 10.25], "texture": "#missing"},
				"down": {"uv": [0, 0, 1, 10.25], "texture": "#26"}
			}
		},
		{
			"from": [0, 18, -16],
			"to": [1, 19.75, 0.75],
			"faces": {
				"north": {"uv": [0, 0, 1, 0.75], "texture": "#23"},
				"east": {"uv": [0, 0, 10.25, 0.75], "texture": "#23"},
				"south": {"uv": [0, 0, 1, 0.75], "texture": "#missing"},
				"west": {"uv": [0, 11.058, 16, 16], "texture": "#30"},
				"up": {"uv": [0, 0, 1, 10.25], "texture": "#missing"},
				"down": {"uv": [0, 0, 1, 10.25], "texture": "#26"}
			}
		},
		{
			"from": [5.5, 4.25, 28.5],
			"to": [10.5, 5, 29.25],
			"rotation": {"angle": 0, "axis": "y", "origin": [0, 0, 2]},
			"faces": {
				"north": {"uv": [0, 0, 12.5, 0.75], "texture": "#32"},
				"east": {"uv": [0, 0, 2, 0.75], "texture": "#32"},
				"south": {"uv": [0, 0, 12.5, 0.75], "texture": "#32"},
				"west": {"uv": [0, 0, 2, 0.75], "texture": "#32"},
				"up": {"uv": [0, 0, 12.5, 7.344], "texture": "#31"},
				"down": {"uv": [0, 0, 12.5, 2], "texture": "#32"}
			}
		},
		{
			"from": [5.95, 20.5, 28.5],
			"to": [10.05, 21.2, 29.25],
			"rotation": {"angle": 0, "axis": "y", "origin": [0, 1, 2]},
			"faces": {
				"north": {"uv": [0, 0, 12.5, 0.75], "texture": "#32"},
				"east": {"uv": [0, 0, 2, 0.75], "texture": "#32"},
				"south": {"uv": [0, 0, 12.5, 0.75], "texture": "#32"},
				"west": {"uv": [0, 0, 2, 0.75], "texture": "#32"},
				"up": {"uv": [0, 0, 12.5, 2], "texture": "#32"},
				"down": {"uv": [0, 0, 12.5, 2], "texture": "#32"}
			}
		},
		{
			"from": [10.5, 4.25, 28.5],
			"to": [11.5, 19.75, 29.25],
			"rotation": {"angle": 0, "axis": "y", "origin": [-4.5, 0, 2]},
			"faces": {
				"north": {"uv": [0, 0, 0.75, 13.75], "texture": "#32"},
				"east": {"uv": [0, 0, 2, 13.75], "texture": "#32"},
				"south": {"uv": [0, 0, 0.75, 13.75], "texture": "#32"},
				"west": {"uv": [0, 0, 2, 13.75], "texture": "#32"},
				"up": {"uv": [0, 0, 0.75, 2], "texture": "#32"},
				"down": {"uv": [0, 0, 0.75, 2], "texture": "#32"}
			}
		},
		{
			"from": [4.5, 4.25, 28.5],
			"to": [5.5, 19.75, 29.25],
			"rotation": {"angle": 0, "axis": "y", "origin": [4.5, 0, 2]},
			"faces": {
				"north": {"uv": [0, 0, 0.75, 13.75], "texture": "#32"},
				"east": {"uv": [0, 0, 2, 13.75], "texture": "#32"},
				"south": {"uv": [0, 0, 0.75, 13.75], "texture": "#32"},
				"west": {"uv": [0, 0, 2, 13.75], "texture": "#32"},
				"up": {"uv": [0, 0, 0.75, 2], "texture": "#32"},
				"down": {"uv": [0, 0, 0.75, 2], "texture": "#32"}
			}
		},
		{
			"from": [-10.05635, 26.60786, 28.5],
			"to": [-9.30635, 28.65786, 29.25],
			"rotation": {"angle": -45, "axis": "z", "origin": [-11.05635, 5.60786, 2]},
			"faces": {
				"north": {"uv": [0, 0, 0.75, 1.05], "texture": "#32"},
				"east": {"uv": [0, 0, 2, 1.05], "texture": "#32"},
				"south": {"uv": [0, 0, 0.75, 1.05], "texture": "#32"},
				"west": {"uv": [0, 0, 2, 1.05], "texture": "#32"},
				"up": {"uv": [0, 0, 0.75, 2], "texture": "#32"},
				"down": {"uv": [0, 0, 0.75, 2], "texture": "#32"}
			}
		},
		{
			"from": [26.11181, 24.66332, 28.5],
			"to": [26.86181, 26.71332, 29.25],
			"rotation": {"angle": 45, "axis": "z", "origin": [25.11181, 3.66332, 2]},
			"faces": {
				"north": {"uv": [0, 0, 0.75, 1.05], "texture": "#32"},
				"east": {"uv": [0, 0, 2, 1.05], "texture": "#32"},
				"south": {"uv": [0, 0, 0.75, 1.05], "texture": "#32"},
				"west": {"uv": [0, 0, 2, 1.05], "texture": "#32"},
				"up": {"uv": [0, 0, 0.75, 2], "texture": "#32"},
				"down": {"uv": [0, 0, 0.75, 2], "texture": "#32"}
			}
		},
		{
			"from": [29.1364, 9.15751, 0.15],
			"to": [31.1364, 9.65751, 0.65],
			"rotation": {"angle": 45, "axis": "z", "origin": [14.6364, -5.74249, 9.15]},
			"faces": {
				"north": {"uv": [0, 0, 16, 4.25], "texture": "#20"},
				"east": {"uv": [0, 0, 1.5, 4.25], "texture": "#20"},
				"south": {"uv": [3.392, 10.632, 12.672, 13.594], "texture": "#20"},
				"west": {"uv": [0, 0, 1.5, 4.25], "texture": "#20"},
				"up": {"uv": [0, 0, 16, 1.5], "texture": "#20"},
				"down": {"uv": [0, 0, 16, 1.5], "texture": "#20"}
			}
		},
		{
			"from": [14, 8.4, 0.15],
			"to": [14.5, 15.4, 0.65],
			"rotation": {"angle": 0, "axis": "y", "origin": [0, 0, 9.15]},
			"faces": {
				"north": {"uv": [0, 0, 16, 4.25], "texture": "#20"},
				"east": {"uv": [0, 0, 1.5, 4.25], "texture": "#20"},
				"south": {"uv": [3.392, 10.632, 12.672, 13.594], "texture": "#20"},
				"west": {"uv": [0, 0, 1.5, 4.25], "texture": "#20"},
				"up": {"uv": [0, 0, 16, 1.5], "texture": "#20"},
				"down": {"uv": [0, 0, 16, 1.5], "texture": "#20"}
			}
		},
		{
			"from": [7.71106, 23.01716, 0.15],
			"to": [9.71106, 23.51716, 0.65],
			"rotation": {"angle": -45, "axis": "z", "origin": [-6.78894, 8.11716, 9.15]},
			"faces": {
				"north": {"uv": [0, 0, 16, 4.25], "texture": "#20"},
				"east": {"uv": [0, 0, 1.5, 4.25], "texture": "#20"},
				"south": {"uv": [3.392, 10.632, 12.672, 13.594], "texture": "#20"},
				"west": {"uv": [0, 0, 1.5, 4.25], "texture": "#20"},
				"up": {"uv": [0, 0, 16, 1.5], "texture": "#20"},
				"down": {"uv": [0, 0, 16, 1.5], "texture": "#20"}
			}
		},
		{
			"from": [-8.83919, 24.3603, 0.15],
			"to": [-6.83919, 24.8603, 0.65],
			"rotation": {"angle": -45, "axis": "z", "origin": [-13.83919, 9.4603, 9.15]},
			"faces": {
				"north": {"uv": [0, 0, 16, 4.25], "texture": "#20"},
				"east": {"uv": [0, 0, 1.5, 4.25], "texture": "#20"},
				"south": {"uv": [3.392, 10.632, 12.672, 13.594], "texture": "#20"},
				"west": {"uv": [0, 0, 1.5, 4.25], "texture": "#20"},
				"up": {"uv": [0, 0, 16, 1.5], "texture": "#20"},
				"down": {"uv": [0, 0, 16, 1.5], "texture": "#20"}
			}
		},
		{
			"from": [1.5, 8.4, 0.15],
			"to": [2, 15.4, 0.65],
			"rotation": {"angle": 0, "axis": "y", "origin": [0, 0, 9.15]},
			"faces": {
				"north": {"uv": [0, 0, 16, 4.25], "texture": "#20"},
				"east": {"uv": [0, 0, 1.5, 4.25], "texture": "#20"},
				"south": {"uv": [3.392, 10.632, 12.672, 13.594], "texture": "#20"},
				"west": {"uv": [0, 0, 1.5, 4.25], "texture": "#20"},
				"up": {"uv": [0, 0, 16, 1.5], "texture": "#20"},
				"down": {"uv": [0, 0, 16, 1.5], "texture": "#20"}
			}
		},
		{
			"from": [12.73259, 7.46081, 0.15],
			"to": [14.73259, 7.96081, 0.65],
			"rotation": {"angle": 45, "axis": "z", "origin": [7.23259, -7.43919, 9.15]},
			"faces": {
				"north": {"uv": [0, 0, 16, 4.25], "texture": "#20"},
				"east": {"uv": [0, 0, 1.5, 4.25], "texture": "#20"},
				"south": {"uv": [3.392, 10.632, 12.672, 13.594], "texture": "#20"},
				"west": {"uv": [0, 0, 1.5, 4.25], "texture": "#20"},
				"up": {"uv": [0, 0, 16, 1.5], "texture": "#20"},
				"down": {"uv": [0, 0, 16, 1.5], "texture": "#20"}
			}
		},
		{
			"from": [29.1364, 9.15751, 11.85],
			"to": [31.1364, 9.65751, 12.35],
			"rotation": {"angle": 45, "axis": "z", "origin": [14.6364, -5.74249, 20.85]},
			"faces": {
				"north": {"uv": [0, 0, 16, 4.25], "texture": "#20"},
				"east": {"uv": [0, 0, 1.5, 4.25], "texture": "#20"},
				"south": {"uv": [3.392, 10.632, 12.672, 13.594], "texture": "#20"},
				"west": {"uv": [0, 0, 1.5, 4.25], "texture": "#20"},
				"up": {"uv": [0, 0, 16, 1.5], "texture": "#20"},
				"down": {"uv": [0, 0, 16, 1.5], "texture": "#20"}
			}
		},
		{
			"from": [14, 8.4, 11.85],
			"to": [14.5, 15.4, 12.35],
			"rotation": {"angle": 0, "axis": "y", "origin": [0, 0, 20.85]},
			"faces": {
				"north": {"uv": [0, 0, 16, 4.25], "texture": "#20"},
				"east": {"uv": [0, 0, 1.5, 4.25], "texture": "#20"},
				"south": {"uv": [3.392, 10.632, 12.672, 13.594], "texture": "#20"},
				"west": {"uv": [0, 0, 1.5, 4.25], "texture": "#20"},
				"up": {"uv": [0, 0, 16, 1.5], "texture": "#20"},
				"down": {"uv": [0, 0, 16, 1.5], "texture": "#20"}
			}
		},
		{
			"from": [7.71106, 23.01716, 11.85],
			"to": [9.71106, 23.51716, 12.35],
			"rotation": {"angle": -45, "axis": "z", "origin": [-6.78894, 8.11716, 20.85]},
			"faces": {
				"north": {"uv": [0, 0, 16, 4.25], "texture": "#20"},
				"east": {"uv": [0, 0, 1.5, 4.25], "texture": "#20"},
				"south": {"uv": [3.392, 10.632, 12.672, 13.594], "texture": "#20"},
				"west": {"uv": [0, 0, 1.5, 4.25], "texture": "#20"},
				"up": {"uv": [0, 0, 16, 1.5], "texture": "#20"},
				"down": {"uv": [0, 0, 16, 1.5], "texture": "#20"}
			}
		},
		{
			"from": [-8.83919, 24.3603, 11.85],
			"to": [-6.83919, 24.8603, 12.35],
			"rotation": {"angle": -45, "axis": "z", "origin": [-13.83919, 9.4603, 20.85]},
			"faces": {
				"north": {"uv": [0, 0, 16, 4.25], "texture": "#20"},
				"east": {"uv": [0, 0, 1.5, 4.25], "texture": "#20"},
				"south": {"uv": [3.392, 10.632, 12.672, 13.594], "texture": "#20"},
				"west": {"uv": [0, 0, 1.5, 4.25], "texture": "#20"},
				"up": {"uv": [0, 0, 16, 1.5], "texture": "#20"},
				"down": {"uv": [0, 0, 16, 1.5], "texture": "#20"}
			}
		},
		{
			"from": [1.5, 8.4, 11.85],
			"to": [2, 15.4, 12.35],
			"rotation": {"angle": 0, "axis": "y", "origin": [0, 0, 20.85]},
			"faces": {
				"north": {"uv": [0, 0, 16, 4.25], "texture": "#20"},
				"east": {"uv": [0, 0, 1.5, 4.25], "texture": "#20"},
				"south": {"uv": [3.392, 10.632, 12.672, 13.594], "texture": "#20"},
				"west": {"uv": [0, 0, 1.5, 4.25], "texture": "#20"},
				"up": {"uv": [0, 0, 16, 1.5], "texture": "#20"},
				"down": {"uv": [0, 0, 16, 1.5], "texture": "#20"}
			}
		},
		{
			"from": [12.73259, 7.46081, 11.85],
			"to": [14.73259, 7.96081, 12.35],
			"rotation": {"angle": 45, "axis": "z", "origin": [7.23259, -7.43919, 20.85]},
			"faces": {
				"north": {"uv": [0, 0, 16, 4.25], "texture": "#20"},
				"east": {"uv": [0, 0, 1.5, 4.25], "texture": "#20"},
				"south": {"uv": [3.392, 10.632, 12.672, 13.594], "texture": "#20"},
				"west": {"uv": [0, 0, 1.5, 4.25], "texture": "#20"},
				"up": {"uv": [0, 0, 16, 1.5], "texture": "#20"},
				"down": {"uv": [0, 0, 16, 1.5], "texture": "#20"}
			}
		},
		{
			"from": [10.25, 8.07144, 17.458],
			"to": [10.75, 8.57144, 20.458],
			"rotation": {"angle": -45, "axis": "x", "origin": [0, 10.44365, 3.33884]},
			"faces": {
				"north": {"uv": [0, 0, 16, 4.25], "texture": "#20"},
				"east": {"uv": [0, 0, 1.5, 4.25], "texture": "#20"},
				"south": {"uv": [3.392, 10.632, 12.672, 13.594], "texture": "#20"},
				"west": {"uv": [0, 0, 1.5, 4.25], "texture": "#20"},
				"up": {"uv": [0, 0, 16, 1.5], "texture": "#20"},
				"down": {"uv": [0, 0, 16, 1.5], "texture": "#20"}
			}
		},
		{
			"from": [5.25, 8.07144, 17.458],
			"to": [5.75, 8.57144, 20.458],
			"rotation": {"angle": -45, "axis": "x", "origin": [0, 10.44365, 3.33884]},
			"faces": {
				"north": {"uv": [0, 0, 16, 4.25], "texture": "#20"},
				"east": {"uv": [0, 0, 1.5, 4.25], "texture": "#20"},
				"south": {"uv": [3.392, 10.632, 12.672, 13.594], "texture": "#20"},
				"west": {"uv": [0, 0, 1.5, 4.25], "texture": "#20"},
				"up": {"uv": [0, 0, 16, 1.5], "texture": "#20"},
				"down": {"uv": [0, 0, 16, 1.5], "texture": "#20"}
			}
		},
		{
			"from": [10.25, 19.25, -1],
			"to": [10.75, 20.5, -0.5],
			"rotation": {"angle": 0, "axis": "y", "origin": [0, 1.5, 0]},
			"faces": {
				"north": {"uv": [0, 0, 16, 4.25], "texture": "#20"},
				"east": {"uv": [0, 0, 1.5, 4.25], "texture": "#20"},
				"south": {"uv": [3.392, 10.632, 12.672, 13.594], "texture": "#20"},
				"west": {"uv": [0, 0, 1.5, 4.25], "texture": "#20"},
				"up": {"uv": [0, 0, 16, 1.5], "texture": "#20"},
				"down": {"uv": [0, 0, 16, 1.5], "texture": "#20"}
			}
		},
		{
			"from": [5.25, 19.25, 11],
			"to": [5.75, 20.5, 11.5],
			"rotation": {"angle": 0, "axis": "y", "origin": [0, 1.5, 0]},
			"faces": {
				"north": {"uv": [0, 0, 16, 4.25], "texture": "#20"},
				"east": {"uv": [0, 0, 1.5, 4.25], "texture": "#20"},
				"south": {"uv": [3.392, 10.632, 12.672, 13.594], "texture": "#20"},
				"west": {"uv": [0, 0, 1.5, 4.25], "texture": "#20"},
				"up": {"uv": [0, 0, 16, 1.5], "texture": "#20"},
				"down": {"uv": [0, 0, 16, 1.5], "texture": "#20"}
			}
		},
		{
			"from": [10.25, 19.25, 11],
			"to": [10.75, 20.5, 11.5],
			"rotation": {"angle": 0, "axis": "y", "origin": [0, 1.5, 0]},
			"faces": {
				"north": {"uv": [0, 0, 16, 4.25], "texture": "#20"},
				"east": {"uv": [0, 0, 1.5, 4.25], "texture": "#20"},
				"south": {"uv": [3.392, 10.632, 12.672, 13.594], "texture": "#20"},
				"west": {"uv": [0, 0, 1.5, 4.25], "texture": "#20"},
				"up": {"uv": [0, 0, 16, 1.5], "texture": "#20"},
				"down": {"uv": [0, 0, 16, 1.5], "texture": "#20"}
			}
		},
		{
			"from": [5.25, 19.25, -1],
			"to": [5.75, 20.5, -0.5],
			"rotation": {"angle": 0, "axis": "y", "origin": [0, 1.5, 0]},
			"faces": {
				"north": {"uv": [0, 0, 16, 4.25], "texture": "#20"},
				"east": {"uv": [0, 0, 1.5, 4.25], "texture": "#20"},
				"south": {"uv": [3.392, 10.632, 12.672, 13.594], "texture": "#20"},
				"west": {"uv": [0, 0, 1.5, 4.25], "texture": "#20"},
				"up": {"uv": [0, 0, 16, 1.5], "texture": "#20"},
				"down": {"uv": [0, 0, 16, 1.5], "texture": "#20"}
			}
		},
		{
			"from": [10.25, 18.75, -16],
			"to": [10.75, 19.25, 15],
			"rotation": {"angle": 0, "axis": "y", "origin": [0, 1.5, 0]},
			"faces": {
				"north": {"uv": [0, 0, 16, 4.25], "texture": "#20"},
				"east": {"uv": [0, 0, 1.5, 4.25], "texture": "#20"},
				"south": {"uv": [3.392, 10.632, 12.672, 13.594], "texture": "#20"},
				"west": {"uv": [0, 0, 1.5, 4.25], "texture": "#20"},
				"up": {"uv": [0, 0, 16, 1.5], "texture": "#20"},
				"down": {"uv": [0, 0, 16, 1.5], "texture": "#20"}
			}
		},
		{
			"from": [5.25, 18.75, -16],
			"to": [5.75, 19.25, 15],
			"rotation": {"angle": 0, "axis": "y", "origin": [0, 1.5, 0]},
			"faces": {
				"north": {"uv": [0, 0, 16, 4.25], "texture": "#20"},
				"east": {"uv": [0, 0, 1.5, 4.25], "texture": "#20"},
				"south": {"uv": [3.392, 10.632, 12.672, 13.594], "texture": "#20"},
				"west": {"uv": [0, 0, 1.5, 4.25], "texture": "#20"},
				"up": {"uv": [0, 0, 16, 1.5], "texture": "#20"},
				"down": {"uv": [0, 0, 16, 1.5], "texture": "#20"}
			}
		},
		{
			"from": [5.75, 18.75, 6],
			"to": [10.25, 19.25, 6.5],
			"rotation": {"angle": 0, "axis": "y", "origin": [0, 1.5, -2]},
			"faces": {
				"north": {"uv": [0, 0, 16, 4.25], "texture": "#20"},
				"east": {"uv": [0, 0, 1.5, 4.25], "texture": "#20"},
				"south": {"uv": [3.392, 10.632, 12.672, 13.594], "texture": "#20"},
				"west": {"uv": [0, 0, 1.5, 4.25], "texture": "#20"},
				"up": {"uv": [0, 0, 16, 1.5], "texture": "#20"},
				"down": {"uv": [0, 0, 16, 1.5], "texture": "#20"}
			}
		},
		{
			"from": [15, 11.25, -14.25],
			"to": [16, 18, -3.5],
			"rotation": {"angle": 0, "axis": "y", "origin": [0, 0, -9.75]},
			"faces": {
				"north": {"uv": [0, 0, 0.6, 4.75], "texture": "#missing"},
				"east": {"uv": [0, 0, 16, 16], "texture": "#19"},
				"south": {"uv": [0, 0, 0.6, 4.75], "texture": "#missing"},
				"west": {"uv": [0, 0, 16, 16], "texture": "#19"},
				"up": {"uv": [0, 0, 0.6, 16], "texture": "#missing"},
				"down": {"uv": [0, 0, 0.6, 16], "texture": "#missing"}
			}
		},
		{
			"from": [0, 11.25, -14.25],
			"to": [1, 18, -3.5],
			"rotation": {"angle": 0, "axis": "y", "origin": [0, 0, -9.5]},
			"faces": {
				"north": {"uv": [0, 0, 0.6, 4.75], "texture": "#missing"},
				"east": {"uv": [0, 0, 16, 16], "texture": "#19"},
				"south": {"uv": [0, 0, 0.6, 4.75], "texture": "#missing"},
				"west": {"uv": [0, 0, 16, 16], "texture": "#19"},
				"up": {"uv": [0, 0, 0.6, 16], "texture": "#missing"},
				"down": {"uv": [0, 0, 0.6, 16], "texture": "#missing"}
			}
		},
		{
			"from": [15, 11.25, 16],
			"to": [16, 18, 22],
			"rotation": {"angle": 0, "axis": "y", "origin": [0, 0, -0.5]},
			"faces": {
				"north": {"uv": [0, 0, 0.6, 4.75], "texture": "#missing"},
				"east": {"uv": [0, 0, 16, 16], "texture": "#19"},
				"south": {"uv": [0, 0, 0.6, 4.75], "texture": "#missing"},
				"west": {"uv": [0, 0, 16, 16], "texture": "#19"},
				"up": {"uv": [0, 0, 0.6, 16], "texture": "#missing"},
				"down": {"uv": [0, 0, 0.6, 16], "texture": "#missing"}
			}
		},
		{
			"from": [0, 11.25, 16],
			"to": [1, 18, 22],
			"rotation": {"angle": 0, "axis": "y", "origin": [0, 0, -0.25]},
			"faces": {
				"north": {"uv": [0, 0, 0.6, 4.75], "texture": "#missing"},
				"east": {"uv": [0, 0, 16, 16], "texture": "#19"},
				"south": {"uv": [0, 0, 0.6, 4.75], "texture": "#missing"},
				"west": {"uv": [0, 0, 16, 16], "texture": "#19"},
				"up": {"uv": [0, 0, 0.6, 16], "texture": "#missing"},
				"down": {"uv": [0, 0, 0.6, 16], "texture": "#missing"}
			}
		}
	],
	"display": {
		"thirdperson_righthand": {
			"scale": [4, 4, 4]
		},
		"head": {
			"scale": [4, 4, 4]
		}
	}
}