{
	"credit": "Made with Blockbench",
	"textures": {
		"1": "block/light_gray_concrete",
		"2": "block/yellow_concrete",
		"3": "block/white_concrete",
		"particle": "block/rail"
	},
	"elements": [
		{
			"from": [12, 3.25, 0],
			"to": [13, 4.25, 16],
			"faces": {
				"north": {"uv": [12, 0, 13, 1], "texture": "#1"},
				"east": {"uv": [12, 0, 13, 16], "rotation": 90, "texture": "#1"},
				"south": {"uv": [12, 0, 13, 1], "texture": "#1"},
				"west": {"uv": [12, 0, 13, 16], "rotation": 270, "texture": "#1"},
				"up": {"uv": [12, 0, 13, 16], "texture": "#1"},
				"down": {"uv": [12, 0, 13, 16], "rotation": 180, "texture": "#1"}
			}
		},
		{
			"from": [14, 2, 7.75],
			"to": [14.5, 4.25, 8.25],
			"faces": {
				"north": {"uv": [12, 0, 13, 1], "texture": "#1"},
				"east": {"uv": [12, 0, 13, 16], "rotation": 90, "texture": "#1"},
				"south": {"uv": [12, 0, 13, 1], "texture": "#1"},
				"west": {"uv": [12, 0, 13, 16], "rotation": 270, "texture": "#1"},
				"up": {"uv": [12, 0, 13, 16], "texture": "#1"},
				"down": {"uv": [12, 0, 13, 16], "rotation": 180, "texture": "#1"}
			}
		},
		{
			"from": [16.83274, 8.83883, 7.75],
			"to": [17.33274, 12.83883, 8.25],
			"rotation": {"angle": -45, "axis": "z", "origin": [2.83274, 10.83883, 0]},
			"faces": {
				"north": {"uv": [12, 0, 13, 1], "texture": "#1"},
				"east": {"uv": [12, 0, 13, 16], "rotation": 90, "texture": "#1"},
				"south": {"uv": [12, 0, 13, 1], "texture": "#1"},
				"west": {"uv": [12, 0, 13, 16], "rotation": 270, "texture": "#1"},
				"up": {"uv": [12, 0, 13, 16], "texture": "#1"},
				"down": {"uv": [12, 0, 13, 16], "rotation": 180, "texture": "#1"}
			}
		},
		{
			"from": [13.25, 3.25, 0],
			"to": [13.5, 4.5, 16],
			"faces": {
				"north": {"uv": [12, 0, 13, 1], "texture": "#2"},
				"east": {"uv": [12, 0, 13, 16], "rotation": 90, "texture": "#2"},
				"south": {"uv": [12, 0, 13, 1], "texture": "#2"},
				"west": {"uv": [12, 0, 13, 16], "rotation": 270, "texture": "#2"},
				"up": {"uv": [12, 0, 13, 16], "texture": "#2"},
				"down": {"uv": [12, 0, 13, 16], "rotation": 180, "texture": "#2"}
			}
		},
		{
			"name": "hexadecagon",
			"from": [13, 3.90054, 7.5],
			"to": [14, 4.09946, 8.5],
			"rotation": {"angle": -45, "axis": "x", "origin": [8, 4, 8]},
			"faces": {
				"north": {"uv": [0, 0, 1, 1], "texture": "#3"},
				"east": {"uv": [0, 0, 1, 1], "texture": "#3"},
				"south": {"uv": [0, 0, 1, 1], "texture": "#3"},
				"west": {"uv": [0, 0, 1, 1], "texture": "#3"},
				"up": {"uv": [0, 0, 1, 1], "texture": "#3"},
				"down": {"uv": [0, 0, 1, 1], "texture": "#3"}
			}
		},
		{
			"name": "hexadecagon",
			"from": [13, 3.90054, 7.5],
			"to": [14, 4.09946, 8.5],
			"rotation": {"angle": -22.5, "axis": "x", "origin": [8, 4, 8]},
			"faces": {
				"north": {"uv": [0, 0, 1, 1], "texture": "#3"},
				"east": {"uv": [0, 0, 1, 1], "texture": "#3"},
				"south": {"uv": [0, 0, 1, 1], "texture": "#3"},
				"west": {"uv": [0, 0, 1, 1], "texture": "#3"},
				"up": {"uv": [0, 0, 1, 1], "texture": "#3"},
				"down": {"uv": [0, 0, 1, 1], "texture": "#3"}
			}
		},
		{
			"name": "hexadecagon",
			"from": [13, 3.90054, 7.5],
			"to": [14, 4.09946, 8.5],
			"rotation": {"angle": 0, "axis": "y", "origin": [8, 4, 8]},
			"faces": {
				"north": {"uv": [0, 0, 1, 1], "texture": "#3"},
				"east": {"uv": [0, 0, 1, 1], "texture": "#3"},
				"south": {"uv": [0, 0, 1, 1], "texture": "#3"},
				"west": {"uv": [0, 0, 1, 1], "texture": "#3"},
				"up": {"uv": [0, 0, 1, 1], "texture": "#3"},
				"down": {"uv": [0, 0, 1, 1], "texture": "#3"}
			}
		},
		{
			"name": "hexadecagon",
			"from": [13, 3.90054, 7.5],
			"to": [14, 4.09946, 8.5],
			"rotation": {"angle": 22.5, "axis": "x", "origin": [8, 4, 8]},
			"faces": {
				"north": {"uv": [0, 0, 1, 1], "texture": "#3"},
				"east": {"uv": [0, 0, 1, 1], "texture": "#3"},
				"south": {"uv": [0, 0, 1, 1], "texture": "#3"},
				"west": {"uv": [0, 0, 1, 1], "texture": "#3"},
				"up": {"uv": [0, 0, 1, 1], "texture": "#3"},
				"down": {"uv": [0, 0, 1, 1], "texture": "#3"}
			}
		},
		{
			"name": "hexadecagon",
			"from": [13, 3.90054, 7.5],
			"to": [14, 4.09946, 8.5],
			"rotation": {"angle": 45, "axis": "x", "origin": [8, 4, 8]},
			"faces": {
				"north": {"uv": [0, 0, 1, 1], "texture": "#3"},
				"east": {"uv": [0, 0, 1, 1], "texture": "#3"},
				"south": {"uv": [0, 0, 1, 1], "texture": "#3"},
				"west": {"uv": [0, 0, 1, 1], "texture": "#3"},
				"up": {"uv": [0, 0, 1, 1], "texture": "#3"},
				"down": {"uv": [0, 0, 1, 1], "texture": "#3"}
			}
		},
		{
			"name": "hexadecagon",
			"from": [13, 3.5, 7.90054],
			"to": [14, 4.5, 8.09946],
			"rotation": {"angle": -22.5, "axis": "x", "origin": [8, 4, 8]},
			"faces": {
				"north": {"uv": [0, 0, 1, 1], "texture": "#3"},
				"east": {"uv": [0, 0, 1, 1], "texture": "#3"},
				"south": {"uv": [0, 0, 1, 1], "texture": "#3"},
				"west": {"uv": [0, 0, 1, 1], "texture": "#3"},
				"up": {"uv": [0, 0, 1, 1], "texture": "#3"},
				"down": {"uv": [0, 0, 1, 1], "texture": "#3"}
			}
		},
		{
			"name": "hexadecagon",
			"from": [13, 3.5, 7.90054],
			"to": [14, 4.5, 8.09946],
			"rotation": {"angle": 0, "axis": "y", "origin": [8, 4, 8]},
			"faces": {
				"north": {"uv": [0, 0, 1, 1], "texture": "#3"},
				"east": {"uv": [0, 0, 1, 1], "texture": "#3"},
				"south": {"uv": [0, 0, 1, 1], "texture": "#3"},
				"west": {"uv": [0, 0, 1, 1], "texture": "#3"},
				"up": {"uv": [0, 0, 1, 1], "texture": "#3"},
				"down": {"uv": [0, 0, 1, 1], "texture": "#3"}
			}
		},
		{
			"name": "hexadecagon",
			"from": [13, 3.5, 7.90054],
			"to": [14, 4.5, 8.09946],
			"rotation": {"angle": 22.5, "axis": "x", "origin": [8, 4, 8]},
			"faces": {
				"north": {"uv": [0, 0, 1, 1], "texture": "#3"},
				"east": {"uv": [0, 0, 1, 1], "texture": "#3"},
				"south": {"uv": [0, 0, 1, 1], "texture": "#3"},
				"west": {"uv": [0, 0, 1, 1], "texture": "#3"},
				"up": {"uv": [0, 0, 1, 1], "texture": "#3"},
				"down": {"uv": [0, 0, 1, 1], "texture": "#3"}
			}
		},
		{
			"from": [11.5, 3.25, 0],
			"to": [11.75, 4.5, 16],
			"faces": {
				"north": {"uv": [12, 0, 13, 1], "texture": "#2"},
				"east": {"uv": [12, 0, 13, 16], "rotation": 90, "texture": "#2"},
				"south": {"uv": [12, 0, 13, 1], "texture": "#2"},
				"west": {"uv": [12, 0, 13, 16], "rotation": 270, "texture": "#2"},
				"up": {"uv": [12, 0, 13, 16], "texture": "#2"},
				"down": {"uv": [12, 0, 13, 16], "rotation": 180, "texture": "#2"}
			}
		},
		{
			"from": [11.5, 4.5, 0],
			"to": [13.5, 4.75, 16],
			"faces": {
				"north": {"uv": [12, 0, 13, 1], "texture": "#2"},
				"east": {"uv": [12, 0, 13, 16], "rotation": 90, "texture": "#2"},
				"south": {"uv": [12, 0, 13, 1], "texture": "#2"},
				"west": {"uv": [12, 0, 13, 16], "rotation": 270, "texture": "#2"},
				"up": {"uv": [12, 0, 13, 16], "texture": "#2"},
				"down": {"uv": [12, 0, 13, 16], "rotation": 180, "texture": "#2"}
			}
		}
	],
	"groups": [
		0,
		1,
		2,
		3,
		{
			"name": "hexadecagon",
			"origin": [8, 8, 8],
			"color": 0,
			"children": [4, 5, 6, 7, 8, 9, 10, 11]
		},
		12,
		13
	]
}