{
  "parent": "block/pressure_plate_down",
  "textures": {
    "particle": "block/iron_pressure_plate",
    "texture": "block/iron_pressure_plate",
    "power": "block/power_off"
  },
  "elements": [
    {
      "from": [2, 0, 2],
      "to": [14, 1, 14],
      "faces": {
        "north": {"uv": [1, 15.5, 15, 16], "texture": "#texture"},
        "east": {"uv": [1, 0, 15, 0.5], "texture": "#texture"},
        "south": {"uv": [1, 0, 15, 0.5], "texture": "#texture"},
        "west": {"uv": [1, 15.5, 15, 16], "texture": "#texture"},
        "up": {"uv": [2, 2, 14, 14], "texture": "#texture"},
        "down": {"uv": [2, 2, 14, 14], "texture": "#texture"}
      }
    },
    {
      "from": [1, 0, 1],
      "to": [15, 1, 2],
      "faces": {
        "north": {"uv": [1, 14, 15, 15], "texture": "#power"},
        "east": {"uv": [14, 1, 15, 2], "texture": "#power"},
        "west": {"uv": [1, 1, 2, 2], "texture": "#power"},
        "up": {"uv": [1, 1, 15, 2], "texture": "#power"},
        "down": {"uv": [1, 14, 15, 15], "texture": "#power"}
      }
    },
    {
      "from": [1, 0, 14],
      "to": [15, 1, 15],
      "faces": {
        "east": {"uv": [1, 1, 2, 2], "texture": "#power"},
        "south": {"uv": [1, 1, 15, 2], "texture": "#power"},
        "west": {"uv": [14, 1, 15, 2], "texture": "#power"},
        "up": {"uv": [1, 14, 15, 15], "texture": "#power"},
        "down": {"uv": [1, 1, 15, 2], "texture": "#power"}
      }
    },
    {
      "from": [1, 0, 2],
      "to": [2, 1, 14],
      "faces": {
        "west": {"uv": [2, 1, 14, 2], "texture": "#power"},
        "up": {"uv": [1, 2, 2, 14], "texture": "#power"},
        "down": {"uv": [1, 2, 2, 14], "texture": "#power"}
      }
    },
    {
      "from": [14, 0, 2],
      "to": [15, 1, 14],
      "faces": {
        "east": {"uv": [2, 0, 14, 1], "texture": "#power"},
        "up": {"uv": [14, 2, 15, 14], "texture": "#power"},
        "down": {"uv": [14, 2, 15, 14], "texture": "#power"}
      }
    },
    {
      "from": [4.5, 1, 1],
      "to": [11.5, 1.5, 2],
      "faces": {
        "north": {"uv": [5, 2, 12, 2.5], "texture": "#texture"},
        "east": {"uv": [2, 2, 3, 2.5], "texture": "#texture"},
        "south": {"uv": [5, 2, 12, 2.5], "texture": "#texture"},
        "west": {"uv": [2, 2, 3, 2.5], "texture": "#texture"},
        "up": {"uv": [5, 2, 12, 3], "texture": "#texture"}
      }
    },
    {
      "from": [4.5, 1, 14],
      "to": [11.5, 1.5, 15],
      "faces": {
        "north": {"uv": [5, 2, 12, 2.5], "texture": "#texture"},
        "east": {"uv": [2, 2, 3, 2.5], "texture": "#texture"},
        "south": {"uv": [2, 2, 9, 2.5], "texture": "#texture"},
        "west": {"uv": [2, 2, 3, 2.5], "texture": "#texture"},
        "up": {"uv": [5, 2, 12, 3], "texture": "#texture"}
      }
    },
    {
      "from": [1, 1, 4.5],
      "to": [2, 1.5, 11.5],
      "faces": {
        "north": {"uv": [2, 2, 3, 2.5], "texture": "#texture"},
        "east": {"uv": [5, 2, 12, 2.5], "texture": "#texture"},
        "south": {"uv": [2, 2, 3, 2.5], "texture": "#texture"},
        "west": {"uv": [5, 2, 12, 2.5], "texture": "#texture"},
        "up": {"uv": [2, 5, 3, 12], "texture": "#texture"}
      }
    },
    {
      "from": [14, 1, 4.5],
      "to": [15, 1.5, 11.5],
      "faces": {
        "north": {"uv": [2, 2, 3, 2.5], "texture": "#texture"},
        "east": {"uv": [5, 2, 12, 2.5], "texture": "#texture"},
        "south": {"uv": [2, 2, 3, 2.5], "texture": "#texture"},
        "west": {"uv": [5, 2, 12, 2.5], "texture": "#texture"},
        "up": {"uv": [2, 5, 3, 12], "texture": "#texture"}
      }
    }
  ]
}