{
  "ambientocclusion": false,
  "textures": {
    "particle": "block/iron_bars",
    "bars": "block/iron_bars"
  },
  "elements": [
    {
      "from": [7.5, 0, 9],
      "to": [8.5, 1, 16],
      "rotation": {"angle": 0, "axis": "y", "origin": [0, 0, 0]},
      "faces": {
        "north": {"uv": [7, 15, 8, 16], "texture": "#bars"},
        "east": {"uv": [0, 15, 7, 16], "texture": "#bars"},
        "south": {"uv": [0, 15, 1, 16], "texture": "#bars"},
        "west": {"uv": [7, 15, 0, 16], "texture": "#bars"},
        "up": {"uv": [8, 9, 9, 16], "texture": "#bars"},
        "down": {"uv": [8, 16, 9, 9], "texture": "#bars"}
      }
    },
    {
      "from": [7.5, 15, 9],
      "to": [8.5, 16, 16],
      "rotation": {"angle": 0, "axis": "y", "origin": [0, 0, 0]},
      "faces": {
        "north": {"uv": [7, 0, 8, 1], "texture": "#bars"},
        "east": {"uv": [0, 0, 7, 1], "texture": "#bars"},
        "south": {"uv": [0, 0, 1, 1], "texture": "#bars"},
        "west": {"uv": [7, 0, 0, 1], "texture": "#bars"},
        "up": {"uv": [15, 1, 16, 8], "texture": "#bars"},
        "down": {"uv": [15, 8, 16, 1], "texture": "#bars"}
      }
    },
    {
      "from": [7.5, 7, 9],
      "to": [8.5, 9, 16],
      "rotation": {"angle": 0, "axis": "y", "origin": [0, 0, 0]},
      "faces": {
        "north": {"uv": [7, 7, 8, 9], "texture": "#bars"},
        "east": {"uv": [0, 7, 7, 9], "texture": "#bars"},
        "south": {"uv": [0, 7, 1, 9], "texture": "#bars"},
        "west": {"uv": [7, 7, 0, 9], "texture": "#bars"},
        "up": {"uv": [15, 15, 16, 8], "texture": "#bars"},
        "down": {"uv": [8, 9, 9, 16], "texture": "#bars"}
      }
    },
    {
      "from": [7.5, 1, 15],
      "to": [8.5, 7, 16],
      "rotation": {"angle": 0, "axis": "y", "origin": [0, 0, 0]},
      "faces": {
        "north": {"uv": [0, 9, 1, 15], "texture": "#bars"},
        "east": {"uv": [0, 9, 1, 15], "texture": "#bars"},
        "south": {"uv": [0, 9, 1, 15], "texture": "#bars"},
        "west": {"uv": [0, 9, 1, 15], "texture": "#bars"}
      }
    },
    {
      "from": [7.5, 9, 15],
      "to": [8.5, 15, 16],
      "rotation": {"angle": 0, "axis": "y", "origin": [0, 0, 0]},
      "faces": {
        "north": {"uv": [0, 1, 1, 7], "texture": "#bars"},
        "east": {"uv": [0, 1, 1, 7], "texture": "#bars"},
        "south": {"uv": [0, 1, 1, 7], "texture": "#bars"},
        "west": {"uv": [0, 1, 1, 7], "texture": "#bars"}
      }
    }
  ]
}