{
  "ambientocclusion": false,
  "textures": {
    "particle": "block/iron_bars",
    "bars": "block/iron_bars"
  },
  "elements": [
    {
      "from": [7.5, 0, 0],
      "to": [8.5, 1, 7],
      "rotation": {"angle": 0, "axis": "y", "origin": [0, 0, 0]},
      "faces": {
        "north": {"uv": [7, 15, 8, 16], "texture": "#bars"},
        "east": {"uv": [9, 15, 16, 16], "texture": "#bars"},
        "south": {"uv": [15, 15, 16, 16], "texture": "#bars"},
        "west": {"uv": [16, 15, 9, 16], "texture": "#bars"},
        "up": {"uv": [8, 9, 9, 16], "texture": "#bars"},
        "down": {"uv": [8, 15, 9, 8], "texture": "#bars"}
      }
    },
    {
      "from": [7.5, 15, 0],
      "to": [8.5, 16, 7],
      "rotation": {"angle": 0, "axis": "y", "origin": [0, 0, 0]},
      "faces": {
        "north": {"uv": [7, 0, 8, 1], "texture": "#bars"},
        "east": {"uv": [9, 0, 16, 1], "texture": "#bars"},
        "south": {"uv": [15, 0, 16, 1], "texture": "#bars"},
        "west": {"uv": [16, 0, 9, 1], "texture": "#bars"},
        "up": {"uv": [15, 1, 16, 7], "texture": "#bars"},
        "down": {"uv": [15, 7, 16, 1], "texture": "#bars"}
      }
    },
    {
      "from": [7.5, 7, 0],
      "to": [8.5, 9, 7],
      "rotation": {"angle": 0, "axis": "y", "origin": [0, 0, 0]},
      "faces": {
        "north": {"uv": [7, 7, 8, 9], "texture": "#bars"},
        "east": {"uv": [9, 7, 16, 9], "texture": "#bars"},
        "south": {"uv": [8, 7, 9, 9], "texture": "#bars"},
        "west": {"uv": [16, 7, 9, 9], "texture": "#bars"},
        "up": {"uv": [15, 16, 16, 9], "texture": "#bars"},
        "down": {"uv": [8, 9, 9, 16], "texture": "#bars"}
      }
    },
    {
      "from": [7.5, 1, 0],
      "to": [8.5, 7, 1],
      "rotation": {"angle": 0, "axis": "y", "origin": [0, 0, 0]},
      "faces": {
        "north": {"uv": [15, 9, 16, 15], "texture": "#bars"},
        "east": {"uv": [15, 9, 16, 15], "texture": "#bars"},
        "south": {"uv": [15, 9, 16, 15], "texture": "#bars"},
        "west": {"uv": [15, 9, 16, 15], "texture": "#bars"}
      }
    },
    {
      "from": [7.5, 9, 0],
      "to": [8.5, 15, 1],
      "rotation": {"angle": 0, "axis": "y", "origin": [0, 0, 0]},
      "faces": {
        "north": {"uv": [15, 1, 16, 7], "texture": "#bars"},
        "east": {"uv": [15, 1, 16, 7], "texture": "#bars"},
        "south": {"uv": [15, 1, 16, 7], "texture": "#bars"},
        "west": {"uv": [15, 1, 16, 7], "texture": "#bars"}
      }
    }
  ]
}