{
  "ambientocclusion": false,
  "textures": {
    "particle": "block/iron_bars_post",
    "bars": "block/iron_bars_post"
  },
  "elements": [
    {
      "from": [7, 0, 7],
      "to": [9, 16, 9],
      "rotation": {"angle": 0, "axis": "y", "origin": [0, 0, 0]},
      "faces": {
        "north": {"uv": [7, 0, 9, 16], "texture": "#bars"},
        "east": {"uv": [7, 0, 9, 16], "texture": "#bars"},
        "south": {"uv": [7, 0, 9, 16], "texture": "#bars"},
        "west": {"uv": [7, 0, 9, 16], "texture": "#bars"},
        "up": {"uv": [0, 0, 2, 2], "texture": "#bars"},
        "down": {"uv": [0, 0, 2, 2], "texture": "#bars"}
      }
    }
  ]
}