{
  "parent": "block/pressure_plate_down",
  "textures": {
    "particle": "block/gold_pressure_plate",
    "texture": "block/gold_pressure_plate",
    "power": "block/power_on",
    "num": "block/pressure_plate_number_1"
  },
  "elements": [
    {
      "from": [14, 0, 2],
      "to": [15, 0.5, 14],
      "faces": {
        "east": {"uv": [2, 0, 14, 1], "texture": "#power"},
        "up": {"uv": [14, 2, 15, 14], "texture": "#power"},
        "down": {"uv": [14, 2, 15, 14], "texture": "#power"}
      }
    },
    {
      "from": [2, 0, 2],
      "to": [14, 0.5, 14],
      "faces": {
        "up": {"uv": [2, 2, 14, 14], "texture": "#texture"},
        "down": {"uv": [2, 2, 14, 14], "texture": "#texture"}
      }
    },
    {
      "from": [1, 0, 1],
      "to": [15, 0.5, 2],
      "faces": {
        "north": {"uv": [1, 14, 15, 15], "texture": "#power"},
        "east": {"uv": [14, 1, 15, 2], "texture": "#power"},
        "west": {"uv": [1, 1, 2, 2], "texture": "#power"},
        "up": {"uv": [1, 1, 15, 2], "texture": "#power"},
        "down": {"uv": [1, 14, 15, 15], "texture": "#power"}
      }
    },
    {
      "from": [1, 0, 14],
      "to": [15, 0.5, 15],
      "faces": {
        "east": {"uv": [1, 1, 2, 2], "texture": "#power"},
        "south": {"uv": [1, 1, 15, 2], "texture": "#power"},
        "west": {"uv": [14, 1, 15, 2], "texture": "#power"},
        "up": {"uv": [1, 14, 15, 15], "texture": "#power"},
        "down": {"uv": [1, 1, 15, 2], "texture": "#power"}
      }
    },
    {
      "from": [1, 0, 2],
      "to": [2, 0.5, 14],
      "faces": {
        "west": {"uv": [2, 1, 14, 2], "texture": "#power"},
        "up": {"uv": [1, 2, 2, 14], "texture": "#power"},
        "down": {"uv": [1, 2, 2, 14], "texture": "#power"}
      }
    },
    {
      "from": [11, 0.5, 1],
      "to": [11.5, 3.5, 2],
      "faces": {
        "north": {"uv": [2, 2, 2.5, 5], "texture": "#texture"},
        "east": {"uv": [2, 2, 3, 5], "texture": "#texture"},
        "south": {"uv": [2, 2, 2.5, 5], "texture": "#texture"}
      }
    },
    {
      "from": [4.5, 0.5, 1],
      "to": [5, 3.5, 2],
      "faces": {
        "north": {"uv": [2, 2, 2.5, 5], "texture": "#texture"},
        "south": {"uv": [2, 2, 2.5, 5], "texture": "#texture"},
        "west": {"uv": [2, 2, 3, 5], "texture": "#texture"}
      }
    },
    {
      "from": [4.5, 3.5, 1],
      "to": [11.5, 4, 2],
      "faces": {
        "north": {"uv": [2, 2, 9, 2.5], "texture": "#texture"},
        "east": {"uv": [2, 2, 3, 2.5], "texture": "#texture"},
        "south": {"uv": [2, 2, 9, 2.5], "texture": "#texture"},
        "west": {"uv": [2, 2, 3, 2.5], "texture": "#texture"},
        "up": {"uv": [2, 2, 9, 3], "texture": "#texture"}
      }
    },
    {
      "from": [8, 0.5, 1],
      "to": [11, 3.5, 2],
      "faces": {
        "north": {"uv": [5, 0, 11, 7], "texture": "#num"},
        "south": {"uv": [2, 2, 5, 5], "texture": "#texture"}
      }
    },
    {
      "from": [5, 0.5, 1],
      "to": [8, 3.5, 2],
      "faces": {
        "north": {"uv": [10, 9, 16, 16], "texture": "#num"},
        "south": {"uv": [2, 2, 5, 5], "texture": "#texture"}
      }
    },
    {
      "from": [8, 0.5, 14],
      "to": [11, 3.5, 15],
      "faces": {
        "north": {"uv": [2, 2, 5, 5], "texture": "#texture"},
        "south": {"uv": [10, 9, 16, 16], "texture": "#num"}
      }
    },
    {
      "from": [5, 0.5, 14],
      "to": [8, 3.5, 15],
      "faces": {
        "north": {"uv": [2, 2, 5, 5], "texture": "#texture"},
        "south": {"uv": [5, 0, 11, 7], "texture": "#num"}
      }
    },
    {
      "from": [4.5, 3.5, 14],
      "to": [11.5, 4, 15],
      "faces": {
        "north": {"uv": [2, 2, 9, 2.5], "texture": "#texture"},
        "east": {"uv": [2, 2, 3, 2.5], "texture": "#texture"},
        "south": {"uv": [2, 2, 9, 2.5], "texture": "#texture"},
        "west": {"uv": [2, 2, 3, 2.5], "texture": "#texture"},
        "up": {"uv": [2, 2, 9, 3], "texture": "#texture"}
      }
    },
    {
      "from": [4.5, 0.5, 14],
      "to": [5, 3.5, 15],
      "faces": {
        "north": {"uv": [2, 2, 2.5, 5], "texture": "#texture"},
        "south": {"uv": [2, 2, 2.5, 5], "texture": "#texture"},
        "west": {"uv": [2, 2, 3, 5], "texture": "#texture"}
      }
    },
    {
      "from": [11, 0.5, 14],
      "to": [11.5, 3.5, 15],
      "faces": {
        "north": {"uv": [2, 2, 2.5, 5], "texture": "#texture"},
        "east": {"uv": [2, 2, 3, 5], "texture": "#texture"},
        "south": {"uv": [2, 2, 2.5, 5], "texture": "#texture"}
      }
    },
    {
      "from": [1, 0.5, 8],
      "to": [2, 3.5, 11],
      "faces": {
        "east": {"uv": [2, 2, 5, 5], "texture": "#texture"},
        "west": {"uv": [10, 9, 16, 16], "texture": "#num"}
      }
    },
    {
      "from": [1, 0.5, 5],
      "to": [2, 3.5, 8],
      "faces": {
        "east": {"uv": [2, 2, 5, 5], "texture": "#texture"},
        "west": {"uv": [5, 0, 11, 7], "texture": "#num"}
      }
    },
    {
      "from": [1, 0.5, 11],
      "to": [2, 3.5, 11.5],
      "faces": {
        "east": {"uv": [2, 2, 2.5, 5], "texture": "#texture"},
        "south": {"uv": [2, 2, 3, 5], "texture": "#texture"},
        "west": {"uv": [2, 2, 2.5, 5], "texture": "#texture"}
      }
    },
    {
      "from": [1, 0.5, 4.5],
      "to": [2, 3.5, 5],
      "faces": {
        "north": {"uv": [2, 2, 3, 5], "texture": "#texture"},
        "east": {"uv": [2, 2, 2.5, 5], "texture": "#texture"},
        "west": {"uv": [2, 2, 2.5, 5], "texture": "#texture"}
      }
    },
    {
      "from": [1, 3.5, 4.5],
      "to": [2, 4, 11.5],
      "faces": {
        "north": {"uv": [2, 2, 3, 2.5], "texture": "#texture"},
        "east": {"uv": [2, 2, 9, 2.5], "texture": "#texture"},
        "south": {"uv": [2, 2, 3, 2.5], "texture": "#texture"},
        "west": {"uv": [2, 2, 9, 2.5], "texture": "#texture"},
        "up": {"uv": [2, 2, 3, 9], "texture": "#texture"}
      }
    },
    {
      "from": [14, 3.5, 4.5],
      "to": [15, 4, 11.5],
      "faces": {
        "north": {"uv": [2, 2, 3, 2.5], "texture": "#texture"},
        "east": {"uv": [2, 2, 9, 2.5], "texture": "#texture"},
        "south": {"uv": [2, 2, 3, 2.5], "texture": "#texture"},
        "west": {"uv": [2, 2, 9, 2.5], "texture": "#texture"},
        "up": {"uv": [2, 2, 3, 9], "texture": "#texture"}
      }
    },
    {
      "from": [14, 0.5, 4.5],
      "to": [15, 3.5, 5],
      "faces": {
        "north": {"uv": [2, 2, 3, 5], "texture": "#texture"},
        "east": {"uv": [2, 2, 2.5, 5], "texture": "#texture"},
        "west": {"uv": [2, 2, 2.5, 5], "texture": "#texture"}
      }
    },
    {
      "from": [14, 0.5, 5],
      "to": [15, 3.5, 8],
      "faces": {
        "east": {"uv": [10, 9, 16, 16], "texture": "#num"},
        "west": {"uv": [2, 2, 5, 5], "texture": "#texture"}
      }
    },
    {
      "from": [14, 0.5, 11],
      "to": [15, 3.5, 11.5],
      "faces": {
        "east": {"uv": [2, 2, 2.5, 5], "texture": "#texture"},
        "south": {"uv": [2, 2, 3, 5], "texture": "#texture"},
        "west": {"uv": [2, 2, 2.5, 5], "texture": "#texture"}
      }
    },
    {
      "from": [14, 0.5, 8],
      "to": [15, 3.5, 11],
      "faces": {
        "east": {"uv": [5, 0, 11, 7], "texture": "#num"},
        "west": {"uv": [2, 2, 5, 5], "texture": "#texture"}
      }
    }
  ]
}