{
	"credit": "Made with Blockbench",
	"textures": {
		"0": "block/yellow_concrete",
		"1": "block/black_concrete",
		"2": "block/gray_concrete",
		"3": "block/lime_concrete",
		"4": "block/white_concrete",
		"5": "block/white_terracotta",
		"6": "block/glass",
		"7": "block/black_stained_glass",
		"8": "block/cyan_concrete",
		"9": "block/birch_planks",
		"10": "block/ktb/mugunghwa/empty",
		"11": "block/ktb/mugunghwa/rlink",
		"12": "block/light_gray_concrete",
		"13": "block/quartz_block_bottom",
		"14": "block/lime_terracotta",
		"15": "block/cyan_terracotta",
		"16": "block/red_concrete",
		"17": "block/ktb/mugunghwa/air_conditioner",
		"18": "block/cyan_wool",
		"19": "block/sea_lantern",
		"20": "block/redstone_block",
		"particle": "block/yellow_concrete"
	},
	"elements": [
		{
			"from": [0, 3.9, -16],
			"to": [1, 5.35, 8],
			"rotation": {"angle": 0, "axis": "y", "origin": [0, -1.95, -14.7]},
			"faces": {
				"north": {"uv": [0, 0, 1, 6.25], "texture": "#1"},
				"east": {"uv": [0, 5.024, 16, 7.786], "texture": "#1"},
				"south": {"uv": [0, 0, 1, 6.25], "texture": "#1"},
				"west": {"uv": [0, 6.112, 16, 9.834], "texture": "#1"},
				"up": {"uv": [0, 0, 1, 16], "texture": "#1"},
				"down": {"uv": [0, 0, 1, 16], "texture": "#1"}
			}
		},
		{
			"from": [0.5, 5.35, -16],
			"to": [15.5, 5.45, 6.95],
			"rotation": {"angle": 0, "axis": "y", "origin": [0, -1.95, -14.7]},
			"faces": {
				"north": {"uv": [0, 0, 1, 6.25], "texture": "#1"},
				"east": {"uv": [0, 5.024, 16, 7.786], "texture": "#1"},
				"south": {"uv": [0, 0, 1, 6.25], "texture": "#1"},
				"west": {"uv": [0, 6.112, 16, 9.834], "texture": "#1"},
				"up": {"uv": [0, 16, 16, 0], "texture": "#9"},
				"down": {"uv": [0, 0, 1, 16], "texture": "#1"}
			}
		},
		{
			"from": [1.5, 18.35, -16],
			"to": [14.5, 18.95, 6.95],
			"rotation": {"angle": 0, "axis": "y", "origin": [0, -1.95, -14.7]},
			"faces": {
				"north": {"uv": [0, 0, 1, 6.25], "texture": "#8"},
				"east": {"uv": [0, 5.024, 16, 7.786], "texture": "#8"},
				"south": {"uv": [0, 0, 1, 6.25], "texture": "#1"},
				"west": {"uv": [0, 6.112, 16, 9.834], "texture": "#8"},
				"up": {"uv": [0, 16, 16, 0], "texture": "#12"},
				"down": {"uv": [0, 0, 16, 16], "texture": "#13"}
			}
		},
		{
			"from": [5.25, 18.35, -16],
			"to": [10.75, 19.7, -10.05],
			"rotation": {"angle": 0, "axis": "y", "origin": [0, -1.95, -14.7]},
			"faces": {
				"north": {"uv": [0, 0, 1, 6.25], "texture": "#12"},
				"east": {"uv": [0, 5.024, 16, 7.786], "texture": "#12"},
				"south": {"uv": [0, 0, 1, 6.25], "texture": "#12"},
				"west": {"uv": [0, 6.112, 16, 9.834], "texture": "#12"},
				"up": {"uv": [8.16, 12.864, 11.264, 9.696], "texture": "#17"},
				"down": {"uv": [0, 0, 16, 16], "texture": "#12"}
			}
		},
		{
			"from": [0.5, 18.35, -16],
			"to": [1.5, 19.75, 6.95],
			"rotation": {"angle": 0, "axis": "y", "origin": [0, -1.95, -14.7]},
			"faces": {
				"north": {"uv": [0, 0, 1, 6.25], "texture": "#8"},
				"east": {"uv": [0, 5.024, 16, 7.786], "texture": "#8"},
				"south": {"uv": [0, 0, 1, 6.25], "texture": "#8"},
				"west": {"uv": [0, 6.112, 16, 9.834], "texture": "#8"},
				"up": {"uv": [0, 16, 16, 0], "texture": "#8"},
				"down": {"uv": [0, 0, 16, 16], "texture": "#13"}
			}
		},
		{
			"from": [14.5, 18.35, -16],
			"to": [15.5, 19.75, 6.95],
			"rotation": {"angle": 0, "axis": "y", "origin": [0, -1.95, -14.7]},
			"faces": {
				"north": {"uv": [0, 0, 1, 6.25], "texture": "#8"},
				"east": {"uv": [0, 5.024, 16, 7.786], "texture": "#8"},
				"south": {"uv": [0, 0, 1, 6.25], "texture": "#8"},
				"west": {"uv": [0, 6.112, 16, 9.834], "texture": "#8"},
				"up": {"uv": [0, 16, 16, 0], "texture": "#8"},
				"down": {"uv": [0, 0, 16, 16], "texture": "#13"}
			}
		},
		{
			"from": [1, 3.9, 6],
			"to": [8, 5.35, 8],
			"rotation": {"angle": 0, "axis": "y", "origin": [0, -1.95, -14.7]},
			"faces": {
				"north": {"uv": [0, 0, 1, 6.25], "texture": "#1"},
				"east": {"uv": [0, 5.024, 16, 7.786], "texture": "#1"},
				"south": {"uv": [0, 0, 1, 6.25], "texture": "#1"},
				"west": {"uv": [0, 6.112, 16, 9.834], "texture": "#1"},
				"up": {"uv": [0, 0, 1, 16], "texture": "#1"},
				"down": {"uv": [0, 0, 1, 16], "texture": "#1"}
			}
		},
		{
			"from": [0.2, 3.25, 7.65],
			"to": [15.8, 3.95, 7.9],
			"rotation": {"angle": 0, "axis": "y", "origin": [0, -1.85, -14.8]},
			"faces": {
				"north": {"uv": [0, 0, 1, 6.25], "texture": "#3"},
				"east": {"uv": [0, 5.024, 16, 7.786], "texture": "#3"},
				"south": {"uv": [0, 0, 1, 6.25], "texture": "#3"},
				"west": {"uv": [0, 6.112, 16, 9.834], "texture": "#3"},
				"up": {"uv": [0, 0, 1, 16], "texture": "#3"},
				"down": {"uv": [0, 0, 1, 16], "texture": "#3"}
			}
		},
		{
			"from": [0.5, 5.35, 6.95],
			"to": [15.5, 8.35, 7.2],
			"rotation": {"angle": 0, "axis": "y", "origin": [0, -1.95, -14.7]},
			"faces": {
				"north": {"uv": [0, 0, 1, 6.25], "texture": "#5"},
				"east": {"uv": [0, 5.024, 16, 7.786], "texture": "#4"},
				"south": {"uv": [0, 0, 1, 6.25], "texture": "#4"},
				"west": {"uv": [0, 6.112, 16, 9.834], "texture": "#4"},
				"up": {"uv": [0, 0, 1, 16], "texture": "#4"},
				"down": {"uv": [0, 0, 1, 16], "texture": "#4"}
			}
		},
		{
			"from": [0.5, 5.45, 3.95],
			"to": [15.5, 11.1, 7.1],
			"rotation": {"angle": 0, "axis": "y", "origin": [0, -1.95, -14.7]},
			"faces": {
				"north": {"uv": [0, 6.25, 1, 0], "texture": "#14"},
				"east": {"uv": [0, 5.024, 16, 7.786], "texture": "#14"},
				"south": {"uv": [0, 0, 1, 6.25], "texture": "#4"},
				"west": {"uv": [0, 6.112, 16, 9.834], "texture": "#14"},
				"up": {"uv": [0, 0, 1, 16], "texture": "#15"},
				"down": {"uv": [0, 0, 1, 16], "texture": "#4"}
			}
		},
		{
			"from": [1, -0.15, -16],
			"to": [15, 3.85, -9.85],
			"rotation": {"angle": 0, "axis": "y", "origin": [0, -1.95, -14.7]},
			"faces": {
				"north": {"uv": [0, 6.25, 1, 0], "texture": "#2"},
				"east": {"uv": [0, 5.024, 16, 7.786], "texture": "#2"},
				"south": {"uv": [0, 0, 1, 6.25], "texture": "#2"},
				"west": {"uv": [0, 6.112, 16, 9.834], "texture": "#2"},
				"up": {"uv": [0, 0, 1, 16], "texture": "#2"},
				"down": {"uv": [0, 0, 1, 16], "texture": "#2"}
			}
		},
		{
			"from": [0, 5.35, -16],
			"to": [16, 12.35, -2.1],
			"rotation": {"angle": 0, "axis": "y", "origin": [0, -1.95, -14.7]},
			"faces": {
				"north": {"uv": [0, 6.25, 1, 0], "texture": "#4"},
				"east": {"uv": [0, 5.024, 16, 7.786], "texture": "#4"},
				"south": {"uv": [0, 0, 1, 6.25], "texture": "#5"},
				"west": {"uv": [0, 6.112, 16, 9.834], "texture": "#4"},
				"up": {"uv": [0, 0, 1, 16], "texture": "#4"},
				"down": {"uv": [0, 0, 1, 16], "texture": "#4"}
			}
		},
		{
			"from": [-0.01, 9.6, -16],
			"to": [0.24, 11.6, -11.5],
			"rotation": {"angle": 0, "axis": "y", "origin": [0, -1.95, -14.7]},
			"faces": {
				"north": {"uv": [0, 6.25, 1, 0], "texture": "#10"},
				"east": {"uv": [0, 5.024, 16, 7.786], "texture": "#10"},
				"south": {"uv": [0, 0, 1, 6.25], "texture": "#10"},
				"west": {"uv": [8, 0, 16, 16], "texture": "#11"},
				"up": {"uv": [0, 0, 1, 16], "texture": "#10"},
				"down": {"uv": [0, 0, 1, 16], "texture": "#10"}
			}
		},
		{
			"from": [15.76, 9.6, -16],
			"to": [16.01, 11.6, -11.5],
			"rotation": {"angle": 0, "axis": "y", "origin": [0, -1.95, -14.7]},
			"faces": {
				"north": {"uv": [0, 6.25, 1, 0], "texture": "#10"},
				"east": {"uv": [0, 0, 8, 16], "texture": "#11"},
				"south": {"uv": [0, 0, 1, 6.25], "texture": "#10"},
				"west": {"uv": [8, 0, 16, 16], "texture": "#10"},
				"up": {"uv": [0, 0, 1, 16], "texture": "#10"},
				"down": {"uv": [0, 0, 1, 16], "texture": "#10"}
			}
		},
		{
			"from": [0.25, 1.65, -1.5],
			"to": [1.75, 5.1, -1],
			"rotation": {"angle": 0, "axis": "y", "origin": [0, -1.95, -14.7]},
			"faces": {
				"north": {"uv": [0, 0, 1, 6.25], "texture": "#2"},
				"east": {"uv": [0, 5.024, 16, 7.786], "texture": "#2"},
				"south": {"uv": [0, 0, 1, 6.25], "texture": "#2"},
				"west": {"uv": [0, 6.112, 16, 9.834], "texture": "#2"},
				"up": {"uv": [0, 0, 1, 16], "texture": "#2"},
				"down": {"uv": [0, 0, 1, 16], "texture": "#2"}
			}
		},
		{
			"from": [-0.25, 4.15, -1],
			"to": [1.75, 4.6, 5],
			"rotation": {"angle": 0, "axis": "y", "origin": [0, -1.95, -14.7]},
			"faces": {
				"north": {"uv": [0, 0, 1, 6.25], "texture": "#2"},
				"east": {"uv": [0, 5.024, 16, 7.786], "texture": "#2"},
				"south": {"uv": [0, 0, 1, 6.25], "texture": "#2"},
				"west": {"uv": [0, 6.112, 16, 9.834], "texture": "#2"},
				"up": {"uv": [0, 0, 1, 16], "texture": "#2"},
				"down": {"uv": [0, 0, 1, 16], "texture": "#2"}
			}
		},
		{
			"from": [-0.25, 2.9, -1],
			"to": [1.75, 3.35, 5],
			"rotation": {"angle": 0, "axis": "y", "origin": [0, -1.95, -14.7]},
			"faces": {
				"north": {"uv": [0, 0, 1, 6.25], "texture": "#2"},
				"east": {"uv": [0, 5.024, 16, 7.786], "texture": "#2"},
				"south": {"uv": [0, 0, 1, 6.25], "texture": "#2"},
				"west": {"uv": [0, 6.112, 16, 9.834], "texture": "#2"},
				"up": {"uv": [0, 0, 1, 16], "texture": "#2"},
				"down": {"uv": [0, 0, 1, 16], "texture": "#2"}
			}
		},
		{
			"from": [-0.25, 1.65, -1],
			"to": [1.75, 2.1, 5],
			"rotation": {"angle": 0, "axis": "y", "origin": [0, -1.95, -14.7]},
			"faces": {
				"north": {"uv": [0, 0, 1, 6.25], "texture": "#2"},
				"east": {"uv": [0, 5.024, 16, 7.786], "texture": "#2"},
				"south": {"uv": [0, 0, 1, 6.25], "texture": "#2"},
				"west": {"uv": [0, 6.112, 16, 9.834], "texture": "#2"},
				"up": {"uv": [0, 0, 1, 16], "texture": "#2"},
				"down": {"uv": [0, 0, 1, 16], "texture": "#2"}
			}
		},
		{
			"from": [0.25, 1.65, 5],
			"to": [1.75, 5.1, 5.5],
			"rotation": {"angle": 0, "axis": "y", "origin": [0, -1.95, -14.7]},
			"faces": {
				"north": {"uv": [0, 0, 1, 6.25], "texture": "#2"},
				"east": {"uv": [0, 5.024, 16, 7.786], "texture": "#2"},
				"south": {"uv": [0, 0, 1, 6.25], "texture": "#2"},
				"west": {"uv": [0, 6.112, 16, 9.834], "texture": "#2"},
				"up": {"uv": [0, 0, 1, 16], "texture": "#2"},
				"down": {"uv": [0, 0, 1, 16], "texture": "#2"}
			}
		},
		{
			"from": [14.25, 1.65, 5],
			"to": [15.75, 5.1, 5.5],
			"rotation": {"angle": 0, "axis": "y", "origin": [16, -1.95, -14.7]},
			"faces": {
				"north": {"uv": [1, 0, 0, 6.25], "texture": "#2"},
				"east": {"uv": [16, 6.112, 0, 9.834], "texture": "#2"},
				"south": {"uv": [1, 0, 0, 6.25], "texture": "#2"},
				"west": {"uv": [16, 5.024, 0, 7.786], "texture": "#2"},
				"up": {"uv": [1, 0, 0, 16], "texture": "#2"},
				"down": {"uv": [1, 0, 0, 16], "texture": "#2"}
			}
		},
		{
			"from": [14.25, 1.65, -1.5],
			"to": [15.75, 5.1, -1],
			"rotation": {"angle": 0, "axis": "y", "origin": [16, -1.95, -14.7]},
			"faces": {
				"north": {"uv": [1, 0, 0, 6.25], "texture": "#2"},
				"east": {"uv": [16, 6.112, 0, 9.834], "texture": "#2"},
				"south": {"uv": [1, 0, 0, 6.25], "texture": "#2"},
				"west": {"uv": [16, 5.024, 0, 7.786], "texture": "#2"},
				"up": {"uv": [1, 0, 0, 16], "texture": "#2"},
				"down": {"uv": [1, 0, 0, 16], "texture": "#2"}
			}
		},
		{
			"from": [14.25, 4.15, -1],
			"to": [16.25, 4.6, 5],
			"rotation": {"angle": 0, "axis": "y", "origin": [16, -1.95, -14.7]},
			"faces": {
				"north": {"uv": [1, 0, 0, 6.25], "texture": "#2"},
				"east": {"uv": [16, 6.112, 0, 9.834], "texture": "#2"},
				"south": {"uv": [1, 0, 0, 6.25], "texture": "#2"},
				"west": {"uv": [16, 5.024, 0, 7.786], "texture": "#2"},
				"up": {"uv": [1, 0, 0, 16], "texture": "#2"},
				"down": {"uv": [1, 0, 0, 16], "texture": "#2"}
			}
		},
		{
			"from": [14.25, 2.9, -1],
			"to": [16.25, 3.35, 5],
			"rotation": {"angle": 0, "axis": "y", "origin": [16, -1.95, -14.7]},
			"faces": {
				"north": {"uv": [1, 0, 0, 6.25], "texture": "#2"},
				"east": {"uv": [16, 6.112, 0, 9.834], "texture": "#2"},
				"south": {"uv": [1, 0, 0, 6.25], "texture": "#2"},
				"west": {"uv": [16, 5.024, 0, 7.786], "texture": "#2"},
				"up": {"uv": [1, 0, 0, 16], "texture": "#2"},
				"down": {"uv": [1, 0, 0, 16], "texture": "#2"}
			}
		},
		{
			"from": [14.25, 1.65, -1],
			"to": [16.25, 2.1, 5],
			"rotation": {"angle": 0, "axis": "y", "origin": [16, -1.95, -14.7]},
			"faces": {
				"north": {"uv": [1, 0, 0, 6.25], "texture": "#2"},
				"east": {"uv": [16, 6.112, 0, 9.834], "texture": "#2"},
				"south": {"uv": [1, 0, 0, 6.25], "texture": "#2"},
				"west": {"uv": [16, 5.024, 0, 7.786], "texture": "#2"},
				"up": {"uv": [1, 0, 0, 16], "texture": "#2"},
				"down": {"uv": [1, 0, 0, 16], "texture": "#2"}
			}
		},
		{
			"from": [-5.74308, 15.44808, -0.8],
			"to": [-5.24308, 17.39808, -0.3],
			"rotation": {"angle": -22.5, "axis": "z", "origin": [-3.49308, 2.84808, -15.45]},
			"faces": {
				"north": {"uv": [0, 0, 1, 6.25], "texture": "#12"},
				"east": {"uv": [0, 5.024, 16, 7.786], "texture": "#12"},
				"south": {"uv": [0, 0, 1, 6.25], "texture": "#12"},
				"west": {"uv": [0, 6.112, 16, 9.834], "texture": "#12"},
				"up": {"uv": [0, 0, 1, 16], "texture": "#12"},
				"down": {"uv": [0, 0, 1, 16], "texture": "#12"}
			}
		},
		{
			"from": [3.97708, 9.03538, -0.8],
			"to": [4.47708, 10.98538, -0.3],
			"rotation": {"angle": 22.5, "axis": "z", "origin": [6.22708, -1.81462, -15.45]},
			"faces": {
				"north": {"uv": [0, 0, 1, 6.25], "texture": "#12"},
				"east": {"uv": [0, 5.024, 16, 7.786], "texture": "#12"},
				"south": {"uv": [0, 0, 1, 6.25], "texture": "#12"},
				"west": {"uv": [0, 6.112, 16, 9.834], "texture": "#12"},
				"up": {"uv": [0, 0, 1, 16], "texture": "#12"},
				"down": {"uv": [0, 0, 1, 16], "texture": "#12"}
			}
		},
		{
			"from": [-5.74308, 15.44808, 4.35],
			"to": [-5.24308, 17.39808, 4.85],
			"rotation": {"angle": -22.5, "axis": "z", "origin": [-3.49308, 2.84808, -10.3]},
			"faces": {
				"north": {"uv": [0, 0, 1, 6.25], "texture": "#12"},
				"east": {"uv": [0, 5.024, 16, 7.786], "texture": "#12"},
				"south": {"uv": [0, 0, 1, 6.25], "texture": "#12"},
				"west": {"uv": [0, 6.112, 16, 9.834], "texture": "#12"},
				"up": {"uv": [0, 0, 1, 16], "texture": "#12"},
				"down": {"uv": [0, 0, 1, 16], "texture": "#12"}
			}
		},
		{
			"from": [-0.75, 9.15, 4.35],
			"to": [-0.25, 15.35, 4.85],
			"rotation": {"angle": 0, "axis": "y", "origin": [1.5, -3.45, -10.3]},
			"faces": {
				"north": {"uv": [0, 0, 1, 6.25], "texture": "#12"},
				"east": {"uv": [0, 5.024, 16, 7.786], "texture": "#12"},
				"south": {"uv": [0, 0, 1, 6.25], "texture": "#12"},
				"west": {"uv": [0, 6.112, 16, 9.834], "texture": "#12"},
				"up": {"uv": [0, 0, 1, 16], "texture": "#12"},
				"down": {"uv": [0, 0, 1, 16], "texture": "#12"}
			}
		},
		{
			"from": [3.97708, 9.03538, 4.35],
			"to": [4.47708, 10.98538, 4.85],
			"rotation": {"angle": 22.5, "axis": "z", "origin": [6.22708, -1.81462, -10.3]},
			"faces": {
				"north": {"uv": [0, 0, 1, 6.25], "texture": "#12"},
				"east": {"uv": [0, 5.024, 16, 7.786], "texture": "#12"},
				"south": {"uv": [0, 0, 1, 6.25], "texture": "#12"},
				"west": {"uv": [0, 6.112, 16, 9.834], "texture": "#12"},
				"up": {"uv": [0, 0, 1, 16], "texture": "#12"},
				"down": {"uv": [0, 0, 1, 16], "texture": "#12"}
			}
		},
		{
			"from": [21.24308, 15.44808, -0.8],
			"to": [21.74308, 17.39808, -0.3],
			"rotation": {"angle": 22.5, "axis": "z", "origin": [19.49308, 2.84808, -15.45]},
			"faces": {
				"north": {"uv": [1, 0, 0, 6.25], "texture": "#12"},
				"east": {"uv": [16, 6.112, 0, 9.834], "texture": "#12"},
				"south": {"uv": [1, 0, 0, 6.25], "texture": "#12"},
				"west": {"uv": [16, 5.024, 0, 7.786], "texture": "#12"},
				"up": {"uv": [1, 0, 0, 16], "texture": "#12"},
				"down": {"uv": [1, 0, 0, 16], "texture": "#12"}
			}
		},
		{
			"from": [16.25, 9.15, -0.8],
			"to": [16.75, 15.35, -0.3],
			"rotation": {"angle": 0, "axis": "y", "origin": [14.5, -3.45, -15.45]},
			"faces": {
				"north": {"uv": [1, 0, 0, 6.25], "texture": "#12"},
				"east": {"uv": [16, 6.112, 0, 9.834], "texture": "#12"},
				"south": {"uv": [1, 0, 0, 6.25], "texture": "#12"},
				"west": {"uv": [16, 5.024, 0, 7.786], "texture": "#12"},
				"up": {"uv": [1, 0, 0, 16], "texture": "#12"},
				"down": {"uv": [1, 0, 0, 16], "texture": "#12"}
			}
		},
		{
			"from": [11.52292, 9.03538, -0.8],
			"to": [12.02292, 10.98538, -0.3],
			"rotation": {"angle": -22.5, "axis": "z", "origin": [9.77292, -1.81462, -15.45]},
			"faces": {
				"north": {"uv": [1, 0, 0, 6.25], "texture": "#12"},
				"east": {"uv": [16, 6.112, 0, 9.834], "texture": "#12"},
				"south": {"uv": [1, 0, 0, 6.25], "texture": "#12"},
				"west": {"uv": [16, 5.024, 0, 7.786], "texture": "#12"},
				"up": {"uv": [1, 0, 0, 16], "texture": "#12"},
				"down": {"uv": [1, 0, 0, 16], "texture": "#12"}
			}
		},
		{
			"from": [21.24308, 15.44808, 4.35],
			"to": [21.74308, 17.39808, 4.85],
			"rotation": {"angle": 22.5, "axis": "z", "origin": [19.49308, 2.84808, -10.3]},
			"faces": {
				"north": {"uv": [1, 0, 0, 6.25], "texture": "#12"},
				"east": {"uv": [16, 6.112, 0, 9.834], "texture": "#12"},
				"south": {"uv": [1, 0, 0, 6.25], "texture": "#12"},
				"west": {"uv": [16, 5.024, 0, 7.786], "texture": "#12"},
				"up": {"uv": [1, 0, 0, 16], "texture": "#12"},
				"down": {"uv": [1, 0, 0, 16], "texture": "#12"}
			}
		},
		{
			"from": [16.25, 9.15, 4.35],
			"to": [16.75, 15.35, 4.85],
			"rotation": {"angle": 0, "axis": "y", "origin": [14.5, -3.45, -10.3]},
			"faces": {
				"north": {"uv": [1, 0, 0, 6.25], "texture": "#12"},
				"east": {"uv": [16, 6.112, 0, 9.834], "texture": "#12"},
				"south": {"uv": [1, 0, 0, 6.25], "texture": "#12"},
				"west": {"uv": [16, 5.024, 0, 7.786], "texture": "#12"},
				"up": {"uv": [1, 0, 0, 16], "texture": "#12"},
				"down": {"uv": [1, 0, 0, 16], "texture": "#12"}
			}
		},
		{
			"from": [11.52292, 9.03538, 4.35],
			"to": [12.02292, 10.98538, 4.85],
			"rotation": {"angle": -22.5, "axis": "z", "origin": [9.77292, -1.81462, -10.3]},
			"faces": {
				"north": {"uv": [1, 0, 0, 6.25], "texture": "#12"},
				"east": {"uv": [16, 6.112, 0, 9.834], "texture": "#12"},
				"south": {"uv": [1, 0, 0, 6.25], "texture": "#12"},
				"west": {"uv": [16, 5.024, 0, 7.786], "texture": "#12"},
				"up": {"uv": [1, 0, 0, 16], "texture": "#12"},
				"down": {"uv": [1, 0, 0, 16], "texture": "#12"}
			}
		},
		{
			"from": [-0.75, 9.15, -0.8],
			"to": [-0.25, 15.35, -0.3],
			"rotation": {"angle": 0, "axis": "y", "origin": [1.5, -3.45, -15.45]},
			"faces": {
				"north": {"uv": [0, 0, 1, 6.25], "texture": "#12"},
				"east": {"uv": [0, 5.024, 16, 7.786], "texture": "#12"},
				"south": {"uv": [0, 0, 1, 6.25], "texture": "#12"},
				"west": {"uv": [0, 6.112, 16, 9.834], "texture": "#12"},
				"up": {"uv": [0, 0, 1, 16], "texture": "#12"},
				"down": {"uv": [0, 0, 1, 16], "texture": "#12"}
			}
		},
		{
			"from": [0, 12.35, -16],
			"to": [16, 18.35, -2.1],
			"rotation": {"angle": 0, "axis": "y", "origin": [0, -1.95, -14.7]},
			"faces": {
				"north": {"uv": [0, 6.25, 1, 0], "texture": "#8"},
				"east": {"uv": [0, 5.024, 16, 7.786], "texture": "#8"},
				"south": {"uv": [0, 0, 1, 6.25], "texture": "#5"},
				"west": {"uv": [0, 6.112, 16, 9.834], "texture": "#8"},
				"up": {"uv": [0, 0, 1, 16], "texture": "#8"},
				"down": {"uv": [0, 0, 1, 16], "texture": "#8"}
			}
		},
		{
			"from": [15.5, 12.35, -2.1],
			"to": [16, 18.35, 0.05],
			"rotation": {"angle": 0, "axis": "y", "origin": [0, -1.95, -14.8]},
			"faces": {
				"north": {"uv": [0, 6.25, 1, 0], "texture": "#8"},
				"east": {"uv": [0, 5.024, 16, 7.786], "texture": "#8"},
				"south": {"uv": [0, 0, 1, 6.25], "texture": "#8"},
				"west": {"uv": [0, 6.112, 16, 9.834], "texture": "#5"},
				"up": {"uv": [0, 0, 1, 16], "texture": "#8"},
				"down": {"uv": [0, 0, 1, 16], "texture": "#8"}
			}
		},
		{
			"from": [15.5, 5.35, -2.1],
			"to": [16, 12.35, 0.05],
			"rotation": {"angle": 0, "axis": "y", "origin": [0, -1.95, -14.8]},
			"faces": {
				"north": {"uv": [0, 6.25, 1, 0], "texture": "#8"},
				"east": {"uv": [0, 5.024, 16, 7.786], "texture": "#4"},
				"south": {"uv": [0, 0, 1, 6.25], "texture": "#4"},
				"west": {"uv": [0, 6.112, 16, 9.834], "texture": "#5"},
				"up": {"uv": [0, 0, 1, 16], "texture": "#8"},
				"down": {"uv": [0, 0, 1, 16], "texture": "#8"}
			}
		},
		{
			"from": [0, 12.35, 3.9],
			"to": [0.5, 18.35, 7.25],
			"rotation": {"angle": 0, "axis": "y", "origin": [0, -1.95, -14.8]},
			"faces": {
				"north": {"uv": [0, 6.25, 1, 0], "texture": "#8"},
				"east": {"uv": [0, 5.024, 16, 7.786], "texture": "#5"},
				"south": {"uv": [0, 0, 1, 6.25], "texture": "#8"},
				"west": {"uv": [0, 6.112, 16, 9.834], "texture": "#8"},
				"up": {"uv": [0, 0, 1, 16], "texture": "#8"},
				"down": {"uv": [0, 0, 1, 16], "texture": "#8"}
			}
		},
		{
			"from": [0, 5.35, 3.9],
			"to": [0.5, 12.35, 7.25],
			"rotation": {"angle": 0, "axis": "y", "origin": [0, -1.95, -14.8]},
			"faces": {
				"north": {"uv": [0, 6.25, 1, 0], "texture": "#4"},
				"east": {"uv": [0, 5.024, 16, 7.786], "texture": "#5"},
				"south": {"uv": [0, 0, 1, 6.25], "texture": "#4"},
				"west": {"uv": [0, 6.112, 16, 9.834], "texture": "#4"},
				"up": {"uv": [0, 0, 1, 16], "texture": "#8"},
				"down": {"uv": [0, 0, 1, 16], "texture": "#8"}
			}
		},
		{
			"from": [9.75, 9.5, -2.1],
			"to": [13.25, 14.25, -1.85],
			"rotation": {"angle": 0, "axis": "y", "origin": [16, 0, 14]},
			"faces": {
				"north": {"uv": [0, 0, 16, 1.5], "texture": "#18"},
				"east": {"uv": [0, 0, 16, 1.5], "texture": "#18"},
				"south": {"uv": [0, 0, 16, 16], "texture": "#18"},
				"west": {"uv": [0, 0, 16, 1.5], "texture": "#18"},
				"up": {"uv": [6, 16, 0, 0], "texture": "#18"},
				"down": {"uv": [16, 16, 0, 0], "texture": "#14"}
			}
		},
		{
			"from": [2.75, 9.5, -1.85],
			"to": [6.25, 10, 1.4],
			"rotation": {"angle": 0, "axis": "y", "origin": [0, 0, 14]},
			"faces": {
				"north": {"uv": [16, 0, 0, 1.5], "texture": "#18"},
				"east": {"uv": [16, 0, 0, 1.5], "texture": "#18"},
				"south": {"uv": [16, 0, 0, 1.5], "texture": "#18"},
				"west": {"uv": [16, 0, 0, 1.5], "texture": "#18"},
				"up": {"uv": [0, 16, 6, 0], "texture": "#18"},
				"down": {"uv": [0, 16, 16, 0], "texture": "#14"}
			}
		},
		{
			"from": [2.75, 9.5, -2.1],
			"to": [6.25, 14.25, -1.85],
			"rotation": {"angle": 0, "axis": "y", "origin": [0, 0, 14]},
			"faces": {
				"north": {"uv": [16, 0, 0, 1.5], "texture": "#18"},
				"east": {"uv": [16, 0, 0, 1.5], "texture": "#18"},
				"south": {"uv": [16, 0, 0, 16], "texture": "#18"},
				"west": {"uv": [16, 0, 0, 1.5], "texture": "#18"},
				"up": {"uv": [0, 16, 6, 0], "texture": "#18"},
				"down": {"uv": [0, 16, 16, 0], "texture": "#14"}
			}
		},
		{
			"from": [9.75, 9.5, -1.85],
			"to": [13.25, 10, 1.4],
			"rotation": {"angle": 0, "axis": "y", "origin": [16, 0, 14]},
			"faces": {
				"north": {"uv": [0, 0, 16, 1.5], "texture": "#18"},
				"east": {"uv": [0, 0, 16, 1.5], "texture": "#18"},
				"south": {"uv": [0, 0, 16, 1.5], "texture": "#18"},
				"west": {"uv": [0, 0, 16, 1.5], "texture": "#18"},
				"up": {"uv": [6, 16, 0, 0], "texture": "#18"},
				"down": {"uv": [16, 16, 0, 0], "texture": "#14"}
			}
		},
		{
			"from": [15.5, 12.35, 3.9],
			"to": [16, 18.35, 7.25],
			"rotation": {"angle": 0, "axis": "y", "origin": [0, -1.95, -14.8]},
			"faces": {
				"north": {"uv": [0, 6.25, 1, 0], "texture": "#8"},
				"east": {"uv": [0, 5.024, 16, 7.786], "texture": "#8"},
				"south": {"uv": [0, 0, 1, 6.25], "texture": "#8"},
				"west": {"uv": [0, 6.112, 16, 9.834], "texture": "#5"},
				"up": {"uv": [0, 0, 1, 16], "texture": "#8"},
				"down": {"uv": [0, 0, 1, 16], "texture": "#8"}
			}
		},
		{
			"from": [0, 17.85, 0.05],
			"to": [0.5, 18.35, 3.9],
			"rotation": {"angle": 0, "axis": "y", "origin": [0, -1.95, -14.8]},
			"faces": {
				"north": {"uv": [0, 6.25, 1, 0], "texture": "#8"},
				"east": {"uv": [0, 5.024, 16, 7.786], "texture": "#5"},
				"south": {"uv": [0, 0, 1, 6.25], "texture": "#8"},
				"west": {"uv": [0, 6.112, 16, 9.834], "texture": "#8"},
				"up": {"uv": [0, 0, 1, 16], "texture": "#8"},
				"down": {"uv": [0, 0, 1, 16], "texture": "#8"}
			}
		},
		{
			"from": [15.5, 17.85, 0.05],
			"to": [16, 18.35, 3.9],
			"rotation": {"angle": 0, "axis": "y", "origin": [0, -1.95, -14.8]},
			"faces": {
				"north": {"uv": [0, 6.25, 1, 0], "texture": "#8"},
				"east": {"uv": [0, 5.024, 16, 7.786], "texture": "#8"},
				"south": {"uv": [0, 0, 1, 6.25], "texture": "#8"},
				"west": {"uv": [0, 6.112, 16, 9.834], "texture": "#5"},
				"up": {"uv": [0, 0, 1, 16], "texture": "#8"},
				"down": {"uv": [0, 0, 1, 16], "texture": "#8"}
			}
		},
		{
			"from": [15.6, 5.35, 0.05],
			"to": [15.9, 11.6, 3.9],
			"rotation": {"angle": 0, "axis": "y", "origin": [0, -1.95, -14.8]},
			"faces": {
				"north": {"uv": [0, 6.25, 1, 0], "texture": "#4"},
				"east": {"uv": [0, 5.024, 16, 7.786], "texture": "#4"},
				"south": {"uv": [0, 0, 1, 6.25], "texture": "#4"},
				"west": {"uv": [0, 6.112, 16, 9.834], "texture": "#5"},
				"up": {"uv": [0, 0, 1, 16], "texture": "#4"},
				"down": {"uv": [0, 0, 1, 16], "texture": "#4"}
			}
		},
		{
			"from": [0.1, 11.6, 3.05],
			"to": [0.4, 16.85, 3.9],
			"rotation": {"angle": 0, "axis": "y", "origin": [16, -1.95, -14.8]},
			"faces": {
				"north": {"uv": [1, 6.25, 0, 0], "texture": "#4"},
				"east": {"uv": [16, 6.112, 0, 9.834], "texture": "#5"},
				"south": {"uv": [1, 0, 0, 6.25], "texture": "#4"},
				"west": {"uv": [16, 5.024, 0, 7.786], "texture": "#4"},
				"up": {"uv": [1, 0, 0, 16], "texture": "#4"},
				"down": {"uv": [1, 0, 0, 16], "texture": "#4"}
			}
		},
		{
			"from": [0.2, 11.6, 0.9],
			"to": [0.3, 16.85, 3.05],
			"rotation": {"angle": 0, "axis": "y", "origin": [16, -1.95, -14.85]},
			"faces": {
				"north": {"uv": [1, 6.25, 0, 0], "texture": "#4"},
				"east": {"uv": [16, 0, 0, 16], "texture": "#6"},
				"south": {"uv": [1, 0, 0, 6.25], "texture": "#4"},
				"west": {"uv": [16, 0, 0, 16], "texture": "#6"},
				"up": {"uv": [1, 0, 0, 16], "texture": "#4"},
				"down": {"uv": [1, 0, 0, 16], "texture": "#4"}
			}
		},
		{
			"from": [0.1, 16.85, 0.05],
			"to": [0.4, 17.85, 3.9],
			"rotation": {"angle": 0, "axis": "y", "origin": [16, -1.95, -14.8]},
			"faces": {
				"north": {"uv": [1, 6.25, 0, 0], "texture": "#4"},
				"east": {"uv": [16, 6.112, 0, 9.834], "texture": "#5"},
				"south": {"uv": [1, 0, 0, 6.25], "texture": "#4"},
				"west": {"uv": [16, 5.024, 0, 7.786], "texture": "#4"},
				"up": {"uv": [1, 0, 0, 16], "texture": "#4"},
				"down": {"uv": [1, 0, 0, 16], "texture": "#4"}
			}
		},
		{
			"from": [0.1, 11.6, 0.05],
			"to": [0.4, 16.85, 0.9],
			"rotation": {"angle": 0, "axis": "y", "origin": [16, -1.95, -14.8]},
			"faces": {
				"north": {"uv": [1, 6.25, 0, 0], "texture": "#4"},
				"east": {"uv": [16, 6.112, 0, 9.834], "texture": "#5"},
				"south": {"uv": [1, 0, 0, 6.25], "texture": "#4"},
				"west": {"uv": [16, 5.024, 0, 7.786], "texture": "#4"},
				"up": {"uv": [1, 0, 0, 16], "texture": "#4"},
				"down": {"uv": [1, 0, 0, 16], "texture": "#4"}
			}
		},
		{
			"from": [0, 10.85, 0.55],
			"to": [0.5, 11.1, 1.4],
			"rotation": {"angle": 0, "axis": "y", "origin": [16, -1.95, -14.8]},
			"faces": {
				"north": {"uv": [1, 6.25, 0, 0], "texture": "#1"},
				"east": {"uv": [16, 6.112, 0, 9.834], "texture": "#1"},
				"south": {"uv": [1, 0, 0, 6.25], "texture": "#1"},
				"west": {"uv": [16, 5.024, 0, 7.786], "texture": "#1"},
				"up": {"uv": [1, 0, 0, 16], "texture": "#1"},
				"down": {"uv": [1, 0, 0, 16], "texture": "#1"}
			}
		},
		{
			"from": [0, 10.65, 0.55],
			"to": [0.5, 10.85, 0.9],
			"rotation": {"angle": 0, "axis": "y", "origin": [16, -1.95, -14.8]},
			"faces": {
				"north": {"uv": [1, 6.25, 0, 0], "texture": "#1"},
				"east": {"uv": [16, 6.112, 0, 9.834], "texture": "#1"},
				"south": {"uv": [1, 0, 0, 6.25], "texture": "#1"},
				"west": {"uv": [16, 5.024, 0, 7.786], "texture": "#1"},
				"up": {"uv": [1, 0, 0, 16], "texture": "#1"},
				"down": {"uv": [1, 0, 0, 16], "texture": "#1"}
			}
		},
		{
			"from": [0.1, 5.35, 0.05],
			"to": [0.4, 11.6, 3.9],
			"rotation": {"angle": 0, "axis": "y", "origin": [16, -1.95, -14.8]},
			"faces": {
				"north": {"uv": [1, 6.25, 0, 0], "texture": "#4"},
				"east": {"uv": [16, 6.112, 0, 9.834], "texture": "#5"},
				"south": {"uv": [1, 0, 0, 6.25], "texture": "#4"},
				"west": {"uv": [16, 5.024, 0, 7.786], "texture": "#4"},
				"up": {"uv": [1, 0, 0, 16], "texture": "#4"},
				"down": {"uv": [1, 0, 0, 16], "texture": "#4"}
			}
		},
		{
			"from": [15.5, 10.65, 0.55],
			"to": [16, 10.85, 0.9],
			"rotation": {"angle": 0, "axis": "y", "origin": [0, -1.95, -14.8]},
			"faces": {
				"north": {"uv": [0, 6.25, 1, 0], "texture": "#1"},
				"east": {"uv": [0, 5.024, 16, 7.786], "texture": "#1"},
				"south": {"uv": [0, 0, 1, 6.25], "texture": "#1"},
				"west": {"uv": [0, 6.112, 16, 9.834], "texture": "#1"},
				"up": {"uv": [0, 0, 1, 16], "texture": "#1"},
				"down": {"uv": [0, 0, 1, 16], "texture": "#1"}
			}
		},
		{
			"from": [15.5, 10.85, 0.55],
			"to": [16, 11.1, 1.4],
			"rotation": {"angle": 0, "axis": "y", "origin": [0, -1.95, -14.8]},
			"faces": {
				"north": {"uv": [0, 6.25, 1, 0], "texture": "#1"},
				"east": {"uv": [0, 5.024, 16, 7.786], "texture": "#1"},
				"south": {"uv": [0, 0, 1, 6.25], "texture": "#1"},
				"west": {"uv": [0, 6.112, 16, 9.834], "texture": "#1"},
				"up": {"uv": [0, 0, 1, 16], "texture": "#1"},
				"down": {"uv": [0, 0, 1, 16], "texture": "#1"}
			}
		},
		{
			"from": [15.6, 16.85, 0.05],
			"to": [15.9, 17.85, 3.9],
			"rotation": {"angle": 0, "axis": "y", "origin": [0, -1.95, -14.8]},
			"faces": {
				"north": {"uv": [0, 6.25, 1, 0], "texture": "#4"},
				"east": {"uv": [0, 5.024, 16, 7.786], "texture": "#4"},
				"south": {"uv": [0, 0, 1, 6.25], "texture": "#4"},
				"west": {"uv": [0, 6.112, 16, 9.834], "texture": "#5"},
				"up": {"uv": [0, 0, 1, 16], "texture": "#4"},
				"down": {"uv": [0, 0, 1, 16], "texture": "#4"}
			}
		},
		{
			"from": [15.6, 11.6, 0.05],
			"to": [15.9, 16.85, 0.9],
			"rotation": {"angle": 0, "axis": "y", "origin": [0, -1.95, -14.8]},
			"faces": {
				"north": {"uv": [0, 6.25, 1, 0], "texture": "#4"},
				"east": {"uv": [0, 5.024, 16, 7.786], "texture": "#4"},
				"south": {"uv": [0, 0, 1, 6.25], "texture": "#4"},
				"west": {"uv": [0, 6.112, 16, 9.834], "texture": "#5"},
				"up": {"uv": [0, 0, 1, 16], "texture": "#4"},
				"down": {"uv": [0, 0, 1, 16], "texture": "#4"}
			}
		},
		{
			"from": [15.7, 11.6, 0.9],
			"to": [15.8, 16.85, 3.05],
			"rotation": {"angle": 0, "axis": "y", "origin": [0, -1.95, -14.85]},
			"faces": {
				"north": {"uv": [0, 6.25, 1, 0], "texture": "#4"},
				"east": {"uv": [0, 0, 16, 16], "texture": "#6"},
				"south": {"uv": [0, 0, 1, 6.25], "texture": "#4"},
				"west": {"uv": [0, 0, 16, 16], "texture": "#6"},
				"up": {"uv": [0, 0, 1, 16], "texture": "#4"},
				"down": {"uv": [0, 0, 1, 16], "texture": "#4"}
			}
		},
		{
			"from": [15.6, 11.6, 3.05],
			"to": [15.9, 16.85, 3.9],
			"rotation": {"angle": 0, "axis": "y", "origin": [0, -1.95, -14.8]},
			"faces": {
				"north": {"uv": [0, 6.25, 1, 0], "texture": "#4"},
				"east": {"uv": [0, 5.024, 16, 7.786], "texture": "#4"},
				"south": {"uv": [0, 0, 1, 6.25], "texture": "#4"},
				"west": {"uv": [0, 6.112, 16, 9.834], "texture": "#5"},
				"up": {"uv": [0, 0, 1, 16], "texture": "#4"},
				"down": {"uv": [0, 0, 1, 16], "texture": "#4"}
			}
		},
		{
			"from": [15.5, 5.35, 3.9],
			"to": [16, 12.35, 7.25],
			"rotation": {"angle": 0, "axis": "y", "origin": [0, -1.95, -14.8]},
			"faces": {
				"north": {"uv": [0, 6.25, 1, 0], "texture": "#4"},
				"east": {"uv": [0, 5.024, 16, 7.786], "texture": "#4"},
				"south": {"uv": [0, 0, 1, 6.25], "texture": "#4"},
				"west": {"uv": [0, 6.112, 16, 9.834], "texture": "#5"},
				"up": {"uv": [0, 0, 1, 16], "texture": "#8"},
				"down": {"uv": [0, 0, 1, 16], "texture": "#8"}
			}
		},
		{
			"from": [0, 12.35, -2.1],
			"to": [0.5, 18.35, 0.05],
			"rotation": {"angle": 0, "axis": "y", "origin": [0, -1.95, -14.8]},
			"faces": {
				"north": {"uv": [0, 6.25, 1, 0], "texture": "#8"},
				"east": {"uv": [0, 5.024, 16, 7.786], "texture": "#5"},
				"south": {"uv": [0, 0, 1, 6.25], "texture": "#8"},
				"west": {"uv": [0, 6.112, 16, 9.834], "texture": "#8"},
				"up": {"uv": [0, 0, 1, 16], "texture": "#8"},
				"down": {"uv": [0, 0, 1, 16], "texture": "#8"}
			}
		},
		{
			"from": [0, 5.35, -2.1],
			"to": [0.5, 12.35, 0.05],
			"rotation": {"angle": 0, "axis": "y", "origin": [0, -1.95, -14.8]},
			"faces": {
				"north": {"uv": [0, 6.25, 1, 0], "texture": "#8"},
				"east": {"uv": [0, 5.024, 16, 7.786], "texture": "#5"},
				"south": {"uv": [0, 0, 1, 6.25], "texture": "#4"},
				"west": {"uv": [0, 6.112, 16, 9.834], "texture": "#4"},
				"up": {"uv": [0, 0, 1, 16], "texture": "#8"},
				"down": {"uv": [0, 0, 1, 16], "texture": "#8"}
			}
		},
		{
			"from": [-0.2, 17.35, -16],
			"to": [16.2, 17.85, -14.1],
			"rotation": {"angle": 0, "axis": "y", "origin": [0, -1.95, -14.7]},
			"faces": {
				"north": {"uv": [0, 6.25, 1, 0], "texture": "#12"},
				"east": {"uv": [0, 5.024, 16, 7.786], "texture": "#12"},
				"south": {"uv": [0, 0, 1, 6.25], "texture": "#12"},
				"west": {"uv": [0, 6.112, 16, 9.834], "texture": "#12"},
				"up": {"uv": [0, 0, 1, 16], "texture": "#12"},
				"down": {"uv": [0, 0, 1, 16], "texture": "#12"}
			}
		},
		{
			"from": [-0.2, 16.6, -16],
			"to": [16.2, 17.1, -14.1],
			"rotation": {"angle": 0, "axis": "y", "origin": [0, -1.95, -14.7]},
			"faces": {
				"north": {"uv": [0, 6.25, 1, 0], "texture": "#12"},
				"east": {"uv": [0, 5.024, 16, 7.786], "texture": "#12"},
				"south": {"uv": [0, 0, 1, 6.25], "texture": "#12"},
				"west": {"uv": [0, 6.112, 16, 9.834], "texture": "#12"},
				"up": {"uv": [0, 0, 1, 16], "texture": "#12"},
				"down": {"uv": [0, 0, 1, 16], "texture": "#12"}
			}
		},
		{
			"from": [-0.2, 15.85, -16],
			"to": [16.2, 16.35, -14.1],
			"rotation": {"angle": 0, "axis": "y", "origin": [0, -1.95, -14.7]},
			"faces": {
				"north": {"uv": [0, 6.25, 1, 0], "texture": "#12"},
				"east": {"uv": [0, 5.024, 16, 7.786], "texture": "#12"},
				"south": {"uv": [0, 0, 1, 6.25], "texture": "#12"},
				"west": {"uv": [0, 6.112, 16, 9.834], "texture": "#12"},
				"up": {"uv": [0, 0, 1, 16], "texture": "#12"},
				"down": {"uv": [0, 0, 1, 16], "texture": "#12"}
			}
		},
		{
			"from": [-0.2, 15.1, -16],
			"to": [16.2, 15.6, -14.1],
			"rotation": {"angle": 0, "axis": "y", "origin": [0, -1.95, -14.7]},
			"faces": {
				"north": {"uv": [0, 6.25, 1, 0], "texture": "#12"},
				"east": {"uv": [0, 5.024, 16, 7.786], "texture": "#12"},
				"south": {"uv": [0, 0, 1, 6.25], "texture": "#12"},
				"west": {"uv": [0, 6.112, 16, 9.834], "texture": "#12"},
				"up": {"uv": [0, 0, 1, 16], "texture": "#12"},
				"down": {"uv": [0, 0, 1, 16], "texture": "#12"}
			}
		},
		{
			"from": [-0.2, 14.35, -16],
			"to": [16.2, 14.85, -14.1],
			"rotation": {"angle": 0, "axis": "y", "origin": [0, -1.95, -14.7]},
			"faces": {
				"north": {"uv": [0, 6.25, 1, 0], "texture": "#12"},
				"east": {"uv": [0, 5.024, 16, 7.786], "texture": "#12"},
				"south": {"uv": [0, 0, 1, 6.25], "texture": "#12"},
				"west": {"uv": [0, 6.112, 16, 9.834], "texture": "#12"},
				"up": {"uv": [0, 0, 1, 16], "texture": "#12"},
				"down": {"uv": [0, 0, 1, 16], "texture": "#12"}
			}
		},
		{
			"from": [-0.2, 13.6, -16],
			"to": [16.2, 14.1, -14.1],
			"rotation": {"angle": 0, "axis": "y", "origin": [0, -1.95, -14.7]},
			"faces": {
				"north": {"uv": [0, 6.25, 1, 0], "texture": "#12"},
				"east": {"uv": [0, 5.024, 16, 7.786], "texture": "#12"},
				"south": {"uv": [0, 0, 1, 6.25], "texture": "#12"},
				"west": {"uv": [0, 6.112, 16, 9.834], "texture": "#12"},
				"up": {"uv": [0, 0, 1, 16], "texture": "#12"},
				"down": {"uv": [0, 0, 1, 16], "texture": "#12"}
			}
		},
		{
			"from": [-0.2, 16.6, -8.25],
			"to": [16.2, 17.1, -6.35],
			"rotation": {"angle": 0, "axis": "y", "origin": [0, -1.95, -14.7]},
			"faces": {
				"north": {"uv": [0, 6.25, 1, 0], "texture": "#12"},
				"east": {"uv": [0, 5.024, 16, 7.786], "texture": "#12"},
				"south": {"uv": [0, 0, 1, 6.25], "texture": "#12"},
				"west": {"uv": [0, 6.112, 16, 9.834], "texture": "#12"},
				"up": {"uv": [0, 0, 1, 16], "texture": "#12"},
				"down": {"uv": [0, 0, 1, 16], "texture": "#12"}
			}
		},
		{
			"from": [-0.2, 17.35, -8.25],
			"to": [16.2, 17.85, -6.35],
			"rotation": {"angle": 0, "axis": "y", "origin": [0, -1.95, -14.7]},
			"faces": {
				"north": {"uv": [0, 6.25, 1, 0], "texture": "#12"},
				"east": {"uv": [0, 5.024, 16, 7.786], "texture": "#12"},
				"south": {"uv": [0, 0, 1, 6.25], "texture": "#12"},
				"west": {"uv": [0, 6.112, 16, 9.834], "texture": "#12"},
				"up": {"uv": [0, 0, 1, 16], "texture": "#12"},
				"down": {"uv": [0, 0, 1, 16], "texture": "#12"}
			}
		},
		{
			"from": [-0.2, 15.85, -8.25],
			"to": [16.2, 16.35, -6.35],
			"rotation": {"angle": 0, "axis": "y", "origin": [0, -1.95, -14.7]},
			"faces": {
				"north": {"uv": [0, 6.25, 1, 0], "texture": "#12"},
				"east": {"uv": [0, 5.024, 16, 7.786], "texture": "#12"},
				"south": {"uv": [0, 0, 1, 6.25], "texture": "#12"},
				"west": {"uv": [0, 6.112, 16, 9.834], "texture": "#12"},
				"up": {"uv": [0, 0, 1, 16], "texture": "#12"},
				"down": {"uv": [0, 0, 1, 16], "texture": "#12"}
			}
		},
		{
			"from": [-0.2, 15.1, -8.25],
			"to": [16.2, 15.6, -6.35],
			"rotation": {"angle": 0, "axis": "y", "origin": [0, -1.95, -14.7]},
			"faces": {
				"north": {"uv": [0, 6.25, 1, 0], "texture": "#12"},
				"east": {"uv": [0, 5.024, 16, 7.786], "texture": "#12"},
				"south": {"uv": [0, 0, 1, 6.25], "texture": "#12"},
				"west": {"uv": [0, 6.112, 16, 9.834], "texture": "#12"},
				"up": {"uv": [0, 0, 1, 16], "texture": "#12"},
				"down": {"uv": [0, 0, 1, 16], "texture": "#12"}
			}
		},
		{
			"from": [-0.2, 14.35, -8.25],
			"to": [16.2, 14.85, -6.35],
			"rotation": {"angle": 0, "axis": "y", "origin": [0, -1.95, -14.7]},
			"faces": {
				"north": {"uv": [0, 6.25, 1, 0], "texture": "#12"},
				"east": {"uv": [0, 5.024, 16, 7.786], "texture": "#12"},
				"south": {"uv": [0, 0, 1, 6.25], "texture": "#12"},
				"west": {"uv": [0, 6.112, 16, 9.834], "texture": "#12"},
				"up": {"uv": [0, 0, 1, 16], "texture": "#12"},
				"down": {"uv": [0, 0, 1, 16], "texture": "#12"}
			}
		},
		{
			"from": [-0.2, 13.6, -8.25],
			"to": [16.2, 14.1, -6.35],
			"rotation": {"angle": 0, "axis": "y", "origin": [0, -1.95, -14.7]},
			"faces": {
				"north": {"uv": [0, 6.25, 1, 0], "texture": "#12"},
				"east": {"uv": [0, 5.024, 16, 7.786], "texture": "#12"},
				"south": {"uv": [0, 0, 1, 6.25], "texture": "#12"},
				"west": {"uv": [0, 6.112, 16, 9.834], "texture": "#12"},
				"up": {"uv": [0, 0, 1, 16], "texture": "#12"},
				"down": {"uv": [0, 0, 1, 16], "texture": "#12"}
			}
		},
		{
			"from": [-0.2, 17.35, -11.35],
			"to": [16.2, 17.85, -9.45],
			"rotation": {"angle": 0, "axis": "y", "origin": [0, -1.95, -14.65]},
			"faces": {
				"north": {"uv": [0, 6.25, 1, 0], "texture": "#12"},
				"east": {"uv": [0, 5.024, 16, 7.786], "texture": "#12"},
				"south": {"uv": [0, 0, 1, 6.25], "texture": "#12"},
				"west": {"uv": [0, 6.112, 16, 9.834], "texture": "#12"},
				"up": {"uv": [0, 0, 1, 16], "texture": "#12"},
				"down": {"uv": [0, 0, 1, 16], "texture": "#12"}
			}
		},
		{
			"from": [-0.2, 17.35, -13.25],
			"to": [16.2, 17.85, -11.35],
			"rotation": {"angle": 0, "axis": "y", "origin": [0, -1.95, -14.7]},
			"faces": {
				"north": {"uv": [0, 6.25, 1, 0], "texture": "#12"},
				"east": {"uv": [0, 5.024, 16, 7.786], "texture": "#12"},
				"south": {"uv": [0, 0, 1, 6.25], "texture": "#12"},
				"west": {"uv": [0, 6.112, 16, 9.834], "texture": "#12"},
				"up": {"uv": [0, 0, 1, 16], "texture": "#12"},
				"down": {"uv": [0, 0, 1, 16], "texture": "#12"}
			}
		},
		{
			"from": [-0.2, 16.6, -11.35],
			"to": [16.2, 17.1, -9.45],
			"rotation": {"angle": 0, "axis": "y", "origin": [0, -1.95, -14.65]},
			"faces": {
				"north": {"uv": [0, 6.25, 1, 0], "texture": "#12"},
				"east": {"uv": [0, 5.024, 16, 7.786], "texture": "#12"},
				"south": {"uv": [0, 0, 1, 6.25], "texture": "#12"},
				"west": {"uv": [0, 6.112, 16, 9.834], "texture": "#12"},
				"up": {"uv": [0, 0, 1, 16], "texture": "#12"},
				"down": {"uv": [0, 0, 1, 16], "texture": "#12"}
			}
		},
		{
			"from": [-0.2, 16.6, -13.25],
			"to": [16.2, 17.1, -11.35],
			"rotation": {"angle": 0, "axis": "y", "origin": [0, -1.95, -14.7]},
			"faces": {
				"north": {"uv": [0, 6.25, 1, 0], "texture": "#12"},
				"east": {"uv": [0, 5.024, 16, 7.786], "texture": "#12"},
				"south": {"uv": [0, 0, 1, 6.25], "texture": "#12"},
				"west": {"uv": [0, 6.112, 16, 9.834], "texture": "#12"},
				"up": {"uv": [0, 0, 1, 16], "texture": "#12"},
				"down": {"uv": [0, 0, 1, 16], "texture": "#12"}
			}
		},
		{
			"from": [-0.2, 15.85, -11.35],
			"to": [16.2, 16.35, -9.45],
			"rotation": {"angle": 0, "axis": "y", "origin": [0, -1.95, -14.65]},
			"faces": {
				"north": {"uv": [0, 6.25, 1, 0], "texture": "#12"},
				"east": {"uv": [0, 5.024, 16, 7.786], "texture": "#12"},
				"south": {"uv": [0, 0, 1, 6.25], "texture": "#12"},
				"west": {"uv": [0, 6.112, 16, 9.834], "texture": "#12"},
				"up": {"uv": [0, 0, 1, 16], "texture": "#12"},
				"down": {"uv": [0, 0, 1, 16], "texture": "#12"}
			}
		},
		{
			"from": [-0.2, 15.85, -13.25],
			"to": [16.2, 16.35, -11.35],
			"rotation": {"angle": 0, "axis": "y", "origin": [0, -1.95, -14.7]},
			"faces": {
				"north": {"uv": [0, 6.25, 1, 0], "texture": "#12"},
				"east": {"uv": [0, 5.024, 16, 7.786], "texture": "#12"},
				"south": {"uv": [0, 0, 1, 6.25], "texture": "#12"},
				"west": {"uv": [0, 6.112, 16, 9.834], "texture": "#12"},
				"up": {"uv": [0, 0, 1, 16], "texture": "#12"},
				"down": {"uv": [0, 0, 1, 16], "texture": "#12"}
			}
		},
		{
			"from": [-0.2, 15.1, -11.35],
			"to": [16.2, 15.6, -9.45],
			"rotation": {"angle": 0, "axis": "y", "origin": [0, -1.95, -14.65]},
			"faces": {
				"north": {"uv": [0, 6.25, 1, 0], "texture": "#12"},
				"east": {"uv": [0, 5.024, 16, 7.786], "texture": "#12"},
				"south": {"uv": [0, 0, 1, 6.25], "texture": "#12"},
				"west": {"uv": [0, 6.112, 16, 9.834], "texture": "#12"},
				"up": {"uv": [0, 0, 1, 16], "texture": "#12"},
				"down": {"uv": [0, 0, 1, 16], "texture": "#12"}
			}
		},
		{
			"from": [-0.2, 15.1, -13.25],
			"to": [16.2, 15.6, -11.35],
			"rotation": {"angle": 0, "axis": "y", "origin": [0, -1.95, -14.7]},
			"faces": {
				"north": {"uv": [0, 6.25, 1, 0], "texture": "#12"},
				"east": {"uv": [0, 5.024, 16, 7.786], "texture": "#12"},
				"south": {"uv": [0, 0, 1, 6.25], "texture": "#12"},
				"west": {"uv": [0, 6.112, 16, 9.834], "texture": "#12"},
				"up": {"uv": [0, 0, 1, 16], "texture": "#12"},
				"down": {"uv": [0, 0, 1, 16], "texture": "#12"}
			}
		},
		{
			"from": [-0.2, 14.35, -11.35],
			"to": [16.2, 14.85, -9.45],
			"rotation": {"angle": 0, "axis": "y", "origin": [0, -1.95, -14.65]},
			"faces": {
				"north": {"uv": [0, 6.25, 1, 0], "texture": "#12"},
				"east": {"uv": [0, 5.024, 16, 7.786], "texture": "#12"},
				"south": {"uv": [0, 0, 1, 6.25], "texture": "#12"},
				"west": {"uv": [0, 6.112, 16, 9.834], "texture": "#12"},
				"up": {"uv": [0, 0, 1, 16], "texture": "#12"},
				"down": {"uv": [0, 0, 1, 16], "texture": "#12"}
			}
		},
		{
			"from": [-0.2, 14.35, -13.25],
			"to": [16.2, 14.85, -11.35],
			"rotation": {"angle": 0, "axis": "y", "origin": [0, -1.95, -14.7]},
			"faces": {
				"north": {"uv": [0, 6.25, 1, 0], "texture": "#12"},
				"east": {"uv": [0, 5.024, 16, 7.786], "texture": "#12"},
				"south": {"uv": [0, 0, 1, 6.25], "texture": "#12"},
				"west": {"uv": [0, 6.112, 16, 9.834], "texture": "#12"},
				"up": {"uv": [0, 0, 1, 16], "texture": "#12"},
				"down": {"uv": [0, 0, 1, 16], "texture": "#12"}
			}
		},
		{
			"from": [-0.2, 13.6, -11.35],
			"to": [16.2, 14.1, -9.45],
			"rotation": {"angle": 0, "axis": "y", "origin": [0, -1.95, -14.65]},
			"faces": {
				"north": {"uv": [0, 6.25, 1, 0], "texture": "#12"},
				"east": {"uv": [0, 5.024, 16, 7.786], "texture": "#12"},
				"south": {"uv": [0, 0, 1, 6.25], "texture": "#12"},
				"west": {"uv": [0, 6.112, 16, 9.834], "texture": "#12"},
				"up": {"uv": [0, 0, 1, 16], "texture": "#12"},
				"down": {"uv": [0, 0, 1, 16], "texture": "#12"}
			}
		},
		{
			"from": [-0.2, 13.6, -13.25],
			"to": [16.2, 14.1, -11.35],
			"rotation": {"angle": 0, "axis": "y", "origin": [0, -1.95, -14.7]},
			"faces": {
				"north": {"uv": [0, 6.25, 1, 0], "texture": "#12"},
				"east": {"uv": [0, 5.024, 16, 7.786], "texture": "#12"},
				"south": {"uv": [0, 0, 1, 6.25], "texture": "#12"},
				"west": {"uv": [0, 6.112, 16, 9.834], "texture": "#12"},
				"up": {"uv": [0, 0, 1, 16], "texture": "#12"},
				"down": {"uv": [0, 0, 1, 16], "texture": "#12"}
			}
		},
		{
			"from": [-0.2, 16.6, -6.35],
			"to": [16.2, 17.1, -4.45],
			"rotation": {"angle": 0, "axis": "y", "origin": [0, -1.95, -14.65]},
			"faces": {
				"north": {"uv": [0, 6.25, 1, 0], "texture": "#12"},
				"east": {"uv": [0, 5.024, 16, 7.786], "texture": "#12"},
				"south": {"uv": [0, 0, 1, 6.25], "texture": "#12"},
				"west": {"uv": [0, 6.112, 16, 9.834], "texture": "#12"},
				"up": {"uv": [0, 0, 1, 16], "texture": "#12"},
				"down": {"uv": [0, 0, 1, 16], "texture": "#12"}
			}
		},
		{
			"from": [-0.2, 17.35, -6.35],
			"to": [16.2, 17.85, -4.45],
			"rotation": {"angle": 0, "axis": "y", "origin": [0, -1.95, -14.65]},
			"faces": {
				"north": {"uv": [0, 6.25, 1, 0], "texture": "#12"},
				"east": {"uv": [0, 5.024, 16, 7.786], "texture": "#12"},
				"south": {"uv": [0, 0, 1, 6.25], "texture": "#12"},
				"west": {"uv": [0, 6.112, 16, 9.834], "texture": "#12"},
				"up": {"uv": [0, 0, 1, 16], "texture": "#12"},
				"down": {"uv": [0, 0, 1, 16], "texture": "#12"}
			}
		},
		{
			"from": [-0.2, 15.85, -6.35],
			"to": [16.2, 16.35, -4.45],
			"rotation": {"angle": 0, "axis": "y", "origin": [0, -1.95, -14.65]},
			"faces": {
				"north": {"uv": [0, 6.25, 1, 0], "texture": "#12"},
				"east": {"uv": [0, 5.024, 16, 7.786], "texture": "#12"},
				"south": {"uv": [0, 0, 1, 6.25], "texture": "#12"},
				"west": {"uv": [0, 6.112, 16, 9.834], "texture": "#12"},
				"up": {"uv": [0, 0, 1, 16], "texture": "#12"},
				"down": {"uv": [0, 0, 1, 16], "texture": "#12"}
			}
		},
		{
			"from": [-0.2, 15.1, -6.35],
			"to": [16.2, 15.6, -4.45],
			"rotation": {"angle": 0, "axis": "y", "origin": [0, -1.95, -14.65]},
			"faces": {
				"north": {"uv": [0, 6.25, 1, 0], "texture": "#12"},
				"east": {"uv": [0, 5.024, 16, 7.786], "texture": "#12"},
				"south": {"uv": [0, 0, 1, 6.25], "texture": "#12"},
				"west": {"uv": [0, 6.112, 16, 9.834], "texture": "#12"},
				"up": {"uv": [0, 0, 1, 16], "texture": "#12"},
				"down": {"uv": [0, 0, 1, 16], "texture": "#12"}
			}
		},
		{
			"from": [-0.2, 14.35, -6.35],
			"to": [16.2, 14.85, -4.45],
			"rotation": {"angle": 0, "axis": "y", "origin": [0, -1.95, -14.65]},
			"faces": {
				"north": {"uv": [0, 6.25, 1, 0], "texture": "#12"},
				"east": {"uv": [0, 5.024, 16, 7.786], "texture": "#12"},
				"south": {"uv": [0, 0, 1, 6.25], "texture": "#12"},
				"west": {"uv": [0, 6.112, 16, 9.834], "texture": "#12"},
				"up": {"uv": [0, 0, 1, 16], "texture": "#12"},
				"down": {"uv": [0, 0, 1, 16], "texture": "#12"}
			}
		},
		{
			"from": [-0.2, 13.6, -6.35],
			"to": [16.2, 14.1, -4.45],
			"rotation": {"angle": 0, "axis": "y", "origin": [0, -1.95, -14.65]},
			"faces": {
				"north": {"uv": [0, 6.25, 1, 0], "texture": "#12"},
				"east": {"uv": [0, 5.024, 16, 7.786], "texture": "#12"},
				"south": {"uv": [0, 0, 1, 6.25], "texture": "#12"},
				"west": {"uv": [0, 6.112, 16, 9.834], "texture": "#12"},
				"up": {"uv": [0, 0, 1, 16], "texture": "#12"},
				"down": {"uv": [0, 0, 1, 16], "texture": "#12"}
			}
		},
		{
			"from": [0.5, 11.1, 7.1],
			"to": [15.5, 11.1, 7.35],
			"rotation": {"angle": 0, "axis": "y", "origin": [0, -1.95, -14.7]},
			"faces": {
				"north": {"uv": [0, 6.25, 1, 0], "texture": "#14"},
				"east": {"uv": [0, 5.024, 16, 7.786], "texture": "#14"},
				"south": {"uv": [0, 0, 1, 6.25], "texture": "#4"},
				"west": {"uv": [0, 6.112, 16, 9.834], "texture": "#14"},
				"up": {"uv": [0, 0, 1, 16], "texture": "#15"},
				"down": {"uv": [0, 0, 1, 16], "texture": "#4"}
			}
		},
		{
			"from": [5.5, 11.05, 4.95],
			"to": [8.65, 12.8, 6.25],
			"rotation": {"angle": 0, "axis": "y", "origin": [0, 0, -10.9]},
			"faces": {
				"north": {"uv": [0, 0, 16, 4], "texture": "#4"},
				"east": {"uv": [0, 0, 1.8, 4], "texture": "#4"},
				"south": {"uv": [0, 0, 16, 4], "texture": "#4"},
				"west": {"uv": [0, 0, 1.8, 4], "texture": "#4"},
				"up": {"uv": [0, 0, 16, 1.8], "texture": "#4"},
				"down": {"uv": [0, 0, 16, 1.8], "texture": "#4"}
			}
		},
		{
			"from": [1.8, 15.9, 6.7],
			"to": [1.95, 16.05, 7.25],
			"rotation": {"angle": 0, "axis": "y", "origin": [0, 0, -10.9]},
			"faces": {
				"north": {"uv": [0, 0, 16, 4], "texture": "#12"},
				"east": {"uv": [0, 0, 1.8, 4], "texture": "#12"},
				"south": {"uv": [0, 0, 16, 4], "texture": "#12"},
				"west": {"uv": [0, 0, 1.8, 4], "texture": "#12"},
				"up": {"uv": [0, 0, 16, 1.8], "texture": "#12"},
				"down": {"uv": [0, 0, 16, 1.8], "texture": "#12"}
			}
		},
		{
			"from": [1.8, 16.05, 6.7],
			"to": [1.95, 16.3, 6.85],
			"rotation": {"angle": 0, "axis": "y", "origin": [0, 0, -10.9]},
			"faces": {
				"north": {"uv": [0, 0, 16, 4], "texture": "#12"},
				"east": {"uv": [0, 0, 1.8, 4], "texture": "#12"},
				"south": {"uv": [0, 0, 16, 4], "texture": "#12"},
				"west": {"uv": [0, 0, 1.8, 4], "texture": "#12"},
				"up": {"uv": [0, 0, 16, 1.8], "texture": "#12"},
				"down": {"uv": [0, 0, 16, 1.8], "texture": "#12"}
			}
		},
		{
			"from": [6.05, 11.25, 4.85],
			"to": [8.3, 12.6, 5.15],
			"rotation": {"angle": 0, "axis": "y", "origin": [0, 0, -10.9]},
			"faces": {
				"north": {"uv": [0, 0, 16, 4], "texture": "#1"},
				"east": {"uv": [0, 0, 1.8, 4], "texture": "#1"},
				"south": {"uv": [0, 0, 16, 4], "texture": "#1"},
				"west": {"uv": [0, 0, 1.8, 4], "texture": "#1"},
				"up": {"uv": [0, 0, 16, 1.8], "texture": "#1"},
				"down": {"uv": [0, 0, 16, 1.8], "texture": "#1"}
			}
		},
		{
			"from": [13.25, 11.05, 4.95],
			"to": [15.15, 11.3, 6.25],
			"rotation": {"angle": 0, "axis": "y", "origin": [0, 0, -10.9]},
			"faces": {
				"north": {"uv": [0, 0, 16, 4], "texture": "#4"},
				"east": {"uv": [0, 0, 1.8, 4], "texture": "#4"},
				"south": {"uv": [0, 0, 16, 4], "texture": "#4"},
				"west": {"uv": [0, 0, 1.8, 4], "texture": "#4"},
				"up": {"uv": [0, 0, 16, 1.8], "texture": "#4"},
				"down": {"uv": [0, 0, 16, 1.8], "texture": "#4"}
			}
		},
		{
			"from": [13.4, 11.05, 5.1],
			"to": [15, 11.35, 6.1],
			"rotation": {"angle": 0, "axis": "y", "origin": [0, 0, -10.9]},
			"faces": {
				"north": {"uv": [0, 0, 16, 4], "texture": "#1"},
				"east": {"uv": [0, 0, 1.8, 4], "texture": "#1"},
				"south": {"uv": [0, 0, 16, 4], "texture": "#1"},
				"west": {"uv": [0, 0, 1.8, 4], "texture": "#1"},
				"up": {"uv": [0, 0, 16, 1.8], "texture": "#1"},
				"down": {"uv": [0, 0, 16, 1.8], "texture": "#1"}
			}
		},
		{
			"from": [11.75, 6.1, 4.95],
			"to": [12.25, 11.2, 5.45],
			"rotation": {"angle": 0, "axis": "y", "origin": [5.75, 0.85, -5.5]},
			"faces": {
				"north": {"uv": [16, 0, 0, 1.5], "texture": "#2"},
				"east": {"uv": [16, 0, 0, 1.5], "texture": "#2"},
				"south": {"uv": [16, 0, 0, 1.5], "texture": "#2"},
				"west": {"uv": [16, 0, 0, 1.5], "texture": "#2"},
				"up": {"uv": [0, 16, 6, 0], "texture": "#0"},
				"down": {"uv": [0, 16, 16, 0], "texture": "#2"}
			}
		},
		{
			"from": [12.5, 6.1, 4.95],
			"to": [13, 11.2, 5.45],
			"rotation": {"angle": 0, "axis": "y", "origin": [5.75, 0.85, -5.5]},
			"faces": {
				"north": {"uv": [16, 0, 0, 1.5], "texture": "#2"},
				"east": {"uv": [16, 0, 0, 1.5], "texture": "#2"},
				"south": {"uv": [16, 0, 0, 1.5], "texture": "#2"},
				"west": {"uv": [16, 0, 0, 1.5], "texture": "#2"},
				"up": {"uv": [0, 16, 6, 0], "texture": "#8"},
				"down": {"uv": [0, 16, 16, 0], "texture": "#2"}
			}
		},
		{
			"from": [12.5, 6.1, 5.7],
			"to": [13, 11.2, 6.2],
			"rotation": {"angle": 0, "axis": "y", "origin": [5.75, 0.85, -5.5]},
			"faces": {
				"north": {"uv": [16, 0, 0, 1.5], "texture": "#2"},
				"east": {"uv": [16, 0, 0, 1.5], "texture": "#2"},
				"south": {"uv": [16, 0, 0, 1.5], "texture": "#2"},
				"west": {"uv": [16, 0, 0, 1.5], "texture": "#2"},
				"up": {"uv": [0, 16, 6, 0], "texture": "#8"},
				"down": {"uv": [0, 16, 16, 0], "texture": "#2"}
			}
		},
		{
			"from": [11.75, 6.1, 5.7],
			"to": [12.25, 11.2, 6.2],
			"rotation": {"angle": 0, "axis": "y", "origin": [5.75, 0.85, -5.5]},
			"faces": {
				"north": {"uv": [16, 0, 0, 1.5], "texture": "#2"},
				"east": {"uv": [16, 0, 0, 1.5], "texture": "#2"},
				"south": {"uv": [16, 0, 0, 1.5], "texture": "#2"},
				"west": {"uv": [16, 0, 0, 1.5], "texture": "#2"},
				"up": {"uv": [0, 16, 6, 0], "texture": "#16"},
				"down": {"uv": [0, 16, 16, 0], "texture": "#2"}
			}
		},
		{
			"from": [11, 6.1, 6.35],
			"to": [11.5, 11.2, 6.45],
			"rotation": {"angle": 0, "axis": "y", "origin": [5.75, 0.85, -5.5]},
			"faces": {
				"north": {"uv": [16, 0, 0, 1.5], "texture": "#2"},
				"east": {"uv": [16, 0, 0, 1.5], "texture": "#2"},
				"south": {"uv": [16, 0, 0, 1.5], "texture": "#2"},
				"west": {"uv": [16, 0, 0, 1.5], "texture": "#2"},
				"up": {"uv": [0, 16, 6, 0], "texture": "#2"},
				"down": {"uv": [0, 16, 16, 0], "texture": "#2"}
			}
		},
		{
			"from": [11, 6.1, 6.1],
			"to": [11.5, 11.2, 6.2],
			"rotation": {"angle": 0, "axis": "y", "origin": [5.75, 0.85, -5.5]},
			"faces": {
				"north": {"uv": [16, 0, 0, 1.5], "texture": "#2"},
				"east": {"uv": [16, 0, 0, 1.5], "texture": "#2"},
				"south": {"uv": [16, 0, 0, 1.5], "texture": "#2"},
				"west": {"uv": [16, 0, 0, 1.5], "texture": "#2"},
				"up": {"uv": [0, 16, 6, 0], "texture": "#2"},
				"down": {"uv": [0, 16, 16, 0], "texture": "#2"}
			}
		},
		{
			"from": [11, 6.1, 5.85],
			"to": [11.5, 11.2, 5.95],
			"rotation": {"angle": 0, "axis": "y", "origin": [5.75, 0.85, -5.5]},
			"faces": {
				"north": {"uv": [16, 0, 0, 1.5], "texture": "#2"},
				"east": {"uv": [16, 0, 0, 1.5], "texture": "#2"},
				"south": {"uv": [16, 0, 0, 1.5], "texture": "#2"},
				"west": {"uv": [16, 0, 0, 1.5], "texture": "#2"},
				"up": {"uv": [0, 16, 6, 0], "texture": "#2"},
				"down": {"uv": [0, 16, 16, 0], "texture": "#2"}
			}
		},
		{
			"from": [11, 6.1, 5.6],
			"to": [11.5, 11.2, 5.7],
			"rotation": {"angle": 0, "axis": "y", "origin": [5.75, 0.85, -5.5]},
			"faces": {
				"north": {"uv": [16, 0, 0, 1.5], "texture": "#2"},
				"east": {"uv": [16, 0, 0, 1.5], "texture": "#2"},
				"south": {"uv": [16, 0, 0, 1.5], "texture": "#2"},
				"west": {"uv": [16, 0, 0, 1.5], "texture": "#2"},
				"up": {"uv": [0, 16, 6, 0], "texture": "#2"},
				"down": {"uv": [0, 16, 16, 0], "texture": "#2"}
			}
		},
		{
			"from": [11, 6.1, 5.35],
			"to": [11.5, 11.2, 5.45],
			"rotation": {"angle": 0, "axis": "y", "origin": [5.75, 0.85, -5.5]},
			"faces": {
				"north": {"uv": [16, 0, 0, 1.5], "texture": "#2"},
				"east": {"uv": [16, 0, 0, 1.5], "texture": "#2"},
				"south": {"uv": [16, 0, 0, 1.5], "texture": "#2"},
				"west": {"uv": [16, 0, 0, 1.5], "texture": "#2"},
				"up": {"uv": [0, 16, 6, 0], "texture": "#2"},
				"down": {"uv": [0, 16, 16, 0], "texture": "#2"}
			}
		},
		{
			"from": [11, 6.1, 5.1],
			"to": [11.5, 11.2, 5.2],
			"rotation": {"angle": 0, "axis": "y", "origin": [5.75, 0.85, -5.5]},
			"faces": {
				"north": {"uv": [16, 0, 0, 1.5], "texture": "#2"},
				"east": {"uv": [16, 0, 0, 1.5], "texture": "#2"},
				"south": {"uv": [16, 0, 0, 1.5], "texture": "#2"},
				"west": {"uv": [16, 0, 0, 1.5], "texture": "#2"},
				"up": {"uv": [0, 16, 6, 0], "texture": "#2"},
				"down": {"uv": [0, 16, 16, 0], "texture": "#2"}
			}
		},
		{
			"from": [9.65, 6.95, 8.4],
			"to": [11.35, 7.15, 8.6],
			"rotation": {"angle": -22.5, "axis": "x", "origin": [5.75, 0.85, -5.5]},
			"faces": {
				"north": {"uv": [16, 0, 0, 1.5], "texture": "#12"},
				"east": {"uv": [16, 0, 0, 1.5], "texture": "#12"},
				"south": {"uv": [16, 0, 0, 1.5], "texture": "#12"},
				"west": {"uv": [16, 0, 0, 1.5], "texture": "#12"},
				"up": {"uv": [0, 16, 6, 0], "texture": "#12"},
				"down": {"uv": [0, 16, 16, 0], "texture": "#12"}
			}
		},
		{
			"from": [10.4, 5.35, 8.4],
			"to": [10.6, 6.95, 8.6],
			"rotation": {"angle": -22.5, "axis": "x", "origin": [5.75, 0.85, -5.5]},
			"faces": {
				"north": {"uv": [16, 0, 0, 1.5], "texture": "#12"},
				"east": {"uv": [16, 0, 0, 1.5], "texture": "#12"},
				"south": {"uv": [16, 0, 0, 1.5], "texture": "#12"},
				"west": {"uv": [16, 0, 0, 1.5], "texture": "#12"},
				"up": {"uv": [0, 16, 6, 0], "texture": "#12"},
				"down": {"uv": [0, 16, 16, 0], "texture": "#12"}
			}
		},
		{
			"from": [10.25, 6.1, 5],
			"to": [10.75, 11.2, 6.5],
			"rotation": {"angle": 0, "axis": "y", "origin": [5.75, 0.85, -5.5]},
			"faces": {
				"north": {"uv": [16, 0, 0, 1.5], "texture": "#2"},
				"east": {"uv": [16, 0, 0, 1.5], "texture": "#2"},
				"south": {"uv": [16, 0, 0, 1.5], "texture": "#2"},
				"west": {"uv": [16, 0, 0, 1.5], "texture": "#2"},
				"up": {"uv": [0, 16, 6, 0], "texture": "#2"},
				"down": {"uv": [0, 16, 16, 0], "texture": "#2"}
			}
		},
		{
			"from": [0.5, 6.4, 7.2],
			"to": [15.5, 9.35, 7.45],
			"rotation": {"angle": 0, "axis": "y", "origin": [0, -1.95, -14.7]},
			"faces": {
				"north": {"uv": [0, 0, 1, 6.25], "texture": "#5"},
				"east": {"uv": [0, 5.024, 16, 7.786], "texture": "#4"},
				"south": {"uv": [0, 0, 1, 6.25], "texture": "#4"},
				"west": {"uv": [0, 6.112, 16, 9.834], "texture": "#4"},
				"up": {"uv": [0, 0, 1, 16], "texture": "#4"},
				"down": {"uv": [0, 0, 1, 16], "texture": "#4"}
			}
		},
		{
			"from": [0.5, 7.2, 7.2],
			"to": [15.5, 10.35, 7.7],
			"rotation": {"angle": 0, "axis": "y", "origin": [0, -1.95, -14.7]},
			"faces": {
				"north": {"uv": [0, 0, 1, 6.25], "texture": "#5"},
				"east": {"uv": [0, 5.024, 16, 7.786], "texture": "#4"},
				"south": {"uv": [0, 0, 1, 6.25], "texture": "#4"},
				"west": {"uv": [0, 6.112, 16, 9.834], "texture": "#4"},
				"up": {"uv": [0, 0, 1, 16], "texture": "#4"},
				"down": {"uv": [0, 0, 1, 16], "texture": "#4"}
			}
		},
		{
			"from": [13.5, 8.95, 7.1],
			"to": [14.5, 9.95, 7.8],
			"rotation": {"angle": 0, "axis": "y", "origin": [0, -1.95, -14.7]},
			"faces": {
				"north": {"uv": [0, 0, 1, 6.25], "texture": "#5"},
				"east": {"uv": [0, 5.024, 16, 7.786], "texture": "#4"},
				"south": {"uv": [0, 0, 16, 16], "texture": "#19"},
				"west": {"uv": [0, 6.112, 16, 9.834], "texture": "#4"},
				"up": {"uv": [0, 0, 1, 16], "texture": "#4"},
				"down": {"uv": [0, 0, 1, 16], "texture": "#4"}
			}
		},
		{
			"from": [1.5, 7.45, 7.1],
			"to": [2.5, 8.45, 7.8],
			"rotation": {"angle": 0, "axis": "y", "origin": [16, -1.95, -14.7]},
			"faces": {
				"north": {"uv": [1, 0, 0, 6.25], "texture": "#5"},
				"east": {"uv": [16, 6.112, 0, 9.834], "texture": "#4"},
				"south": {"uv": [16, 0, 0, 16], "texture": "#20"},
				"west": {"uv": [16, 5.024, 0, 7.786], "texture": "#4"},
				"up": {"uv": [1, 0, 0, 16], "texture": "#4"},
				"down": {"uv": [1, 0, 0, 16], "texture": "#4"}
			}
		},
		{
			"from": [1.5, 8.95, 7.1],
			"to": [2.5, 9.95, 7.8],
			"rotation": {"angle": 0, "axis": "y", "origin": [16, -1.95, -14.7]},
			"faces": {
				"north": {"uv": [1, 0, 0, 6.25], "texture": "#5"},
				"east": {"uv": [16, 6.112, 0, 9.834], "texture": "#4"},
				"south": {"uv": [16, 0, 0, 16], "texture": "#19"},
				"west": {"uv": [16, 5.024, 0, 7.786], "texture": "#4"},
				"up": {"uv": [1, 0, 0, 16], "texture": "#4"},
				"down": {"uv": [1, 0, 0, 16], "texture": "#4"}
			}
		},
		{
			"from": [13.5, 7.45, 7.1],
			"to": [14.5, 8.45, 7.8],
			"rotation": {"angle": 0, "axis": "y", "origin": [0, -1.95, -14.7]},
			"faces": {
				"north": {"uv": [0, 0, 1, 6.25], "texture": "#5"},
				"east": {"uv": [0, 5.024, 16, 7.786], "texture": "#4"},
				"south": {"uv": [0, 0, 16, 16], "texture": "#20"},
				"west": {"uv": [0, 6.112, 16, 9.834], "texture": "#4"},
				"up": {"uv": [0, 0, 1, 16], "texture": "#4"},
				"down": {"uv": [0, 0, 1, 16], "texture": "#4"}
			}
		},
		{
			"from": [0.5, 9.7, 7.2],
			"to": [15.5, 11.65, 7.45],
			"rotation": {"angle": 0, "axis": "y", "origin": [0, -1.95, -14.7]},
			"faces": {
				"north": {"uv": [0, 0, 1, 6.25], "texture": "#5"},
				"east": {"uv": [0, 5.024, 16, 7.786], "texture": "#4"},
				"south": {"uv": [0, 0, 1, 6.25], "texture": "#4"},
				"west": {"uv": [0, 6.112, 16, 9.834], "texture": "#4"},
				"up": {"uv": [0, 0, 1, 16], "texture": "#4"},
				"down": {"uv": [0, 0, 1, 16], "texture": "#4"}
			}
		},
		{
			"from": [1, 10.95, 7.7],
			"to": [15, 11.15, 7.95],
			"rotation": {"angle": 0, "axis": "y", "origin": [0, -1.95, -14.7]},
			"faces": {
				"north": {"uv": [0, 0, 1, 6.25], "texture": "#12"},
				"east": {"uv": [0, 5.024, 16, 7.786], "texture": "#12"},
				"south": {"uv": [0, 0, 1, 6.25], "texture": "#12"},
				"west": {"uv": [0, 6.112, 16, 9.834], "texture": "#12"},
				"up": {"uv": [0, 0, 1, 16], "texture": "#12"},
				"down": {"uv": [0, 0, 1, 16], "texture": "#12"}
			}
		},
		{
			"from": [14.75, 10.95, 7.3],
			"to": [15, 11.15, 7.7],
			"rotation": {"angle": 0, "axis": "y", "origin": [0, -1.95, -14.7]},
			"faces": {
				"north": {"uv": [0, 0, 1, 6.25], "texture": "#12"},
				"east": {"uv": [0, 5.024, 16, 7.786], "texture": "#12"},
				"south": {"uv": [0, 0, 1, 6.25], "texture": "#12"},
				"west": {"uv": [0, 6.112, 16, 9.834], "texture": "#12"},
				"up": {"uv": [0, 0, 1, 16], "texture": "#12"},
				"down": {"uv": [0, 0, 1, 16], "texture": "#12"}
			}
		},
		{
			"from": [1, 10.95, 7.3],
			"to": [1.25, 11.15, 7.7],
			"rotation": {"angle": 0, "axis": "y", "origin": [0, -1.95, -14.7]},
			"faces": {
				"north": {"uv": [0, 0, 1, 6.25], "texture": "#12"},
				"east": {"uv": [0, 5.024, 16, 7.786], "texture": "#12"},
				"south": {"uv": [0, 0, 1, 6.25], "texture": "#12"},
				"west": {"uv": [0, 6.112, 16, 9.834], "texture": "#12"},
				"up": {"uv": [0, 0, 1, 16], "texture": "#12"},
				"down": {"uv": [0, 0, 1, 16], "texture": "#12"}
			}
		},
		{
			"from": [3.5, 8.1, 7.46],
			"to": [12.5, 10.1, 7.71],
			"rotation": {"angle": 0, "axis": "y", "origin": [0, -1.95, -14.7]},
			"faces": {
				"north": {"uv": [0, 0, 1, 6.25], "texture": "#10"},
				"east": {"uv": [0, 5.024, 16, 7.786], "texture": "#10"},
				"south": {"uv": [0, 0, 16, 16], "texture": "#11"},
				"west": {"uv": [0, 6.112, 16, 9.834], "texture": "#10"},
				"up": {"uv": [0, 0, 1, 16], "texture": "#10"},
				"down": {"uv": [0, 0, 1, 16], "texture": "#10"}
			}
		},
		{
			"from": [0.5, 11.65, 7.2],
			"to": [15.5, 12.35, 7.45],
			"rotation": {"angle": 0, "axis": "y", "origin": [0, -1.95, -14.7]},
			"faces": {
				"north": {"uv": [0, 0, 1, 6.25], "texture": "#5"},
				"east": {"uv": [0, 5.024, 16, 7.786], "texture": "#8"},
				"south": {"uv": [0, 0, 1, 6.25], "texture": "#8"},
				"west": {"uv": [0, 6.112, 16, 9.834], "texture": "#8"},
				"up": {"uv": [0, 0, 1, 16], "texture": "#4"},
				"down": {"uv": [0, 0, 1, 16], "texture": "#4"}
			}
		},
		{
			"from": [4.5, 16.25, 7.45],
			"to": [8.7, 16.45, 7.7],
			"rotation": {"angle": -22.5, "axis": "z", "origin": [-1, 0, -1.9]},
			"faces": {
				"north": {"uv": [0, 0, 16, 1.8], "rotation": 180, "texture": "#1"},
				"east": {"uv": [0, 0, 1.8, 4], "rotation": 270, "texture": "#1"},
				"south": {"uv": [0, 0, 16, 1.8], "texture": "#1"},
				"west": {"uv": [0, 0, 1.8, 4], "rotation": 90, "texture": "#1"},
				"up": {"uv": [0, 0, 16, 4], "rotation": 180, "texture": "#1"},
				"down": {"uv": [0, 0, 16, 4], "texture": "#1"}
			}
		},
		{
			"from": [8.75, 12.9, 7.45],
			"to": [12.95, 13.1, 7.7],
			"rotation": {"angle": 0, "axis": "z", "origin": [-1, 0, -1.9]},
			"faces": {
				"north": {"uv": [0, 0, 16, 1.8], "rotation": 180, "texture": "#1"},
				"east": {"uv": [0, 0, 1.8, 4], "rotation": 270, "texture": "#1"},
				"south": {"uv": [0, 0, 16, 1.8], "texture": "#1"},
				"west": {"uv": [0, 0, 1.8, 4], "rotation": 90, "texture": "#1"},
				"up": {"uv": [0, 0, 16, 4], "rotation": 180, "texture": "#1"},
				"down": {"uv": [0, 0, 16, 4], "texture": "#1"}
			}
		},
		{
			"from": [7.3, 16.25, 7.45],
			"to": [11.5, 16.45, 7.7],
			"rotation": {"angle": 22.5, "axis": "z", "origin": [17, 0, -1.9]},
			"faces": {
				"north": {"uv": [16, 0, 0, 1.8], "rotation": 180, "texture": "#1"},
				"east": {"uv": [0, 4, 1.8, 0], "rotation": 90, "texture": "#1"},
				"south": {"uv": [16, 0, 0, 1.8], "texture": "#1"},
				"west": {"uv": [0, 4, 1.8, 0], "rotation": 270, "texture": "#1"},
				"up": {"uv": [16, 0, 0, 4], "rotation": 180, "texture": "#1"},
				"down": {"uv": [16, 0, 0, 4], "texture": "#1"}
			}
		},
		{
			"from": [3.05, 12.9, 7.45],
			"to": [7.25, 13.1, 7.7],
			"rotation": {"angle": 0, "axis": "y", "origin": [17, 0, -1.9]},
			"faces": {
				"north": {"uv": [16, 0, 0, 1.8], "rotation": 180, "texture": "#1"},
				"east": {"uv": [0, 4, 1.8, 0], "rotation": 90, "texture": "#1"},
				"south": {"uv": [16, 0, 0, 1.8], "texture": "#1"},
				"west": {"uv": [0, 4, 1.8, 0], "rotation": 270, "texture": "#1"},
				"up": {"uv": [16, 0, 0, 4], "rotation": 180, "texture": "#1"},
				"down": {"uv": [16, 0, 0, 4], "texture": "#1"}
			}
		},
		{
			"from": [0.5, 17.8, 7.2],
			"to": [15.5, 18, 7.45],
			"rotation": {"angle": 0, "axis": "y", "origin": [0, -2.05, -14.7]},
			"faces": {
				"north": {"uv": [0, 0, 1, 6.25], "texture": "#5"},
				"east": {"uv": [0, 5.024, 16, 7.786], "texture": "#8"},
				"south": {"uv": [0, 0, 1, 6.25], "texture": "#8"},
				"west": {"uv": [0, 6.112, 16, 9.834], "texture": "#8"},
				"up": {"uv": [0, 0, 1, 16], "texture": "#8"},
				"down": {"uv": [0, 0, 1, 16], "texture": "#4"}
			}
		},
		{
			"from": [0.5, 17.8, 6.95],
			"to": [15.5, 18.45, 7.3],
			"rotation": {"angle": 0, "axis": "y", "origin": [0, -2.05, -14.7]},
			"faces": {
				"north": {"uv": [0, 0, 1, 6.25], "texture": "#5"},
				"east": {"uv": [0, 5.024, 16, 7.786], "texture": "#8"},
				"south": {"uv": [0, 0, 1, 6.25], "texture": "#8"},
				"west": {"uv": [0, 6.112, 16, 9.834], "texture": "#8"},
				"up": {"uv": [0, 0, 1, 16], "texture": "#8"},
				"down": {"uv": [0, 0, 1, 16], "texture": "#5"}
			}
		},
		{
			"from": [0.5, 18.45, 6.95],
			"to": [15.5, 19.1, 7.2],
			"rotation": {"angle": 0, "axis": "y", "origin": [0, -1.9, -14.7]},
			"faces": {
				"north": {"uv": [0, 0, 1, 6.25], "texture": "#8"},
				"east": {"uv": [0, 5.024, 16, 7.786], "texture": "#8"},
				"south": {"uv": [0, 0, 1, 6.25], "texture": "#8"},
				"west": {"uv": [0, 6.112, 16, 9.834], "texture": "#8"},
				"up": {"uv": [0, 0, 1, 16], "texture": "#8"},
				"down": {"uv": [0, 0, 1, 16], "texture": "#4"}
			}
		},
		{
			"from": [0.5, 18.95, 4.7],
			"to": [15.5, 19.75, 6.95],
			"rotation": {"angle": 0, "axis": "y", "origin": [0, -1.9, -14.7]},
			"faces": {
				"north": {"uv": [0, 0, 1, 6.25], "texture": "#8"},
				"east": {"uv": [0, 5.024, 16, 7.786], "texture": "#8"},
				"south": {"uv": [0, 0, 1, 6.25], "texture": "#8"},
				"west": {"uv": [0, 6.112, 16, 9.834], "texture": "#8"},
				"up": {"uv": [0, 0, 1, 16], "texture": "#8"},
				"down": {"uv": [0, 0, 1, 16], "texture": "#4"}
			}
		},
		{
			"from": [0.5, 13.97395, 11.96183],
			"to": [15.5, 13.97395, 14.46183],
			"rotation": {"angle": -22.5, "axis": "x", "origin": [0, -7.67605, -4.93817]},
			"faces": {
				"north": {"uv": [0, 0, 1, 6.25], "texture": "#8"},
				"east": {"uv": [0, 5.024, 16, 7.786], "texture": "#8"},
				"south": {"uv": [0, 0, 1, 6.25], "texture": "#8"},
				"west": {"uv": [0, 6.112, 16, 9.834], "texture": "#8"},
				"up": {"uv": [0, 0, 1, 16], "texture": "#8"},
				"down": {"uv": [0, 0, 1, 16], "texture": "#4"}
			}
		},
		{
			"from": [0.5, 12.35, 7.2],
			"to": [2.05, 17.8, 7.45],
			"rotation": {"angle": 0, "axis": "y", "origin": [0, -2.25, -14.7]},
			"faces": {
				"north": {"uv": [0, 0, 1, 6.25], "texture": "#5"},
				"east": {"uv": [0, 5.024, 16, 7.786], "texture": "#4"},
				"south": {"uv": [0, 0, 1, 6.25], "texture": "#8"},
				"west": {"uv": [0, 6.112, 16, 9.834], "texture": "#8"},
				"up": {"uv": [0, 0, 1, 16], "texture": "#4"},
				"down": {"uv": [0, 0, 1, 16], "texture": "#4"}
			}
		},
		{
			"from": [2.05, 12.35, 7.2],
			"to": [7.65, 17.8, 7.45],
			"rotation": {"angle": 0, "axis": "y", "origin": [1.85, -2.25, -14.7]},
			"faces": {
				"north": {"uv": [0, 0, 16, 16], "texture": "#6"},
				"east": {"uv": [0, 5.024, 16, 7.786], "texture": "#4"},
				"south": {"uv": [0, 0, 16, 16], "texture": "#7"},
				"west": {"uv": [0, 6.112, 16, 9.834], "texture": "#4"},
				"up": {"uv": [0, 0, 1, 16], "texture": "#4"},
				"down": {"uv": [0, 0, 1, 16], "texture": "#4"}
			}
		},
		{
			"from": [8.35, 12.35, 7.2],
			"to": [13.95, 17.8, 7.45],
			"rotation": {"angle": 0, "axis": "y", "origin": [3.9, -2.25, -14.7]},
			"faces": {
				"north": {"uv": [0, 0, 16, 16], "texture": "#6"},
				"east": {"uv": [0, 5.024, 16, 7.786], "texture": "#4"},
				"south": {"uv": [0, 0, 16, 16], "texture": "#7"},
				"west": {"uv": [0, 6.112, 16, 9.834], "texture": "#4"},
				"up": {"uv": [0, 0, 1, 16], "texture": "#4"},
				"down": {"uv": [0, 0, 1, 16], "texture": "#4"}
			}
		},
		{
			"from": [7.65, 12.35, 7.2],
			"to": [8.35, 17.8, 7.45],
			"rotation": {"angle": 0, "axis": "y", "origin": [3.9, -2.25, -14.7]},
			"faces": {
				"north": {"uv": [0, 0, 1, 6.25], "texture": "#5"},
				"east": {"uv": [0, 5.024, 16, 7.786], "texture": "#4"},
				"south": {"uv": [0, 0, 1, 6.25], "texture": "#8"},
				"west": {"uv": [0, 6.112, 16, 9.834], "texture": "#4"},
				"up": {"uv": [0, 0, 1, 16], "texture": "#4"},
				"down": {"uv": [0, 0, 1, 16], "texture": "#4"}
			}
		},
		{
			"from": [13.95, 12.35, 7.2],
			"to": [15.5, 17.8, 7.45],
			"rotation": {"angle": 0, "axis": "y", "origin": [3.25, -2.25, -14.7]},
			"faces": {
				"north": {"uv": [0, 0, 1, 6.25], "texture": "#5"},
				"east": {"uv": [0, 5.024, 16, 7.786], "texture": "#8"},
				"south": {"uv": [0, 0, 1, 6.25], "texture": "#8"},
				"west": {"uv": [0, 6.112, 16, 9.834], "texture": "#4"},
				"up": {"uv": [0, 0, 1, 16], "texture": "#4"},
				"down": {"uv": [0, 0, 1, 16], "texture": "#4"}
			}
		},
		{
			"from": [3, -0.5, 7.65],
			"to": [13, 0.45, 7.9],
			"rotation": {"angle": 0, "axis": "y", "origin": [0, -1.85, -14.8]},
			"faces": {
				"north": {"uv": [0, 0, 1, 6.25], "texture": "#3"},
				"east": {"uv": [0, 5.024, 16, 7.786], "texture": "#3"},
				"south": {"uv": [0, 0, 1, 6.25], "texture": "#3"},
				"west": {"uv": [0, 6.112, 16, 9.834], "texture": "#3"},
				"up": {"uv": [0, 0, 1, 16], "texture": "#3"},
				"down": {"uv": [0, 0, 1, 16], "texture": "#3"}
			}
		},
		{
			"from": [13.60302, 8.78779, 7.65],
			"to": [15.85302, 12.68779, 7.9],
			"rotation": {"angle": -45, "axis": "z", "origin": [2.85302, 8.68779, -14.8]},
			"faces": {
				"north": {"uv": [0, 0, 1, 6.25], "texture": "#3"},
				"east": {"uv": [0, 5.024, 16, 7.786], "texture": "#3"},
				"south": {"uv": [0, 0, 1, 6.25], "texture": "#3"},
				"west": {"uv": [0, 6.112, 16, 9.834], "texture": "#3"},
				"up": {"uv": [0, 0, 1, 16], "texture": "#3"},
				"down": {"uv": [0, 0, 1, 16], "texture": "#3"}
			}
		},
		{
			"from": [13.60302, 7.78779, 7.65],
			"to": [14.85302, 12.48779, 7.9],
			"rotation": {"angle": -45, "axis": "z", "origin": [2.85302, 8.68779, -14.8]},
			"faces": {
				"north": {"uv": [0, 0, 1, 6.25], "texture": "#3"},
				"east": {"uv": [0, 5.024, 16, 7.786], "texture": "#3"},
				"south": {"uv": [0, 0, 1, 6.25], "texture": "#3"},
				"west": {"uv": [0, 6.112, 16, 9.834], "texture": "#3"},
				"up": {"uv": [0, 0, 1, 16], "texture": "#3"},
				"down": {"uv": [0, 0, 1, 16], "texture": "#3"}
			}
		},
		{
			"from": [13.60302, 7.28779, 7.65],
			"to": [14.10302, 12.48779, 7.9],
			"rotation": {"angle": -45, "axis": "z", "origin": [2.85302, 8.68779, -14.8]},
			"faces": {
				"north": {"uv": [0, 0, 1, 6.25], "texture": "#3"},
				"east": {"uv": [0, 5.024, 16, 7.786], "texture": "#3"},
				"south": {"uv": [0, 0, 1, 6.25], "texture": "#3"},
				"west": {"uv": [0, 6.112, 16, 9.834], "texture": "#3"},
				"up": {"uv": [0, 0, 1, 16], "texture": "#3"},
				"down": {"uv": [0, 0, 1, 16], "texture": "#3"}
			}
		},
		{
			"from": [0.14698, 12.03779, 7.65],
			"to": [1.64698, 13.23779, 7.9],
			"rotation": {"angle": 45, "axis": "z", "origin": [13.14698, 8.68779, -14.8]},
			"faces": {
				"north": {"uv": [1, 0, 0, 6.25], "texture": "#3"},
				"east": {"uv": [16, 6.112, 0, 9.834], "texture": "#3"},
				"south": {"uv": [1, 0, 0, 6.25], "texture": "#3"},
				"west": {"uv": [16, 5.024, 0, 7.786], "texture": "#3"},
				"up": {"uv": [1, 0, 0, 16], "texture": "#3"},
				"down": {"uv": [1, 0, 0, 16], "texture": "#3"}
			}
		},
		{
			"from": [0.14698, 12.03779, 7.65],
			"to": [1.14698, 13.98779, 7.9],
			"rotation": {"angle": 45, "axis": "z", "origin": [13.14698, 8.68779, -14.8]},
			"faces": {
				"north": {"uv": [1, 0, 0, 6.25], "texture": "#3"},
				"east": {"uv": [16, 6.112, 0, 9.834], "texture": "#3"},
				"south": {"uv": [1, 0, 0, 6.25], "texture": "#3"},
				"west": {"uv": [16, 5.024, 0, 7.786], "texture": "#3"},
				"up": {"uv": [1, 0, 0, 16], "texture": "#3"},
				"down": {"uv": [1, 0, 0, 16], "texture": "#3"}
			}
		},
		{
			"from": [1.14698, 7.78779, 7.65],
			"to": [2.39698, 12.48779, 7.9],
			"rotation": {"angle": 45, "axis": "z", "origin": [13.14698, 8.68779, -14.8]},
			"faces": {
				"north": {"uv": [1, 0, 0, 6.25], "texture": "#3"},
				"east": {"uv": [16, 6.112, 0, 9.834], "texture": "#3"},
				"south": {"uv": [1, 0, 0, 6.25], "texture": "#3"},
				"west": {"uv": [16, 5.024, 0, 7.786], "texture": "#3"},
				"up": {"uv": [1, 0, 0, 16], "texture": "#3"},
				"down": {"uv": [1, 0, 0, 16], "texture": "#3"}
			}
		},
		{
			"from": [0.14698, 8.78779, 7.65],
			"to": [2.39698, 12.68779, 7.9],
			"rotation": {"angle": 45, "axis": "z", "origin": [13.14698, 8.68779, -14.8]},
			"faces": {
				"north": {"uv": [1, 0, 0, 6.25], "texture": "#3"},
				"east": {"uv": [16, 6.112, 0, 9.834], "texture": "#3"},
				"south": {"uv": [1, 0, 0, 6.25], "texture": "#3"},
				"west": {"uv": [16, 5.024, 0, 7.786], "texture": "#3"},
				"up": {"uv": [1, 0, 0, 16], "texture": "#3"},
				"down": {"uv": [1, 0, 0, 16], "texture": "#3"}
			}
		},
		{
			"from": [1.89698, 7.28779, 7.65],
			"to": [2.39698, 12.48779, 7.9],
			"rotation": {"angle": 45, "axis": "z", "origin": [13.14698, 8.68779, -14.8]},
			"faces": {
				"north": {"uv": [1, 0, 0, 6.25], "texture": "#3"},
				"east": {"uv": [16, 6.112, 0, 9.834], "texture": "#3"},
				"south": {"uv": [1, 0, 0, 6.25], "texture": "#3"},
				"west": {"uv": [16, 5.024, 0, 7.786], "texture": "#3"},
				"up": {"uv": [1, 0, 0, 16], "texture": "#3"},
				"down": {"uv": [1, 0, 0, 16], "texture": "#3"}
			}
		},
		{
			"from": [3.09698, 0.28779, 7.65],
			"to": [6.64698, 3.48779, 7.9],
			"rotation": {"angle": 0, "axis": "z", "origin": [13.14698, 8.68779, -14.8]},
			"faces": {
				"north": {"uv": [1, 0, 0, 6.25], "texture": "#3"},
				"east": {"uv": [16, 6.112, 0, 9.834], "texture": "#3"},
				"south": {"uv": [1, 0, 0, 6.25], "texture": "#3"},
				"west": {"uv": [16, 5.024, 0, 7.786], "texture": "#3"},
				"up": {"uv": [1, 0, 0, 16], "texture": "#3"},
				"down": {"uv": [1, 0, 0, 16], "texture": "#3"}
			}
		},
		{
			"from": [9.35302, 0.28779, 7.65],
			"to": [12.90302, 3.48779, 7.9],
			"rotation": {"angle": 0, "axis": "y", "origin": [2.85302, 8.68779, -14.8]},
			"faces": {
				"north": {"uv": [0, 0, 1, 6.25], "texture": "#3"},
				"east": {"uv": [0, 5.024, 16, 7.786], "texture": "#3"},
				"south": {"uv": [0, 0, 1, 6.25], "texture": "#3"},
				"west": {"uv": [0, 6.112, 16, 9.834], "texture": "#3"},
				"up": {"uv": [0, 0, 1, 16], "texture": "#3"},
				"down": {"uv": [0, 0, 1, 16], "texture": "#3"}
			}
		},
		{
			"from": [14.35302, 12.03779, 7.65],
			"to": [15.85302, 13.23779, 7.9],
			"rotation": {"angle": -45, "axis": "z", "origin": [2.85302, 8.68779, -14.8]},
			"faces": {
				"north": {"uv": [0, 0, 1, 6.25], "texture": "#3"},
				"east": {"uv": [0, 5.024, 16, 7.786], "texture": "#3"},
				"south": {"uv": [0, 0, 1, 6.25], "texture": "#3"},
				"west": {"uv": [0, 6.112, 16, 9.834], "texture": "#3"},
				"up": {"uv": [0, 0, 1, 16], "texture": "#3"},
				"down": {"uv": [0, 0, 1, 16], "texture": "#3"}
			}
		},
		{
			"from": [14.85302, 12.03779, 7.65],
			"to": [15.85302, 13.98779, 7.9],
			"rotation": {"angle": -45, "axis": "z", "origin": [2.85302, 8.68779, -14.8]},
			"faces": {
				"north": {"uv": [0, 0, 1, 6.25], "texture": "#3"},
				"east": {"uv": [0, 5.024, 16, 7.786], "texture": "#3"},
				"south": {"uv": [0, 0, 1, 6.25], "texture": "#3"},
				"west": {"uv": [0, 6.112, 16, 9.834], "texture": "#3"},
				"up": {"uv": [0, 0, 1, 16], "texture": "#3"},
				"down": {"uv": [0, 0, 1, 16], "texture": "#3"}
			}
		},
		{
			"from": [1, 3.9, -16],
			"to": [8, 5.35, -14.25],
			"rotation": {"angle": 0, "axis": "y", "origin": [0, -1.95, -14.7]},
			"faces": {
				"north": {"uv": [0, 0, 1, 6.25], "texture": "#1"},
				"east": {"uv": [0, 5.024, 16, 7.786], "texture": "#1"},
				"south": {"uv": [0, 0, 1, 6.25], "texture": "#1"},
				"west": {"uv": [0, 6.112, 16, 9.834], "texture": "#1"},
				"up": {"uv": [0, 0, 1, 16], "texture": "#1"},
				"down": {"uv": [0, 0, 1, 16], "texture": "#1"}
			}
		},
		{
			"from": [5, 3.9, -6.5],
			"to": [8, 5.35, 4.75],
			"rotation": {"angle": 0, "axis": "y", "origin": [0, -1.95, -14.7]},
			"faces": {
				"north": {"uv": [0, 0, 1, 6.25], "texture": "#1"},
				"east": {"uv": [0, 5.024, 16, 7.786], "texture": "#1"},
				"south": {"uv": [0, 0, 1, 6.25], "texture": "#1"},
				"west": {"uv": [0, 6.112, 16, 9.834], "texture": "#1"},
				"up": {"uv": [0, 0, 1, 16], "texture": "#1"},
				"down": {"uv": [0, 0, 1, 16], "texture": "#1"}
			}
		},
		{
			"from": [1, 4.15, 1.75],
			"to": [5, 5.1, 2.75],
			"rotation": {"angle": 0, "axis": "y", "origin": [0, -1.95, -14.7]},
			"faces": {
				"north": {"uv": [0, 0, 1, 6.25], "texture": "#1"},
				"east": {"uv": [0, 5.024, 16, 7.786], "texture": "#1"},
				"south": {"uv": [0, 0, 1, 6.25], "texture": "#1"},
				"west": {"uv": [0, 6.112, 16, 9.834], "texture": "#1"},
				"up": {"uv": [0, 0, 1, 16], "texture": "#1"},
				"down": {"uv": [0, 0, 1, 16], "texture": "#1"}
			}
		},
		{
			"from": [8, 4.15, -15],
			"to": [8.5, 5.1, -0.25],
			"rotation": {"angle": 0, "axis": "y", "origin": [16, -1.95, -14.7]},
			"faces": {
				"north": {"uv": [1, 0, 0, 6.25], "texture": "#1"},
				"east": {"uv": [16, 6.112, 0, 9.834], "texture": "#1"},
				"south": {"uv": [1, 0, 0, 6.25], "texture": "#1"},
				"west": {"uv": [16, 5.024, 0, 7.786], "texture": "#1"},
				"up": {"uv": [1, 0, 0, 16], "texture": "#1"},
				"down": {"uv": [1, 0, 0, 16], "texture": "#1"}
			}
		},
		{
			"from": [8, 4.15, 4.75],
			"to": [8.5, 5.1, 6],
			"rotation": {"angle": 0, "axis": "y", "origin": [16, -1.95, -14.7]},
			"faces": {
				"north": {"uv": [1, 0, 0, 6.25], "texture": "#1"},
				"east": {"uv": [16, 6.112, 0, 9.834], "texture": "#1"},
				"south": {"uv": [1, 0, 0, 6.25], "texture": "#1"},
				"west": {"uv": [16, 5.024, 0, 7.786], "texture": "#1"},
				"up": {"uv": [1, 0, 0, 16], "texture": "#1"},
				"down": {"uv": [1, 0, 0, 16], "texture": "#1"}
			}
		},
		{
			"from": [8, 3.9, -6.5],
			"to": [11, 5.35, 4.75],
			"rotation": {"angle": 0, "axis": "y", "origin": [16, -1.95, -14.7]},
			"faces": {
				"north": {"uv": [1, 0, 0, 6.25], "texture": "#1"},
				"east": {"uv": [16, 6.112, 0, 9.834], "texture": "#1"},
				"south": {"uv": [1, 0, 0, 6.25], "texture": "#1"},
				"west": {"uv": [16, 5.024, 0, 7.786], "texture": "#1"},
				"up": {"uv": [1, 0, 0, 16], "texture": "#1"},
				"down": {"uv": [1, 0, 0, 16], "texture": "#1"}
			}
		},
		{
			"from": [8, 3.9, -16],
			"to": [15, 5.35, -14.25],
			"rotation": {"angle": 0, "axis": "y", "origin": [16, -1.95, -14.7]},
			"faces": {
				"north": {"uv": [1, 0, 0, 6.25], "texture": "#1"},
				"east": {"uv": [16, 6.112, 0, 9.834], "texture": "#1"},
				"south": {"uv": [1, 0, 0, 6.25], "texture": "#1"},
				"west": {"uv": [16, 5.024, 0, 7.786], "texture": "#1"},
				"up": {"uv": [1, 0, 0, 16], "texture": "#1"},
				"down": {"uv": [1, 0, 0, 16], "texture": "#1"}
			}
		},
		{
			"from": [8, 3.9, 6],
			"to": [15, 5.35, 8],
			"rotation": {"angle": 0, "axis": "y", "origin": [16, -1.95, -14.7]},
			"faces": {
				"north": {"uv": [1, 0, 0, 6.25], "texture": "#1"},
				"east": {"uv": [16, 6.112, 0, 9.834], "texture": "#1"},
				"south": {"uv": [1, 0, 0, 6.25], "texture": "#1"},
				"west": {"uv": [16, 5.024, 0, 7.786], "texture": "#1"},
				"up": {"uv": [1, 0, 0, 16], "texture": "#1"},
				"down": {"uv": [1, 0, 0, 16], "texture": "#1"}
			}
		},
		{
			"from": [15, 3.9, -16],
			"to": [16, 5.35, 8],
			"rotation": {"angle": 0, "axis": "y", "origin": [16, -1.95, -14.7]},
			"faces": {
				"north": {"uv": [1, 0, 0, 6.25], "texture": "#1"},
				"east": {"uv": [16, 6.112, 0, 9.834], "texture": "#1"},
				"south": {"uv": [1, 0, 0, 6.25], "texture": "#1"},
				"west": {"uv": [16, 5.024, 0, 7.786], "texture": "#1"},
				"up": {"uv": [1, 0, 0, 16], "texture": "#1"},
				"down": {"uv": [1, 0, 0, 16], "texture": "#1"}
			}
		},
		{
			"from": [11, 4.15, 1.75],
			"to": [15, 5.1, 2.75],
			"rotation": {"angle": 0, "axis": "y", "origin": [16, -1.95, -14.7]},
			"faces": {
				"north": {"uv": [1, 0, 0, 6.25], "texture": "#1"},
				"east": {"uv": [16, 6.112, 0, 9.834], "texture": "#1"},
				"south": {"uv": [1, 0, 0, 6.25], "texture": "#1"},
				"west": {"uv": [16, 5.024, 0, 7.786], "texture": "#1"},
				"up": {"uv": [1, 0, 0, 16], "texture": "#1"},
				"down": {"uv": [1, 0, 0, 16], "texture": "#1"}
			}
		},
		{
			"from": [7.5, 4.15, 4.75],
			"to": [8, 5.1, 6],
			"rotation": {"angle": 0, "axis": "y", "origin": [0, -1.95, -14.7]},
			"faces": {
				"north": {"uv": [0, 0, 1, 6.25], "texture": "#1"},
				"east": {"uv": [0, 5.024, 16, 7.786], "texture": "#1"},
				"south": {"uv": [0, 0, 1, 6.25], "texture": "#1"},
				"west": {"uv": [0, 6.112, 16, 9.834], "texture": "#1"},
				"up": {"uv": [0, 0, 1, 16], "texture": "#1"},
				"down": {"uv": [0, 0, 1, 16], "texture": "#1"}
			}
		},
		{
			"from": [7.5, 4.15, -15],
			"to": [8, 5.1, -0.25],
			"rotation": {"angle": 0, "axis": "y", "origin": [0, -1.95, -14.7]},
			"faces": {
				"north": {"uv": [0, 0, 1, 6.25], "texture": "#1"},
				"east": {"uv": [0, 5.024, 16, 7.786], "texture": "#1"},
				"south": {"uv": [0, 0, 1, 6.25], "texture": "#1"},
				"west": {"uv": [0, 6.112, 16, 9.834], "texture": "#1"},
				"up": {"uv": [0, 0, 1, 16], "texture": "#1"},
				"down": {"uv": [0, 0, 1, 16], "texture": "#1"}
			}
		}
	],
	"display": {
		"thirdperson_righthand": {
			"scale": [4, 4, 4]
		},
		"head": {
			"scale": [4, 4, 4]
		}
	}
}