{
	"credit": "Made with Blockbench",
	"textures": {
		"0": "block/yellow_concrete",
		"1": "block/black_concrete",
		"2": "block/gray_concrete",
		"3": "block/white_concrete",
		"4": "block/white_terracotta",
		"5": "block/orange_concrete",
		"6": "block/glass",
		"7": "block/light_gray_concrete",
		"8": "block/beehive_end",
		"12": "block/redstone_block",
		"13": "block/black_concrete_powder",
		"14": "block/iron_block",
		"15": "block/quartz_block_bottom",
		"16": "block/sea_lantern",
		"17": "block/ktb/mugunghwa/rlink",
		"18": "block/ktb/mugunghwa/empty",
		"particle": "block/yellow_concrete"
	},
	"elements": [
		{
			"from": [1, 3.9, -16],
			"to": [2, 5.35, 8],
			"rotation": {"angle": 0, "axis": "y", "origin": [0, -1.95, -14.7]},
			"faces": {
				"north": {"uv": [0, 0, 1, 6.25], "texture": "#1"},
				"east": {"uv": [0, 5.024, 16, 7.786], "texture": "#1"},
				"south": {"uv": [0, 0, 1, 6.25], "texture": "#1"},
				"west": {"uv": [0, 6.112, 16, 9.834], "texture": "#1"},
				"up": {"uv": [0, 0, 1, 16], "texture": "#1"},
				"down": {"uv": [0, 0, 1, 16], "texture": "#1"}
			}
		},
		{
			"from": [2, 3.9, 6],
			"to": [8, 5.35, 8],
			"rotation": {"angle": 0, "axis": "y", "origin": [0, -1.95, -14.7]},
			"faces": {
				"north": {"uv": [0, 0, 1, 6.25], "texture": "#1"},
				"east": {"uv": [0, 5.024, 16, 7.786], "texture": "#1"},
				"south": {"uv": [0, 0, 1, 6.25], "texture": "#1"},
				"west": {"uv": [0, 6.112, 16, 9.834], "texture": "#1"},
				"up": {"uv": [0, 0, 1, 16], "texture": "#1"},
				"down": {"uv": [0, 0, 1, 16], "texture": "#1"}
			}
		},
		{
			"from": [2, 3.9, -16],
			"to": [8, 5.35, -14.25],
			"rotation": {"angle": 0, "axis": "y", "origin": [0, -1.95, -14.7]},
			"faces": {
				"north": {"uv": [0, 0, 1, 6.25], "texture": "#1"},
				"east": {"uv": [0, 5.024, 16, 7.786], "texture": "#1"},
				"south": {"uv": [0, 0, 1, 6.25], "texture": "#1"},
				"west": {"uv": [0, 6.112, 16, 9.834], "texture": "#1"},
				"up": {"uv": [0, 0, 1, 16], "texture": "#1"},
				"down": {"uv": [0, 0, 1, 16], "texture": "#1"}
			}
		},
		{
			"from": [1, 5.4, -16],
			"to": [15, 5.6, 8],
			"rotation": {"angle": 0, "axis": "y", "origin": [16, -1.95, -14.7]},
			"faces": {
				"north": {"uv": [1, 0, 0, 6.25], "texture": "#2"},
				"east": {"uv": [16, 6.112, 0, 9.834], "texture": "#2"},
				"south": {"uv": [1, 0, 0, 6.25], "texture": "#2"},
				"west": {"uv": [16, 5.024, 0, 7.786], "texture": "#2"},
				"up": {"uv": [16, 0, 0, 16], "texture": "#8"},
				"down": {"uv": [1, 0, 0, 16], "texture": "#2"}
			}
		},
		{
			"from": [-1, 18.9, -16],
			"to": [17, 19.6, 8],
			"rotation": {"angle": 0, "axis": "y", "origin": [16, -1.95, -14.7]},
			"faces": {
				"north": {"uv": [1, 0, 0, 6.25], "texture": "#5"},
				"east": {"uv": [16, 6.112, 0, 9.834], "texture": "#5"},
				"south": {"uv": [1, 0, 0, 6.25], "texture": "#5"},
				"west": {"uv": [16, 5.024, 0, 7.786], "texture": "#5"},
				"up": {"uv": [16, 0, 0, 16], "texture": "#5"},
				"down": {"uv": [1, 0, 0, 16], "texture": "#4"}
			}
		},
		{
			"from": [0, 19.4, -16],
			"to": [16, 20.1, 8],
			"rotation": {"angle": 0, "axis": "y", "origin": [16, -1.95, -14.7]},
			"faces": {
				"north": {"uv": [1, 0, 0, 6.25], "texture": "#5"},
				"east": {"uv": [16, 6.112, 0, 9.834], "texture": "#5"},
				"south": {"uv": [1, 0, 0, 6.25], "texture": "#5"},
				"west": {"uv": [16, 5.024, 0, 7.786], "texture": "#5"},
				"up": {"uv": [16, 0, 0, 16], "texture": "#5"},
				"down": {"uv": [1, 0, 0, 16], "texture": "#4"}
			}
		},
		{
			"from": [1.5, 19.9, -16],
			"to": [14.5, 20.85, 8],
			"rotation": {"angle": 0, "axis": "y", "origin": [16, -1.95, -14.7]},
			"faces": {
				"north": {"uv": [1, 0, 0, 6.25], "texture": "#5"},
				"east": {"uv": [16, 6.112, 0, 9.834], "texture": "#5"},
				"south": {"uv": [1, 0, 0, 6.25], "texture": "#5"},
				"west": {"uv": [16, 5.024, 0, 7.786], "texture": "#5"},
				"up": {"uv": [16, 0, 0, 16], "texture": "#5"},
				"down": {"uv": [1, 0, 0, 16], "texture": "#4"}
			}
		},
		{
			"from": [4.5, 20.65, -16],
			"to": [11.5, 21.35, 8],
			"rotation": {"angle": 0, "axis": "y", "origin": [16, -1.95, -14.7]},
			"faces": {
				"north": {"uv": [1, 0, 0, 6.25], "texture": "#5"},
				"east": {"uv": [16, 6.112, 0, 9.834], "texture": "#5"},
				"south": {"uv": [1, 0, 0, 6.25], "texture": "#5"},
				"west": {"uv": [16, 5.024, 0, 7.786], "texture": "#5"},
				"up": {"uv": [16, 0, 0, 16], "texture": "#5"},
				"down": {"uv": [1, 0, 0, 16], "texture": "#4"}
			}
		},
		{
			"from": [6, 18.8, -6.75],
			"to": [10, 19.6, 0],
			"rotation": {"angle": 0, "axis": "y", "origin": [16, -1.95, -14.7]},
			"faces": {
				"north": {"uv": [1, 0, 0, 6.25], "texture": "#15"},
				"east": {"uv": [16, 6.112, 0, 9.834], "texture": "#15"},
				"south": {"uv": [1, 0, 0, 6.25], "texture": "#15"},
				"west": {"uv": [16, 5.024, 0, 7.786], "texture": "#15"},
				"up": {"uv": [16, 0, 0, 16], "texture": "#15"},
				"down": {"uv": [1, 0, 0, 16], "texture": "#15"}
			}
		},
		{
			"from": [6.5, 18.7, -6.25],
			"to": [9.5, 19.6, -0.5],
			"rotation": {"angle": 0, "axis": "y", "origin": [16, -1.95, -14.7]},
			"faces": {
				"north": {"uv": [1, 0, 0, 6.25], "texture": "#15"},
				"east": {"uv": [16, 6.112, 0, 9.834], "texture": "#15"},
				"south": {"uv": [1, 0, 0, 6.25], "texture": "#15"},
				"west": {"uv": [16, 5.024, 0, 7.786], "texture": "#15"},
				"up": {"uv": [16, 0, 0, 16], "texture": "#15"},
				"down": {"uv": [16, 0, 0, 16], "texture": "#16"}
			}
		},
		{
			"from": [4.5, 5.4, 8],
			"to": [11.5, 5.6, 11],
			"rotation": {"angle": 0, "axis": "y", "origin": [16, -1.95, -14.7]},
			"faces": {
				"north": {"uv": [1, 0, 0, 6.25], "texture": "#2"},
				"east": {"uv": [16, 6.112, 0, 9.834], "texture": "#2"},
				"south": {"uv": [1, 0, 0, 6.25], "texture": "#2"},
				"west": {"uv": [16, 5.024, 0, 7.786], "texture": "#2"},
				"up": {"uv": [16, 0, 0, 16], "texture": "#14"},
				"down": {"uv": [1, 0, 0, 16], "texture": "#2"}
			}
		},
		{
			"from": [3.04, 13.77586, 1.5],
			"to": [3.54, 15.77586, 6.5],
			"rotation": {"angle": 22.5, "axis": "z", "origin": [18.0536, 3.42586, -6.45]},
			"faces": {
				"north": {"uv": [1, 0, 0, 6.25], "texture": "#18"},
				"east": {"uv": [16, 6.112, 0, 9.834], "texture": "#18"},
				"south": {"uv": [1, 0, 0, 6.25], "texture": "#18"},
				"west": {"uv": [2, 0, 14, 16], "texture": "#17"},
				"up": {"uv": [1, 0, 0, 16], "texture": "#18"},
				"down": {"uv": [1, 0, 0, 16], "texture": "#18"}
			}
		},
		{
			"from": [3.0536, 11.77586, -0.25],
			"to": [3.5536, 17.97586, 8],
			"rotation": {"angle": 22.5, "axis": "z", "origin": [18.0536, 3.42586, -6.45]},
			"faces": {
				"north": {"uv": [1, 0, 0, 6.25], "texture": "#3"},
				"east": {"uv": [16, 6.112, 0, 9.834], "texture": "#4"},
				"south": {"uv": [1, 0, 0, 6.25], "texture": "#3"},
				"west": {"uv": [16, 5.024, 0, 7.786], "texture": "#3"},
				"up": {"uv": [1, 0, 0, 16], "texture": "#3"},
				"down": {"uv": [1, 0, 0, 16], "texture": "#3"}
			}
		},
		{
			"from": [16.87264, 18.77805, -16],
			"to": [17.37264, 19.02805, -0.25],
			"rotation": {"angle": 0, "axis": "y", "origin": [2.37264, 2.77805, -20.7]},
			"faces": {
				"north": {"uv": [0, 0, 1, 6.25], "texture": "#5"},
				"east": {"uv": [0, 5.024, 16, 7.786], "texture": "#5"},
				"south": {"uv": [0, 0, 1, 6.25], "texture": "#5"},
				"west": {"uv": [0, 6.112, 16, 9.834], "texture": "#4"},
				"up": {"uv": [0, 0, 1, 16], "texture": "#5"},
				"down": {"uv": [0, 0, 1, 16], "texture": "#5"}
			}
		},
		{
			"from": [16.87264, 11.12805, -16],
			"to": [17.37264, 18.77805, -15],
			"rotation": {"angle": 0, "axis": "y", "origin": [2.37264, 2.77805, -20.7]},
			"faces": {
				"north": {"uv": [0, 0, 1, 6.25], "texture": "#5"},
				"east": {"uv": [0, 5.024, 16, 7.786], "texture": "#5"},
				"south": {"uv": [0, 0, 1, 6.25], "texture": "#3"},
				"west": {"uv": [0, 6.112, 16, 9.834], "texture": "#4"},
				"up": {"uv": [0, 0, 1, 16], "texture": "#5"},
				"down": {"uv": [0, 0, 1, 16], "texture": "#5"}
			}
		},
		{
			"from": [16.87264, 11.12805, -7.25],
			"to": [17.37264, 18.77805, -0.25],
			"rotation": {"angle": 0, "axis": "y", "origin": [2.37264, 2.77805, -20.7]},
			"faces": {
				"north": {"uv": [0, 0, 1, 6.25], "texture": "#3"},
				"east": {"uv": [0, 5.024, 16, 7.786], "texture": "#5"},
				"south": {"uv": [0, 0, 1, 6.25], "texture": "#5"},
				"west": {"uv": [0, 6.112, 16, 9.834], "texture": "#4"},
				"up": {"uv": [0, 0, 1, 16], "texture": "#5"},
				"down": {"uv": [0, 0, 1, 16], "texture": "#5"}
			}
		},
		{
			"from": [16.87264, 11.12805, -15],
			"to": [17.37264, 18.82805, -7.25],
			"rotation": {"angle": 0, "axis": "y", "origin": [2.37264, 2.77805, -20.7]},
			"faces": {
				"north": {"uv": [0, 0, 1, 6.25], "texture": "#5"},
				"east": {"uv": [0, 5.024, 16, 7.786], "texture": "#5"},
				"south": {"uv": [0, 0, 1, 6.25], "texture": "#5"},
				"west": {"uv": [0, 6.112, 16, 9.834], "texture": "#4"},
				"up": {"uv": [0, 0, 1, 16], "texture": "#3"},
				"down": {"uv": [0, 0, 1, 16], "texture": "#5"}
			}
		},
		{
			"from": [12.4464, 11.77586, -16],
			"to": [12.9464, 17.97586, -0.25],
			"rotation": {"angle": -22.5, "axis": "z", "origin": [-2.0536, 3.42586, -20.7]},
			"faces": {
				"north": {"uv": [0, 0, 1, 6.25], "texture": "#3"},
				"east": {"uv": [0, 5.024, 16, 7.786], "texture": "#3"},
				"south": {"uv": [0, 0, 1, 6.25], "texture": "#3"},
				"west": {"uv": [0, 6.112, 16, 9.834], "texture": "#4"},
				"up": {"uv": [0, 0, 1, 16], "texture": "#3"},
				"down": {"uv": [0, 0, 1, 16], "texture": "#3"}
			}
		},
		{
			"from": [-0.87264, 10.12805, -16],
			"to": [0.12736, 19.02805, -15.65],
			"rotation": {"angle": 0, "axis": "y", "origin": [13.62736, 2.77805, -20.95]},
			"faces": {
				"north": {"uv": [1, 0, 0, 6.25], "texture": "#4"},
				"east": {"uv": [16, 6.112, 0, 9.834], "texture": "#4"},
				"south": {"uv": [1, 0, 0, 6.25], "texture": "#4"},
				"west": {"uv": [16, 5.024, 0, 7.786], "texture": "#4"},
				"up": {"uv": [1, 0, 0, 16], "texture": "#4"},
				"down": {"uv": [1, 0, 0, 16], "texture": "#4"}
			}
		},
		{
			"from": [-0.62264, 9.37805, -16],
			"to": [0.87736, 19.02805, -15.65],
			"rotation": {"angle": 0, "axis": "y", "origin": [13.62736, 2.77805, -20.95]},
			"faces": {
				"north": {"uv": [1, 0, 0, 6.25], "texture": "#4"},
				"east": {"uv": [16, 6.112, 0, 9.834], "texture": "#4"},
				"south": {"uv": [1, 0, 0, 6.25], "texture": "#4"},
				"west": {"uv": [16, 5.024, 0, 7.786], "texture": "#4"},
				"up": {"uv": [1, 0, 0, 16], "texture": "#4"},
				"down": {"uv": [1, 0, 0, 16], "texture": "#4"}
			}
		},
		{
			"from": [-0.22264, 8.37805, -16],
			"to": [0.87736, 19.02805, -15.65],
			"rotation": {"angle": 0, "axis": "y", "origin": [13.62736, 2.77805, -20.95]},
			"faces": {
				"north": {"uv": [1, 0, 0, 6.25], "texture": "#4"},
				"east": {"uv": [16, 6.112, 0, 9.834], "texture": "#4"},
				"south": {"uv": [1, 0, 0, 6.25], "texture": "#4"},
				"west": {"uv": [16, 5.024, 0, 7.786], "texture": "#4"},
				"up": {"uv": [1, 0, 0, 16], "texture": "#4"},
				"down": {"uv": [1, 0, 0, 16], "texture": "#4"}
			}
		},
		{
			"from": [0.27736, 7.22805, -16],
			"to": [0.87736, 19.02805, -15.65],
			"rotation": {"angle": 0, "axis": "y", "origin": [13.62736, 2.77805, -20.95]},
			"faces": {
				"north": {"uv": [1, 0, 0, 6.25], "texture": "#4"},
				"east": {"uv": [16, 6.112, 0, 9.834], "texture": "#4"},
				"south": {"uv": [1, 0, 0, 6.25], "texture": "#4"},
				"west": {"uv": [16, 5.024, 0, 7.786], "texture": "#4"},
				"up": {"uv": [1, 0, 0, 16], "texture": "#4"},
				"down": {"uv": [1, 0, 0, 16], "texture": "#4"}
			}
		},
		{
			"from": [0.67736, 6.32805, -16],
			"to": [1.37736, 19.02805, -15.65],
			"rotation": {"angle": 0, "axis": "y", "origin": [13.62736, 2.77805, -20.95]},
			"faces": {
				"north": {"uv": [1, 0, 0, 6.25], "texture": "#4"},
				"east": {"uv": [16, 6.112, 0, 9.834], "texture": "#4"},
				"south": {"uv": [1, 0, 0, 6.25], "texture": "#4"},
				"west": {"uv": [16, 5.024, 0, 7.786], "texture": "#4"},
				"up": {"uv": [1, 0, 0, 16], "texture": "#4"},
				"down": {"uv": [1, 0, 0, 16], "texture": "#4"}
			}
		},
		{
			"from": [0.97736, 5.42805, -16],
			"to": [14.62736, 19.02805, -15.65],
			"rotation": {"angle": 0, "axis": "y", "origin": [13.62736, 2.77805, -20.95]},
			"faces": {
				"north": {"uv": [1, 0, 0, 6.25], "texture": "#4"},
				"east": {"uv": [16, 6.112, 0, 9.834], "texture": "#4"},
				"south": {"uv": [1, 0, 0, 6.25], "texture": "#4"},
				"west": {"uv": [16, 5.024, 0, 7.786], "texture": "#4"},
				"up": {"uv": [1, 0, 0, 16], "texture": "#4"},
				"down": {"uv": [1, 0, 0, 16], "texture": "#4"}
			}
		},
		{
			"from": [14.37264, 5.42805, -16],
			"to": [15.02264, 19.02805, -15.65],
			"rotation": {"angle": 0, "axis": "y", "origin": [2.37264, 2.77805, -20.95]},
			"faces": {
				"north": {"uv": [0, 0, 1, 6.25], "texture": "#4"},
				"east": {"uv": [0, 5.024, 16, 7.786], "texture": "#4"},
				"south": {"uv": [0, 0, 1, 6.25], "texture": "#4"},
				"west": {"uv": [0, 6.112, 16, 9.834], "texture": "#4"},
				"up": {"uv": [0, 0, 1, 16], "texture": "#4"},
				"down": {"uv": [0, 0, 1, 16], "texture": "#4"}
			}
		},
		{
			"from": [14.62264, 6.32805, -16],
			"to": [15.32264, 19.02805, -15.65],
			"rotation": {"angle": 0, "axis": "y", "origin": [2.37264, 2.77805, -20.95]},
			"faces": {
				"north": {"uv": [0, 0, 1, 6.25], "texture": "#4"},
				"east": {"uv": [0, 5.024, 16, 7.786], "texture": "#4"},
				"south": {"uv": [0, 0, 1, 6.25], "texture": "#4"},
				"west": {"uv": [0, 6.112, 16, 9.834], "texture": "#4"},
				"up": {"uv": [0, 0, 1, 16], "texture": "#4"},
				"down": {"uv": [0, 0, 1, 16], "texture": "#4"}
			}
		},
		{
			"from": [15.12264, 7.22805, -16],
			"to": [15.72264, 19.02805, -15.65],
			"rotation": {"angle": 0, "axis": "y", "origin": [2.37264, 2.77805, -20.95]},
			"faces": {
				"north": {"uv": [0, 0, 1, 6.25], "texture": "#4"},
				"east": {"uv": [0, 5.024, 16, 7.786], "texture": "#4"},
				"south": {"uv": [0, 0, 1, 6.25], "texture": "#4"},
				"west": {"uv": [0, 6.112, 16, 9.834], "texture": "#4"},
				"up": {"uv": [0, 0, 1, 16], "texture": "#4"},
				"down": {"uv": [0, 0, 1, 16], "texture": "#4"}
			}
		},
		{
			"from": [15.12264, 8.37805, -16],
			"to": [16.22264, 19.02805, -15.65],
			"rotation": {"angle": 0, "axis": "y", "origin": [2.37264, 2.77805, -20.95]},
			"faces": {
				"north": {"uv": [0, 0, 1, 6.25], "texture": "#4"},
				"east": {"uv": [0, 5.024, 16, 7.786], "texture": "#4"},
				"south": {"uv": [0, 0, 1, 6.25], "texture": "#4"},
				"west": {"uv": [0, 6.112, 16, 9.834], "texture": "#4"},
				"up": {"uv": [0, 0, 1, 16], "texture": "#4"},
				"down": {"uv": [0, 0, 1, 16], "texture": "#4"}
			}
		},
		{
			"from": [15.12264, 9.37805, -16],
			"to": [16.62264, 19.02805, -15.65],
			"rotation": {"angle": 0, "axis": "y", "origin": [2.37264, 2.77805, -20.95]},
			"faces": {
				"north": {"uv": [0, 0, 1, 6.25], "texture": "#4"},
				"east": {"uv": [0, 5.024, 16, 7.786], "texture": "#4"},
				"south": {"uv": [0, 0, 1, 6.25], "texture": "#4"},
				"west": {"uv": [0, 6.112, 16, 9.834], "texture": "#4"},
				"up": {"uv": [0, 0, 1, 16], "texture": "#4"},
				"down": {"uv": [0, 0, 1, 16], "texture": "#4"}
			}
		},
		{
			"from": [15.87264, 10.12805, -16],
			"to": [16.87264, 19.02805, -15.65],
			"rotation": {"angle": 0, "axis": "y", "origin": [2.37264, 2.77805, -20.95]},
			"faces": {
				"north": {"uv": [0, 0, 1, 6.25], "texture": "#4"},
				"east": {"uv": [0, 5.024, 16, 7.786], "texture": "#4"},
				"south": {"uv": [0, 0, 1, 6.25], "texture": "#4"},
				"west": {"uv": [0, 6.112, 16, 9.834], "texture": "#4"},
				"up": {"uv": [0, 0, 1, 16], "texture": "#4"},
				"down": {"uv": [0, 0, 1, 16], "texture": "#4"}
			}
		},
		{
			"from": [-0.87264, 10.12805, 0.25],
			"to": [0.12736, 19.02805, 0.35],
			"rotation": {"angle": 0, "axis": "y", "origin": [13.62736, 2.77805, -20.95]},
			"faces": {
				"north": {"uv": [1, 0, 0, 6.25], "texture": "#4"},
				"east": {"uv": [16, 6.112, 0, 9.834], "texture": "#4"},
				"south": {"uv": [1, 0, 0, 6.25], "texture": "#4"},
				"west": {"uv": [16, 5.024, 0, 7.786], "texture": "#4"},
				"up": {"uv": [1, 0, 0, 16], "texture": "#4"},
				"down": {"uv": [1, 0, 0, 16], "texture": "#4"}
			}
		},
		{
			"from": [-0.62264, 9.37805, 0.25],
			"to": [0.87736, 19.02805, 0.35],
			"rotation": {"angle": 0, "axis": "y", "origin": [13.62736, 2.77805, -20.95]},
			"faces": {
				"north": {"uv": [1, 0, 0, 6.25], "texture": "#4"},
				"east": {"uv": [16, 6.112, 0, 9.834], "texture": "#4"},
				"south": {"uv": [1, 0, 0, 6.25], "texture": "#4"},
				"west": {"uv": [16, 5.024, 0, 7.786], "texture": "#4"},
				"up": {"uv": [1, 0, 0, 16], "texture": "#4"},
				"down": {"uv": [1, 0, 0, 16], "texture": "#4"}
			}
		},
		{
			"from": [0.27736, 7.22805, 0.25],
			"to": [0.87736, 19.02805, 0.35],
			"rotation": {"angle": 0, "axis": "y", "origin": [13.62736, 2.77805, -20.95]},
			"faces": {
				"north": {"uv": [1, 0, 0, 6.25], "texture": "#4"},
				"east": {"uv": [16, 6.112, 0, 9.834], "texture": "#4"},
				"south": {"uv": [1, 0, 0, 6.25], "texture": "#4"},
				"west": {"uv": [16, 5.024, 0, 7.786], "texture": "#4"},
				"up": {"uv": [1, 0, 0, 16], "texture": "#4"},
				"down": {"uv": [1, 0, 0, 16], "texture": "#4"}
			}
		},
		{
			"from": [-0.22264, 8.37805, 0.25],
			"to": [0.87736, 19.02805, 0.35],
			"rotation": {"angle": 0, "axis": "y", "origin": [13.62736, 2.77805, -20.95]},
			"faces": {
				"north": {"uv": [1, 0, 0, 6.25], "texture": "#4"},
				"east": {"uv": [16, 6.112, 0, 9.834], "texture": "#4"},
				"south": {"uv": [1, 0, 0, 6.25], "texture": "#4"},
				"west": {"uv": [16, 5.024, 0, 7.786], "texture": "#4"},
				"up": {"uv": [1, 0, 0, 16], "texture": "#4"},
				"down": {"uv": [1, 0, 0, 16], "texture": "#4"}
			}
		},
		{
			"from": [0.67736, 6.32805, 0.25],
			"to": [1.37736, 19.02805, 0.35],
			"rotation": {"angle": 0, "axis": "y", "origin": [13.62736, 2.77805, -20.95]},
			"faces": {
				"north": {"uv": [1, 0, 0, 6.25], "texture": "#4"},
				"east": {"uv": [16, 6.112, 0, 9.834], "texture": "#4"},
				"south": {"uv": [1, 0, 0, 6.25], "texture": "#4"},
				"west": {"uv": [16, 5.024, 0, 7.786], "texture": "#4"},
				"up": {"uv": [1, 0, 0, 16], "texture": "#4"},
				"down": {"uv": [1, 0, 0, 16], "texture": "#4"}
			}
		},
		{
			"from": [0.97736, 5.42805, 0.25],
			"to": [14.62736, 19.02805, 0.35],
			"rotation": {"angle": 0, "axis": "y", "origin": [13.62736, 2.77805, -20.95]},
			"faces": {
				"north": {"uv": [1, 0, 0, 6.25], "texture": "#4"},
				"east": {"uv": [16, 6.112, 0, 9.834], "texture": "#4"},
				"south": {"uv": [1, 0, 0, 6.25], "texture": "#4"},
				"west": {"uv": [16, 5.024, 0, 7.786], "texture": "#4"},
				"up": {"uv": [1, 0, 0, 16], "texture": "#4"},
				"down": {"uv": [1, 0, 0, 16], "texture": "#4"}
			}
		},
		{
			"from": [14.37264, 5.42805, 0.25],
			"to": [15.02264, 19.02805, 0.35],
			"rotation": {"angle": 0, "axis": "y", "origin": [2.37264, 2.77805, -20.95]},
			"faces": {
				"north": {"uv": [0, 0, 1, 6.25], "texture": "#4"},
				"east": {"uv": [0, 5.024, 16, 7.786], "texture": "#4"},
				"south": {"uv": [0, 0, 1, 6.25], "texture": "#4"},
				"west": {"uv": [0, 6.112, 16, 9.834], "texture": "#4"},
				"up": {"uv": [0, 0, 1, 16], "texture": "#4"},
				"down": {"uv": [0, 0, 1, 16], "texture": "#4"}
			}
		},
		{
			"from": [14.62264, 6.32805, 0.25],
			"to": [15.32264, 19.02805, 0.35],
			"rotation": {"angle": 0, "axis": "y", "origin": [2.37264, 2.77805, -20.95]},
			"faces": {
				"north": {"uv": [0, 0, 1, 6.25], "texture": "#4"},
				"east": {"uv": [0, 5.024, 16, 7.786], "texture": "#4"},
				"south": {"uv": [0, 0, 1, 6.25], "texture": "#4"},
				"west": {"uv": [0, 6.112, 16, 9.834], "texture": "#4"},
				"up": {"uv": [0, 0, 1, 16], "texture": "#4"},
				"down": {"uv": [0, 0, 1, 16], "texture": "#4"}
			}
		},
		{
			"from": [15.12264, 7.22805, 0.25],
			"to": [15.72264, 19.02805, 0.35],
			"rotation": {"angle": 0, "axis": "y", "origin": [2.37264, 2.77805, -20.95]},
			"faces": {
				"north": {"uv": [0, 0, 1, 6.25], "texture": "#4"},
				"east": {"uv": [0, 5.024, 16, 7.786], "texture": "#4"},
				"south": {"uv": [0, 0, 1, 6.25], "texture": "#4"},
				"west": {"uv": [0, 6.112, 16, 9.834], "texture": "#4"},
				"up": {"uv": [0, 0, 1, 16], "texture": "#4"},
				"down": {"uv": [0, 0, 1, 16], "texture": "#4"}
			}
		},
		{
			"from": [15.12264, 8.37805, 0.25],
			"to": [16.22264, 19.02805, 0.35],
			"rotation": {"angle": 0, "axis": "y", "origin": [2.37264, 2.77805, -20.95]},
			"faces": {
				"north": {"uv": [0, 0, 1, 6.25], "texture": "#4"},
				"east": {"uv": [0, 5.024, 16, 7.786], "texture": "#4"},
				"south": {"uv": [0, 0, 1, 6.25], "texture": "#4"},
				"west": {"uv": [0, 6.112, 16, 9.834], "texture": "#4"},
				"up": {"uv": [0, 0, 1, 16], "texture": "#4"},
				"down": {"uv": [0, 0, 1, 16], "texture": "#4"}
			}
		},
		{
			"from": [15.12264, 9.37805, 0.25],
			"to": [16.62264, 19.02805, 0.35],
			"rotation": {"angle": 0, "axis": "y", "origin": [2.37264, 2.77805, -20.95]},
			"faces": {
				"north": {"uv": [0, 0, 1, 6.25], "texture": "#4"},
				"east": {"uv": [0, 5.024, 16, 7.786], "texture": "#4"},
				"south": {"uv": [0, 0, 1, 6.25], "texture": "#4"},
				"west": {"uv": [0, 6.112, 16, 9.834], "texture": "#4"},
				"up": {"uv": [0, 0, 1, 16], "texture": "#4"},
				"down": {"uv": [0, 0, 1, 16], "texture": "#4"}
			}
		},
		{
			"from": [15.87264, 10.12805, 0.25],
			"to": [16.87264, 19.02805, 0.35],
			"rotation": {"angle": 0, "axis": "y", "origin": [2.37264, 2.77805, -20.95]},
			"faces": {
				"north": {"uv": [0, 0, 1, 6.25], "texture": "#4"},
				"east": {"uv": [0, 5.024, 16, 7.786], "texture": "#4"},
				"south": {"uv": [0, 0, 1, 6.25], "texture": "#4"},
				"west": {"uv": [0, 6.112, 16, 9.834], "texture": "#4"},
				"up": {"uv": [0, 0, 1, 16], "texture": "#4"},
				"down": {"uv": [0, 0, 1, 16], "texture": "#4"}
			}
		},
		{
			"from": [17.17264, 16.72805, 0.5],
			"to": [17.27264, 18.77805, 7],
			"rotation": {"angle": 0, "axis": "y", "origin": [2.37264, 2.72805, -20.95]},
			"faces": {
				"north": {"uv": [0, 0, 1, 6.25], "texture": "#5"},
				"east": {"uv": [0, 0, 16, 16], "texture": "#6"},
				"south": {"uv": [0, 0, 1, 6.25], "texture": "#5"},
				"west": {"uv": [0, 0, 16, 16], "texture": "#6"},
				"up": {"uv": [0, 0, 1, 16], "texture": "#3"},
				"down": {"uv": [0, 0, 1, 16], "texture": "#5"}
			}
		},
		{
			"from": [-1.27264, 13.07805, 0.5],
			"to": [-1.17264, 16.72805, 7],
			"rotation": {"angle": 0, "axis": "y", "origin": [13.62736, 2.72805, -20.95]},
			"faces": {
				"north": {"uv": [1, 0, 0, 6.25], "texture": "#5"},
				"east": {"uv": [16, 0, 0, 16], "texture": "#6"},
				"south": {"uv": [1, 0, 0, 6.25], "texture": "#5"},
				"west": {"uv": [16, 0, 0, 16], "texture": "#6"},
				"up": {"uv": [1, 0, 0, 16], "texture": "#3"},
				"down": {"uv": [1, 0, 0, 16], "texture": "#5"}
			}
		},
		{
			"from": [17.17264, 13.07805, 0.5],
			"to": [17.27264, 16.72805, 7],
			"rotation": {"angle": 0, "axis": "y", "origin": [2.37264, 2.72805, -20.95]},
			"faces": {
				"north": {"uv": [0, 0, 1, 6.25], "texture": "#5"},
				"east": {"uv": [0, 0, 16, 16], "texture": "#6"},
				"south": {"uv": [0, 0, 1, 6.25], "texture": "#5"},
				"west": {"uv": [0, 0, 16, 16], "texture": "#6"},
				"up": {"uv": [0, 0, 1, 16], "texture": "#3"},
				"down": {"uv": [0, 0, 1, 16], "texture": "#5"}
			}
		},
		{
			"from": [16.87264, 18.77805, -0.25],
			"to": [17.37264, 19.02805, 8],
			"rotation": {"angle": 0, "axis": "y", "origin": [2.37264, 2.77805, -20.95]},
			"faces": {
				"north": {"uv": [0, 0, 1, 6.25], "texture": "#5"},
				"east": {"uv": [0, 5.024, 16, 7.786], "texture": "#5"},
				"south": {"uv": [0, 0, 1, 6.25], "texture": "#5"},
				"west": {"uv": [0, 6.112, 16, 9.834], "texture": "#4"},
				"up": {"uv": [0, 0, 1, 16], "texture": "#5"},
				"down": {"uv": [0, 0, 1, 16], "texture": "#5"}
			}
		},
		{
			"from": [16.87264, 11.12805, -0.25],
			"to": [17.37264, 18.77805, 0.75],
			"rotation": {"angle": 0, "axis": "y", "origin": [2.37264, 2.77805, -19.45]},
			"faces": {
				"north": {"uv": [0, 0, 1, 6.25], "texture": "#5"},
				"east": {"uv": [0, 5.024, 16, 7.786], "texture": "#5"},
				"south": {"uv": [0, 0, 1, 6.25], "texture": "#3"},
				"west": {"uv": [0, 6.112, 16, 9.834], "texture": "#4"},
				"up": {"uv": [0, 0, 1, 16], "texture": "#5"},
				"down": {"uv": [0, 0, 1, 16], "texture": "#5"}
			}
		},
		{
			"from": [16.87264, 11.12805, 7],
			"to": [17.37264, 18.77805, 8],
			"rotation": {"angle": 0, "axis": "y", "origin": [2.37264, 2.77805, -20.95]},
			"faces": {
				"north": {"uv": [0, 0, 1, 6.25], "texture": "#3"},
				"east": {"uv": [0, 5.024, 16, 7.786], "texture": "#5"},
				"south": {"uv": [0, 0, 1, 6.25], "texture": "#5"},
				"west": {"uv": [0, 6.112, 16, 9.834], "texture": "#4"},
				"up": {"uv": [0, 0, 1, 16], "texture": "#5"},
				"down": {"uv": [0, 0, 1, 16], "texture": "#5"}
			}
		},
		{
			"from": [16.87264, 11.12805, 0.75],
			"to": [17.37264, 13.07805, 7],
			"rotation": {"angle": 0, "axis": "y", "origin": [2.37264, 2.77805, -20.95]},
			"faces": {
				"north": {"uv": [0, 0, 1, 6.25], "texture": "#5"},
				"east": {"uv": [0, 5.024, 16, 7.786], "texture": "#5"},
				"south": {"uv": [0, 0, 1, 6.25], "texture": "#5"},
				"west": {"uv": [0, 6.112, 16, 9.834], "texture": "#4"},
				"up": {"uv": [0, 0, 1, 16], "texture": "#3"},
				"down": {"uv": [0, 0, 1, 16], "texture": "#5"}
			}
		},
		{
			"from": [12.4464, 11.77586, -0.25],
			"to": [12.9464, 17.97586, 8],
			"rotation": {"angle": -22.5, "axis": "z", "origin": [-2.0536, 3.42586, -6.45]},
			"faces": {
				"north": {"uv": [0, 0, 1, 6.25], "texture": "#3"},
				"east": {"uv": [0, 5.024, 16, 7.786], "texture": "#3"},
				"south": {"uv": [0, 0, 1, 6.25], "texture": "#3"},
				"west": {"uv": [0, 6.112, 16, 9.834], "texture": "#4"},
				"up": {"uv": [0, 0, 1, 16], "texture": "#3"},
				"down": {"uv": [0, 0, 1, 16], "texture": "#3"}
			}
		},
		{
			"from": [-1.37264, 11.12805, -7.25],
			"to": [-0.87264, 18.77805, -0.25],
			"rotation": {"angle": 0, "axis": "y", "origin": [13.62736, 2.77805, -20.7]},
			"faces": {
				"north": {"uv": [1, 0, 0, 6.25], "texture": "#3"},
				"east": {"uv": [16, 6.112, 0, 9.834], "texture": "#4"},
				"south": {"uv": [1, 0, 0, 6.25], "texture": "#5"},
				"west": {"uv": [16, 5.024, 0, 7.786], "texture": "#5"},
				"up": {"uv": [1, 0, 0, 16], "texture": "#5"},
				"down": {"uv": [1, 0, 0, 16], "texture": "#5"}
			}
		},
		{
			"from": [-1.27264, 16.72805, 0.5],
			"to": [-1.17264, 18.77805, 7],
			"rotation": {"angle": 0, "axis": "y", "origin": [13.62736, 2.72805, -20.95]},
			"faces": {
				"north": {"uv": [1, 0, 0, 6.25], "texture": "#5"},
				"east": {"uv": [16, 0, 0, 16], "texture": "#6"},
				"south": {"uv": [1, 0, 0, 6.25], "texture": "#5"},
				"west": {"uv": [16, 0, 0, 16], "texture": "#6"},
				"up": {"uv": [1, 0, 0, 16], "texture": "#3"},
				"down": {"uv": [1, 0, 0, 16], "texture": "#5"}
			}
		},
		{
			"from": [-1.7, 17.35, -7.5],
			"to": [17.7, 17.85, -3.6],
			"rotation": {"angle": 0, "axis": "y", "origin": [0, -1.95, -14.7]},
			"faces": {
				"north": {"uv": [0, 6.25, 1, 0], "texture": "#7"},
				"east": {"uv": [0, 5.024, 16, 7.786], "texture": "#7"},
				"south": {"uv": [0, 0, 1, 6.25], "texture": "#7"},
				"west": {"uv": [0, 6.112, 16, 9.834], "texture": "#7"},
				"up": {"uv": [0, 0, 1, 16], "texture": "#7"},
				"down": {"uv": [0, 0, 1, 16], "texture": "#7"}
			}
		},
		{
			"from": [-1.7, 17.35, -5.6],
			"to": [17.7, 17.85, -1.7],
			"rotation": {"angle": 0, "axis": "y", "origin": [0, -1.95, -14.65]},
			"faces": {
				"north": {"uv": [0, 6.25, 1, 0], "texture": "#7"},
				"east": {"uv": [0, 5.024, 16, 7.786], "texture": "#7"},
				"south": {"uv": [0, 0, 1, 6.25], "texture": "#7"},
				"west": {"uv": [0, 6.112, 16, 9.834], "texture": "#7"},
				"up": {"uv": [0, 0, 1, 16], "texture": "#7"},
				"down": {"uv": [0, 0, 1, 16], "texture": "#7"}
			}
		},
		{
			"from": [-1.7, 16.6, -7.5],
			"to": [17.7, 17.1, -3.6],
			"rotation": {"angle": 0, "axis": "y", "origin": [0, -1.95, -14.7]},
			"faces": {
				"north": {"uv": [0, 6.25, 1, 0], "texture": "#7"},
				"east": {"uv": [0, 5.024, 16, 7.786], "texture": "#7"},
				"south": {"uv": [0, 0, 1, 6.25], "texture": "#7"},
				"west": {"uv": [0, 6.112, 16, 9.834], "texture": "#7"},
				"up": {"uv": [0, 0, 1, 16], "texture": "#7"},
				"down": {"uv": [0, 0, 1, 16], "texture": "#7"}
			}
		},
		{
			"from": [-1.7, 16.6, -5.6],
			"to": [17.7, 17.1, -1.7],
			"rotation": {"angle": 0, "axis": "y", "origin": [0, -1.95, -14.65]},
			"faces": {
				"north": {"uv": [0, 6.25, 1, 0], "texture": "#7"},
				"east": {"uv": [0, 5.024, 16, 7.786], "texture": "#7"},
				"south": {"uv": [0, 0, 1, 6.25], "texture": "#7"},
				"west": {"uv": [0, 6.112, 16, 9.834], "texture": "#7"},
				"up": {"uv": [0, 0, 1, 16], "texture": "#7"},
				"down": {"uv": [0, 0, 1, 16], "texture": "#7"}
			}
		},
		{
			"from": [-1.7, 15.85, -7.5],
			"to": [17.7, 16.35, -3.6],
			"rotation": {"angle": 0, "axis": "y", "origin": [0, -1.95, -14.7]},
			"faces": {
				"north": {"uv": [0, 6.25, 1, 0], "texture": "#7"},
				"east": {"uv": [0, 5.024, 16, 7.786], "texture": "#7"},
				"south": {"uv": [0, 0, 1, 6.25], "texture": "#7"},
				"west": {"uv": [0, 6.112, 16, 9.834], "texture": "#7"},
				"up": {"uv": [0, 0, 1, 16], "texture": "#7"},
				"down": {"uv": [0, 0, 1, 16], "texture": "#7"}
			}
		},
		{
			"from": [-1.7, 15.85, -5.6],
			"to": [17.7, 16.35, -1.7],
			"rotation": {"angle": 0, "axis": "y", "origin": [0, -1.95, -14.65]},
			"faces": {
				"north": {"uv": [0, 6.25, 1, 0], "texture": "#7"},
				"east": {"uv": [0, 5.024, 16, 7.786], "texture": "#7"},
				"south": {"uv": [0, 0, 1, 6.25], "texture": "#7"},
				"west": {"uv": [0, 6.112, 16, 9.834], "texture": "#7"},
				"up": {"uv": [0, 0, 1, 16], "texture": "#7"},
				"down": {"uv": [0, 0, 1, 16], "texture": "#7"}
			}
		},
		{
			"from": [-1.7, 15.1, -7.5],
			"to": [17.7, 15.6, -3.6],
			"rotation": {"angle": 0, "axis": "y", "origin": [0, -1.95, -14.7]},
			"faces": {
				"north": {"uv": [0, 6.25, 1, 0], "texture": "#7"},
				"east": {"uv": [0, 5.024, 16, 7.786], "texture": "#7"},
				"south": {"uv": [0, 0, 1, 6.25], "texture": "#7"},
				"west": {"uv": [0, 6.112, 16, 9.834], "texture": "#7"},
				"up": {"uv": [0, 0, 1, 16], "texture": "#7"},
				"down": {"uv": [0, 0, 1, 16], "texture": "#7"}
			}
		},
		{
			"from": [-1.7, 15.1, -5.6],
			"to": [17.7, 15.6, -1.7],
			"rotation": {"angle": 0, "axis": "y", "origin": [0, -1.95, -14.65]},
			"faces": {
				"north": {"uv": [0, 6.25, 1, 0], "texture": "#7"},
				"east": {"uv": [0, 5.024, 16, 7.786], "texture": "#7"},
				"south": {"uv": [0, 0, 1, 6.25], "texture": "#7"},
				"west": {"uv": [0, 6.112, 16, 9.834], "texture": "#7"},
				"up": {"uv": [0, 0, 1, 16], "texture": "#7"},
				"down": {"uv": [0, 0, 1, 16], "texture": "#7"}
			}
		},
		{
			"from": [-1.7, 14.35, -7.5],
			"to": [17.7, 14.85, -3.6],
			"rotation": {"angle": 0, "axis": "y", "origin": [0, -1.95, -14.7]},
			"faces": {
				"north": {"uv": [0, 6.25, 1, 0], "texture": "#7"},
				"east": {"uv": [0, 5.024, 16, 7.786], "texture": "#7"},
				"south": {"uv": [0, 0, 1, 6.25], "texture": "#7"},
				"west": {"uv": [0, 6.112, 16, 9.834], "texture": "#7"},
				"up": {"uv": [0, 0, 1, 16], "texture": "#7"},
				"down": {"uv": [0, 0, 1, 16], "texture": "#7"}
			}
		},
		{
			"from": [-1.7, 14.35, -5.6],
			"to": [17.7, 14.85, -1.7],
			"rotation": {"angle": 0, "axis": "y", "origin": [0, -1.95, -14.65]},
			"faces": {
				"north": {"uv": [0, 6.25, 1, 0], "texture": "#7"},
				"east": {"uv": [0, 5.024, 16, 7.786], "texture": "#7"},
				"south": {"uv": [0, 0, 1, 6.25], "texture": "#7"},
				"west": {"uv": [0, 6.112, 16, 9.834], "texture": "#7"},
				"up": {"uv": [0, 0, 1, 16], "texture": "#7"},
				"down": {"uv": [0, 0, 1, 16], "texture": "#7"}
			}
		},
		{
			"from": [-1.7, 13.6, -7.5],
			"to": [17.7, 14.1, -3.6],
			"rotation": {"angle": 0, "axis": "y", "origin": [0, -1.95, -14.7]},
			"faces": {
				"north": {"uv": [0, 6.25, 1, 0], "texture": "#7"},
				"east": {"uv": [0, 5.024, 16, 7.786], "texture": "#7"},
				"south": {"uv": [0, 0, 1, 6.25], "texture": "#7"},
				"west": {"uv": [0, 6.112, 16, 9.834], "texture": "#7"},
				"up": {"uv": [0, 0, 1, 16], "texture": "#7"},
				"down": {"uv": [0, 0, 1, 16], "texture": "#7"}
			}
		},
		{
			"from": [-1.7, 13.6, -5.6],
			"to": [17.7, 14.1, -1.7],
			"rotation": {"angle": 0, "axis": "y", "origin": [0, -1.95, -14.65]},
			"faces": {
				"north": {"uv": [0, 6.25, 1, 0], "texture": "#7"},
				"east": {"uv": [0, 5.024, 16, 7.786], "texture": "#7"},
				"south": {"uv": [0, 0, 1, 6.25], "texture": "#7"},
				"west": {"uv": [0, 6.112, 16, 9.834], "texture": "#7"},
				"up": {"uv": [0, 0, 1, 16], "texture": "#7"},
				"down": {"uv": [0, 0, 1, 16], "texture": "#7"}
			}
		},
		{
			"from": [-1.7, 17.35, -16],
			"to": [17.7, 17.85, -12.1],
			"rotation": {"angle": 0, "axis": "y", "origin": [0, -1.95, -14.7]},
			"faces": {
				"north": {"uv": [0, 6.25, 1, 0], "texture": "#7"},
				"east": {"uv": [0, 5.024, 16, 7.786], "texture": "#7"},
				"south": {"uv": [0, 0, 1, 6.25], "texture": "#7"},
				"west": {"uv": [0, 6.112, 16, 9.834], "texture": "#7"},
				"up": {"uv": [0, 0, 1, 16], "texture": "#7"},
				"down": {"uv": [0, 0, 1, 16], "texture": "#7"}
			}
		},
		{
			"from": [-1.7, 17.35, -14.1],
			"to": [17.7, 17.85, -10.2],
			"rotation": {"angle": 0, "axis": "y", "origin": [0, -1.95, -14.65]},
			"faces": {
				"north": {"uv": [0, 6.25, 1, 0], "texture": "#7"},
				"east": {"uv": [0, 5.024, 16, 7.786], "texture": "#7"},
				"south": {"uv": [0, 0, 1, 6.25], "texture": "#7"},
				"west": {"uv": [0, 6.112, 16, 9.834], "texture": "#7"},
				"up": {"uv": [0, 0, 1, 16], "texture": "#7"},
				"down": {"uv": [0, 0, 1, 16], "texture": "#7"}
			}
		},
		{
			"from": [-1.7, 16.6, -16],
			"to": [17.7, 17.1, -12.1],
			"rotation": {"angle": 0, "axis": "y", "origin": [0, -1.95, -14.7]},
			"faces": {
				"north": {"uv": [0, 6.25, 1, 0], "texture": "#7"},
				"east": {"uv": [0, 5.024, 16, 7.786], "texture": "#7"},
				"south": {"uv": [0, 0, 1, 6.25], "texture": "#7"},
				"west": {"uv": [0, 6.112, 16, 9.834], "texture": "#7"},
				"up": {"uv": [0, 0, 1, 16], "texture": "#7"},
				"down": {"uv": [0, 0, 1, 16], "texture": "#7"}
			}
		},
		{
			"from": [-1.7, 16.6, -14.1],
			"to": [17.7, 17.1, -10.2],
			"rotation": {"angle": 0, "axis": "y", "origin": [0, -1.95, -14.65]},
			"faces": {
				"north": {"uv": [0, 6.25, 1, 0], "texture": "#7"},
				"east": {"uv": [0, 5.024, 16, 7.786], "texture": "#7"},
				"south": {"uv": [0, 0, 1, 6.25], "texture": "#7"},
				"west": {"uv": [0, 6.112, 16, 9.834], "texture": "#7"},
				"up": {"uv": [0, 0, 1, 16], "texture": "#7"},
				"down": {"uv": [0, 0, 1, 16], "texture": "#7"}
			}
		},
		{
			"from": [-1.7, 15.85, -16],
			"to": [17.7, 16.35, -12.1],
			"rotation": {"angle": 0, "axis": "y", "origin": [0, -1.95, -14.7]},
			"faces": {
				"north": {"uv": [0, 6.25, 1, 0], "texture": "#7"},
				"east": {"uv": [0, 5.024, 16, 7.786], "texture": "#7"},
				"south": {"uv": [0, 0, 1, 6.25], "texture": "#7"},
				"west": {"uv": [0, 6.112, 16, 9.834], "texture": "#7"},
				"up": {"uv": [0, 0, 1, 16], "texture": "#7"},
				"down": {"uv": [0, 0, 1, 16], "texture": "#7"}
			}
		},
		{
			"from": [-1.7, 15.85, -14.1],
			"to": [17.7, 16.35, -10.2],
			"rotation": {"angle": 0, "axis": "y", "origin": [0, -1.95, -14.65]},
			"faces": {
				"north": {"uv": [0, 6.25, 1, 0], "texture": "#7"},
				"east": {"uv": [0, 5.024, 16, 7.786], "texture": "#7"},
				"south": {"uv": [0, 0, 1, 6.25], "texture": "#7"},
				"west": {"uv": [0, 6.112, 16, 9.834], "texture": "#7"},
				"up": {"uv": [0, 0, 1, 16], "texture": "#7"},
				"down": {"uv": [0, 0, 1, 16], "texture": "#7"}
			}
		},
		{
			"from": [-1.7, 15.1, -16],
			"to": [17.7, 15.6, -12.1],
			"rotation": {"angle": 0, "axis": "y", "origin": [0, -1.95, -14.7]},
			"faces": {
				"north": {"uv": [0, 6.25, 1, 0], "texture": "#7"},
				"east": {"uv": [0, 5.024, 16, 7.786], "texture": "#7"},
				"south": {"uv": [0, 0, 1, 6.25], "texture": "#7"},
				"west": {"uv": [0, 6.112, 16, 9.834], "texture": "#7"},
				"up": {"uv": [0, 0, 1, 16], "texture": "#7"},
				"down": {"uv": [0, 0, 1, 16], "texture": "#7"}
			}
		},
		{
			"from": [-1.7, 15.1, -14.1],
			"to": [17.7, 15.6, -10.2],
			"rotation": {"angle": 0, "axis": "y", "origin": [0, -1.95, -14.65]},
			"faces": {
				"north": {"uv": [0, 6.25, 1, 0], "texture": "#7"},
				"east": {"uv": [0, 5.024, 16, 7.786], "texture": "#7"},
				"south": {"uv": [0, 0, 1, 6.25], "texture": "#7"},
				"west": {"uv": [0, 6.112, 16, 9.834], "texture": "#7"},
				"up": {"uv": [0, 0, 1, 16], "texture": "#7"},
				"down": {"uv": [0, 0, 1, 16], "texture": "#7"}
			}
		},
		{
			"from": [-1.7, 14.35, -16],
			"to": [17.7, 14.85, -12.1],
			"rotation": {"angle": 0, "axis": "y", "origin": [0, -1.95, -14.7]},
			"faces": {
				"north": {"uv": [0, 6.25, 1, 0], "texture": "#7"},
				"east": {"uv": [0, 5.024, 16, 7.786], "texture": "#7"},
				"south": {"uv": [0, 0, 1, 6.25], "texture": "#7"},
				"west": {"uv": [0, 6.112, 16, 9.834], "texture": "#7"},
				"up": {"uv": [0, 0, 1, 16], "texture": "#7"},
				"down": {"uv": [0, 0, 1, 16], "texture": "#7"}
			}
		},
		{
			"from": [-1.7, 14.35, -14.1],
			"to": [17.7, 14.85, -10.2],
			"rotation": {"angle": 0, "axis": "y", "origin": [0, -1.95, -14.65]},
			"faces": {
				"north": {"uv": [0, 6.25, 1, 0], "texture": "#7"},
				"east": {"uv": [0, 5.024, 16, 7.786], "texture": "#7"},
				"south": {"uv": [0, 0, 1, 6.25], "texture": "#7"},
				"west": {"uv": [0, 6.112, 16, 9.834], "texture": "#7"},
				"up": {"uv": [0, 0, 1, 16], "texture": "#7"},
				"down": {"uv": [0, 0, 1, 16], "texture": "#7"}
			}
		},
		{
			"from": [-1.7, 13.6, -16],
			"to": [17.7, 14.1, -12.1],
			"rotation": {"angle": 0, "axis": "y", "origin": [0, -1.95, -14.7]},
			"faces": {
				"north": {"uv": [0, 6.25, 1, 0], "texture": "#7"},
				"east": {"uv": [0, 5.024, 16, 7.786], "texture": "#7"},
				"south": {"uv": [0, 0, 1, 6.25], "texture": "#7"},
				"west": {"uv": [0, 6.112, 16, 9.834], "texture": "#7"},
				"up": {"uv": [0, 0, 1, 16], "texture": "#7"},
				"down": {"uv": [0, 0, 1, 16], "texture": "#7"}
			}
		},
		{
			"from": [-1.7, 13.6, -14.1],
			"to": [17.7, 14.1, -10.2],
			"rotation": {"angle": 0, "axis": "y", "origin": [0, -1.95, -14.65]},
			"faces": {
				"north": {"uv": [0, 6.25, 1, 0], "texture": "#7"},
				"east": {"uv": [0, 5.024, 16, 7.786], "texture": "#7"},
				"south": {"uv": [0, 0, 1, 6.25], "texture": "#7"},
				"west": {"uv": [0, 6.112, 16, 9.834], "texture": "#7"},
				"up": {"uv": [0, 0, 1, 16], "texture": "#7"},
				"down": {"uv": [0, 0, 1, 16], "texture": "#7"}
			}
		},
		{
			"from": [-1.37264, 11.12805, -0.25],
			"to": [-0.87264, 18.77805, 0.75],
			"rotation": {"angle": 0, "axis": "y", "origin": [13.62736, 2.77805, -19.45]},
			"faces": {
				"north": {"uv": [1, 0, 0, 6.25], "texture": "#5"},
				"east": {"uv": [16, 6.112, 0, 9.834], "texture": "#4"},
				"south": {"uv": [1, 0, 0, 6.25], "texture": "#3"},
				"west": {"uv": [16, 5.024, 0, 7.786], "texture": "#5"},
				"up": {"uv": [1, 0, 0, 16], "texture": "#5"},
				"down": {"uv": [1, 0, 0, 16], "texture": "#5"}
			}
		},
		{
			"from": [-1.37264, 18.77805, -0.25],
			"to": [-0.87264, 19.02805, 8],
			"rotation": {"angle": 0, "axis": "y", "origin": [13.62736, 2.77805, -20.95]},
			"faces": {
				"north": {"uv": [1, 0, 0, 6.25], "texture": "#5"},
				"east": {"uv": [16, 6.112, 0, 9.834], "texture": "#4"},
				"south": {"uv": [1, 0, 0, 6.25], "texture": "#5"},
				"west": {"uv": [16, 5.024, 0, 7.786], "texture": "#5"},
				"up": {"uv": [1, 0, 0, 16], "texture": "#5"},
				"down": {"uv": [1, 0, 0, 16], "texture": "#5"}
			}
		},
		{
			"from": [-1.37264, 11.12805, 0.75],
			"to": [-0.87264, 13.07805, 7],
			"rotation": {"angle": 0, "axis": "y", "origin": [13.62736, 2.77805, -20.95]},
			"faces": {
				"north": {"uv": [1, 0, 0, 6.25], "texture": "#5"},
				"east": {"uv": [16, 6.112, 0, 9.834], "texture": "#4"},
				"south": {"uv": [1, 0, 0, 6.25], "texture": "#5"},
				"west": {"uv": [16, 5.024, 0, 7.786], "texture": "#5"},
				"up": {"uv": [1, 0, 0, 16], "texture": "#3"},
				"down": {"uv": [1, 0, 0, 16], "texture": "#5"}
			}
		},
		{
			"from": [-1.37264, 11.12805, 7],
			"to": [-0.87264, 18.77805, 8],
			"rotation": {"angle": 0, "axis": "y", "origin": [13.62736, 2.77805, -20.95]},
			"faces": {
				"north": {"uv": [1, 0, 0, 6.25], "texture": "#3"},
				"east": {"uv": [16, 6.112, 0, 9.834], "texture": "#4"},
				"south": {"uv": [1, 0, 0, 6.25], "texture": "#5"},
				"west": {"uv": [16, 5.024, 0, 7.786], "texture": "#5"},
				"up": {"uv": [1, 0, 0, 16], "texture": "#5"},
				"down": {"uv": [1, 0, 0, 16], "texture": "#5"}
			}
		},
		{
			"from": [-0.87264, 10.12805, 7.75],
			"to": [0.12736, 19.02805, 7.9],
			"rotation": {"angle": 0, "axis": "y", "origin": [13.62736, 2.77805, -20.95]},
			"faces": {
				"north": {"uv": [1, 0, 0, 6.25], "texture": "#4"},
				"east": {"uv": [16, 6.112, 0, 9.834], "texture": "#5"},
				"south": {"uv": [1, 0, 0, 6.25], "texture": "#0"},
				"west": {"uv": [16, 5.024, 0, 7.786], "texture": "#5"},
				"up": {"uv": [1, 0, 0, 16], "texture": "#5"},
				"down": {"uv": [1, 0, 0, 16], "texture": "#5"}
			}
		},
		{
			"from": [-0.22264, 8.37805, 7.75],
			"to": [0.87736, 19.02805, 7.9],
			"rotation": {"angle": 0, "axis": "y", "origin": [13.62736, 2.77805, -20.95]},
			"faces": {
				"north": {"uv": [1, 0, 0, 6.25], "texture": "#4"},
				"east": {"uv": [16, 6.112, 0, 9.834], "texture": "#5"},
				"south": {"uv": [1, 0, 0, 6.25], "texture": "#0"},
				"west": {"uv": [16, 5.024, 0, 7.786], "texture": "#5"},
				"up": {"uv": [1, 0, 0, 16], "texture": "#5"},
				"down": {"uv": [1, 0, 0, 16], "texture": "#5"}
			}
		},
		{
			"from": [0.27736, 7.22805, 7.75],
			"to": [0.87736, 19.02805, 7.9],
			"rotation": {"angle": 0, "axis": "y", "origin": [13.62736, 2.77805, -20.95]},
			"faces": {
				"north": {"uv": [1, 0, 0, 6.25], "texture": "#4"},
				"east": {"uv": [16, 6.112, 0, 9.834], "texture": "#5"},
				"south": {"uv": [1, 0, 0, 6.25], "texture": "#0"},
				"west": {"uv": [16, 5.024, 0, 7.786], "texture": "#5"},
				"up": {"uv": [1, 0, 0, 16], "texture": "#5"},
				"down": {"uv": [1, 0, 0, 16], "texture": "#5"}
			}
		},
		{
			"from": [0.67736, 6.32805, 7.75],
			"to": [1.37736, 19.02805, 7.9],
			"rotation": {"angle": 0, "axis": "y", "origin": [13.62736, 2.77805, -20.95]},
			"faces": {
				"north": {"uv": [1, 0, 0, 6.25], "texture": "#4"},
				"east": {"uv": [16, 6.112, 0, 9.834], "texture": "#5"},
				"south": {"uv": [1, 0, 0, 6.25], "texture": "#0"},
				"west": {"uv": [16, 5.024, 0, 7.786], "texture": "#5"},
				"up": {"uv": [1, 0, 0, 16], "texture": "#5"},
				"down": {"uv": [1, 0, 0, 16], "texture": "#5"}
			}
		},
		{
			"from": [0.97736, 5.42805, 7.75],
			"to": [5.87736, 19.02805, 7.9],
			"rotation": {"angle": 0, "axis": "y", "origin": [13.62736, 2.77805, -20.95]},
			"faces": {
				"north": {"uv": [1, 0, 0, 6.25], "texture": "#4"},
				"east": {"uv": [16, 6.112, 0, 9.834], "texture": "#3"},
				"south": {"uv": [1, 0, 0, 6.25], "texture": "#0"},
				"west": {"uv": [16, 5.024, 0, 7.786], "texture": "#5"},
				"up": {"uv": [1, 0, 0, 16], "texture": "#5"},
				"down": {"uv": [1, 0, 0, 16], "texture": "#5"}
			}
		},
		{
			"from": [3.97736, 5.42805, 7.9],
			"to": [5.87736, 19.02805, 11.15],
			"rotation": {"angle": 0, "axis": "y", "origin": [13.62736, 2.77805, -20.95]},
			"faces": {
				"north": {"uv": [1, 0, 0, 6.25], "texture": "#13"},
				"east": {"uv": [16, 6.112, 0, 9.834], "texture": "#13"},
				"south": {"uv": [1, 0, 0, 6.25], "texture": "#13"},
				"west": {"uv": [16, 5.024, 0, 7.786], "texture": "#13"},
				"up": {"uv": [1, 0, 0, 16], "texture": "#13"},
				"down": {"uv": [1, 0, 0, 16], "texture": "#13"}
			}
		},
		{
			"from": [10.12736, 5.42805, 7.9],
			"to": [12.02736, 19.02805, 11.15],
			"rotation": {"angle": 0, "axis": "y", "origin": [13.62736, 2.77805, -20.95]},
			"faces": {
				"north": {"uv": [1, 0, 0, 6.25], "texture": "#13"},
				"east": {"uv": [16, 6.112, 0, 9.834], "texture": "#13"},
				"south": {"uv": [1, 0, 0, 6.25], "texture": "#13"},
				"west": {"uv": [16, 5.024, 0, 7.786], "texture": "#13"},
				"up": {"uv": [1, 0, 0, 16], "texture": "#13"},
				"down": {"uv": [1, 0, 0, 16], "texture": "#13"}
			}
		},
		{
			"from": [3.97736, 4.67805, 7.9],
			"to": [12.02736, 5.42805, 11.15],
			"rotation": {"angle": 0, "axis": "y", "origin": [13.67736, 2.77805, -20.95]},
			"faces": {
				"north": {"uv": [1, 0, 0, 6.25], "texture": "#13"},
				"east": {"uv": [16, 6.112, 0, 9.834], "texture": "#13"},
				"south": {"uv": [1, 0, 0, 6.25], "texture": "#13"},
				"west": {"uv": [16, 5.024, 0, 7.786], "texture": "#13"},
				"up": {"uv": [1, 0, 0, 16], "texture": "#13"},
				"down": {"uv": [1, 0, 0, 16], "texture": "#13"}
			}
		},
		{
			"from": [3.97736, 19.02805, 7.9],
			"to": [12.02736, 20.27805, 11.15],
			"rotation": {"angle": 0, "axis": "y", "origin": [13.67736, 2.87805, -20.95]},
			"faces": {
				"north": {"uv": [1, 0, 0, 6.25], "texture": "#13"},
				"east": {"uv": [16, 6.112, 0, 9.834], "texture": "#13"},
				"south": {"uv": [1, 0, 0, 6.25], "texture": "#13"},
				"west": {"uv": [16, 5.024, 0, 7.786], "texture": "#13"},
				"up": {"uv": [1, 0, 0, 16], "texture": "#13"},
				"down": {"uv": [1, 0, 0, 16], "texture": "#13"}
			}
		},
		{
			"from": [10.12264, 5.42805, 7.55],
			"to": [15.02264, 19.02805, 7.9],
			"rotation": {"angle": 0, "axis": "y", "origin": [2.37264, 2.77805, -20.95]},
			"faces": {
				"north": {"uv": [0, 0, 1, 6.25], "texture": "#4"},
				"east": {"uv": [0, 5.024, 16, 7.786], "texture": "#5"},
				"south": {"uv": [0, 0, 1, 6.25], "texture": "#0"},
				"west": {"uv": [0, 6.112, 16, 9.834], "texture": "#3"},
				"up": {"uv": [0, 0, 1, 16], "texture": "#5"},
				"down": {"uv": [0, 0, 1, 16], "texture": "#5"}
			}
		},
		{
			"from": [5.87264, 5.42805, 7.65],
			"to": [10.12264, 11.52805, 7.8],
			"rotation": {"angle": 0, "axis": "y", "origin": [2.37264, 2.77805, -20.95]},
			"faces": {
				"north": {"uv": [0, 0, 1, 6.25], "texture": "#4"},
				"east": {"uv": [0, 5.024, 16, 7.786], "texture": "#5"},
				"south": {"uv": [0, 0, 1, 6.25], "texture": "#3"},
				"west": {"uv": [0, 6.112, 16, 9.834], "texture": "#3"},
				"up": {"uv": [0, 0, 1, 16], "texture": "#5"},
				"down": {"uv": [0, 0, 1, 16], "texture": "#5"}
			}
		},
		{
			"from": [8.77264, 11.02805, 7.55],
			"to": [9.72264, 11.22805, 7.9],
			"rotation": {"angle": 0, "axis": "y", "origin": [2.37264, 2.77805, -20.95]},
			"faces": {
				"north": {"uv": [0, 0, 1, 6.25], "texture": "#1"},
				"east": {"uv": [0, 5.024, 16, 7.786], "texture": "#1"},
				"south": {"uv": [0, 0, 1, 6.25], "texture": "#1"},
				"west": {"uv": [0, 6.112, 16, 9.834], "texture": "#1"},
				"up": {"uv": [0, 0, 1, 16], "texture": "#1"},
				"down": {"uv": [0, 0, 1, 16], "texture": "#1"}
			}
		},
		{
			"from": [9.27264, 10.82805, 7.55],
			"to": [9.72264, 11.02805, 7.9],
			"rotation": {"angle": 0, "axis": "y", "origin": [2.37264, 2.82805, -20.95]},
			"faces": {
				"north": {"uv": [0, 0, 1, 6.25], "texture": "#1"},
				"east": {"uv": [0, 5.024, 16, 7.786], "texture": "#1"},
				"south": {"uv": [0, 0, 1, 6.25], "texture": "#1"},
				"west": {"uv": [0, 6.112, 16, 9.834], "texture": "#1"},
				"up": {"uv": [0, 0, 1, 16], "texture": "#1"},
				"down": {"uv": [0, 0, 1, 16], "texture": "#1"}
			}
		},
		{
			"from": [5.87264, 18.42805, 7.65],
			"to": [10.12264, 19.02805, 7.8],
			"rotation": {"angle": 0, "axis": "y", "origin": [2.37264, 2.77805, -20.95]},
			"faces": {
				"north": {"uv": [0, 0, 1, 6.25], "texture": "#4"},
				"east": {"uv": [0, 5.024, 16, 7.786], "texture": "#5"},
				"south": {"uv": [0, 0, 1, 6.25], "texture": "#3"},
				"west": {"uv": [0, 6.112, 16, 9.834], "texture": "#3"},
				"up": {"uv": [0, 0, 1, 16], "texture": "#5"},
				"down": {"uv": [0, 0, 1, 16], "texture": "#5"}
			}
		},
		{
			"from": [5.87264, 11.52805, 7.65],
			"to": [9.12264, 18.42805, 7.8],
			"rotation": {"angle": 0, "axis": "y", "origin": [2.37264, 2.77805, -20.95]},
			"faces": {
				"north": {"uv": [0, 0, 1, 6.25], "texture": "#4"},
				"east": {"uv": [0, 5.024, 16, 7.786], "texture": "#5"},
				"south": {"uv": [0, 0, 1, 6.25], "texture": "#3"},
				"west": {"uv": [0, 6.112, 16, 9.834], "texture": "#3"},
				"up": {"uv": [0, 0, 1, 16], "texture": "#5"},
				"down": {"uv": [0, 0, 1, 16], "texture": "#5"}
			}
		},
		{
			"from": [9.12264, 11.52805, 7.65],
			"to": [10.12264, 18.42805, 7.8],
			"rotation": {"angle": 0, "axis": "y", "origin": [2.37264, 2.77805, -20.95]},
			"faces": {
				"north": {"uv": [0, 0, 1, 6.25], "texture": "#4"},
				"east": {"uv": [0, 5.024, 16, 7.786], "texture": "#5"},
				"south": {"uv": [0, 0, 1, 6.25], "texture": "#3"},
				"west": {"uv": [0, 6.112, 16, 9.834], "texture": "#3"},
				"up": {"uv": [0, 0, 1, 16], "texture": "#5"},
				"down": {"uv": [0, 0, 1, 16], "texture": "#5"}
			}
		},
		{
			"from": [15.87264, 10.12805, 7.55],
			"to": [16.87264, 19.02805, 7.9],
			"rotation": {"angle": 0, "axis": "y", "origin": [2.37264, 2.77805, -20.95]},
			"faces": {
				"north": {"uv": [0, 0, 1, 6.25], "texture": "#4"},
				"east": {"uv": [0, 5.024, 16, 7.786], "texture": "#5"},
				"south": {"uv": [0, 0, 1, 6.25], "texture": "#0"},
				"west": {"uv": [0, 6.112, 16, 9.834], "texture": "#5"},
				"up": {"uv": [0, 0, 1, 16], "texture": "#5"},
				"down": {"uv": [0, 0, 1, 16], "texture": "#5"}
			}
		},
		{
			"from": [15.12264, 9.37805, 7.55],
			"to": [16.62264, 19.02805, 7.9],
			"rotation": {"angle": 0, "axis": "y", "origin": [2.37264, 2.77805, -20.95]},
			"faces": {
				"north": {"uv": [0, 0, 1, 6.25], "texture": "#4"},
				"east": {"uv": [0, 5.024, 16, 7.786], "texture": "#5"},
				"south": {"uv": [0, 0, 1, 6.25], "texture": "#0"},
				"west": {"uv": [0, 6.112, 16, 9.834], "texture": "#5"},
				"up": {"uv": [0, 0, 1, 16], "texture": "#5"},
				"down": {"uv": [0, 0, 1, 16], "texture": "#5"}
			}
		},
		{
			"from": [15.12264, 7.22805, 7.55],
			"to": [15.72264, 19.02805, 7.9],
			"rotation": {"angle": 0, "axis": "y", "origin": [2.37264, 2.77805, -20.95]},
			"faces": {
				"north": {"uv": [0, 0, 1, 6.25], "texture": "#4"},
				"east": {"uv": [0, 5.024, 16, 7.786], "texture": "#5"},
				"south": {"uv": [0, 0, 1, 6.25], "texture": "#0"},
				"west": {"uv": [0, 6.112, 16, 9.834], "texture": "#5"},
				"up": {"uv": [0, 0, 1, 16], "texture": "#5"},
				"down": {"uv": [0, 0, 1, 16], "texture": "#5"}
			}
		},
		{
			"from": [15.12264, 8.37805, 7.55],
			"to": [16.22264, 19.02805, 7.9],
			"rotation": {"angle": 0, "axis": "y", "origin": [2.37264, 2.77805, -20.95]},
			"faces": {
				"north": {"uv": [0, 0, 1, 6.25], "texture": "#4"},
				"east": {"uv": [0, 5.024, 16, 7.786], "texture": "#5"},
				"south": {"uv": [0, 0, 1, 6.25], "texture": "#0"},
				"west": {"uv": [0, 6.112, 16, 9.834], "texture": "#5"},
				"up": {"uv": [0, 0, 1, 16], "texture": "#5"},
				"down": {"uv": [0, 0, 1, 16], "texture": "#5"}
			}
		},
		{
			"from": [14.62264, 6.32805, 7.55],
			"to": [15.32264, 19.02805, 7.9],
			"rotation": {"angle": 0, "axis": "y", "origin": [2.37264, 2.77805, -20.95]},
			"faces": {
				"north": {"uv": [0, 0, 1, 6.25], "texture": "#4"},
				"east": {"uv": [0, 5.024, 16, 7.786], "texture": "#5"},
				"south": {"uv": [0, 0, 1, 6.25], "texture": "#0"},
				"west": {"uv": [0, 6.112, 16, 9.834], "texture": "#5"},
				"up": {"uv": [0, 0, 1, 16], "texture": "#5"},
				"down": {"uv": [0, 0, 1, 16], "texture": "#5"}
			}
		},
		{
			"from": [-0.62264, 9.37805, 7.75],
			"to": [0.87736, 19.02805, 7.9],
			"rotation": {"angle": 0, "axis": "y", "origin": [13.62736, 2.77805, -20.95]},
			"faces": {
				"north": {"uv": [1, 0, 0, 6.25], "texture": "#4"},
				"east": {"uv": [16, 6.112, 0, 9.834], "texture": "#5"},
				"south": {"uv": [1, 0, 0, 6.25], "texture": "#0"},
				"west": {"uv": [16, 5.024, 0, 7.786], "texture": "#5"},
				"up": {"uv": [1, 0, 0, 16], "texture": "#5"},
				"down": {"uv": [1, 0, 0, 16], "texture": "#5"}
			}
		},
		{
			"from": [-1.37264, 11.12805, -16],
			"to": [-0.87264, 18.77805, -15],
			"rotation": {"angle": 0, "axis": "y", "origin": [13.62736, 2.77805, -20.7]},
			"faces": {
				"north": {"uv": [1, 0, 0, 6.25], "texture": "#5"},
				"east": {"uv": [16, 6.112, 0, 9.834], "texture": "#4"},
				"south": {"uv": [1, 0, 0, 6.25], "texture": "#3"},
				"west": {"uv": [16, 5.024, 0, 7.786], "texture": "#5"},
				"up": {"uv": [1, 0, 0, 16], "texture": "#5"},
				"down": {"uv": [1, 0, 0, 16], "texture": "#5"}
			}
		},
		{
			"from": [-1.37264, 18.77805, -16],
			"to": [-0.87264, 19.02805, -0.25],
			"rotation": {"angle": 0, "axis": "y", "origin": [13.62736, 2.77805, -20.7]},
			"faces": {
				"north": {"uv": [1, 0, 0, 6.25], "texture": "#5"},
				"east": {"uv": [16, 6.112, 0, 9.834], "texture": "#4"},
				"south": {"uv": [1, 0, 0, 6.25], "texture": "#5"},
				"west": {"uv": [16, 5.024, 0, 7.786], "texture": "#5"},
				"up": {"uv": [1, 0, 0, 16], "texture": "#5"},
				"down": {"uv": [1, 0, 0, 16], "texture": "#5"}
			}
		},
		{
			"from": [-1.37264, 11.12805, -15],
			"to": [-0.87264, 18.82805, -7.25],
			"rotation": {"angle": 0, "axis": "y", "origin": [13.62736, 2.77805, -20.7]},
			"faces": {
				"north": {"uv": [1, 0, 0, 6.25], "texture": "#5"},
				"east": {"uv": [16, 6.112, 0, 9.834], "texture": "#4"},
				"south": {"uv": [1, 0, 0, 6.25], "texture": "#5"},
				"west": {"uv": [16, 5.024, 0, 7.786], "texture": "#5"},
				"up": {"uv": [1, 0, 0, 16], "texture": "#3"},
				"down": {"uv": [1, 0, 0, 16], "texture": "#5"}
			}
		},
		{
			"from": [3.0536, 11.77586, -16],
			"to": [3.5536, 17.97586, -0.25],
			"rotation": {"angle": 22.5, "axis": "z", "origin": [18.0536, 3.42586, -20.7]},
			"faces": {
				"north": {"uv": [1, 0, 0, 6.25], "texture": "#3"},
				"east": {"uv": [16, 6.112, 0, 9.834], "texture": "#4"},
				"south": {"uv": [1, 0, 0, 6.25], "texture": "#3"},
				"west": {"uv": [16, 5.024, 0, 7.786], "texture": "#3"},
				"up": {"uv": [1, 0, 0, 16], "texture": "#3"},
				"down": {"uv": [1, 0, 0, 16], "texture": "#3"}
			}
		},
		{
			"from": [5, 3.9, -0.25],
			"to": [8, 5.35, 4.75],
			"rotation": {"angle": 0, "axis": "y", "origin": [0, -1.95, -14.7]},
			"faces": {
				"north": {"uv": [0, 0, 1, 6.25], "texture": "#1"},
				"east": {"uv": [0, 5.024, 16, 7.786], "texture": "#1"},
				"south": {"uv": [0, 0, 1, 6.25], "texture": "#1"},
				"west": {"uv": [0, 6.112, 16, 9.834], "texture": "#1"},
				"up": {"uv": [0, 0, 1, 16], "texture": "#1"},
				"down": {"uv": [0, 0, 1, 16], "texture": "#1"}
			}
		},
		{
			"from": [2, 4.15, 1.75],
			"to": [5, 5.1, 2.75],
			"rotation": {"angle": 0, "axis": "y", "origin": [0, -1.95, -14.7]},
			"faces": {
				"north": {"uv": [0, 0, 1, 6.25], "texture": "#1"},
				"east": {"uv": [0, 5.024, 16, 7.786], "texture": "#1"},
				"south": {"uv": [0, 0, 1, 6.25], "texture": "#1"},
				"west": {"uv": [0, 6.112, 16, 9.834], "texture": "#1"},
				"up": {"uv": [0, 0, 1, 16], "texture": "#1"},
				"down": {"uv": [0, 0, 1, 16], "texture": "#1"}
			}
		},
		{
			"from": [8, 4.15, -15],
			"to": [8.5, 5.1, -0.25],
			"rotation": {"angle": 0, "axis": "y", "origin": [16, -1.95, -14.7]},
			"faces": {
				"north": {"uv": [1, 0, 0, 6.25], "texture": "#1"},
				"east": {"uv": [16, 6.112, 0, 9.834], "texture": "#1"},
				"south": {"uv": [1, 0, 0, 6.25], "texture": "#1"},
				"west": {"uv": [16, 5.024, 0, 7.786], "texture": "#1"},
				"up": {"uv": [1, 0, 0, 16], "texture": "#1"},
				"down": {"uv": [1, 0, 0, 16], "texture": "#1"}
			}
		},
		{
			"from": [8, 4.15, 4.75],
			"to": [8.5, 5.1, 6],
			"rotation": {"angle": 0, "axis": "y", "origin": [16, -1.95, -14.7]},
			"faces": {
				"north": {"uv": [1, 0, 0, 6.25], "texture": "#1"},
				"east": {"uv": [16, 6.112, 0, 9.834], "texture": "#1"},
				"south": {"uv": [1, 0, 0, 6.25], "texture": "#1"},
				"west": {"uv": [16, 5.024, 0, 7.786], "texture": "#1"},
				"up": {"uv": [1, 0, 0, 16], "texture": "#1"},
				"down": {"uv": [1, 0, 0, 16], "texture": "#1"}
			}
		},
		{
			"from": [8, 3.9, -0.25],
			"to": [11, 5.35, 4.75],
			"rotation": {"angle": 0, "axis": "y", "origin": [16, -1.95, -14.7]},
			"faces": {
				"north": {"uv": [1, 0, 0, 6.25], "texture": "#1"},
				"east": {"uv": [16, 6.112, 0, 9.834], "texture": "#1"},
				"south": {"uv": [1, 0, 0, 6.25], "texture": "#1"},
				"west": {"uv": [16, 5.024, 0, 7.786], "texture": "#1"},
				"up": {"uv": [1, 0, 0, 16], "texture": "#1"},
				"down": {"uv": [1, 0, 0, 16], "texture": "#1"}
			}
		},
		{
			"from": [8, 3.9, -16],
			"to": [14, 5.35, -14.25],
			"rotation": {"angle": 0, "axis": "y", "origin": [16, -1.95, -14.7]},
			"faces": {
				"north": {"uv": [1, 0, 0, 6.25], "texture": "#1"},
				"east": {"uv": [16, 6.112, 0, 9.834], "texture": "#1"},
				"south": {"uv": [1, 0, 0, 6.25], "texture": "#1"},
				"west": {"uv": [16, 5.024, 0, 7.786], "texture": "#1"},
				"up": {"uv": [1, 0, 0, 16], "texture": "#1"},
				"down": {"uv": [1, 0, 0, 16], "texture": "#1"}
			}
		},
		{
			"from": [8, 3.9, 6],
			"to": [14, 5.35, 8],
			"rotation": {"angle": 0, "axis": "y", "origin": [16, -1.95, -14.7]},
			"faces": {
				"north": {"uv": [1, 0, 0, 6.25], "texture": "#1"},
				"east": {"uv": [16, 6.112, 0, 9.834], "texture": "#1"},
				"south": {"uv": [1, 0, 0, 6.25], "texture": "#1"},
				"west": {"uv": [16, 5.024, 0, 7.786], "texture": "#1"},
				"up": {"uv": [1, 0, 0, 16], "texture": "#1"},
				"down": {"uv": [1, 0, 0, 16], "texture": "#1"}
			}
		},
		{
			"from": [14, 3.9, -16],
			"to": [15, 5.35, 8],
			"rotation": {"angle": 0, "axis": "y", "origin": [16, -1.95, -14.7]},
			"faces": {
				"north": {"uv": [1, 0, 0, 6.25], "texture": "#1"},
				"east": {"uv": [16, 6.112, 0, 9.834], "texture": "#1"},
				"south": {"uv": [1, 0, 0, 6.25], "texture": "#1"},
				"west": {"uv": [16, 5.024, 0, 7.786], "texture": "#1"},
				"up": {"uv": [1, 0, 0, 16], "texture": "#1"},
				"down": {"uv": [1, 0, 0, 16], "texture": "#1"}
			}
		},
		{
			"from": [11, 4.15, 1.75],
			"to": [14, 5.1, 2.75],
			"rotation": {"angle": 0, "axis": "y", "origin": [16, -1.95, -14.7]},
			"faces": {
				"north": {"uv": [1, 0, 0, 6.25], "texture": "#1"},
				"east": {"uv": [16, 6.112, 0, 9.834], "texture": "#1"},
				"south": {"uv": [1, 0, 0, 6.25], "texture": "#1"},
				"west": {"uv": [16, 5.024, 0, 7.786], "texture": "#1"},
				"up": {"uv": [1, 0, 0, 16], "texture": "#1"},
				"down": {"uv": [1, 0, 0, 16], "texture": "#1"}
			}
		},
		{
			"from": [7.5, 4.15, 4.75],
			"to": [8, 5.1, 6],
			"rotation": {"angle": 0, "axis": "y", "origin": [0, -1.95, -14.7]},
			"faces": {
				"north": {"uv": [0, 0, 1, 6.25], "texture": "#1"},
				"east": {"uv": [0, 5.024, 16, 7.786], "texture": "#1"},
				"south": {"uv": [0, 0, 1, 6.25], "texture": "#1"},
				"west": {"uv": [0, 6.112, 16, 9.834], "texture": "#1"},
				"up": {"uv": [0, 0, 1, 16], "texture": "#1"},
				"down": {"uv": [0, 0, 1, 16], "texture": "#1"}
			}
		},
		{
			"from": [7.5, 4.15, -15],
			"to": [8, 5.1, -0.25],
			"rotation": {"angle": 0, "axis": "y", "origin": [0, -1.95, -14.7]},
			"faces": {
				"north": {"uv": [0, 0, 1, 6.25], "texture": "#1"},
				"east": {"uv": [0, 5.024, 16, 7.786], "texture": "#1"},
				"south": {"uv": [0, 0, 1, 6.25], "texture": "#1"},
				"west": {"uv": [0, 6.112, 16, 9.834], "texture": "#1"},
				"up": {"uv": [0, 0, 1, 16], "texture": "#1"},
				"down": {"uv": [0, 0, 1, 16], "texture": "#1"}
			}
		},
		{
			"from": [0.25, 16.2, 7.85],
			"to": [1.25, 17.2, 8.05],
			"rotation": {"angle": 0, "axis": "y", "origin": [16, -1.95, -14.7]},
			"faces": {
				"north": {"uv": [1, 0, 0, 6.25], "texture": "#7"},
				"east": {"uv": [16, 6.112, 0, 9.834], "texture": "#7"},
				"south": {"uv": [16, 0, 0, 16], "texture": "#12"},
				"west": {"uv": [16, 5.024, 0, 7.786], "texture": "#7"},
				"up": {"uv": [1, 0, 0, 16], "texture": "#7"},
				"down": {"uv": [1, 0, 0, 16], "texture": "#7"}
			}
		},
		{
			"from": [1.75, 16.2, 7.85],
			"to": [2.75, 17.2, 8.05],
			"rotation": {"angle": 0, "axis": "y", "origin": [16, -1.95, -14.7]},
			"faces": {
				"north": {"uv": [1, 0, 0, 6.25], "texture": "#7"},
				"east": {"uv": [16, 6.112, 0, 9.834], "texture": "#7"},
				"south": {"uv": [16, 0, 0, 16], "texture": "#12"},
				"west": {"uv": [16, 5.024, 0, 7.786], "texture": "#7"},
				"up": {"uv": [1, 0, 0, 16], "texture": "#7"},
				"down": {"uv": [1, 0, 0, 16], "texture": "#7"}
			}
		}
	],
	"display": {
		"thirdperson_righthand": {
			"scale": [4, 4, 4]
		},
		"head": {
			"scale": [4, 4, 4]
		}
	}
}