{
	"credit": "Made with Blockbench",
	"textures": {
		"20": "block/siemens/metal",
		"26": "block/siemens/rubber",
		"particle": "block/siemens/window"
	},
	"elements": [
		{
			"from": [0, 3, -16],
			"to": [1, 5, -3],
			"faces": {
				"north": {"uv": [0, 0, 16, 1.5], "texture": "#20"},
				"east": {"uv": [0, 0, 16, 1.5], "texture": "#missing"},
				"south": {"uv": [0, 0, 16, 1.5], "texture": "#missing"},
				"west": {"uv": [0, 0, 16, 1.5], "texture": "#20"},
				"up": {"uv": [0, 0, 16, 10], "texture": "#26"},
				"down": {"uv": [0, 0, 16, 16], "texture": "#20"}
			}
		},
		{
			"from": [0, 3, -3],
			"to": [1, 5, 32],
			"faces": {
				"north": {"uv": [0, 0, 16, 1.5], "texture": "#missing"},
				"east": {"uv": [0, 0, 16, 1.5], "texture": "#missing"},
				"south": {"uv": [0, 0, 16, 1.5], "texture": "#20"},
				"west": {"uv": [0, 0, 16, 1.5], "texture": "#20"},
				"up": {"uv": [0, 0, 6, 16], "texture": "#26"},
				"down": {"uv": [0, 0, 16, 16], "texture": "#20"}
			}
		},
		{
			"from": [15, 3, -16],
			"to": [16, 5, -3],
			"faces": {
				"north": {"uv": [0, 0, 16, 1.5], "texture": "#20"},
				"east": {"uv": [0, 0, 16, 1.5], "texture": "#20"},
				"south": {"uv": [0, 0, 16, 1.5], "texture": "#missing"},
				"west": {"uv": [0, 0, 16, 1.5], "texture": "#missing"},
				"up": {"uv": [0, 0, 16, 10], "texture": "#26"},
				"down": {"uv": [0, 0, 16, 16], "texture": "#20"}
			}
		},
		{
			"from": [1, 3, -16],
			"to": [15, 5, 32],
			"faces": {
				"north": {"uv": [0, 0, 16, 1.5], "texture": "#20"},
				"east": {"uv": [0, 0, 16, 1.5], "texture": "#missing"},
				"south": {"uv": [0, 0, 16, 1.5], "texture": "#20"},
				"west": {"uv": [0, 0, 16, 1.5], "texture": "#missing"},
				"up": {"uv": [0, 0, 6, 16], "texture": "#26"},
				"down": {"uv": [0, 0, 16, 16], "texture": "#20"}
			}
		},
		{
			"from": [1, 3, 30.25],
			"to": [2.25, 13.5, 31.5],
			"faces": {
				"north": {"uv": [0, 0, 16, 1.5], "texture": "#20"},
				"east": {"uv": [0, 0, 16, 1.5], "texture": "#20"},
				"south": {"uv": [0, 0, 16, 1.5], "texture": "#20"},
				"west": {"uv": [0, 0, 16, 1.5], "texture": "#20"},
				"up": {"uv": [0, 0, 6, 16], "texture": "#20"},
				"down": {"uv": [0, 0, 16, 16], "texture": "#20"}
			}
		},
		{
			"from": [13.75, 3, 30.25],
			"to": [15, 13.5, 31.5],
			"faces": {
				"north": {"uv": [0, 0, 16, 1.5], "texture": "#20"},
				"east": {"uv": [0, 0, 16, 1.5], "texture": "#20"},
				"south": {"uv": [0, 0, 16, 1.5], "texture": "#20"},
				"west": {"uv": [0, 0, 16, 1.5], "texture": "#20"},
				"up": {"uv": [0, 0, 6, 16], "texture": "#20"},
				"down": {"uv": [0, 0, 16, 16], "texture": "#20"}
			}
		},
		{
			"from": [2.25, 12.25, 30.25],
			"to": [13.75, 13.5, 31.5],
			"faces": {
				"north": {"uv": [0, 0, 16, 1.5], "texture": "#20"},
				"east": {"uv": [0, 0, 16, 1.5], "texture": "#20"},
				"south": {"uv": [0, 0, 16, 1.5], "texture": "#20"},
				"west": {"uv": [0, 0, 16, 1.5], "texture": "#20"},
				"up": {"uv": [0, 0, 6, 16], "texture": "#20"},
				"down": {"uv": [0, 0, 16, 16], "texture": "#20"}
			}
		},
		{
			"from": [15, 3, -3],
			"to": [16, 5, 32],
			"faces": {
				"north": {"uv": [0, 0, 16, 1.5], "texture": "#missing"},
				"east": {"uv": [0, 0, 16, 1.5], "texture": "#20"},
				"south": {"uv": [0, 0, 16, 1.5], "texture": "#20"},
				"west": {"uv": [0, 0, 16, 1.5], "texture": "#missing"},
				"up": {"uv": [0, 0, 6, 16], "texture": "#26"},
				"down": {"uv": [0, 0, 16, 16], "texture": "#20"}
			}
		}
	],
	"display": {
		"thirdperson_righthand": {
			"scale": [4, 4, 4]
		},
		"head": {
			"scale": [4, 4, 4]
		}
	}
}