{
	"credit": "Made with Blockbench",
	"textures": {
		"31": "block/siemens/metal_gangway",
		"32": "block/siemens/gangway",
		"particle": "block/siemens/window"
	},
	"elements": [
		{
			"from": [5.5, 4.25, 27.5],
			"to": [10.5, 5, 32],
			"rotation": {"angle": 0, "axis": "y", "origin": [0, 0, 2]},
			"faces": {
				"north": {"uv": [0, 0, 12.5, 0.75], "texture": "#32"},
				"east": {"uv": [0, 0, 2, 0.75], "texture": "#32"},
				"south": {"uv": [0, 0, 12.5, 0.75], "texture": "#32"},
				"west": {"uv": [0, 0, 2, 0.75], "texture": "#32"},
				"up": {"uv": [0, 0, 12.5, 7.344], "texture": "#31"},
				"down": {"uv": [0, 0, 12.5, 2], "texture": "#32"}
			}
		},
		{
			"from": [10.5, 4.25, 27.5],
			"to": [11.5, 19.75, 32],
			"rotation": {"angle": 0, "axis": "y", "origin": [-4.5, 0, 2]},
			"faces": {
				"north": {"uv": [0, 0, 0.75, 13.75], "texture": "#32"},
				"east": {"uv": [0, 0, 2, 13.75], "texture": "#32"},
				"south": {"uv": [0, 0, 0.75, 13.75], "texture": "#32"},
				"west": {"uv": [0, 0, 2, 13.75], "texture": "#32"},
				"up": {"uv": [0, 0, 0.75, 2], "texture": "#32"},
				"down": {"uv": [0, 0, 0.75, 2], "texture": "#32"}
			}
		},
		{
			"from": [26.11181, 24.66332, 27.5],
			"to": [26.86181, 26.71332, 32],
			"rotation": {"angle": 45, "axis": "z", "origin": [25.11181, 3.66332, 2]},
			"faces": {
				"north": {"uv": [0, 0, 0.75, 1.05], "texture": "#32"},
				"east": {"uv": [0, 0, 2, 1.05], "texture": "#32"},
				"south": {"uv": [0, 0, 0.75, 1.05], "texture": "#32"},
				"west": {"uv": [0, 0, 2, 1.05], "texture": "#32"},
				"up": {"uv": [0, 0, 0.75, 2], "texture": "#32"},
				"down": {"uv": [0, 0, 0.75, 2], "texture": "#32"}
			}
		},
		{
			"from": [5.95, 20.5, 27.5],
			"to": [10.05, 21.2, 32],
			"rotation": {"angle": 0, "axis": "y", "origin": [0, 1, 2]},
			"faces": {
				"north": {"uv": [0, 0, 12.5, 0.75], "texture": "#32"},
				"east": {"uv": [0, 0, 2, 0.75], "texture": "#32"},
				"south": {"uv": [0, 0, 12.5, 0.75], "texture": "#32"},
				"west": {"uv": [0, 0, 2, 0.75], "texture": "#32"},
				"up": {"uv": [0, 0, 12.5, 2], "texture": "#32"},
				"down": {"uv": [0, 0, 12.5, 2], "texture": "#32"}
			}
		},
		{
			"from": [-10.05635, 26.60786, 27.5],
			"to": [-9.30635, 28.65786, 32],
			"rotation": {"angle": -45, "axis": "z", "origin": [-11.05635, 5.60786, 2]},
			"faces": {
				"north": {"uv": [0, 0, 0.75, 1.05], "texture": "#32"},
				"east": {"uv": [0, 0, 2, 1.05], "texture": "#32"},
				"south": {"uv": [0, 0, 0.75, 1.05], "texture": "#32"},
				"west": {"uv": [0, 0, 2, 1.05], "texture": "#32"},
				"up": {"uv": [0, 0, 0.75, 2], "texture": "#32"},
				"down": {"uv": [0, 0, 0.75, 2], "texture": "#32"}
			}
		},
		{
			"from": [4.5, 4.25, 27.5],
			"to": [5.5, 19.75, 32],
			"rotation": {"angle": 0, "axis": "y", "origin": [4.5, 0, 2]},
			"faces": {
				"north": {"uv": [0, 0, 0.75, 13.75], "texture": "#32"},
				"east": {"uv": [0, 0, 2, 13.75], "texture": "#32"},
				"south": {"uv": [0, 0, 0.75, 13.75], "texture": "#32"},
				"west": {"uv": [0, 0, 2, 13.75], "texture": "#32"},
				"up": {"uv": [0, 0, 0.75, 2], "texture": "#32"},
				"down": {"uv": [0, 0, 0.75, 2], "texture": "#32"}
			}
		}
	],
	"display": {
		"thirdperson_righthand": {
			"scale": [4, 4, 4]
		},
		"head": {
			"scale": [4, 4, 4]
		}
	}
}