{"credit":"Made by Mike Shafter","textures":{"3":"block/gray_concrete","4":"block/white_terracotta","5":"block/pink_concrete","6":"block/polished_deepslate","7":"block/anvil","8":"block/white_stained_glass","9":"block/lime_wool","10":"block/glass","11":"block/rail","12":"block/birch_planks","13":"entetsu_textures/new_entetsu_logo","14":"block/white_concrete","15":"block/sea_lantern","particle":"block/glass"},"elements":[{"from":[-4,17.86426,5.80467],"to":[20,19.86426,27.99997],"rotation":{"angle":0,"axis":"y","origin":[8.5,23.86426,4.80467]},"faces":{"north":{"uv":[0,0,16,16],"texture":"#5"},"east":{"uv":[0,0,16,16],"texture":"#5"},"south":{"uv":[0,0,16,16],"texture":"#5"},"west":{"uv":[0,0,16,16],"texture":"#5"},"up":{"uv":[0,0,16,16],"texture":"#5"},"down":{"uv":[0,0,16,16],"texture":"#4"}}},{"from":[-4,-10,-9.5],"to":[-3,-8,28],"rotation":{"angle":0,"axis":"y","origin":[8.5,24,5]},"faces":{"north":{"uv":[0,0,16,16],"texture":"#missing"},"east":{"uv":[0,0,16,16],"texture":"#5"},"south":{"uv":[0,0,16,16],"texture":"#3"},"west":{"uv":[0,0,16,16],"texture":"#3"},"up":{"uv":[12,0,14,16],"texture":"#11"},"down":{"uv":[0,0,16,16],"texture":"#5"}}},{"from":[-4,-13,-7],"to":[-3,-10,32],"rotation":{"angle":0,"axis":"y","origin":[8.5,24,5]},"faces":{"north":{"uv":[0,0,16,16],"texture":"#3"},"east":{"uv":[0,0,16,16],"texture":"#3"},"south":{"uv":[0,0,16,16],"texture":"#3"},"west":{"uv":[0,0,16,16],"texture":"#3"},"up":{"uv":[0,0,16,16],"texture":"#3"},"down":{"uv":[0,0,16,16],"texture":"#3"}}},{"from":[19,-13,-7],"to":[20,-10,32],"rotation":{"angle":0,"axis":"y","origin":[7.5,24,5]},"faces":{"north":{"uv":[16,0,0,16],"texture":"#3"},"east":{"uv":[16,0,0,16],"texture":"#3"},"south":{"uv":[16,0,0,16],"texture":"#3"},"west":{"uv":[16,0,0,16],"texture":"#3"},"up":{"uv":[16,0,0,16],"texture":"#3"},"down":{"uv":[16,0,0,16],"texture":"#3"}}},{"from":[-4,-9.30866,-9.96194],"to":[20,-7.80866,-8.96194],"rotation":{"angle":0,"axis":"y","origin":[8,-8.55866,-9.46194]},"faces":{"north":{"uv":[0,0,16,16],"texture":"#5"},"east":{"uv":[0,0,16,16],"texture":"#3"},"south":{"uv":[0,0,16,16],"texture":"#5"},"west":{"uv":[0,0,16,16],"texture":"#3"},"up":{"uv":[0,0,16,16],"texture":"#5"},"down":{"uv":[0,0,16,16],"texture":"#5"}}},{"from":[-4,-10.56023,-9.71299],"to":[20,-9.06023,-8.71299],"rotation":{"angle":-22.5,"axis":"x","origin":[8,-9.81023,-9.21299]},"faces":{"north":{"uv":[0,0,16,16],"texture":"#5"},"east":{"uv":[0,0,16,16],"texture":"#3"},"south":{"uv":[0,0,16,16],"texture":"#5"},"west":{"uv":[0,0,16,16],"texture":"#3"},"up":{"uv":[0,0,16,16],"texture":"#5"},"down":{"uv":[0,0,16,16],"texture":"#5"}}},{"from":[-4,-13.32836,-8.29692],"to":[-1,-9.82836,-5.29692],"rotation":{"angle":-45,"axis":"x","origin":[8,-11.57836,-7.79692]},"faces":{"north":{"uv":[0,0,16,16],"texture":"#5"},"east":{"uv":[0,0,16,16],"texture":"#3"},"south":{"uv":[0,0,16,16],"texture":"#5"},"west":{"uv":[0,0,16,16],"texture":"#3"},"up":{"uv":[0,0,16,16],"texture":"#5"},"down":{"uv":[0,0,16,16],"texture":"#5"}}},{"from":[17,-13.32836,-8.29692],"to":[20,-9.82836,-5.29692],"rotation":{"angle":-45,"axis":"x","origin":[8,-11.57836,-7.79692]},"faces":{"north":{"uv":[16,0,0,16],"texture":"#5"},"east":{"uv":[16,0,0,16],"texture":"#3"},"south":{"uv":[16,0,0,16],"texture":"#5"},"west":{"uv":[16,0,0,16],"texture":"#3"},"up":{"uv":[16,0,0,16],"texture":"#5"},"down":{"uv":[16,0,0,16],"texture":"#5"}}},{"from":[19,-10,-9.5],"to":[20,-8,28],"rotation":{"angle":0,"axis":"y","origin":[8.5,24,5]},"faces":{"north":{"uv":[0,0,16,16],"texture":"#missing"},"east":{"uv":[0,0,16,16],"texture":"#3"},"south":{"uv":[0,0,16,16],"texture":"#3"},"west":{"uv":[0,0,16,16],"texture":"#5"},"up":{"uv":[2,0,4,16],"texture":"#11"},"down":{"uv":[0,0,16,16],"texture":"#5"}}},{"from":[-3,-10,-9],"to":[19,-8,28],"rotation":{"angle":0,"axis":"y","origin":[8.5,24,5]},"faces":{"north":{"uv":[0,0,16,16],"texture":"#12"},"east":{"uv":[0,0,16,16],"texture":"#12"},"south":{"uv":[0,0,16,16],"texture":"#12"},"west":{"uv":[0,0,16,16],"texture":"#12"},"up":{"uv":[0,0,16,16],"rotation":90,"texture":"#12"},"down":{"uv":[0,0,16,16],"texture":"#7"}}},{"from":[-3,-8,-4],"to":[19,4,0],"rotation":{"angle":0,"axis":"y","origin":[8.5,24,5]},"faces":{"north":{"uv":[0,0,16,12],"texture":"#6"},"east":{"uv":[0,0,16,16],"texture":"#6"},"south":{"uv":[0,0,16,12],"texture":"#6"},"west":{"uv":[0,0,16,16],"texture":"#6"},"up":{"uv":[0,0,16,4],"texture":"#6"},"down":{"uv":[0,0,16,4],"texture":"#6"}}},{"from":[-4,15.56576,0.54849],"to":[20,18.56576,1.54849],"rotation":{"angle":45,"axis":"x","origin":[8,16.56576,1.04849]},"faces":{"north":{"uv":[0,0,16,16],"texture":"#3"},"east":{"uv":[0,0,16,16],"texture":"#5"},"south":{"uv":[0,0,16,16],"texture":"#4"},"west":{"uv":[0,0,16,16],"texture":"#5"},"up":{"uv":[0,0,16,16],"texture":"#3"},"down":{"uv":[0,0,16,16],"texture":"#3"}}},{"from":[-4,16.98891,2.37661],"to":[20,17.98891,6.37661],"rotation":{"angle":-22.5,"axis":"x","origin":[8,17.48891,1.37661]},"faces":{"north":{"uv":[0,0,16,16],"rotation":180,"texture":"#3"},"east":{"uv":[0,0,16,16],"rotation":270,"texture":"#5"},"south":{"uv":[0,0,16,16],"texture":"#3"},"west":{"uv":[0,0,16,16],"rotation":90,"texture":"#5"},"up":{"uv":[0,0,16,16],"rotation":180,"texture":"#5"},"down":{"uv":[0,0,16,16],"texture":"#4"}}},{"from":[-4,17.86426,3.55467],"to":[20,18.86426,5.80467],"rotation":{"angle":0,"axis":"x","origin":[8,19.36426,0.80467]},"faces":{"north":{"uv":[0,0,16,16],"rotation":180,"texture":"#3"},"east":{"uv":[0,0,16,16],"rotation":270,"texture":"#5"},"south":{"uv":[0,0,16,16],"texture":"#3"},"west":{"uv":[0,0,16,16],"rotation":90,"texture":"#5"},"up":{"uv":[0,0,16,16],"rotation":180,"texture":"#3"},"down":{"uv":[0,0,16,16],"texture":"#4"}}},{"from":[-3,-8,11],"to":[8,5,12],"rotation":{"angle":0,"axis":"y","origin":[0.32843,5,11.32843]},"faces":{"north":{"uv":[0,0,16,16],"texture":"#4"},"east":{"uv":[0,0,16,16],"texture":"#4"},"south":{"uv":[0,0,16,16],"texture":"#4"},"west":{"uv":[0,0,16,16],"texture":"#4"},"up":{"uv":[0,0,16,16],"texture":"#4"},"down":{"uv":[0,0,16,16],"texture":"#4"}}},{"from":[-3,5,11],"to":[8,18,12],"rotation":{"angle":0,"axis":"y","origin":[0.32843,5,11.32843]},"faces":{"north":{"uv":[0,0,16,16],"texture":"#10"},"east":{"uv":[0,0,16,16],"texture":"#10"},"south":{"uv":[0,0,16,16],"texture":"#10"},"west":{"uv":[0,0,16,16],"texture":"#10"},"up":{"uv":[0,0,16,16],"texture":"#10"},"down":{"uv":[0,0,16,16],"texture":"#10"}}},{"from":[8,5,11.25],"to":[19,18,11.75],"rotation":{"angle":0,"axis":"y","origin":[0.32843,5,11.32843]},"faces":{"north":{"uv":[0,0,16,16],"texture":"#10"},"east":{"uv":[0,0,16,16],"texture":"#10"},"south":{"uv":[0,0,16,16],"texture":"#10"},"west":{"uv":[0,0,16,16],"texture":"#10"},"up":{"uv":[0,0,16,16],"texture":"#10"},"down":{"uv":[0,0,16,16],"texture":"#10"}}},{"from":[8,-8,11.25],"to":[19,5,11.75],"rotation":{"angle":0,"axis":"y","origin":[0.32843,5,11.32843]},"faces":{"north":{"uv":[0,0,16,16],"texture":"#4"},"east":{"uv":[0,0,16,16],"texture":"#4"},"south":{"uv":[0,0,16,16],"texture":"#4"},"west":{"uv":[0,0,16,16],"texture":"#4"},"up":{"uv":[0,0,16,16],"texture":"#4"},"down":{"uv":[0,0,16,16],"texture":"#4"}}},{"from":[9,3,10.75],"to":[11,4,12.25],"rotation":{"angle":0,"axis":"y","origin":[0.32843,5,11.32843]},"faces":{"north":{"uv":[2,5,4,6],"texture":"#6"},"east":{"uv":[2,5,4,6],"texture":"#6"},"south":{"uv":[2,5,4,6],"texture":"#6"},"west":{"uv":[2,5,4,6],"texture":"#6"},"up":{"uv":[2,5,4,6],"texture":"#6"},"down":{"uv":[2,5,4,6],"texture":"#6"}}},{"from":[-4,16,-10],"to":[20,18,-9],"rotation":{"angle":22.5,"axis":"x","origin":[8,-8,-9.5]},"faces":{"north":{"uv":[0,0,16,16],"texture":"#3"},"east":{"uv":[0,0,16,16],"texture":"#5"},"south":{"uv":[0,0,16,16],"texture":"#4"},"west":{"uv":[0,0,16,16],"texture":"#5"},"up":{"uv":[0,0,16,16],"texture":"#3"},"down":{"uv":[0,0,16,16],"texture":"#3"}}},{"from":[18,-2,-10],"to":[20,16,-9],"rotation":{"angle":22.5,"axis":"x","origin":[8,-8,-9.5]},"faces":{"north":{"uv":[0,0,16,16],"texture":"#3"},"east":{"uv":[0,0,16,16],"texture":"#5"},"south":{"uv":[0,0,16,16],"texture":"#4"},"west":{"uv":[0,0,16,16],"texture":"#5"},"up":{"uv":[0,0,16,16],"texture":"#3"},"down":{"uv":[0,0,16,16],"texture":"#3"}}},{"from":[12,5,-10],"to":[18,16,-9],"rotation":{"angle":22.5,"axis":"x","origin":[8,-8,-9.5]},"faces":{"north":{"uv":[1,1,7,15],"texture":"#8"},"east":{"uv":[0,0,16,16],"texture":"#5"},"south":{"uv":[1,1,7,15],"texture":"#10"},"west":{"uv":[0,0,16,16],"texture":"#5"},"up":{"uv":[0,0,16,16],"texture":"#8"},"down":{"uv":[0,0,16,16],"texture":"#8"}}},{"from":[5,5,-10],"to":[11,16,-9],"rotation":{"angle":22.5,"axis":"x","origin":[8,-8,-9.5]},"faces":{"north":{"uv":[5,1,12,15],"texture":"#8"},"east":{"uv":[0,0,16,16],"texture":"#5"},"south":{"uv":[5,1,12,15],"texture":"#10"},"west":{"uv":[0,0,16,16],"texture":"#5"},"up":{"uv":[0,0,16,16],"texture":"#8"},"down":{"uv":[0,0,16,16],"texture":"#8"}}},{"from":[11,-2,-10],"to":[12,16,-9],"rotation":{"angle":22.5,"axis":"x","origin":[8,-8,-9.5]},"faces":{"north":{"uv":[0,0,16,16],"texture":"#3"},"east":{"uv":[0,0,16,16],"texture":"#5"},"south":{"uv":[0,0,16,16],"texture":"#4"},"west":{"uv":[0,0,16,16],"texture":"#5"},"up":{"uv":[0,0,16,16],"texture":"#3"},"down":{"uv":[0,0,16,16],"texture":"#3"}}},{"from":[4,-2,-10],"to":[5,16,-9],"rotation":{"angle":22.5,"axis":"x","origin":[8,-8,-9.5]},"faces":{"north":{"uv":[0,0,16,16],"texture":"#3"},"east":{"uv":[0,0,16,16],"texture":"#5"},"south":{"uv":[0,0,16,16],"texture":"#4"},"west":{"uv":[0,0,16,16],"texture":"#5"},"up":{"uv":[0,0,16,16],"texture":"#3"},"down":{"uv":[0,0,16,16],"texture":"#3"}}},{"from":[-2,5,-10],"to":[4,16,-9],"rotation":{"angle":22.5,"axis":"x","origin":[8,-8,-9.5]},"faces":{"north":{"uv":[9,1,15,15],"texture":"#8"},"east":{"uv":[0,0,16,16],"texture":"#5"},"south":{"uv":[9,1,15,15],"texture":"#10"},"west":{"uv":[0,0,16,16],"texture":"#5"},"up":{"uv":[0,0,16,16],"texture":"#8"},"down":{"uv":[0,0,16,16],"texture":"#8"}}},{"from":[-2,-2,-10],"to":[4,5,-9],"rotation":{"angle":22.5,"axis":"x","origin":[8,-8,-9.5]},"faces":{"north":{"uv":[9,1,15,15],"texture":"#3"},"east":{"uv":[9,1,15,15],"texture":"#5"},"south":{"uv":[9,1,15,15],"texture":"#3"},"west":{"uv":[9,1,15,15],"texture":"#5"},"up":{"uv":[9,1,15,15],"texture":"#3"},"down":{"uv":[9,1,15,15],"texture":"#3"}}},{"from":[5,-2,-10],"to":[11,5,-9],"rotation":{"angle":22.5,"axis":"x","origin":[8,-8,-9.5]},"faces":{"north":{"uv":[9,1,15,15],"texture":"#3"},"east":{"uv":[9,1,15,15],"texture":"#5"},"south":{"uv":[9,1,15,15],"texture":"#3"},"west":{"uv":[9,1,15,15],"texture":"#5"},"up":{"uv":[9,1,15,15],"texture":"#3"},"down":{"uv":[9,1,15,15],"texture":"#3"}}},{"from":[12,-2,-10],"to":[18,5,-9],"rotation":{"angle":22.5,"axis":"x","origin":[8,-8,-9.5]},"faces":{"north":{"uv":[9,1,15,15],"texture":"#3"},"east":{"uv":[9,1,15,15],"texture":"#5"},"south":{"uv":[9,1,15,15],"texture":"#3"},"west":{"uv":[9,1,15,15],"texture":"#5"},"up":{"uv":[9,1,15,15],"texture":"#3"},"down":{"uv":[9,1,15,15],"texture":"#3"}}},{"from":[-4,-2,-10],"to":[-2,16,-9],"rotation":{"angle":22.5,"axis":"x","origin":[8,-8,-9.5]},"faces":{"north":{"uv":[0,0,16,16],"texture":"#3"},"east":{"uv":[0,0,16,16],"texture":"#5"},"south":{"uv":[0,0,16,16],"texture":"#4"},"west":{"uv":[0,0,16,16],"texture":"#5"},"up":{"uv":[0,0,16,16],"texture":"#3"},"down":{"uv":[0,0,16,16],"texture":"#3"}}},{"from":[-4,-8,-10],"to":[20,-2,-9],"rotation":{"angle":22.5,"axis":"x","origin":[8,-8,-9.5]},"faces":{"north":{"uv":[0,0,16,16],"texture":"#3"},"east":{"uv":[0,0,16,16],"texture":"#5"},"south":{"uv":[0,0,16,16],"texture":"#3"},"west":{"uv":[0,0,16,16],"texture":"#5"},"up":{"uv":[0,0,16,16],"texture":"#3"},"down":{"uv":[0,0,16,16],"texture":"#3"}}},{"from":[-3,-11,-10.075],"to":[7,-1,-10.075],"rotation":{"angle":22.5,"axis":"x","origin":[8,-8,-9.5]},"faces":{"north":{"uv":[0,0,16,16],"texture":"#13"}}},{"from":[-4,-8,-3],"to":[-3,8.75,-2],"rotation":{"angle":0,"axis":"y","origin":[8.25,24.25209,-11.25366]},"faces":{"north":{"uv":[0,0,16,16],"texture":"#4"},"east":{"uv":[0,0,16,16],"texture":"#4"},"south":{"uv":[0,0,16,16],"texture":"#4"},"west":{"uv":[0,0,16,16],"texture":"#5"},"up":{"uv":[0,0,16,16],"texture":"#4"},"down":{"uv":[0,0,16,16],"texture":"#4"}}},{"from":[-4,-8,-4],"to":[-3,6.25,-3],"rotation":{"angle":0,"axis":"y","origin":[8.25,24.25209,-11.25366]},"faces":{"north":{"uv":[0,0,16,16],"texture":"#4"},"east":{"uv":[0,0,16,16],"texture":"#4"},"south":{"uv":[0,0,16,16],"texture":"#4"},"west":{"uv":[0,0,16,16],"texture":"#5"},"up":{"uv":[0,0,16,16],"texture":"#4"},"down":{"uv":[0,0,16,16],"texture":"#4"}}},{"from":[-4,-8,-5],"to":[-3,3.75,-4],"rotation":{"angle":0,"axis":"y","origin":[8.25,24.25209,-11.25366]},"faces":{"north":{"uv":[0,0,16,16],"texture":"#4"},"east":{"uv":[0,0,16,16],"texture":"#4"},"south":{"uv":[0,0,16,16],"texture":"#4"},"west":{"uv":[0,0,16,16],"texture":"#5"},"up":{"uv":[0,0,16,16],"texture":"#4"},"down":{"uv":[0,0,16,16],"texture":"#4"}}},{"from":[-4,-8,-6],"to":[-3,1.25,-5],"rotation":{"angle":0,"axis":"y","origin":[8.25,24.25209,-11.25366]},"faces":{"north":{"uv":[0,0,16,16],"texture":"#4"},"east":{"uv":[0,0,16,16],"texture":"#4"},"south":{"uv":[0,0,16,16],"texture":"#4"},"west":{"uv":[0,0,16,16],"texture":"#5"},"up":{"uv":[0,0,16,16],"texture":"#4"},"down":{"uv":[0,0,16,16],"texture":"#4"}}},{"from":[-4,-8,-7],"to":[-3,-1,-6],"rotation":{"angle":0,"axis":"y","origin":[8.25,24.25209,-11.25366]},"faces":{"north":{"uv":[0,0,16,16],"texture":"#4"},"east":{"uv":[0,0,16,16],"texture":"#4"},"south":{"uv":[0,0,16,16],"texture":"#4"},"west":{"uv":[0,0,16,16],"texture":"#5"},"up":{"uv":[0,0,16,16],"texture":"#4"},"down":{"uv":[0,0,16,16],"texture":"#4"}}},{"from":[-4,-8,-8],"to":[-3,-3.5,-7],"rotation":{"angle":0,"axis":"y","origin":[8.25,24.25209,-11.25366]},"faces":{"north":{"uv":[0,0,16,16],"texture":"#4"},"east":{"uv":[0,0,16,16],"texture":"#4"},"south":{"uv":[0,0,16,16],"texture":"#4"},"west":{"uv":[0,0,16,16],"texture":"#5"},"up":{"uv":[0,0,16,16],"texture":"#4"},"down":{"uv":[0,0,16,16],"texture":"#4"}}},{"from":[-4,-8,-9],"to":[-3,-5.75,-8],"rotation":{"angle":0,"axis":"y","origin":[8.25,24.25209,-11.25366]},"faces":{"north":{"uv":[0,0,16,16],"texture":"#4"},"east":{"uv":[0,0,16,16],"texture":"#4"},"south":{"uv":[0,0,16,16],"texture":"#4"},"west":{"uv":[0,0,16,16],"texture":"#5"},"up":{"uv":[0,0,16,16],"texture":"#4"},"down":{"uv":[0,0,16,16],"texture":"#4"}}},{"from":[-4,11,-1],"to":[-3,13,8],"rotation":{"angle":0,"axis":"y","origin":[8.25,24.25209,-11.25366]},"faces":{"north":{"uv":[0,0,16,16],"texture":"#4"},"east":{"uv":[0,0,16,16],"texture":"#4"},"south":{"uv":[0,0,16,16],"texture":"#4"},"west":{"uv":[0,0,16,16],"texture":"#5"},"up":{"uv":[0,0,16,16],"texture":"#4"},"down":{"uv":[0,0,16,16],"texture":"#4"}}},{"from":[-4,13,-0.25],"to":[-3,15,8],"rotation":{"angle":0,"axis":"y","origin":[8.25,24.25209,-11.25366]},"faces":{"north":{"uv":[0,0,16,16],"texture":"#4"},"east":{"uv":[0,0,16,16],"texture":"#4"},"south":{"uv":[0,0,16,16],"texture":"#4"},"west":{"uv":[0,0,16,16],"texture":"#5"},"up":{"uv":[0,0,16,16],"texture":"#4"},"down":{"uv":[0,0,16,16],"texture":"#4"}}},{"from":[-4,15,0.5],"to":[-3,16,8],"rotation":{"angle":0,"axis":"y","origin":[8.25,24.25209,-11.25366]},"faces":{"north":{"uv":[0,0,16,16],"texture":"#4"},"east":{"uv":[0,0,16,16],"texture":"#4"},"south":{"uv":[0,0,16,16],"texture":"#4"},"west":{"uv":[0,0,16,16],"texture":"#5"},"up":{"uv":[0,0,16,16],"texture":"#4"},"down":{"uv":[0,0,16,16],"texture":"#4"}}},{"from":[-4,16,1.25],"to":[-3,17,8],"rotation":{"angle":0,"axis":"y","origin":[8.25,24.25209,-11.25366]},"faces":{"north":{"uv":[0,0,16,16],"texture":"#4"},"east":{"uv":[0,0,16,16],"texture":"#4"},"south":{"uv":[0,0,16,16],"texture":"#4"},"west":{"uv":[0,0,16,16],"texture":"#5"},"up":{"uv":[0,0,16,16],"texture":"#4"},"down":{"uv":[0,0,16,16],"texture":"#4"}}},{"from":[-4,17,2],"to":[-3,18,8],"rotation":{"angle":0,"axis":"y","origin":[8.25,24.25209,-11.25366]},"faces":{"north":{"uv":[0,0,16,16],"texture":"#4"},"east":{"uv":[0,0,16,16],"texture":"#4"},"south":{"uv":[0,0,16,16],"texture":"#4"},"west":{"uv":[0,0,16,16],"texture":"#5"},"up":{"uv":[0,0,16,16],"texture":"#4"},"down":{"uv":[0,0,16,16],"texture":"#4"}}},{"from":[-4,-8,8],"to":[-3,18,12],"rotation":{"angle":0,"axis":"y","origin":[8.25,24.25209,-11.25366]},"faces":{"north":{"uv":[0,0,16,16],"texture":"#4"},"east":{"uv":[0,0,16,16],"texture":"#4"},"south":{"uv":[0,0,16,16],"texture":"#4"},"west":{"uv":[0,0,16,16],"texture":"#5"},"up":{"uv":[0,0,16,16],"texture":"#4"},"down":{"uv":[0,0,16,16],"texture":"#4"}}},{"from":[-4,-8,12],"to":[-3,-1,15.5],"rotation":{"angle":0,"axis":"y","origin":[8.25,24.25209,-11.25366]},"faces":{"north":{"uv":[0,0,16,16],"texture":"#4"},"east":{"uv":[0,0,16,16],"texture":"#4"},"south":{"uv":[0,0,16,16],"texture":"#4"},"west":{"uv":[0,0,16,16],"texture":"#5"},"up":{"uv":[0,0,16,16],"texture":"#4"},"down":{"uv":[0,0,16,16],"texture":"#4"}}},{"from":[-4,-1,12],"to":[-3,16,15.5],"rotation":{"angle":0,"axis":"y","origin":[8.25,24.25209,-11.25366]},"faces":{"north":{"uv":[0,0,16,16],"texture":"#4"},"east":{"uv":[0,0,16,16],"texture":"#4"},"south":{"uv":[0,0,16,16],"texture":"#4"},"west":{"uv":[0,0,16,16],"texture":"#14"},"up":{"uv":[0,0,16,16],"texture":"#4"},"down":{"uv":[0,0,16,16],"texture":"#4"}}},{"from":[-4,16,12],"to":[-3,18,15.5],"rotation":{"angle":0,"axis":"y","origin":[8.25,24.25209,-11.25366]},"faces":{"north":{"uv":[0,0,16,16],"texture":"#4"},"east":{"uv":[0,0,16,16],"texture":"#4"},"south":{"uv":[0,0,16,16],"texture":"#4"},"west":{"uv":[0,0,16,16],"texture":"#5"},"up":{"uv":[0,0,16,16],"texture":"#4"},"down":{"uv":[0,0,16,16],"texture":"#4"}}},{"from":[19,16,12],"to":[20,18,15.5],"rotation":{"angle":0,"axis":"y","origin":[7.75,24.25209,-11.25366]},"faces":{"north":{"uv":[0,0,16,16],"texture":"#4"},"east":{"uv":[0,0,16,16],"texture":"#5"},"south":{"uv":[0,0,16,16],"texture":"#4"},"west":{"uv":[0,0,16,16],"texture":"#4"},"up":{"uv":[0,0,16,16],"texture":"#4"},"down":{"uv":[0,0,16,16],"texture":"#4"}}},{"from":[19,-1,12.25],"to":[20,16,15.5],"rotation":{"angle":0,"axis":"y","origin":[7.75,24.25209,-11.25366]},"faces":{"north":{"uv":[0,0,16,16],"texture":"#4"},"east":{"uv":[0,0,16,16],"texture":"#14"},"south":{"uv":[0,0,16,16],"texture":"#4"},"west":{"uv":[0,0,16,16],"texture":"#4"},"up":{"uv":[0,0,16,16],"texture":"#4"},"down":{"uv":[0,0,16,16],"texture":"#4"}}},{"from":[19,-8,12],"to":[20,-1,15.5],"rotation":{"angle":0,"axis":"y","origin":[7.75,24.25209,-11.25366]},"faces":{"north":{"uv":[0,0,16,16],"texture":"#4"},"east":{"uv":[0,0,16,16],"texture":"#5"},"south":{"uv":[0,0,16,16],"texture":"#4"},"west":{"uv":[0,0,16,16],"texture":"#4"},"up":{"uv":[0,0,16,16],"texture":"#4"},"down":{"uv":[0,0,16,16],"texture":"#4"}}},{"from":[-3.95,1,-2],"to":[-3.05,11,8],"rotation":{"angle":0,"axis":"y","origin":[8.25,24.25209,-11.25366]},"faces":{"north":{"uv":[0,0,16,16],"texture":"#8"},"east":{"uv":[0,0,16,16],"texture":"#10"},"south":{"uv":[0,0,16,16],"texture":"#8"},"west":{"uv":[0,0,16,16],"texture":"#8"},"up":{"uv":[0,0,16,16],"texture":"#8"},"down":{"uv":[0,0,16,16],"texture":"#8"}}},{"from":[-4,-8,-2],"to":[-3,1,8],"rotation":{"angle":0,"axis":"y","origin":[8.25,24.25209,-11.25366]},"faces":{"north":{"uv":[0,0,16,16],"texture":"#4"},"east":{"uv":[0,0,16,16],"texture":"#4"},"south":{"uv":[0,0,16,16],"texture":"#4"},"west":{"uv":[0,0,16,16],"texture":"#5"},"up":{"uv":[0,0,16,16],"texture":"#4"},"down":{"uv":[0,0,16,16],"texture":"#4"}}},{"from":[-4.05,-8,-4],"to":[-4.05,5,9],"rotation":{"angle":0,"axis":"y","origin":[8.25,24.25209,-11.25366]},"faces":{"west":{"uv":[0,0,16,16],"texture":"#13"}}},{"from":[20.05,-8,-5],"to":[20.05,5,8],"rotation":{"angle":0,"axis":"y","origin":[7.75,24.25209,-11.25366]},"faces":{"east":{"uv":[0,0,16,16],"texture":"#13"}}},{"from":[-2.75,-4,3.25],"to":[5.25,-3,9.25],"rotation":{"angle":0,"axis":"y","origin":[7.25,-1.75,0]},"faces":{"north":{"uv":[0,0,8,1],"texture":"#9"},"east":{"uv":[0,0,8,1],"texture":"#9"},"south":{"uv":[0,0,8,1],"texture":"#9"},"west":{"uv":[0,0,8,1],"texture":"#9"},"up":{"uv":[0,0,8,8],"rotation":270,"texture":"#9"},"down":{"uv":[0,0,8,8],"rotation":90,"texture":"#9"}}},{"from":[0.25,-8,5.25],"to":[2.25,-4,7.25],"rotation":{"angle":0,"axis":"y","origin":[7.25,-1.75,0]},"faces":{"north":{"uv":[0,0,8,6],"texture":"#3"},"east":{"uv":[0,0,8,1],"rotation":270,"texture":"#3"},"south":{"uv":[0,0,8,6],"texture":"#3"},"west":{"uv":[0,0,8,1],"rotation":90,"texture":"#3"},"up":{"uv":[0,0,8,1],"rotation":180,"texture":"#3"},"down":{"uv":[0,0,8,1],"texture":"#3"}}},{"from":[-2.75,-3,8.25],"to":[5.25,6,9.25],"rotation":{"angle":0,"axis":"y","origin":[7.25,-1.75,0]},"faces":{"north":{"uv":[0,0,8,6],"texture":"#9"},"east":{"uv":[0,0,8,1],"rotation":270,"texture":"#9"},"south":{"uv":[0,0,8,6],"texture":"#9"},"west":{"uv":[0,0,8,1],"rotation":90,"texture":"#9"},"up":{"uv":[0,0,8,1],"rotation":180,"texture":"#9"},"down":{"uv":[0,0,8,1],"texture":"#9"}}},{"from":[19,-8,-3],"to":[20,8.75,-2],"rotation":{"angle":0,"axis":"y","origin":[7.75,24.25209,-11.25366]},"faces":{"north":{"uv":[16,0,0,16],"texture":"#4"},"east":{"uv":[16,0,0,16],"texture":"#5"},"south":{"uv":[16,0,0,16],"texture":"#4"},"west":{"uv":[16,0,0,16],"texture":"#4"},"up":{"uv":[16,0,0,16],"texture":"#4"},"down":{"uv":[16,0,0,16],"texture":"#4"}}},{"from":[19,-8,-4],"to":[20,6.25,-3],"rotation":{"angle":0,"axis":"y","origin":[7.75,24.25209,-11.25366]},"faces":{"north":{"uv":[16,0,0,16],"texture":"#4"},"east":{"uv":[16,0,0,16],"texture":"#5"},"south":{"uv":[16,0,0,16],"texture":"#4"},"west":{"uv":[16,0,0,16],"texture":"#4"},"up":{"uv":[16,0,0,16],"texture":"#4"},"down":{"uv":[16,0,0,16],"texture":"#4"}}},{"from":[19,-8,-5],"to":[20,3.75,-4],"rotation":{"angle":0,"axis":"y","origin":[7.75,24.25209,-11.25366]},"faces":{"north":{"uv":[16,0,0,16],"texture":"#4"},"east":{"uv":[16,0,0,16],"texture":"#5"},"south":{"uv":[16,0,0,16],"texture":"#4"},"west":{"uv":[16,0,0,16],"texture":"#4"},"up":{"uv":[16,0,0,16],"texture":"#4"},"down":{"uv":[16,0,0,16],"texture":"#4"}}},{"from":[19,-8,-6],"to":[20,1.25,-5],"rotation":{"angle":0,"axis":"y","origin":[7.75,24.25209,-11.25366]},"faces":{"north":{"uv":[16,0,0,16],"texture":"#4"},"east":{"uv":[16,0,0,16],"texture":"#5"},"south":{"uv":[16,0,0,16],"texture":"#4"},"west":{"uv":[16,0,0,16],"texture":"#4"},"up":{"uv":[16,0,0,16],"texture":"#4"},"down":{"uv":[16,0,0,16],"texture":"#4"}}},{"from":[19,-8,-7],"to":[20,-1,-6],"rotation":{"angle":0,"axis":"y","origin":[7.75,24.25209,-11.25366]},"faces":{"north":{"uv":[16,0,0,16],"texture":"#4"},"east":{"uv":[16,0,0,16],"texture":"#5"},"south":{"uv":[16,0,0,16],"texture":"#4"},"west":{"uv":[16,0,0,16],"texture":"#4"},"up":{"uv":[16,0,0,16],"texture":"#4"},"down":{"uv":[16,0,0,16],"texture":"#4"}}},{"from":[19,-8,-8],"to":[20,-3.5,-7],"rotation":{"angle":0,"axis":"y","origin":[7.75,24.25209,-11.25366]},"faces":{"north":{"uv":[16,0,0,16],"texture":"#4"},"east":{"uv":[16,0,0,16],"texture":"#5"},"south":{"uv":[16,0,0,16],"texture":"#4"},"west":{"uv":[16,0,0,16],"texture":"#4"},"up":{"uv":[16,0,0,16],"texture":"#4"},"down":{"uv":[16,0,0,16],"texture":"#4"}}},{"from":[19,-8,-9],"to":[20,-5.75,-8],"rotation":{"angle":0,"axis":"y","origin":[7.75,24.25209,-11.25366]},"faces":{"north":{"uv":[16,0,0,16],"texture":"#4"},"east":{"uv":[16,0,0,16],"texture":"#5"},"south":{"uv":[16,0,0,16],"texture":"#4"},"west":{"uv":[16,0,0,16],"texture":"#4"},"up":{"uv":[16,0,0,16],"texture":"#4"},"down":{"uv":[16,0,0,16],"texture":"#4"}}},{"from":[19,11,-1],"to":[20,13,8],"rotation":{"angle":0,"axis":"y","origin":[7.75,24.25209,-11.25366]},"faces":{"north":{"uv":[16,0,0,16],"texture":"#4"},"east":{"uv":[16,0,0,16],"texture":"#5"},"south":{"uv":[16,0,0,16],"texture":"#4"},"west":{"uv":[16,0,0,16],"texture":"#4"},"up":{"uv":[16,0,0,16],"texture":"#4"},"down":{"uv":[16,0,0,16],"texture":"#4"}}},{"from":[19,13,-0.25],"to":[20,15,8],"rotation":{"angle":0,"axis":"y","origin":[7.75,24.25209,-11.25366]},"faces":{"north":{"uv":[16,0,0,16],"texture":"#4"},"east":{"uv":[16,0,0,16],"texture":"#5"},"south":{"uv":[16,0,0,16],"texture":"#4"},"west":{"uv":[16,0,0,16],"texture":"#4"},"up":{"uv":[16,0,0,16],"texture":"#4"},"down":{"uv":[16,0,0,16],"texture":"#4"}}},{"from":[19,15,0.5],"to":[20,16,8],"rotation":{"angle":0,"axis":"y","origin":[7.75,24.25209,-11.25366]},"faces":{"north":{"uv":[16,0,0,16],"texture":"#4"},"east":{"uv":[16,0,0,16],"texture":"#5"},"south":{"uv":[16,0,0,16],"texture":"#4"},"west":{"uv":[16,0,0,16],"texture":"#4"},"up":{"uv":[16,0,0,16],"texture":"#4"},"down":{"uv":[16,0,0,16],"texture":"#4"}}},{"from":[19,16,1.25],"to":[20,17,8],"rotation":{"angle":0,"axis":"y","origin":[7.75,24.25209,-11.25366]},"faces":{"north":{"uv":[16,0,0,16],"texture":"#4"},"east":{"uv":[16,0,0,16],"texture":"#5"},"south":{"uv":[16,0,0,16],"texture":"#4"},"west":{"uv":[16,0,0,16],"texture":"#4"},"up":{"uv":[16,0,0,16],"texture":"#4"},"down":{"uv":[16,0,0,16],"texture":"#4"}}},{"from":[19,17,2],"to":[20,18,8],"rotation":{"angle":0,"axis":"y","origin":[7.75,24.25209,-11.25366]},"faces":{"north":{"uv":[16,0,0,16],"texture":"#4"},"east":{"uv":[16,0,0,16],"texture":"#5"},"south":{"uv":[16,0,0,16],"texture":"#4"},"west":{"uv":[16,0,0,16],"texture":"#4"},"up":{"uv":[16,0,0,16],"texture":"#4"},"down":{"uv":[16,0,0,16],"texture":"#4"}}},{"from":[19,-8,8],"to":[20,18,12],"rotation":{"angle":0,"axis":"y","origin":[7.75,24.25209,-11.25366]},"faces":{"north":{"uv":[16,0,0,16],"texture":"#4"},"east":{"uv":[16,0,0,16],"texture":"#5"},"south":{"uv":[16,0,0,16],"texture":"#4"},"west":{"uv":[16,0,0,16],"texture":"#4"},"up":{"uv":[16,0,0,16],"texture":"#4"},"down":{"uv":[16,0,0,16],"texture":"#4"}}},{"from":[19.05,1,-2],"to":[19.95,11,8],"rotation":{"angle":0,"axis":"y","origin":[7.75,24.25209,-11.25366]},"faces":{"north":{"uv":[16,0,0,16],"texture":"#8"},"east":{"uv":[0,0,16,16],"texture":"#8"},"south":{"uv":[16,0,0,16],"texture":"#8"},"west":{"uv":[0,0,16,16],"texture":"#10"},"up":{"uv":[16,0,0,16],"texture":"#8"},"down":{"uv":[16,0,0,16],"texture":"#8"}}},{"from":[19,-8,-2],"to":[20,1,8],"rotation":{"angle":0,"axis":"y","origin":[7.75,24.25209,-11.25366]},"faces":{"north":{"uv":[16,0,0,16],"texture":"#4"},"east":{"uv":[16,0,0,16],"texture":"#5"},"south":{"uv":[16,0,0,16],"texture":"#4"},"west":{"uv":[16,0,0,16],"texture":"#4"},"up":{"uv":[16,0,0,16],"texture":"#4"},"down":{"uv":[16,0,0,16],"texture":"#4"}}},{"from":[-1,-0.75,-7],"to":[3,3.25,-5],"faces":{"north":{"uv":[0,0,16,16],"texture":"#15"},"east":{"uv":[0,0,16,16],"texture":"#3"},"south":{"uv":[0,0,16,16],"texture":"#3"},"west":{"uv":[0,0,16,16],"texture":"#3"},"up":{"uv":[0,0,16,16],"texture":"#3"},"down":{"uv":[0,0,16,16],"texture":"#3"}}},{"from":[13,-0.75,-7],"to":[17,3.25,-5],"faces":{"north":{"uv":[0,0,16,16],"texture":"#15"},"east":{"uv":[0,0,16,16],"texture":"#3"},"south":{"uv":[0,0,16,16],"texture":"#3"},"west":{"uv":[0,0,16,16],"texture":"#3"},"up":{"uv":[0,0,16,16],"texture":"#3"},"down":{"uv":[0,0,16,16],"texture":"#3"}}}],"display":{"head":{"scale":[2,2.2,2]}},"groups":[0,1,2,3,4,5,6,7,8,9,10,11,12,13,14,15,16,17,18,{"name":"frontwindow","origin":[8.25,24.25209,-2.25366],"color":0,"children":[19,20,21,22,23,24,25,26,27,28,29,30,31]},{"name":"wall","origin":[8.25,24.25209,-9.25366],"color":0,"children":[32,33,34,35,36,37,38,39,40,41,42,43,44,45,46,47,48,49,50,51,52,53,54]},{"name":"seat","origin":[-8.5,1,-3],"color":0,"children":[55,56,57]},{"name":"wall","origin":[8.25,24.25209,-9.25366],"color":0,"children":[58,59,60,61,62,63,64,65,66,67,68,69,70,71,72]},73,74]}