{
	"credit": "Made with Blockbench",
	"texture_size": [32, 32],
	"textures": {
		"0": "painting/back",
		"2": "entetsu_textures/vend_top",
		"3": "entetsu_textures/can",
		"particle": "painting/back"
	},
	"elements": [
		{
			"name": "back",
			"from": [0, 0, 0],
			"to": [2.5, 24, 11],
			"faces": {
				"north": {"uv": [0, 0, 1, 1], "texture": "#2"},
				"east": {"uv": [3.125, 0, 5.625, 1], "texture": "#2"},
				"south": {"uv": [0, 0, 1, 1], "texture": "#2"},
				"west": {"uv": [0, 0, 1, 1], "texture": "#2"},
				"up": {"uv": [0, 0, 1, 1], "texture": "#2"},
				"down": {"uv": [0, 0, 1, 1], "texture": "#2"}
			}
		},
		{
			"from": [2.5, 0, 0],
			"to": [3, 2, 11],
			"faces": {
				"north": {"uv": [0, 0, 1, 1], "texture": "#2"},
				"east": {"uv": [0, 0, 1, 1], "texture": "#2"},
				"south": {"uv": [0, 0, 1, 1], "texture": "#2"},
				"west": {"uv": [0, 0, 1, 1], "texture": "#2"},
				"up": {"uv": [0, 0, 1, 1], "texture": "#2"},
				"down": {"uv": [0, 0, 1, 1], "texture": "#2"}
			}
		},
		{
			"from": [2.5, 4, 0],
			"to": [3, 6, 11],
			"faces": {
				"north": {"uv": [0, 0, 1, 1], "texture": "#2"},
				"east": {"uv": [0, 0, 1, 1], "texture": "#2"},
				"south": {"uv": [0, 0, 1, 1], "texture": "#2"},
				"west": {"uv": [0, 0, 1, 1], "texture": "#2"},
				"up": {"uv": [0, 0, 1, 1], "texture": "#2"},
				"down": {"uv": [0, 0, 1, 1], "texture": "#2"}
			}
		},
		{
			"from": [2.5, 2, 8],
			"to": [3, 4, 11],
			"faces": {
				"north": {"uv": [0, 0, 1, 1], "texture": "#2"},
				"east": {"uv": [0, 0, 1, 1], "texture": "#2"},
				"south": {"uv": [0, 0, 1, 1], "texture": "#2"},
				"west": {"uv": [0, 0, 1, 1], "texture": "#2"},
				"up": {"uv": [0, 0, 1, 1], "texture": "#2"},
				"down": {"uv": [0, 0, 1, 1], "texture": "#2"}
			}
		},
		{
			"from": [2.5, 6, 10],
			"to": [3, 24, 11],
			"faces": {
				"north": {"uv": [0, 0, 1, 1], "texture": "#2"},
				"east": {"uv": [0, 0, 1, 1], "texture": "#2"},
				"south": {"uv": [0, 0, 1, 1], "texture": "#2"},
				"west": {"uv": [0, 0, 1, 1], "texture": "#2"},
				"up": {"uv": [0, 0, 1, 1], "texture": "#2"},
				"down": {"uv": [0, 0, 1, 1], "texture": "#2"}
			}
		},
		{
			"from": [2.5, 6, 0],
			"to": [3, 24, 1],
			"faces": {
				"north": {"uv": [0, 0, 1, 1], "texture": "#2"},
				"east": {"uv": [0, 0, 1, 1], "texture": "#2"},
				"south": {"uv": [0, 0, 1, 1], "texture": "#2"},
				"west": {"uv": [0, 0, 1, 1], "texture": "#2"},
				"up": {"uv": [0, 0, 1, 1], "texture": "#2"},
				"down": {"uv": [0, 0, 1, 1], "texture": "#2"}
			}
		},
		{
			"from": [2.5, 2, 0],
			"to": [3, 4, 3],
			"faces": {
				"north": {"uv": [0, 0, 1, 1], "texture": "#2"},
				"east": {"uv": [0, 0, 1, 1], "texture": "#2"},
				"south": {"uv": [0, 0, 1, 1], "texture": "#2"},
				"west": {"uv": [0, 0, 1, 1], "texture": "#2"},
				"up": {"uv": [0, 0, 1, 1], "texture": "#2"},
				"down": {"uv": [0, 0, 1, 1], "texture": "#2"}
			}
		},
		{
			"name": "roof",
			"from": [0, 24, 0],
			"to": [3, 26, 11],
			"faces": {
				"north": {"uv": [3, 2, 4.5, 3], "texture": "#2"},
				"east": {"uv": [2.625, 0, 8.125, 1], "texture": "#2"},
				"south": {"uv": [3, 3, 4.5, 4], "texture": "#2"},
				"west": {"uv": [3, 1, 8.5, 2], "texture": "#2"},
				"up": {"uv": [1.5, 5.5, 0, 0], "texture": "#2"},
				"down": {"uv": [3, 0, 1.5, 5.5], "texture": "#2"}
			}
		},
		{
			"name": "drink",
			"from": [2.5, 6.5, 8],
			"to": [3, 8.5, 9],
			"faces": {
				"north": {"uv": [0, 0, 16, 16], "texture": "#3"},
				"east": {"uv": [0, 0, 16, 16], "texture": "#3"},
				"south": {"uv": [0, 0, 16, 16], "texture": "#3"},
				"west": {"uv": [0, 0, 16, 16], "texture": "#3"},
				"up": {"uv": [7, 5, 9, 8], "texture": "#3"},
				"down": {"uv": [0, 0, 16, 16], "texture": "#3"}
			}
		},
		{
			"name": "drink",
			"from": [2.5, 6.5, 2],
			"to": [3, 8.5, 3],
			"faces": {
				"north": {"uv": [0, 0, 16, 16], "texture": "#3"},
				"east": {"uv": [0, 0, 16, 16], "texture": "#3"},
				"south": {"uv": [0, 0, 16, 16], "texture": "#3"},
				"west": {"uv": [0, 0, 16, 16], "texture": "#3"},
				"up": {"uv": [7, 5, 9, 8], "texture": "#3"},
				"down": {"uv": [0, 0, 16, 16], "texture": "#3"}
			}
		},
		{
			"name": "drink",
			"from": [2.5, 6.5, 4],
			"to": [3, 8.5, 5],
			"faces": {
				"north": {"uv": [0, 0, 16, 16], "texture": "#3"},
				"east": {"uv": [0, 0, 16, 16], "texture": "#3"},
				"south": {"uv": [0, 0, 16, 16], "texture": "#3"},
				"west": {"uv": [0, 0, 16, 16], "texture": "#3"},
				"up": {"uv": [7, 5, 9, 8], "texture": "#3"},
				"down": {"uv": [0, 0, 16, 16], "texture": "#3"}
			}
		},
		{
			"name": "drink",
			"from": [2.5, 6.5, 6],
			"to": [3, 8.5, 7],
			"faces": {
				"north": {"uv": [0, 0, 16, 16], "texture": "#3"},
				"east": {"uv": [0, 0, 16, 16], "texture": "#3"},
				"south": {"uv": [0, 0, 16, 16], "texture": "#3"},
				"west": {"uv": [0, 0, 16, 16], "texture": "#3"},
				"up": {"uv": [7, 5, 9, 8], "texture": "#3"},
				"down": {"uv": [0, 0, 16, 16], "texture": "#3"}
			}
		},
		{
			"name": "shelf",
			"from": [2.5, 6, 1],
			"to": [3.25, 6.5, 10],
			"faces": {
				"north": {"uv": [0, 0, 1.5, 0.25], "texture": "#0"},
				"east": {"uv": [0, 0, 7, 0.25], "texture": "#0"},
				"south": {"uv": [0, 0, 1.5, 0.25], "texture": "#0"},
				"west": {"uv": [0, 0, 7, 0.25], "texture": "#0"},
				"up": {"uv": [0, 0, 1.5, 7], "texture": "#0"},
				"down": {"uv": [0, 0, 1.5, 7], "texture": "#0"}
			}
		},
		{
			"name": "drink",
			"from": [2.5, 9.5, 8],
			"to": [3, 11.5, 9],
			"faces": {
				"north": {"uv": [0, 0, 16, 16], "texture": "#3"},
				"east": {"uv": [0, 0, 16, 16], "texture": "#3"},
				"south": {"uv": [0, 0, 16, 16], "texture": "#3"},
				"west": {"uv": [0, 0, 16, 16], "texture": "#3"},
				"up": {"uv": [7, 5, 9, 8], "texture": "#3"},
				"down": {"uv": [0, 0, 16, 16], "texture": "#3"}
			}
		},
		{
			"name": "drink",
			"from": [2.5, 9.5, 2],
			"to": [3, 11.5, 3],
			"faces": {
				"north": {"uv": [0, 0, 16, 16], "texture": "#3"},
				"east": {"uv": [0, 0, 16, 16], "texture": "#3"},
				"south": {"uv": [0, 0, 16, 16], "texture": "#3"},
				"west": {"uv": [0, 0, 16, 16], "texture": "#3"},
				"up": {"uv": [7, 5, 9, 8], "texture": "#3"},
				"down": {"uv": [0, 0, 16, 16], "texture": "#3"}
			}
		},
		{
			"name": "drink",
			"from": [2.5, 9.5, 4],
			"to": [3, 11.5, 5],
			"faces": {
				"north": {"uv": [0, 0, 16, 16], "texture": "#3"},
				"east": {"uv": [0, 0, 16, 16], "texture": "#3"},
				"south": {"uv": [0, 0, 16, 16], "texture": "#3"},
				"west": {"uv": [0, 0, 16, 16], "texture": "#3"},
				"up": {"uv": [7, 5, 9, 8], "texture": "#3"},
				"down": {"uv": [0, 0, 16, 16], "texture": "#3"}
			}
		},
		{
			"name": "drink",
			"from": [2.5, 9.5, 6],
			"to": [3, 11.5, 7],
			"faces": {
				"north": {"uv": [0, 0, 16, 16], "texture": "#3"},
				"east": {"uv": [0, 0, 16, 16], "texture": "#3"},
				"south": {"uv": [0, 0, 16, 16], "texture": "#3"},
				"west": {"uv": [0, 0, 16, 16], "texture": "#3"},
				"up": {"uv": [7, 5, 9, 8], "texture": "#3"},
				"down": {"uv": [0, 0, 16, 16], "texture": "#3"}
			}
		},
		{
			"name": "shelf",
			"from": [2.5, 9, 1],
			"to": [3.25, 9.5, 10],
			"faces": {
				"north": {"uv": [0, 0, 1.5, 0.25], "texture": "#0"},
				"east": {"uv": [0, 0, 7, 0.25], "texture": "#0"},
				"south": {"uv": [0, 0, 1.5, 0.25], "texture": "#0"},
				"west": {"uv": [0, 0, 7, 0.25], "texture": "#0"},
				"up": {"uv": [0, 0, 1.5, 7], "texture": "#0"},
				"down": {"uv": [0, 0, 1.5, 7], "texture": "#0"}
			}
		},
		{
			"name": "drink",
			"from": [2.5, 12.5, 8],
			"to": [3, 14.5, 9],
			"faces": {
				"north": {"uv": [0, 0, 16, 16], "texture": "#3"},
				"east": {"uv": [0, 0, 16, 16], "texture": "#3"},
				"south": {"uv": [0, 0, 16, 16], "texture": "#3"},
				"west": {"uv": [0, 0, 16, 16], "texture": "#3"},
				"up": {"uv": [7, 5, 9, 8], "texture": "#3"},
				"down": {"uv": [0, 0, 16, 16], "texture": "#3"}
			}
		},
		{
			"name": "drink",
			"from": [2.5, 12.5, 2],
			"to": [3, 14.5, 3],
			"faces": {
				"north": {"uv": [0, 0, 16, 16], "texture": "#3"},
				"east": {"uv": [0, 0, 16, 16], "texture": "#3"},
				"south": {"uv": [0, 0, 16, 16], "texture": "#3"},
				"west": {"uv": [0, 0, 16, 16], "texture": "#3"},
				"up": {"uv": [7, 5, 9, 8], "texture": "#3"},
				"down": {"uv": [0, 0, 16, 16], "texture": "#3"}
			}
		},
		{
			"name": "drink",
			"from": [2.5, 12.5, 4],
			"to": [3, 14.5, 5],
			"faces": {
				"north": {"uv": [0, 0, 16, 16], "texture": "#3"},
				"east": {"uv": [0, 0, 16, 16], "texture": "#3"},
				"south": {"uv": [0, 0, 16, 16], "texture": "#3"},
				"west": {"uv": [0, 0, 16, 16], "texture": "#3"},
				"up": {"uv": [7, 5, 9, 8], "texture": "#3"},
				"down": {"uv": [0, 0, 16, 16], "texture": "#3"}
			}
		},
		{
			"name": "drink",
			"from": [2.5, 12.5, 6],
			"to": [3, 14.5, 7],
			"faces": {
				"north": {"uv": [0, 0, 16, 16], "texture": "#3"},
				"east": {"uv": [0, 0, 16, 16], "texture": "#3"},
				"south": {"uv": [0, 0, 16, 16], "texture": "#3"},
				"west": {"uv": [0, 0, 16, 16], "texture": "#3"},
				"up": {"uv": [7, 5, 9, 8], "texture": "#3"},
				"down": {"uv": [0, 0, 16, 16], "texture": "#3"}
			}
		},
		{
			"name": "shelf",
			"from": [2.5, 12, 1],
			"to": [3.25, 12.5, 10],
			"faces": {
				"north": {"uv": [0, 0, 1.5, 0.25], "texture": "#0"},
				"east": {"uv": [0, 0, 7, 0.25], "texture": "#0"},
				"south": {"uv": [0, 0, 1.5, 0.25], "texture": "#0"},
				"west": {"uv": [0, 0, 7, 0.25], "texture": "#0"},
				"up": {"uv": [0, 0, 1.5, 7], "texture": "#0"},
				"down": {"uv": [0, 0, 1.5, 7], "texture": "#0"}
			}
		},
		{
			"name": "drink",
			"from": [2.5, 15.5, 8],
			"to": [3, 17.5, 9],
			"faces": {
				"north": {"uv": [0, 0, 16, 16], "texture": "#3"},
				"east": {"uv": [0, 0, 16, 16], "texture": "#3"},
				"south": {"uv": [0, 0, 16, 16], "texture": "#3"},
				"west": {"uv": [0, 0, 16, 16], "texture": "#3"},
				"up": {"uv": [7, 5, 9, 8], "texture": "#3"},
				"down": {"uv": [0, 0, 16, 16], "texture": "#3"}
			}
		},
		{
			"name": "drink",
			"from": [2.5, 15.5, 2],
			"to": [3, 17.5, 3],
			"faces": {
				"north": {"uv": [0, 0, 16, 16], "texture": "#3"},
				"east": {"uv": [0, 0, 16, 16], "texture": "#3"},
				"south": {"uv": [0, 0, 16, 16], "texture": "#3"},
				"west": {"uv": [0, 0, 16, 16], "texture": "#3"},
				"up": {"uv": [7, 5, 9, 8], "texture": "#3"},
				"down": {"uv": [0, 0, 16, 16], "texture": "#3"}
			}
		},
		{
			"name": "drink",
			"from": [2.5, 15.5, 4],
			"to": [3, 17.5, 5],
			"faces": {
				"north": {"uv": [0, 0, 16, 16], "texture": "#3"},
				"east": {"uv": [0, 0, 16, 16], "texture": "#3"},
				"south": {"uv": [0, 0, 16, 16], "texture": "#3"},
				"west": {"uv": [0, 0, 16, 16], "texture": "#3"},
				"up": {"uv": [7, 5, 9, 8], "texture": "#3"},
				"down": {"uv": [0, 0, 16, 16], "texture": "#3"}
			}
		},
		{
			"name": "drink",
			"from": [2.5, 15.5, 6],
			"to": [3, 17.5, 7],
			"faces": {
				"north": {"uv": [0, 0, 16, 16], "texture": "#3"},
				"east": {"uv": [0, 0, 16, 16], "texture": "#3"},
				"south": {"uv": [0, 0, 16, 16], "texture": "#3"},
				"west": {"uv": [0, 0, 16, 16], "texture": "#3"},
				"up": {"uv": [7, 5, 9, 8], "texture": "#3"},
				"down": {"uv": [0, 0, 16, 16], "texture": "#3"}
			}
		},
		{
			"name": "shelf",
			"from": [2.5, 15, 1],
			"to": [3.25, 15.5, 10],
			"faces": {
				"north": {"uv": [0, 0, 1.5, 0.25], "texture": "#0"},
				"east": {"uv": [0, 0, 7, 0.25], "texture": "#0"},
				"south": {"uv": [0, 0, 1.5, 0.25], "texture": "#0"},
				"west": {"uv": [0, 0, 7, 0.25], "texture": "#0"},
				"up": {"uv": [0, 0, 1.5, 7], "texture": "#0"},
				"down": {"uv": [0, 0, 1.5, 7], "texture": "#0"}
			}
		},
		{
			"name": "drink",
			"from": [2.5, 18.5, 8],
			"to": [3, 20.5, 9],
			"faces": {
				"north": {"uv": [0, 0, 16, 16], "texture": "#3"},
				"east": {"uv": [0, 0, 16, 16], "texture": "#3"},
				"south": {"uv": [0, 0, 16, 16], "texture": "#3"},
				"west": {"uv": [0, 0, 16, 16], "texture": "#3"},
				"up": {"uv": [7, 5, 9, 8], "texture": "#3"},
				"down": {"uv": [0, 0, 16, 16], "texture": "#3"}
			}
		},
		{
			"name": "drink",
			"from": [2.5, 18.5, 2],
			"to": [3, 20.5, 3],
			"faces": {
				"north": {"uv": [0, 0, 16, 16], "texture": "#3"},
				"east": {"uv": [0, 0, 16, 16], "texture": "#3"},
				"south": {"uv": [0, 0, 16, 16], "texture": "#3"},
				"west": {"uv": [0, 0, 16, 16], "texture": "#3"},
				"up": {"uv": [7, 5, 9, 8], "texture": "#3"},
				"down": {"uv": [0, 0, 16, 16], "texture": "#3"}
			}
		},
		{
			"name": "drink",
			"from": [2.5, 18.5, 4],
			"to": [3, 20.5, 5],
			"faces": {
				"north": {"uv": [0, 0, 16, 16], "texture": "#3"},
				"east": {"uv": [0, 0, 16, 16], "texture": "#3"},
				"south": {"uv": [0, 0, 16, 16], "texture": "#3"},
				"west": {"uv": [0, 0, 16, 16], "texture": "#3"},
				"up": {"uv": [7, 5, 9, 8], "texture": "#3"},
				"down": {"uv": [0, 0, 16, 16], "texture": "#3"}
			}
		},
		{
			"name": "drink",
			"from": [2.5, 18.5, 6],
			"to": [3, 20.5, 7],
			"faces": {
				"north": {"uv": [0, 0, 16, 16], "texture": "#3"},
				"east": {"uv": [0, 0, 16, 16], "texture": "#3"},
				"south": {"uv": [0, 0, 16, 16], "texture": "#3"},
				"west": {"uv": [0, 0, 16, 16], "texture": "#3"},
				"up": {"uv": [7, 5, 9, 8], "texture": "#3"},
				"down": {"uv": [0, 0, 16, 16], "texture": "#3"}
			}
		},
		{
			"name": "shelf",
			"from": [2.5, 18, 1],
			"to": [3.25, 18.5, 10],
			"faces": {
				"north": {"uv": [0, 0, 1.5, 0.25], "texture": "#0"},
				"east": {"uv": [0, 0, 7, 0.25], "texture": "#0"},
				"south": {"uv": [0, 0, 1.5, 0.25], "texture": "#0"},
				"west": {"uv": [0, 0, 7, 0.25], "texture": "#0"},
				"up": {"uv": [0, 0, 1.5, 7], "texture": "#0"},
				"down": {"uv": [0, 0, 1.5, 7], "texture": "#0"}
			}
		},
		{
			"name": "drink",
			"from": [2.5, 21.5, 8],
			"to": [3, 23.5, 9],
			"faces": {
				"north": {"uv": [0, 0, 16, 16], "texture": "#3"},
				"east": {"uv": [0, 0, 16, 16], "texture": "#3"},
				"south": {"uv": [0, 0, 16, 16], "texture": "#3"},
				"west": {"uv": [0, 0, 16, 16], "texture": "#3"},
				"up": {"uv": [7, 5, 9, 8], "texture": "#3"},
				"down": {"uv": [0, 0, 16, 16], "texture": "#3"}
			}
		},
		{
			"name": "drink",
			"from": [2.5, 21.5, 2],
			"to": [3, 23.5, 3],
			"faces": {
				"north": {"uv": [0, 0, 16, 16], "texture": "#3"},
				"east": {"uv": [0, 0, 16, 16], "texture": "#3"},
				"south": {"uv": [0, 0, 16, 16], "texture": "#3"},
				"west": {"uv": [0, 0, 16, 16], "texture": "#3"},
				"up": {"uv": [7, 5, 9, 8], "texture": "#3"},
				"down": {"uv": [0, 0, 16, 16], "texture": "#3"}
			}
		},
		{
			"name": "drink",
			"from": [2.5, 21.5, 4],
			"to": [3, 23.5, 5],
			"faces": {
				"north": {"uv": [0, 0, 16, 16], "texture": "#3"},
				"east": {"uv": [0, 0, 16, 16], "texture": "#3"},
				"south": {"uv": [0, 0, 16, 16], "texture": "#3"},
				"west": {"uv": [0, 0, 16, 16], "texture": "#3"},
				"up": {"uv": [7, 5, 9, 8], "texture": "#3"},
				"down": {"uv": [0, 0, 16, 16], "texture": "#3"}
			}
		},
		{
			"name": "drink",
			"from": [2.5, 21.5, 6],
			"to": [3, 23.5, 7],
			"faces": {
				"north": {"uv": [0, 0, 16, 16], "texture": "#3"},
				"east": {"uv": [0, 0, 16, 16], "texture": "#3"},
				"south": {"uv": [0, 0, 16, 16], "texture": "#3"},
				"west": {"uv": [0, 0, 16, 16], "texture": "#3"},
				"up": {"uv": [7, 5, 9, 8], "texture": "#3"},
				"down": {"uv": [0, 0, 16, 16], "texture": "#3"}
			}
		},
		{
			"name": "shelf",
			"from": [2.5, 21, 1],
			"to": [3.25, 21.5, 10],
			"faces": {
				"north": {"uv": [0, 0, 1.5, 0.25], "texture": "#0"},
				"east": {"uv": [0, 0, 7, 0.25], "texture": "#0"},
				"south": {"uv": [0, 0, 1.5, 0.25], "texture": "#0"},
				"west": {"uv": [0, 0, 7, 0.25], "texture": "#0"},
				"up": {"uv": [0, 0, 1.5, 7], "texture": "#0"},
				"down": {"uv": [0, 0, 1.5, 7], "texture": "#0"}
			}
		}
	],
	"groups": [
		0,
		1,
		2,
		3,
		4,
		5,
		6,
		7,
		{
			"name": "row",
			"origin": [0, 0, 0],
			"color": 0,
			"children": [8, 9, 10, 11, 12]
		},
		{
			"name": "row",
			"origin": [0, 0, 0],
			"color": 0,
			"children": [13, 14, 15, 16, 17]
		},
		{
			"name": "row",
			"origin": [0, 0, 0],
			"color": 0,
			"children": [18, 19, 20, 21, 22]
		},
		{
			"name": "row",
			"origin": [0, 0, 0],
			"color": 0,
			"children": [23, 24, 25, 26, 27]
		},
		{
			"name": "row",
			"origin": [0, 0, 0],
			"color": 0,
			"children": [28, 29, 30, 31, 32]
		},
		{
			"name": "row",
			"origin": [0, 0, 0],
			"color": 0,
			"children": [33, 34, 35, 36, 37]
		}
	]
}