{
	"credit": "Made with Blockbench",
	"textures": {
		"0": "block/light_gray_concrete_powder",
		"2": "block/gray_concrete",
		"3": "block/light_gray_concrete",
		"4": "block/white_concrete",
		"5": "block/mrt/mrta_op_white_concrete",
		"8": "block/black_concrete",
		"9": "block/mrt/danger_black_concrete",
		"10": "block/glass",
		"11": "block/sea_lantern",
		"12": "block/quartz_block_bottom",
		"13": "block/yellow_concrete",
		"14": "block/gray_wool",
		"17": "block/red_concrete",
		"particle": "block/light_gray_concrete_powder"
	},
	"elements": [
		{
			"from": [0.75, 3, -10.75],
			"to": [15.25, 5, -1],
			"rotation": {"angle": 0, "axis": "y", "origin": [0, 0, 2]},
			"faces": {
				"north": {"uv": [0, 0, 16, 1.5], "texture": "#4"},
				"east": {"uv": [0, 0, 16, 1.5], "texture": "#4"},
				"south": {"uv": [0, 0, 16, 1.5], "texture": "#missing"},
				"west": {"uv": [0, 0, 16, 1.5], "texture": "#4"},
				"up": {"uv": [0, 0, 16, 10], "texture": "#0"},
				"down": {"uv": [0, 0, 16, 16], "texture": "#3"}
			}
		},
		{
			"from": [15.25, 3, -10.75],
			"to": [16, 5, -1],
			"rotation": {"angle": 0, "axis": "y", "origin": [0, 0, 2]},
			"faces": {
				"north": {"uv": [0, 0, 16, 1.5], "texture": "#4"},
				"east": {"uv": [0, 0, 16, 1.5], "texture": "#4"},
				"south": {"uv": [0, 0, 16, 1.5], "texture": "#missing"},
				"west": {"uv": [0, 0, 16, 1.5], "texture": "#4"},
				"up": {"uv": [0, 0, 16, 10], "texture": "#8"},
				"down": {"uv": [0, 0, 16, 16], "texture": "#3"}
			}
		},
		{
			"from": [0.25, 16.25, -8.25],
			"to": [0.75, 18, -1],
			"rotation": {"angle": 0, "axis": "y", "origin": [0, 0, 2]},
			"faces": {
				"north": {"uv": [0, 0, 1, 6.25], "texture": "#13"},
				"east": {"uv": [0, 5.024, 16, 7.786], "texture": "#12"},
				"south": {"uv": [0, 0, 1, 6.25], "texture": "#13"},
				"west": {"uv": [0, 0, 16, 6.25], "texture": "#13"},
				"up": {"uv": [0, 0, 1, 16], "texture": "#13"},
				"down": {"uv": [0, 0, 1, 16], "texture": "#8"}
			}
		},
		{
			"from": [0.25, 11.25, -1.75],
			"to": [0.75, 16.25, -1],
			"rotation": {"angle": 0, "axis": "y", "origin": [0, 0, 2]},
			"faces": {
				"north": {"uv": [0, 0, 1, 6.25], "texture": "#8"},
				"east": {"uv": [0, 5.024, 16, 7.786], "texture": "#12"},
				"south": {"uv": [0, 0, 1, 6.25], "texture": "#13"},
				"west": {"uv": [0, 0, 16, 6.25], "texture": "#13"},
				"up": {"uv": [0, 0, 1, 16], "texture": "#13"},
				"down": {"uv": [0, 0, 1, 16], "texture": "#13"}
			}
		},
		{
			"from": [0.25, 11.25, -7.5],
			"to": [0.75, 16.25, -1.75],
			"rotation": {"angle": 0, "axis": "y", "origin": [0, 0, 2]},
			"faces": {
				"north": {"uv": [0, 0, 1, 6.25], "texture": "#13"},
				"east": {"uv": [0, 0, 16, 16], "texture": "#10"},
				"south": {"uv": [0, 0, 1, 6.25], "texture": "#13"},
				"west": {"uv": [0, 0, 16, 16], "texture": "#10"},
				"up": {"uv": [0, 0, 1, 16], "texture": "#13"},
				"down": {"uv": [0, 0, 1, 16], "texture": "#13"}
			}
		},
		{
			"from": [0.25, 11.25, -8.25],
			"to": [0.75, 16.25, -7.5],
			"rotation": {"angle": 0, "axis": "y", "origin": [0, 0, 2]},
			"faces": {
				"north": {"uv": [0, 0, 1, 6.25], "texture": "#13"},
				"east": {"uv": [0, 5.024, 16, 7.786], "texture": "#12"},
				"south": {"uv": [0, 0, 1, 6.25], "texture": "#8"},
				"west": {"uv": [0, 0, 16, 6.25], "texture": "#13"},
				"up": {"uv": [0, 0, 1, 16], "texture": "#13"},
				"down": {"uv": [0, 0, 1, 16], "texture": "#13"}
			}
		},
		{
			"from": [0.25, 5, -8.25],
			"to": [0.75, 11.25, -1],
			"rotation": {"angle": 0, "axis": "y", "origin": [0, 0, 2]},
			"faces": {
				"north": {"uv": [0, 0, 1, 6.25], "texture": "#13"},
				"east": {"uv": [0, 5.024, 16, 7.786], "texture": "#12"},
				"south": {"uv": [0, 0, 1, 6.25], "texture": "#13"},
				"west": {"uv": [0, 0, 16, 6.25], "texture": "#13"},
				"up": {"uv": [0, 0, 1, 16], "texture": "#8"},
				"down": {"uv": [0, 0, 1, 16], "texture": "#13"}
			}
		},
		{
			"from": [0, 3, -10.75],
			"to": [0.75, 5, -1],
			"rotation": {"angle": 0, "axis": "y", "origin": [0, 0, 2]},
			"faces": {
				"north": {"uv": [0, 0, 16, 1.5], "texture": "#4"},
				"east": {"uv": [0, 0, 16, 1.5], "texture": "#4"},
				"south": {"uv": [0, 0, 16, 1.5], "texture": "#missing"},
				"west": {"uv": [0, 0, 16, 1.5], "texture": "#4"},
				"up": {"uv": [0, 0, 16, 10], "texture": "#8"},
				"down": {"uv": [0, 0, 16, 16], "texture": "#3"}
			}
		},
		{
			"from": [0, 3, -1],
			"to": [16, 5, 32],
			"rotation": {"angle": 0, "axis": "y", "origin": [0, 0, 2]},
			"faces": {
				"north": {"uv": [0, 0, 16, 1.5], "texture": "#13"},
				"east": {"uv": [0, 0, 16, 1.5], "texture": "#4"},
				"south": {"uv": [0, 0, 16, 1.5], "texture": "#4"},
				"west": {"uv": [0, 0, 16, 1.5], "texture": "#4"},
				"up": {"uv": [0, 0, 6, 16], "texture": "#13"},
				"down": {"uv": [0, 0, 16, 16], "texture": "#3"}
			}
		},
		{
			"from": [1, 5, -1],
			"to": [15, 18.75, 32],
			"rotation": {"angle": 0, "axis": "y", "origin": [0, 0, 2]},
			"faces": {
				"north": {"uv": [0, 0, 16, 1.5], "texture": "#12"},
				"east": {"uv": [0, 0, 16, 1.5], "texture": "#13"},
				"south": {"uv": [0, 0, 16, 1.5], "texture": "#13"},
				"west": {"uv": [0, 0, 16, 1.5], "texture": "#13"},
				"up": {"uv": [0, 0, 6, 16], "texture": "#13"},
				"down": {"uv": [0, 0, 16, 16], "texture": "#13"}
			}
		},
		{
			"from": [0, 5, -10.75],
			"to": [16, 10.25, -10.25],
			"rotation": {"angle": 0, "axis": "y", "origin": [0, 0, 2]},
			"faces": {
				"north": {"uv": [0, 0, 16, 1.5], "texture": "#13"},
				"east": {"uv": [0, 0, 16, 1.5], "texture": "#13"},
				"south": {"uv": [0, 0, 16, 1.5], "texture": "#13"},
				"west": {"uv": [0, 0, 16, 1.5], "texture": "#13"},
				"up": {"uv": [0, 0, 6, 16], "texture": "#8"},
				"down": {"uv": [0, 0, 16, 16], "texture": "#13"}
			}
		},
		{
			"from": [0, 15.71811, -7.75997],
			"to": [1, 19.96811, -7.25997],
			"rotation": {"angle": -22.5, "axis": "x", "origin": [0, 5.46811, 4.99003]},
			"faces": {
				"north": {"uv": [0, 0, 16, 1.5], "texture": "#13"},
				"east": {"uv": [0, 0, 16, 1.5], "texture": "#8"},
				"south": {"uv": [0, 0, 16, 1.5], "texture": "#13"},
				"west": {"uv": [0, 0, 16, 1.5], "texture": "#13"},
				"up": {"uv": [0, 0, 6, 16], "texture": "#13"},
				"down": {"uv": [0, 0, 16, 16], "texture": "#13"}
			}
		},
		{
			"from": [15, 1.99104, -15.30028],
			"to": [16, 7.49104, -14.80028],
			"rotation": {"angle": 22.5, "axis": "x", "origin": [15, 0.54276, 16.32991]},
			"faces": {
				"north": {"uv": [0, 0, 16, 1.5], "texture": "#13"},
				"east": {"uv": [0, 0, 16, 1.5], "texture": "#13"},
				"south": {"uv": [0, 0, 16, 1.5], "texture": "#13"},
				"west": {"uv": [0, 0, 16, 1.5], "texture": "#8"},
				"up": {"uv": [0, 0, 6, 16], "texture": "#13"},
				"down": {"uv": [0, 0, 16, 16], "texture": "#13"}
			}
		},
		{
			"from": [15, 15.71811, -7.75997],
			"to": [16, 19.96811, -7.25997],
			"rotation": {"angle": -22.5, "axis": "x", "origin": [15, 5.46811, 4.99003]},
			"faces": {
				"north": {"uv": [0, 0, 16, 1.5], "texture": "#13"},
				"east": {"uv": [0, 0, 16, 1.5], "texture": "#13"},
				"south": {"uv": [0, 0, 16, 1.5], "texture": "#13"},
				"west": {"uv": [0, 0, 16, 1.5], "texture": "#8"},
				"up": {"uv": [0, 0, 6, 16], "texture": "#13"},
				"down": {"uv": [0, 0, 16, 16], "texture": "#13"}
			}
		},
		{
			"from": [0, 1.99104, -15.30028],
			"to": [1, 7.49104, -14.80028],
			"rotation": {"angle": 22.5, "axis": "x", "origin": [0, 0.54276, 16.32991]},
			"faces": {
				"north": {"uv": [0, 0, 16, 1.5], "texture": "#13"},
				"east": {"uv": [0, 0, 16, 1.5], "texture": "#8"},
				"south": {"uv": [0, 0, 16, 1.5], "texture": "#13"},
				"west": {"uv": [0, 0, 16, 1.5], "texture": "#13"},
				"up": {"uv": [0, 0, 6, 16], "texture": "#13"},
				"down": {"uv": [0, 0, 16, 16], "texture": "#13"}
			}
		},
		{
			"from": [1, 5, -10.25],
			"to": [15, 10.25, -8.25],
			"rotation": {"angle": 0, "axis": "y", "origin": [0, 0, 2]},
			"faces": {
				"north": {"uv": [0, 0, 16, 1.5], "texture": "#12"},
				"east": {"uv": [0, 0, 16, 1.5], "texture": "#12"},
				"south": {"uv": [0, 0, 16, 1.5], "texture": "#12"},
				"west": {"uv": [0, 0, 16, 1.5], "texture": "#12"},
				"up": {"uv": [0, 0, 6, 16], "texture": "#12"},
				"down": {"uv": [0, 0, 16, 16], "texture": "#12"}
			}
		},
		{
			"from": [2.75, 8, -4.5],
			"to": [6.25, 8.5, -1.25],
			"rotation": {"angle": 0, "axis": "y", "origin": [0, 0, 2]},
			"faces": {
				"north": {"uv": [0, 0, 16, 1.5], "texture": "#14"},
				"east": {"uv": [0, 0, 16, 1.5], "texture": "#14"},
				"south": {"uv": [0, 0, 16, 1.5], "texture": "#12"},
				"west": {"uv": [0, 0, 16, 1.5], "texture": "#14"},
				"up": {"uv": [0, 0, 6, 16], "texture": "#14"},
				"down": {"uv": [0, 0, 16, 16], "texture": "#12"}
			}
		},
		{
			"from": [2.75, 8, -1.25],
			"to": [6.25, 11.25, -1],
			"rotation": {"angle": 0, "axis": "y", "origin": [0, 0, 2]},
			"faces": {
				"north": {"uv": [0, 0, 16, 1.5], "texture": "#14"},
				"east": {"uv": [0, 0, 16, 1.5], "texture": "#14"},
				"south": {"uv": [0, 0, 16, 1.5], "texture": "#12"},
				"west": {"uv": [0, 0, 16, 1.5], "texture": "#14"},
				"up": {"uv": [0, 0, 6, 16], "texture": "#14"},
				"down": {"uv": [0, 0, 16, 16], "texture": "#12"}
			}
		},
		{
			"from": [9, 8, -1.95],
			"to": [12.5, 11.25, -1.45],
			"rotation": {"angle": 0, "axis": "x", "origin": [0, 0, 2]},
			"faces": {
				"north": {"uv": [0, 0, 16, 16], "rotation": 180, "texture": "#12"},
				"east": {"uv": [0, 0, 16, 1.5], "rotation": 270, "texture": "#14"},
				"south": {"uv": [0, 0, 6, 16], "texture": "#14"},
				"west": {"uv": [0, 0, 16, 1.5], "rotation": 90, "texture": "#14"},
				"up": {"uv": [0, 0, 16, 1.5], "rotation": 180, "texture": "#14"},
				"down": {"uv": [0, 0, 16, 1.5], "texture": "#12"}
			}
		},
		{
			"from": [9, 8, -1.25],
			"to": [12.5, 11.25, -1],
			"rotation": {"angle": 0, "axis": "y", "origin": [0, 0, 2]},
			"faces": {
				"north": {"uv": [0, 0, 16, 1.5], "texture": "#14"},
				"east": {"uv": [0, 0, 16, 1.5], "texture": "#14"},
				"south": {"uv": [0, 0, 16, 1.5], "texture": "#12"},
				"west": {"uv": [0, 0, 16, 1.5], "texture": "#14"},
				"up": {"uv": [0, 0, 6, 16], "texture": "#14"},
				"down": {"uv": [0, 0, 16, 16], "texture": "#12"}
			}
		},
		{
			"from": [9, 7.75, -1.95],
			"to": [12.5, 8, -1],
			"rotation": {"angle": 0, "axis": "y", "origin": [0, 0, 2]},
			"faces": {
				"north": {"uv": [0, 0, 16, 1.5], "texture": "#8"},
				"east": {"uv": [0, 0, 16, 1.5], "texture": "#8"},
				"south": {"uv": [0, 0, 16, 1.5], "texture": "#8"},
				"west": {"uv": [0, 0, 16, 1.5], "texture": "#8"},
				"up": {"uv": [0, 0, 6, 16], "texture": "#8"},
				"down": {"uv": [0, 0, 16, 16], "texture": "#8"}
			}
		},
		{
			"from": [2.75, 7.75, -1.95],
			"to": [6.25, 8, -1],
			"rotation": {"angle": 0, "axis": "y", "origin": [0, 0, 2]},
			"faces": {
				"north": {"uv": [0, 0, 16, 1.5], "texture": "#8"},
				"east": {"uv": [0, 0, 16, 1.5], "texture": "#8"},
				"south": {"uv": [0, 0, 16, 1.5], "texture": "#8"},
				"west": {"uv": [0, 0, 16, 1.5], "texture": "#8"},
				"up": {"uv": [0, 0, 6, 16], "texture": "#8"},
				"down": {"uv": [0, 0, 16, 16], "texture": "#8"}
			}
		},
		{
			"from": [4.5, 5.25, -10],
			"to": [5, 10.35, -8.5],
			"rotation": {"angle": 0, "axis": "y", "origin": [0, 0, 2]},
			"faces": {
				"north": {"uv": [0, 0, 16, 1.5], "texture": "#2"},
				"east": {"uv": [0, 0, 16, 1.5], "texture": "#2"},
				"south": {"uv": [0, 0, 16, 1.5], "texture": "#2"},
				"west": {"uv": [0, 0, 16, 1.5], "texture": "#2"},
				"up": {"uv": [0, 0, 6, 16], "texture": "#2"},
				"down": {"uv": [0, 0, 16, 16], "texture": "#2"}
			}
		},
		{
			"from": [5.25, 5.25, -8.7],
			"to": [5.75, 10.35, -8.6],
			"rotation": {"angle": 0, "axis": "y", "origin": [0, 0, 2]},
			"faces": {
				"north": {"uv": [0, 0, 16, 1.5], "texture": "#2"},
				"east": {"uv": [0, 0, 16, 1.5], "texture": "#2"},
				"south": {"uv": [0, 0, 16, 1.5], "texture": "#2"},
				"west": {"uv": [0, 0, 16, 1.5], "texture": "#2"},
				"up": {"uv": [0, 0, 6, 16], "texture": "#2"},
				"down": {"uv": [0, 0, 16, 16], "texture": "#2"}
			}
		},
		{
			"from": [5.25, 5.25, -8.95],
			"to": [5.75, 10.35, -8.85],
			"rotation": {"angle": 0, "axis": "y", "origin": [0, 0, 2]},
			"faces": {
				"north": {"uv": [0, 0, 16, 1.5], "texture": "#2"},
				"east": {"uv": [0, 0, 16, 1.5], "texture": "#2"},
				"south": {"uv": [0, 0, 16, 1.5], "texture": "#2"},
				"west": {"uv": [0, 0, 16, 1.5], "texture": "#2"},
				"up": {"uv": [0, 0, 6, 16], "texture": "#2"},
				"down": {"uv": [0, 0, 16, 16], "texture": "#2"}
			}
		},
		{
			"from": [5.25, 5.25, -9.2],
			"to": [5.75, 10.35, -9.1],
			"rotation": {"angle": 0, "axis": "y", "origin": [0, 0, 2]},
			"faces": {
				"north": {"uv": [0, 0, 16, 1.5], "texture": "#2"},
				"east": {"uv": [0, 0, 16, 1.5], "texture": "#2"},
				"south": {"uv": [0, 0, 16, 1.5], "texture": "#2"},
				"west": {"uv": [0, 0, 16, 1.5], "texture": "#2"},
				"up": {"uv": [0, 0, 6, 16], "texture": "#2"},
				"down": {"uv": [0, 0, 16, 16], "texture": "#2"}
			}
		},
		{
			"from": [5.25, 5.25, -9.45],
			"to": [5.75, 10.35, -9.35],
			"rotation": {"angle": 0, "axis": "y", "origin": [0, 0, 2]},
			"faces": {
				"north": {"uv": [0, 0, 16, 1.5], "texture": "#2"},
				"east": {"uv": [0, 0, 16, 1.5], "texture": "#2"},
				"south": {"uv": [0, 0, 16, 1.5], "texture": "#2"},
				"west": {"uv": [0, 0, 16, 1.5], "texture": "#2"},
				"up": {"uv": [0, 0, 6, 16], "texture": "#2"},
				"down": {"uv": [0, 0, 16, 16], "texture": "#2"}
			}
		},
		{
			"from": [6, 5.25, -8.95],
			"to": [6.5, 10.35, -8.45],
			"rotation": {"angle": 0, "axis": "y", "origin": [0, 0, 2]},
			"faces": {
				"north": {"uv": [0, 0, 16, 1.5], "texture": "#2"},
				"east": {"uv": [0, 0, 16, 1.5], "texture": "#2"},
				"south": {"uv": [0, 0, 16, 1.5], "texture": "#2"},
				"west": {"uv": [0, 0, 16, 1.5], "texture": "#2"},
				"up": {"uv": [0, 0, 6, 16], "texture": "#17"},
				"down": {"uv": [0, 0, 16, 16], "texture": "#2"}
			}
		},
		{
			"from": [6, 5.25, -9.7],
			"to": [6.5, 10.35, -9.2],
			"rotation": {"angle": 0, "axis": "y", "origin": [0, 0, 2]},
			"faces": {
				"north": {"uv": [0, 0, 16, 1.5], "texture": "#2"},
				"east": {"uv": [0, 0, 16, 1.5], "texture": "#2"},
				"south": {"uv": [0, 0, 16, 1.5], "texture": "#2"},
				"west": {"uv": [0, 0, 16, 1.5], "texture": "#2"},
				"up": {"uv": [0, 0, 6, 16], "texture": "#13"},
				"down": {"uv": [0, 0, 16, 16], "texture": "#2"}
			}
		},
		{
			"from": [6.75, 5.25, -9.7],
			"to": [7.25, 10.35, -9.2],
			"rotation": {"angle": 0, "axis": "y", "origin": [0, 0, 2]},
			"faces": {
				"north": {"uv": [0, 0, 16, 1.5], "texture": "#2"},
				"east": {"uv": [0, 0, 16, 1.5], "texture": "#2"},
				"south": {"uv": [0, 0, 16, 1.5], "texture": "#2"},
				"west": {"uv": [0, 0, 16, 1.5], "texture": "#2"},
				"up": {"uv": [0, 0, 6, 16], "texture": "#13"},
				"down": {"uv": [0, 0, 16, 16], "texture": "#2"}
			}
		},
		{
			"from": [6.75, 5.25, -8.95],
			"to": [7.25, 10.35, -8.45],
			"rotation": {"angle": 0, "axis": "y", "origin": [0, 0, 2]},
			"faces": {
				"north": {"uv": [0, 0, 16, 1.5], "texture": "#2"},
				"east": {"uv": [0, 0, 16, 1.5], "texture": "#2"},
				"south": {"uv": [0, 0, 16, 1.5], "texture": "#2"},
				"west": {"uv": [0, 0, 16, 1.5], "texture": "#2"},
				"up": {"uv": [0, 0, 6, 16], "texture": "#2"},
				"down": {"uv": [0, 0, 16, 16], "texture": "#2"}
			}
		},
		{
			"from": [5.25, 5.25, -9.7],
			"to": [5.75, 10.35, -9.6],
			"rotation": {"angle": 0, "axis": "y", "origin": [0, 0, 2]},
			"faces": {
				"north": {"uv": [0, 0, 16, 1.5], "texture": "#2"},
				"east": {"uv": [0, 0, 16, 1.5], "texture": "#2"},
				"south": {"uv": [0, 0, 16, 1.5], "texture": "#2"},
				"west": {"uv": [0, 0, 16, 1.5], "texture": "#2"},
				"up": {"uv": [0, 0, 6, 16], "texture": "#2"},
				"down": {"uv": [0, 0, 16, 16], "texture": "#2"}
			}
		},
		{
			"from": [5.25, 5.25, -9.95],
			"to": [5.75, 10.35, -9.85],
			"rotation": {"angle": 0, "axis": "y", "origin": [0, 0, 2]},
			"faces": {
				"north": {"uv": [0, 0, 16, 1.5], "texture": "#2"},
				"east": {"uv": [0, 0, 16, 1.5], "texture": "#2"},
				"south": {"uv": [0, 0, 16, 1.5], "texture": "#2"},
				"west": {"uv": [0, 0, 16, 1.5], "texture": "#2"},
				"up": {"uv": [0, 0, 6, 16], "texture": "#2"},
				"down": {"uv": [0, 0, 16, 16], "texture": "#2"}
			}
		},
		{
			"from": [4.65, 4.5, -12.1],
			"to": [4.85, 6.1, -11.9],
			"rotation": {"angle": 22.5, "axis": "x", "origin": [0, 0, 2]},
			"faces": {
				"north": {"uv": [0, 0, 16, 1.5], "texture": "#3"},
				"east": {"uv": [0, 0, 16, 1.5], "texture": "#3"},
				"south": {"uv": [0, 0, 16, 1.5], "texture": "#3"},
				"west": {"uv": [0, 0, 16, 1.5], "texture": "#3"},
				"up": {"uv": [0, 0, 6, 16], "texture": "#3"},
				"down": {"uv": [0, 0, 16, 16], "texture": "#3"}
			}
		},
		{
			"from": [3.15, 6.1, -12.1],
			"to": [6.35, 6.3, -11.9],
			"rotation": {"angle": 22.5, "axis": "x", "origin": [0, 0, 2]},
			"faces": {
				"north": {"uv": [0, 0, 16, 1.5], "texture": "#3"},
				"east": {"uv": [0, 0, 16, 1.5], "texture": "#3"},
				"south": {"uv": [0, 0, 16, 1.5], "texture": "#3"},
				"west": {"uv": [0, 0, 16, 1.5], "texture": "#3"},
				"up": {"uv": [0, 0, 6, 16], "texture": "#3"},
				"down": {"uv": [0, 0, 16, 16], "texture": "#3"}
			}
		},
		{
			"from": [2.75, 1, 5.25],
			"to": [13.25, 3, 31.75],
			"rotation": {"angle": 0, "axis": "y", "origin": [0, 0, 2]},
			"faces": {
				"north": {"uv": [0, 0, 16, 1.5], "texture": "#2"},
				"east": {"uv": [0, 0, 16, 1.5], "texture": "#2"},
				"south": {"uv": [0, 0, 16, 1.5], "texture": "#2"},
				"west": {"uv": [0, 0, 16, 1.5], "texture": "#2"},
				"up": {"uv": [0, 0, 6, 16], "texture": "#missing"},
				"down": {"uv": [0, 0, 16, 16], "texture": "#2"}
			}
		},
		{
			"from": [15, 18.75, -10.25],
			"to": [16, 19.75, 32],
			"rotation": {"angle": 0, "axis": "y", "origin": [0, 0, 2]},
			"faces": {
				"north": {"uv": [0, 0, 1, 1], "texture": "#13"},
				"east": {"uv": [0, 0, 16, 1], "texture": "#13"},
				"south": {"uv": [0, 0, 1, 1], "texture": "#13"},
				"west": {"uv": [0, 0, 16, 1], "texture": "#12"},
				"up": {"uv": [0, 0, 1, 16], "texture": "#missing"},
				"down": {"uv": [0, 0, 1, 16], "texture": "#missing"}
			}
		},
		{
			"from": [0, 18.75, -10.25],
			"to": [1, 19.75, 32],
			"rotation": {"angle": 0, "axis": "y", "origin": [0, 0, 2]},
			"faces": {
				"north": {"uv": [0, 0, 1, 1], "texture": "#13"},
				"east": {"uv": [0, 0, 16, 1], "texture": "#12"},
				"south": {"uv": [0, 0, 1, 1], "texture": "#13"},
				"west": {"uv": [0, 0, 16, 1], "texture": "#13"},
				"up": {"uv": [0, 0, 1, 16], "texture": "#missing"},
				"down": {"uv": [0, 0, 1, 16], "texture": "#missing"}
			}
		},
		{
			"from": [1, 19.06648, -10.23359],
			"to": [15, 19.56648, -9.93359],
			"rotation": {"angle": 0, "axis": "y", "origin": [0, 0.06648, 4.89141]},
			"faces": {
				"north": {"uv": [0, 0, 1, 1], "texture": "#13"},
				"east": {"uv": [0, 0, 16, 1], "texture": "#13"},
				"south": {"uv": [0, 0, 1, 1], "texture": "#13"},
				"west": {"uv": [0, 0, 16, 1], "texture": "#13"},
				"up": {"uv": [0, 0, 1, 16], "texture": "#13"},
				"down": {"uv": [0, 0, 1, 16], "texture": "#8"}
			}
		},
		{
			"from": [3, 19.56648, -10.23359],
			"to": [13, 19.81648, -9.93359],
			"rotation": {"angle": 0, "axis": "y", "origin": [0, 0.06648, 4.89141]},
			"faces": {
				"north": {"uv": [0, 0, 1, 1], "texture": "#13"},
				"east": {"uv": [0, 0, 16, 1], "texture": "#13"},
				"south": {"uv": [0, 0, 1, 1], "texture": "#13"},
				"west": {"uv": [0, 0, 16, 1], "texture": "#13"},
				"up": {"uv": [0, 0, 1, 16], "texture": "#13"},
				"down": {"uv": [0, 0, 1, 16], "texture": "#8"}
			}
		},
		{
			"from": [13, 19.55, -10.25],
			"to": [14, 19.75, 32],
			"rotation": {"angle": 0, "axis": "y", "origin": [10.5, 0, 2]},
			"faces": {
				"north": {"uv": [0, 0, 1, 0.2], "texture": "#13"},
				"east": {"uv": [0, 0, 16, 0.2], "texture": "#missing"},
				"south": {"uv": [0, 0, 1, 0.2], "texture": "#13"},
				"west": {"uv": [0, 0, 16, 0.2], "texture": "#3"},
				"up": {"uv": [0, 0, 1, 16], "texture": "#missing"},
				"down": {"uv": [5, 6, 10.75, 11], "texture": "#11"}
			}
		},
		{
			"from": [2, 19.55, -10.25],
			"to": [3, 19.75, 32],
			"rotation": {"angle": 0, "axis": "y", "origin": [-0.5, 0, 2]},
			"faces": {
				"north": {"uv": [0, 0, 1, 0.2], "texture": "#13"},
				"east": {"uv": [0, 0, 16, 0.2], "texture": "#3"},
				"south": {"uv": [0, 0, 1, 0.2], "texture": "#13"},
				"west": {"uv": [0, 0, 16, 0.2], "texture": "#missing"},
				"up": {"uv": [0, 0, 1, 16], "texture": "#missing"},
				"down": {"uv": [5, 6, 10.75, 11], "texture": "#11"}
			}
		},
		{
			"from": [2, 19.75, -10.25],
			"to": [14, 20.5, 32],
			"rotation": {"angle": 0, "axis": "y", "origin": [0, 0, 2]},
			"faces": {
				"north": {"uv": [0, 0, 12, 0.75], "texture": "#13"},
				"east": {"uv": [0, 0, 16, 0.75], "texture": "#missing"},
				"south": {"uv": [0, 0, 12, 0.75], "texture": "#13"},
				"west": {"uv": [0, 0, 16, 0.75], "texture": "#missing"},
				"up": {"uv": [0, 0, 12, 16], "texture": "#missing"},
				"down": {"uv": [0, 0, 12, 16], "texture": "#12"}
			}
		},
		{
			"from": [3.70448, 20.53073, -10.25],
			"to": [12.30448, 21.28073, 32],
			"rotation": {"angle": 0, "axis": "y", "origin": [0.05448, 0.03073, 2]},
			"faces": {
				"north": {"uv": [0, 0, 12, 0.75], "texture": "#13"},
				"east": {"uv": [0, 0, 16, 0.75], "texture": "#13"},
				"south": {"uv": [0, 0, 12, 0.75], "texture": "#13"},
				"west": {"uv": [0, 0, 16, 0.75], "texture": "#13"},
				"up": {"uv": [0, 0, 12, 16], "texture": "#13"},
				"down": {"uv": [0, 0, 12, 16], "texture": "#13"}
			}
		},
		{
			"from": [3.65, 20.5, -10.25],
			"to": [12.35, 20.75, 32],
			"rotation": {"angle": 0, "axis": "y", "origin": [0, 0, 2]},
			"faces": {
				"north": {"uv": [0, 0, 8.7, 0.25], "texture": "#13"},
				"east": {"uv": [0, 0, 16, 0.25], "texture": "#missing"},
				"south": {"uv": [0, 0, 8.7, 0.25], "texture": "#13"},
				"west": {"uv": [0, 0, 16, 0.25], "texture": "#missing"},
				"up": {"uv": [0, 0, 8.7, 16], "texture": "#4"},
				"down": {"uv": [0, 0, 8.7, 16], "texture": "#missing"}
			}
		},
		{
			"from": [5.4, 20.75, -3],
			"to": [10.6, 21.75, 10.25],
			"rotation": {"angle": 0, "axis": "y", "origin": [0, 0, 2]},
			"faces": {
				"north": {"uv": [0, 0, 5.2, 1], "texture": "#3"},
				"east": {"uv": [0, 0, 13.25, 1], "texture": "#3"},
				"south": {"uv": [0, 0, 5.2, 1], "texture": "#3"},
				"west": {"uv": [0, 0, 13.25, 1], "texture": "#3"},
				"up": {"uv": [8.288, 5.792, 11.28, 13.856], "texture": "#9"},
				"down": {"uv": [0, 0, 5.2, 13.25], "texture": "#missing"}
			}
		},
		{
			"from": [7.15, 20.75, 23.5],
			"to": [8.85, 21.75, 27.75],
			"rotation": {"angle": 0, "axis": "y", "origin": [0, 0, 2]},
			"faces": {
				"north": {"uv": [0, 0, 1.7, 1], "texture": "#8"},
				"east": {"uv": [1.088, 1.344, 6.106, 3.272], "texture": "#9"},
				"south": {"uv": [0, 0, 1.7, 1], "texture": "#8"},
				"west": {"uv": [0, 0, 4.25, 1], "texture": "#8"},
				"up": {"uv": [0, 0, 1.7, 4.25], "texture": "#8"},
				"down": {"uv": [0, 0, 1.7, 4.25], "texture": "#missing"}
			}
		},
		{
			"from": [7.15, 20.75, 17.75],
			"to": [8.85, 21.75, 22],
			"rotation": {"angle": 0, "axis": "y", "origin": [0, 0, 2]},
			"faces": {
				"north": {"uv": [0, 0, 1.7, 1], "texture": "#8"},
				"east": {"uv": [1.088, 1.344, 6.106, 3.272], "texture": "#9"},
				"south": {"uv": [0, 0, 1.7, 1], "texture": "#8"},
				"west": {"uv": [0, 0, 4.25, 1], "texture": "#8"},
				"up": {"uv": [0, 0, 1.7, 4.25], "texture": "#8"},
				"down": {"uv": [0, 0, 1.7, 4.25], "texture": "#missing"}
			}
		},
		{
			"from": [4.65, 20.75, 23.5],
			"to": [6.35, 21.75, 27.75],
			"rotation": {"angle": 0, "axis": "y", "origin": [0, 0, 2]},
			"faces": {
				"north": {"uv": [0, 0, 1.7, 1], "texture": "#8"},
				"east": {"uv": [1.088, 1.344, 6.106, 3.272], "texture": "#9"},
				"south": {"uv": [0, 0, 1.7, 1], "texture": "#8"},
				"west": {"uv": [0, 0, 4.25, 1], "texture": "#8"},
				"up": {"uv": [0, 0, 1.7, 4.25], "texture": "#8"},
				"down": {"uv": [0, 0, 1.7, 4.25], "texture": "#missing"}
			}
		},
		{
			"from": [4.65, 20.75, 17.75],
			"to": [6.35, 21.75, 22],
			"rotation": {"angle": 0, "axis": "y", "origin": [0, 0, 2]},
			"faces": {
				"north": {"uv": [0, 0, 1.7, 1], "texture": "#8"},
				"east": {"uv": [1.088, 1.344, 6.106, 3.272], "texture": "#9"},
				"south": {"uv": [0, 0, 1.7, 1], "texture": "#8"},
				"west": {"uv": [0, 0, 4.25, 1], "texture": "#8"},
				"up": {"uv": [0, 0, 1.7, 4.25], "texture": "#8"},
				"down": {"uv": [0, 0, 1.7, 4.25], "texture": "#missing"}
			}
		},
		{
			"from": [9.65, 20.75, 23.5],
			"to": [11.35, 21.75, 27.75],
			"rotation": {"angle": 0, "axis": "y", "origin": [0, 0, 2]},
			"faces": {
				"north": {"uv": [0, 0, 1.7, 1], "texture": "#8"},
				"east": {"uv": [1.088, 1.344, 6.106, 3.272], "texture": "#9"},
				"south": {"uv": [0, 0, 1.7, 1], "texture": "#8"},
				"west": {"uv": [0, 0, 4.25, 1], "texture": "#8"},
				"up": {"uv": [0, 0, 1.7, 4.25], "texture": "#8"},
				"down": {"uv": [0, 0, 1.7, 4.25], "texture": "#missing"}
			}
		},
		{
			"from": [9.65, 20.75, 17.75],
			"to": [11.35, 21.75, 22],
			"rotation": {"angle": 0, "axis": "y", "origin": [0, 0, 2]},
			"faces": {
				"north": {"uv": [0, 0, 1.7, 1], "texture": "#8"},
				"east": {"uv": [1.088, 1.344, 6.106, 3.272], "texture": "#9"},
				"south": {"uv": [0, 0, 1.7, 1], "texture": "#8"},
				"west": {"uv": [0, 0, 4.25, 1], "texture": "#8"},
				"up": {"uv": [0, 0, 1.7, 4.25], "texture": "#8"},
				"down": {"uv": [0, 0, 1.7, 4.25], "texture": "#missing"}
			}
		},
		{
			"from": [7.558, 20.25338, -10.25],
			"to": [11.558, 21.25338, 32],
			"rotation": {"angle": 22.5, "axis": "z", "origin": [7.558, 1.50338, 2]},
			"faces": {
				"north": {"uv": [0, 0, 4, 1], "texture": "#13"},
				"east": {"uv": [0, 0, 16, 1], "texture": "#13"},
				"south": {"uv": [0, 0, 4, 1], "texture": "#13"},
				"west": {"uv": [0, 0, 16, 1], "texture": "#missing"},
				"up": {"uv": [0, 0, 4, 16], "texture": "#13"},
				"down": {"uv": [0, 0, 4, 16], "texture": "#12"}
			}
		},
		{
			"from": [4.74648, 21.78411, -10.25],
			"to": [8.74648, 22.78411, 32],
			"rotation": {"angle": -22.5, "axis": "z", "origin": [4.74648, 3.03411, 2]},
			"faces": {
				"north": {"uv": [0, 0, 4, 1], "texture": "#13"},
				"east": {"uv": [0, 0, 16, 1], "texture": "#missing"},
				"south": {"uv": [0, 0, 4, 1], "texture": "#13"},
				"west": {"uv": [0, 0, 16, 1], "texture": "#13"},
				"up": {"uv": [0, 0, 4, 16], "texture": "#13"},
				"down": {"uv": [0, 0, 4, 16], "texture": "#12"}
			}
		},
		{
			"from": [0, 5, -1],
			"to": [1, 11.25, 32],
			"rotation": {"angle": 0, "axis": "y", "origin": [0, 0, 2]},
			"faces": {
				"north": {"uv": [0, 0, 1, 6.25], "texture": "#8"},
				"east": {"uv": [0, 5.024, 16, 7.786], "texture": "#13"},
				"south": {"uv": [0, 0, 1, 6.25], "texture": "#13"},
				"west": {"uv": [0, 0.864, 15.776, 3.658], "texture": "#13"},
				"up": {"uv": [0, 0, 1, 16], "texture": "#13"},
				"down": {"uv": [0, 0, 1, 16], "texture": "#13"}
			}
		},
		{
			"from": [-0.25, 7.75, 17.25],
			"to": [0.75, 8.5, 23.25],
			"rotation": {"angle": 0, "axis": "y", "origin": [0, 0, 2]},
			"faces": {
				"north": {"uv": [0, 0, 1, 6.25], "texture": "#3"},
				"east": {"uv": [0, 5.024, 16, 7.786], "texture": "#3"},
				"south": {"uv": [0, 0, 1, 6.25], "texture": "#3"},
				"west": {"uv": [0, 0.864, 15.776, 3.658], "texture": "#3"},
				"up": {"uv": [0, 0, 1, 16], "texture": "#3"},
				"down": {"uv": [0, 0, 1, 16], "texture": "#3"}
			}
		},
		{
			"from": [-0.25, 7.75, 10.25],
			"to": [0.75, 8.5, 16.25],
			"rotation": {"angle": 0, "axis": "y", "origin": [0, 0, 2]},
			"faces": {
				"north": {"uv": [0, 0, 1, 6.25], "texture": "#3"},
				"east": {"uv": [0, 5.024, 16, 7.786], "texture": "#3"},
				"south": {"uv": [0, 0, 1, 6.25], "texture": "#3"},
				"west": {"uv": [0, 0.864, 15.776, 3.658], "texture": "#3"},
				"up": {"uv": [0, 0, 1, 16], "texture": "#3"},
				"down": {"uv": [0, 0, 1, 16], "texture": "#3"}
			}
		},
		{
			"from": [-0.25, 6.5, 24.25],
			"to": [0.75, 7.25, 30.25],
			"rotation": {"angle": 0, "axis": "y", "origin": [0, 0, 2]},
			"faces": {
				"north": {"uv": [0, 0, 1, 6.25], "texture": "#3"},
				"east": {"uv": [0, 5.024, 16, 7.786], "texture": "#3"},
				"south": {"uv": [0, 0, 1, 6.25], "texture": "#3"},
				"west": {"uv": [0, 0.864, 15.776, 3.658], "texture": "#3"},
				"up": {"uv": [0, 0, 1, 16], "texture": "#3"},
				"down": {"uv": [0, 0, 1, 16], "texture": "#3"}
			}
		},
		{
			"from": [15.25, 7.75, 17.25],
			"to": [16.25, 8.5, 23.25],
			"rotation": {"angle": 0, "axis": "y", "origin": [0, 0, 2]},
			"faces": {
				"north": {"uv": [0, 0, 1, 6.25], "texture": "#3"},
				"east": {"uv": [0, 5.024, 16, 7.786], "texture": "#3"},
				"south": {"uv": [0, 0, 1, 6.25], "texture": "#3"},
				"west": {"uv": [0, 0.864, 15.776, 3.658], "texture": "#3"},
				"up": {"uv": [0, 0, 1, 16], "texture": "#3"},
				"down": {"uv": [0, 0, 1, 16], "texture": "#3"}
			}
		},
		{
			"from": [15.25, 9, 17.25],
			"to": [16.25, 9.75, 23.25],
			"rotation": {"angle": 0, "axis": "y", "origin": [0, 0, 2]},
			"faces": {
				"north": {"uv": [0, 0, 1, 6.25], "texture": "#3"},
				"east": {"uv": [0, 5.024, 16, 7.786], "texture": "#3"},
				"south": {"uv": [0, 0, 1, 6.25], "texture": "#3"},
				"west": {"uv": [0, 0.864, 15.776, 3.658], "texture": "#3"},
				"up": {"uv": [0, 0, 1, 16], "texture": "#3"},
				"down": {"uv": [0, 0, 1, 16], "texture": "#3"}
			}
		},
		{
			"from": [15.25, 10.25, 17.25],
			"to": [16.25, 11, 23.25],
			"rotation": {"angle": 0, "axis": "y", "origin": [0, 0, 2]},
			"faces": {
				"north": {"uv": [0, 0, 1, 6.25], "texture": "#3"},
				"east": {"uv": [0, 5.024, 16, 7.786], "texture": "#3"},
				"south": {"uv": [0, 0, 1, 6.25], "texture": "#3"},
				"west": {"uv": [0, 0.864, 15.776, 3.658], "texture": "#3"},
				"up": {"uv": [0, 0, 1, 16], "texture": "#3"},
				"down": {"uv": [0, 0, 1, 16], "texture": "#3"}
			}
		},
		{
			"from": [15.25, 11.5, 17.25],
			"to": [16.25, 12.25, 23.25],
			"rotation": {"angle": 0, "axis": "y", "origin": [0, 0, 2]},
			"faces": {
				"north": {"uv": [0, 0, 1, 6.25], "texture": "#3"},
				"east": {"uv": [0, 5.024, 16, 7.786], "texture": "#3"},
				"south": {"uv": [0, 0, 1, 6.25], "texture": "#3"},
				"west": {"uv": [0, 0.864, 15.776, 3.658], "texture": "#3"},
				"up": {"uv": [0, 0, 1, 16], "texture": "#3"},
				"down": {"uv": [0, 0, 1, 16], "texture": "#3"}
			}
		},
		{
			"from": [15.25, 12.75, 17.25],
			"to": [16.25, 13.5, 23.25],
			"rotation": {"angle": 0, "axis": "y", "origin": [0, 0, 2]},
			"faces": {
				"north": {"uv": [0, 0, 1, 6.25], "texture": "#3"},
				"east": {"uv": [0, 5.024, 16, 7.786], "texture": "#3"},
				"south": {"uv": [0, 0, 1, 6.25], "texture": "#3"},
				"west": {"uv": [0, 0.864, 15.776, 3.658], "texture": "#3"},
				"up": {"uv": [0, 0, 1, 16], "texture": "#3"},
				"down": {"uv": [0, 0, 1, 16], "texture": "#3"}
			}
		},
		{
			"from": [15.25, 14, 17.25],
			"to": [16.25, 14.75, 23.25],
			"rotation": {"angle": 0, "axis": "y", "origin": [0, 0, 2]},
			"faces": {
				"north": {"uv": [0, 0, 1, 6.25], "texture": "#3"},
				"east": {"uv": [0, 5.024, 16, 7.786], "texture": "#3"},
				"south": {"uv": [0, 0, 1, 6.25], "texture": "#3"},
				"west": {"uv": [0, 0.864, 15.776, 3.658], "texture": "#3"},
				"up": {"uv": [0, 0, 1, 16], "texture": "#3"},
				"down": {"uv": [0, 0, 1, 16], "texture": "#3"}
			}
		},
		{
			"from": [15.25, 15.25, 17.25],
			"to": [16.25, 16, 23.25],
			"rotation": {"angle": 0, "axis": "y", "origin": [0, 0, 2]},
			"faces": {
				"north": {"uv": [0, 0, 1, 6.25], "texture": "#3"},
				"east": {"uv": [0, 5.024, 16, 7.786], "texture": "#3"},
				"south": {"uv": [0, 0, 1, 6.25], "texture": "#3"},
				"west": {"uv": [0, 0.864, 15.776, 3.658], "texture": "#3"},
				"up": {"uv": [0, 0, 1, 16], "texture": "#3"},
				"down": {"uv": [0, 0, 1, 16], "texture": "#3"}
			}
		},
		{
			"from": [15.25, 16.5, 17.25],
			"to": [16.25, 17.25, 23.25],
			"rotation": {"angle": 0, "axis": "y", "origin": [0, 0, 2]},
			"faces": {
				"north": {"uv": [0, 0, 1, 6.25], "texture": "#3"},
				"east": {"uv": [0, 5.024, 16, 7.786], "texture": "#3"},
				"south": {"uv": [0, 0, 1, 6.25], "texture": "#3"},
				"west": {"uv": [0, 0.864, 15.776, 3.658], "texture": "#3"},
				"up": {"uv": [0, 0, 1, 16], "texture": "#3"},
				"down": {"uv": [0, 0, 1, 16], "texture": "#3"}
			}
		},
		{
			"from": [15.25, 16.5, 10.25],
			"to": [16.25, 17.25, 16.25],
			"rotation": {"angle": 0, "axis": "y", "origin": [0, 0, 2]},
			"faces": {
				"north": {"uv": [0, 0, 1, 6.25], "texture": "#3"},
				"east": {"uv": [0, 5.024, 16, 7.786], "texture": "#3"},
				"south": {"uv": [0, 0, 1, 6.25], "texture": "#3"},
				"west": {"uv": [0, 0.864, 15.776, 3.658], "texture": "#3"},
				"up": {"uv": [0, 0, 1, 16], "texture": "#3"},
				"down": {"uv": [0, 0, 1, 16], "texture": "#3"}
			}
		},
		{
			"from": [15.25, 15.25, 10.25],
			"to": [16.25, 16, 16.25],
			"rotation": {"angle": 0, "axis": "y", "origin": [0, 0, 2]},
			"faces": {
				"north": {"uv": [0, 0, 1, 6.25], "texture": "#3"},
				"east": {"uv": [0, 5.024, 16, 7.786], "texture": "#3"},
				"south": {"uv": [0, 0, 1, 6.25], "texture": "#3"},
				"west": {"uv": [0, 0.864, 15.776, 3.658], "texture": "#3"},
				"up": {"uv": [0, 0, 1, 16], "texture": "#3"},
				"down": {"uv": [0, 0, 1, 16], "texture": "#3"}
			}
		},
		{
			"from": [15.25, 14, 10.25],
			"to": [16.25, 14.75, 16.25],
			"rotation": {"angle": 0, "axis": "y", "origin": [0, 0, 2]},
			"faces": {
				"north": {"uv": [0, 0, 1, 6.25], "texture": "#3"},
				"east": {"uv": [0, 5.024, 16, 7.786], "texture": "#3"},
				"south": {"uv": [0, 0, 1, 6.25], "texture": "#3"},
				"west": {"uv": [0, 0.864, 15.776, 3.658], "texture": "#3"},
				"up": {"uv": [0, 0, 1, 16], "texture": "#3"},
				"down": {"uv": [0, 0, 1, 16], "texture": "#3"}
			}
		},
		{
			"from": [15.25, 12.75, 10.25],
			"to": [16.25, 13.5, 16.25],
			"rotation": {"angle": 0, "axis": "y", "origin": [0, 0, 2]},
			"faces": {
				"north": {"uv": [0, 0, 1, 6.25], "texture": "#3"},
				"east": {"uv": [0, 5.024, 16, 7.786], "texture": "#3"},
				"south": {"uv": [0, 0, 1, 6.25], "texture": "#3"},
				"west": {"uv": [0, 0.864, 15.776, 3.658], "texture": "#3"},
				"up": {"uv": [0, 0, 1, 16], "texture": "#3"},
				"down": {"uv": [0, 0, 1, 16], "texture": "#3"}
			}
		},
		{
			"from": [15.25, 11.5, 10.25],
			"to": [16.25, 12.25, 16.25],
			"rotation": {"angle": 0, "axis": "y", "origin": [0, 0, 2]},
			"faces": {
				"north": {"uv": [0, 0, 1, 6.25], "texture": "#3"},
				"east": {"uv": [0, 5.024, 16, 7.786], "texture": "#3"},
				"south": {"uv": [0, 0, 1, 6.25], "texture": "#3"},
				"west": {"uv": [0, 0.864, 15.776, 3.658], "texture": "#3"},
				"up": {"uv": [0, 0, 1, 16], "texture": "#3"},
				"down": {"uv": [0, 0, 1, 16], "texture": "#3"}
			}
		},
		{
			"from": [15.25, 10.25, 10.25],
			"to": [16.25, 11, 16.25],
			"rotation": {"angle": 0, "axis": "y", "origin": [0, 0, 2]},
			"faces": {
				"north": {"uv": [0, 0, 1, 6.25], "texture": "#3"},
				"east": {"uv": [0, 5.024, 16, 7.786], "texture": "#3"},
				"south": {"uv": [0, 0, 1, 6.25], "texture": "#3"},
				"west": {"uv": [0, 0.864, 15.776, 3.658], "texture": "#3"},
				"up": {"uv": [0, 0, 1, 16], "texture": "#3"},
				"down": {"uv": [0, 0, 1, 16], "texture": "#3"}
			}
		},
		{
			"from": [15.25, 9, 10.25],
			"to": [16.25, 9.75, 16.25],
			"rotation": {"angle": 0, "axis": "y", "origin": [0, 0, 2]},
			"faces": {
				"north": {"uv": [0, 0, 1, 6.25], "texture": "#3"},
				"east": {"uv": [0, 5.024, 16, 7.786], "texture": "#3"},
				"south": {"uv": [0, 0, 1, 6.25], "texture": "#3"},
				"west": {"uv": [0, 0.864, 15.776, 3.658], "texture": "#3"},
				"up": {"uv": [0, 0, 1, 16], "texture": "#3"},
				"down": {"uv": [0, 0, 1, 16], "texture": "#3"}
			}
		},
		{
			"from": [15.25, 7.75, 10.25],
			"to": [16.25, 8.5, 16.25],
			"rotation": {"angle": 0, "axis": "y", "origin": [0, 0, 2]},
			"faces": {
				"north": {"uv": [0, 0, 1, 6.25], "texture": "#3"},
				"east": {"uv": [0, 5.024, 16, 7.786], "texture": "#3"},
				"south": {"uv": [0, 0, 1, 6.25], "texture": "#3"},
				"west": {"uv": [0, 0.864, 15.776, 3.658], "texture": "#3"},
				"up": {"uv": [0, 0, 1, 16], "texture": "#3"},
				"down": {"uv": [0, 0, 1, 16], "texture": "#3"}
			}
		},
		{
			"from": [15.25, 6.5, 10.25],
			"to": [16.25, 7.25, 16.25],
			"rotation": {"angle": 0, "axis": "y", "origin": [0, 0, 2]},
			"faces": {
				"north": {"uv": [0, 0, 1, 6.25], "texture": "#3"},
				"east": {"uv": [0, 5.024, 16, 7.786], "texture": "#3"},
				"south": {"uv": [0, 0, 1, 6.25], "texture": "#3"},
				"west": {"uv": [0, 0.864, 15.776, 3.658], "texture": "#3"},
				"up": {"uv": [0, 0, 1, 16], "texture": "#3"},
				"down": {"uv": [0, 0, 1, 16], "texture": "#3"}
			}
		},
		{
			"from": [15.25, 6.5, 17.25],
			"to": [16.25, 7.25, 23.25],
			"rotation": {"angle": 0, "axis": "y", "origin": [0, 0, 2]},
			"faces": {
				"north": {"uv": [0, 0, 1, 6.25], "texture": "#3"},
				"east": {"uv": [0, 5.024, 16, 7.786], "texture": "#3"},
				"south": {"uv": [0, 0, 1, 6.25], "texture": "#3"},
				"west": {"uv": [0, 0.864, 15.776, 3.658], "texture": "#3"},
				"up": {"uv": [0, 0, 1, 16], "texture": "#3"},
				"down": {"uv": [0, 0, 1, 16], "texture": "#3"}
			}
		},
		{
			"from": [15.25, 15.25, 24.25],
			"to": [16.25, 16, 30.25],
			"rotation": {"angle": 0, "axis": "y", "origin": [0, 0, 2]},
			"faces": {
				"north": {"uv": [0, 0, 1, 6.25], "texture": "#3"},
				"east": {"uv": [0, 5.024, 16, 7.786], "texture": "#3"},
				"south": {"uv": [0, 0, 1, 6.25], "texture": "#3"},
				"west": {"uv": [0, 0.864, 15.776, 3.658], "texture": "#3"},
				"up": {"uv": [0, 0, 1, 16], "texture": "#3"},
				"down": {"uv": [0, 0, 1, 16], "texture": "#3"}
			}
		},
		{
			"from": [15.25, 16.5, 24.25],
			"to": [16.25, 17.25, 30.25],
			"rotation": {"angle": 0, "axis": "y", "origin": [0, 0, 2]},
			"faces": {
				"north": {"uv": [0, 0, 1, 6.25], "texture": "#3"},
				"east": {"uv": [0, 5.024, 16, 7.786], "texture": "#3"},
				"south": {"uv": [0, 0, 1, 6.25], "texture": "#3"},
				"west": {"uv": [0, 0.864, 15.776, 3.658], "texture": "#3"},
				"up": {"uv": [0, 0, 1, 16], "texture": "#3"},
				"down": {"uv": [0, 0, 1, 16], "texture": "#3"}
			}
		},
		{
			"from": [15.25, 14, 24.25],
			"to": [16.25, 14.75, 30.25],
			"rotation": {"angle": 0, "axis": "y", "origin": [0, 0, 2]},
			"faces": {
				"north": {"uv": [0, 0, 1, 6.25], "texture": "#3"},
				"east": {"uv": [0, 5.024, 16, 7.786], "texture": "#3"},
				"south": {"uv": [0, 0, 1, 6.25], "texture": "#3"},
				"west": {"uv": [0, 0.864, 15.776, 3.658], "texture": "#3"},
				"up": {"uv": [0, 0, 1, 16], "texture": "#3"},
				"down": {"uv": [0, 0, 1, 16], "texture": "#3"}
			}
		},
		{
			"from": [15.25, 12.75, 24.25],
			"to": [16.25, 13.5, 30.25],
			"rotation": {"angle": 0, "axis": "y", "origin": [0, 0, 2]},
			"faces": {
				"north": {"uv": [0, 0, 1, 6.25], "texture": "#3"},
				"east": {"uv": [0, 5.024, 16, 7.786], "texture": "#3"},
				"south": {"uv": [0, 0, 1, 6.25], "texture": "#3"},
				"west": {"uv": [0, 0.864, 15.776, 3.658], "texture": "#3"},
				"up": {"uv": [0, 0, 1, 16], "texture": "#3"},
				"down": {"uv": [0, 0, 1, 16], "texture": "#3"}
			}
		},
		{
			"from": [15.25, 11.5, 24.25],
			"to": [16.25, 12.25, 30.25],
			"rotation": {"angle": 0, "axis": "y", "origin": [0, 0, 2]},
			"faces": {
				"north": {"uv": [0, 0, 1, 6.25], "texture": "#3"},
				"east": {"uv": [0, 5.024, 16, 7.786], "texture": "#3"},
				"south": {"uv": [0, 0, 1, 6.25], "texture": "#3"},
				"west": {"uv": [0, 0.864, 15.776, 3.658], "texture": "#3"},
				"up": {"uv": [0, 0, 1, 16], "texture": "#3"},
				"down": {"uv": [0, 0, 1, 16], "texture": "#3"}
			}
		},
		{
			"from": [15.25, 10.25, 24.25],
			"to": [16.25, 11, 30.25],
			"rotation": {"angle": 0, "axis": "y", "origin": [0, 0, 2]},
			"faces": {
				"north": {"uv": [0, 0, 1, 6.25], "texture": "#3"},
				"east": {"uv": [0, 5.024, 16, 7.786], "texture": "#3"},
				"south": {"uv": [0, 0, 1, 6.25], "texture": "#3"},
				"west": {"uv": [0, 0.864, 15.776, 3.658], "texture": "#3"},
				"up": {"uv": [0, 0, 1, 16], "texture": "#3"},
				"down": {"uv": [0, 0, 1, 16], "texture": "#3"}
			}
		},
		{
			"from": [15.25, 9, 24.25],
			"to": [16.25, 9.75, 30.25],
			"rotation": {"angle": 0, "axis": "y", "origin": [0, 0, 2]},
			"faces": {
				"north": {"uv": [0, 0, 1, 6.25], "texture": "#3"},
				"east": {"uv": [0, 5.024, 16, 7.786], "texture": "#3"},
				"south": {"uv": [0, 0, 1, 6.25], "texture": "#3"},
				"west": {"uv": [0, 0.864, 15.776, 3.658], "texture": "#3"},
				"up": {"uv": [0, 0, 1, 16], "texture": "#3"},
				"down": {"uv": [0, 0, 1, 16], "texture": "#3"}
			}
		},
		{
			"from": [15.25, 7.75, 24.25],
			"to": [16.25, 8.5, 30.25],
			"rotation": {"angle": 0, "axis": "y", "origin": [0, 0, 2]},
			"faces": {
				"north": {"uv": [0, 0, 1, 6.25], "texture": "#3"},
				"east": {"uv": [0, 5.024, 16, 7.786], "texture": "#3"},
				"south": {"uv": [0, 0, 1, 6.25], "texture": "#3"},
				"west": {"uv": [0, 0.864, 15.776, 3.658], "texture": "#3"},
				"up": {"uv": [0, 0, 1, 16], "texture": "#3"},
				"down": {"uv": [0, 0, 1, 16], "texture": "#3"}
			}
		},
		{
			"from": [15.25, 6.5, 24.25],
			"to": [16.25, 7.25, 30.25],
			"rotation": {"angle": 0, "axis": "y", "origin": [0, 0, 2]},
			"faces": {
				"north": {"uv": [0, 0, 1, 6.25], "texture": "#3"},
				"east": {"uv": [0, 5.024, 16, 7.786], "texture": "#3"},
				"south": {"uv": [0, 0, 1, 6.25], "texture": "#3"},
				"west": {"uv": [0, 0.864, 15.776, 3.658], "texture": "#3"},
				"up": {"uv": [0, 0, 1, 16], "texture": "#3"},
				"down": {"uv": [0, 0, 1, 16], "texture": "#3"}
			}
		},
		{
			"from": [-0.25, 6.5, 17.25],
			"to": [0.75, 7.25, 23.25],
			"rotation": {"angle": 0, "axis": "y", "origin": [0, 0, 2]},
			"faces": {
				"north": {"uv": [0, 0, 1, 6.25], "texture": "#3"},
				"east": {"uv": [0, 5.024, 16, 7.786], "texture": "#3"},
				"south": {"uv": [0, 0, 1, 6.25], "texture": "#3"},
				"west": {"uv": [0, 0.864, 15.776, 3.658], "texture": "#3"},
				"up": {"uv": [0, 0, 1, 16], "texture": "#3"},
				"down": {"uv": [0, 0, 1, 16], "texture": "#3"}
			}
		},
		{
			"from": [-0.25, 6.5, 10.25],
			"to": [0.75, 7.25, 16.25],
			"rotation": {"angle": 0, "axis": "y", "origin": [0, 0, 2]},
			"faces": {
				"north": {"uv": [0, 0, 1, 6.25], "texture": "#3"},
				"east": {"uv": [0, 5.024, 16, 7.786], "texture": "#3"},
				"south": {"uv": [0, 0, 1, 6.25], "texture": "#3"},
				"west": {"uv": [0, 0.864, 15.776, 3.658], "texture": "#3"},
				"up": {"uv": [0, 0, 1, 16], "texture": "#3"},
				"down": {"uv": [0, 0, 1, 16], "texture": "#3"}
			}
		},
		{
			"from": [-0.25, 16.5, 10.25],
			"to": [0.75, 17.25, 16.25],
			"rotation": {"angle": 0, "axis": "y", "origin": [0, 0, 2]},
			"faces": {
				"north": {"uv": [0, 0, 1, 6.25], "texture": "#3"},
				"east": {"uv": [0, 5.024, 16, 7.786], "texture": "#3"},
				"south": {"uv": [0, 0, 1, 6.25], "texture": "#3"},
				"west": {"uv": [0, 0.864, 15.776, 3.658], "texture": "#3"},
				"up": {"uv": [0, 0, 1, 16], "texture": "#3"},
				"down": {"uv": [0, 0, 1, 16], "texture": "#3"}
			}
		},
		{
			"from": [-0.25, 15.25, 10.25],
			"to": [0.75, 16, 16.25],
			"rotation": {"angle": 0, "axis": "y", "origin": [0, 0, 2]},
			"faces": {
				"north": {"uv": [0, 0, 1, 6.25], "texture": "#3"},
				"east": {"uv": [0, 5.024, 16, 7.786], "texture": "#3"},
				"south": {"uv": [0, 0, 1, 6.25], "texture": "#3"},
				"west": {"uv": [0, 0.864, 15.776, 3.658], "texture": "#3"},
				"up": {"uv": [0, 0, 1, 16], "texture": "#3"},
				"down": {"uv": [0, 0, 1, 16], "texture": "#3"}
			}
		},
		{
			"from": [-0.25, 14, 10.25],
			"to": [0.75, 14.75, 16.25],
			"rotation": {"angle": 0, "axis": "y", "origin": [0, 0, 2]},
			"faces": {
				"north": {"uv": [0, 0, 1, 6.25], "texture": "#3"},
				"east": {"uv": [0, 5.024, 16, 7.786], "texture": "#3"},
				"south": {"uv": [0, 0, 1, 6.25], "texture": "#3"},
				"west": {"uv": [0, 0.864, 15.776, 3.658], "texture": "#3"},
				"up": {"uv": [0, 0, 1, 16], "texture": "#3"},
				"down": {"uv": [0, 0, 1, 16], "texture": "#3"}
			}
		},
		{
			"from": [-0.25, 14, 17.25],
			"to": [0.75, 14.75, 23.25],
			"rotation": {"angle": 0, "axis": "y", "origin": [0, 0, 2]},
			"faces": {
				"north": {"uv": [0, 0, 1, 6.25], "texture": "#3"},
				"east": {"uv": [0, 5.024, 16, 7.786], "texture": "#3"},
				"south": {"uv": [0, 0, 1, 6.25], "texture": "#3"},
				"west": {"uv": [0, 0.864, 15.776, 3.658], "texture": "#3"},
				"up": {"uv": [0, 0, 1, 16], "texture": "#3"},
				"down": {"uv": [0, 0, 1, 16], "texture": "#3"}
			}
		},
		{
			"from": [-0.25, 15.25, 17.25],
			"to": [0.75, 16, 23.25],
			"rotation": {"angle": 0, "axis": "y", "origin": [0, 0, 2]},
			"faces": {
				"north": {"uv": [0, 0, 1, 6.25], "texture": "#3"},
				"east": {"uv": [0, 5.024, 16, 7.786], "texture": "#3"},
				"south": {"uv": [0, 0, 1, 6.25], "texture": "#3"},
				"west": {"uv": [0, 0.864, 15.776, 3.658], "texture": "#3"},
				"up": {"uv": [0, 0, 1, 16], "texture": "#3"},
				"down": {"uv": [0, 0, 1, 16], "texture": "#3"}
			}
		},
		{
			"from": [-0.25, 16.5, 17.25],
			"to": [0.75, 17.25, 23.25],
			"rotation": {"angle": 0, "axis": "y", "origin": [0, 0, 2]},
			"faces": {
				"north": {"uv": [0, 0, 1, 6.25], "texture": "#3"},
				"east": {"uv": [0, 5.024, 16, 7.786], "texture": "#3"},
				"south": {"uv": [0, 0, 1, 6.25], "texture": "#3"},
				"west": {"uv": [0, 0.864, 15.776, 3.658], "texture": "#3"},
				"up": {"uv": [0, 0, 1, 16], "texture": "#3"},
				"down": {"uv": [0, 0, 1, 16], "texture": "#3"}
			}
		},
		{
			"from": [-0.25, 16.5, 24.25],
			"to": [0.75, 17.25, 30.25],
			"rotation": {"angle": 0, "axis": "y", "origin": [0, 0, 2]},
			"faces": {
				"north": {"uv": [0, 0, 1, 6.25], "texture": "#3"},
				"east": {"uv": [0, 5.024, 16, 7.786], "texture": "#3"},
				"south": {"uv": [0, 0, 1, 6.25], "texture": "#3"},
				"west": {"uv": [0, 0.864, 15.776, 3.658], "texture": "#3"},
				"up": {"uv": [0, 0, 1, 16], "texture": "#3"},
				"down": {"uv": [0, 0, 1, 16], "texture": "#3"}
			}
		},
		{
			"from": [-0.25, 15.25, 24.25],
			"to": [0.75, 16, 30.25],
			"rotation": {"angle": 0, "axis": "y", "origin": [0, 0, 2]},
			"faces": {
				"north": {"uv": [0, 0, 1, 6.25], "texture": "#3"},
				"east": {"uv": [0, 5.024, 16, 7.786], "texture": "#3"},
				"south": {"uv": [0, 0, 1, 6.25], "texture": "#3"},
				"west": {"uv": [0, 0.864, 15.776, 3.658], "texture": "#3"},
				"up": {"uv": [0, 0, 1, 16], "texture": "#3"},
				"down": {"uv": [0, 0, 1, 16], "texture": "#3"}
			}
		},
		{
			"from": [-0.25, 14, 24.25],
			"to": [0.75, 14.75, 30.25],
			"rotation": {"angle": 0, "axis": "y", "origin": [0, 0, 2]},
			"faces": {
				"north": {"uv": [0, 0, 1, 6.25], "texture": "#3"},
				"east": {"uv": [0, 5.024, 16, 7.786], "texture": "#3"},
				"south": {"uv": [0, 0, 1, 6.25], "texture": "#3"},
				"west": {"uv": [0, 0.864, 15.776, 3.658], "texture": "#3"},
				"up": {"uv": [0, 0, 1, 16], "texture": "#3"},
				"down": {"uv": [0, 0, 1, 16], "texture": "#3"}
			}
		},
		{
			"from": [-0.25, 12.75, 24.25],
			"to": [0.75, 13.5, 30.25],
			"rotation": {"angle": 0, "axis": "y", "origin": [0, 0, 2]},
			"faces": {
				"north": {"uv": [0, 0, 1, 6.25], "texture": "#3"},
				"east": {"uv": [0, 5.024, 16, 7.786], "texture": "#3"},
				"south": {"uv": [0, 0, 1, 6.25], "texture": "#3"},
				"west": {"uv": [0, 0.864, 15.776, 3.658], "texture": "#3"},
				"up": {"uv": [0, 0, 1, 16], "texture": "#3"},
				"down": {"uv": [0, 0, 1, 16], "texture": "#3"}
			}
		},
		{
			"from": [-0.25, 12.75, 17.25],
			"to": [0.75, 13.5, 23.25],
			"rotation": {"angle": 0, "axis": "y", "origin": [0, 0, 2]},
			"faces": {
				"north": {"uv": [0, 0, 1, 6.25], "texture": "#3"},
				"east": {"uv": [0, 5.024, 16, 7.786], "texture": "#3"},
				"south": {"uv": [0, 0, 1, 6.25], "texture": "#3"},
				"west": {"uv": [0, 0.864, 15.776, 3.658], "texture": "#3"},
				"up": {"uv": [0, 0, 1, 16], "texture": "#3"},
				"down": {"uv": [0, 0, 1, 16], "texture": "#3"}
			}
		},
		{
			"from": [-0.25, 12.75, 10.25],
			"to": [0.75, 13.5, 16.25],
			"rotation": {"angle": 0, "axis": "y", "origin": [0, 0, 2]},
			"faces": {
				"north": {"uv": [0, 0, 1, 6.25], "texture": "#3"},
				"east": {"uv": [0, 5.024, 16, 7.786], "texture": "#3"},
				"south": {"uv": [0, 0, 1, 6.25], "texture": "#3"},
				"west": {"uv": [0, 0.864, 15.776, 3.658], "texture": "#3"},
				"up": {"uv": [0, 0, 1, 16], "texture": "#3"},
				"down": {"uv": [0, 0, 1, 16], "texture": "#3"}
			}
		},
		{
			"from": [-0.25, 7.75, 24.25],
			"to": [0.75, 8.5, 30.25],
			"rotation": {"angle": 0, "axis": "y", "origin": [0, 0, 2]},
			"faces": {
				"north": {"uv": [0, 0, 1, 6.25], "texture": "#3"},
				"east": {"uv": [0, 5.024, 16, 7.786], "texture": "#3"},
				"south": {"uv": [0, 0, 1, 6.25], "texture": "#3"},
				"west": {"uv": [0, 0.864, 15.776, 3.658], "texture": "#3"},
				"up": {"uv": [0, 0, 1, 16], "texture": "#3"},
				"down": {"uv": [0, 0, 1, 16], "texture": "#3"}
			}
		},
		{
			"from": [-0.25, 9, 10.25],
			"to": [0.75, 9.75, 16.25],
			"rotation": {"angle": 0, "axis": "y", "origin": [0, 0, 2]},
			"faces": {
				"north": {"uv": [0, 0, 1, 6.25], "texture": "#3"},
				"east": {"uv": [0, 5.024, 16, 7.786], "texture": "#3"},
				"south": {"uv": [0, 0, 1, 6.25], "texture": "#3"},
				"west": {"uv": [0, 0.864, 15.776, 3.658], "texture": "#3"},
				"up": {"uv": [0, 0, 1, 16], "texture": "#3"},
				"down": {"uv": [0, 0, 1, 16], "texture": "#3"}
			}
		},
		{
			"from": [-0.25, 9, 17.25],
			"to": [0.75, 9.75, 23.25],
			"rotation": {"angle": 0, "axis": "y", "origin": [0, 0, 2]},
			"faces": {
				"north": {"uv": [0, 0, 1, 6.25], "texture": "#3"},
				"east": {"uv": [0, 5.024, 16, 7.786], "texture": "#3"},
				"south": {"uv": [0, 0, 1, 6.25], "texture": "#3"},
				"west": {"uv": [0, 0.864, 15.776, 3.658], "texture": "#3"},
				"up": {"uv": [0, 0, 1, 16], "texture": "#3"},
				"down": {"uv": [0, 0, 1, 16], "texture": "#3"}
			}
		},
		{
			"from": [-0.25, 9, 24.25],
			"to": [0.75, 9.75, 30.25],
			"rotation": {"angle": 0, "axis": "y", "origin": [0, 0, 2]},
			"faces": {
				"north": {"uv": [0, 0, 1, 6.25], "texture": "#3"},
				"east": {"uv": [0, 5.024, 16, 7.786], "texture": "#3"},
				"south": {"uv": [0, 0, 1, 6.25], "texture": "#3"},
				"west": {"uv": [0, 0.864, 15.776, 3.658], "texture": "#3"},
				"up": {"uv": [0, 0, 1, 16], "texture": "#3"},
				"down": {"uv": [0, 0, 1, 16], "texture": "#3"}
			}
		},
		{
			"from": [-0.25, 10.25, 24.25],
			"to": [0.75, 11, 30.25],
			"rotation": {"angle": 0, "axis": "y", "origin": [0, 0, 2]},
			"faces": {
				"north": {"uv": [0, 0, 1, 6.25], "texture": "#3"},
				"east": {"uv": [0, 5.024, 16, 7.786], "texture": "#3"},
				"south": {"uv": [0, 0, 1, 6.25], "texture": "#3"},
				"west": {"uv": [0, 0.864, 15.776, 3.658], "texture": "#3"},
				"up": {"uv": [0, 0, 1, 16], "texture": "#3"},
				"down": {"uv": [0, 0, 1, 16], "texture": "#3"}
			}
		},
		{
			"from": [-0.25, 10.25, 17.25],
			"to": [0.75, 11, 23.25],
			"rotation": {"angle": 0, "axis": "y", "origin": [0, 0, 2]},
			"faces": {
				"north": {"uv": [0, 0, 1, 6.25], "texture": "#3"},
				"east": {"uv": [0, 5.024, 16, 7.786], "texture": "#3"},
				"south": {"uv": [0, 0, 1, 6.25], "texture": "#3"},
				"west": {"uv": [0, 0.864, 15.776, 3.658], "texture": "#3"},
				"up": {"uv": [0, 0, 1, 16], "texture": "#3"},
				"down": {"uv": [0, 0, 1, 16], "texture": "#3"}
			}
		},
		{
			"from": [-0.25, 10.25, 10.25],
			"to": [0.75, 11, 16.25],
			"rotation": {"angle": 0, "axis": "y", "origin": [0, 0, 2]},
			"faces": {
				"north": {"uv": [0, 0, 1, 6.25], "texture": "#3"},
				"east": {"uv": [0, 5.024, 16, 7.786], "texture": "#3"},
				"south": {"uv": [0, 0, 1, 6.25], "texture": "#3"},
				"west": {"uv": [0, 0.864, 15.776, 3.658], "texture": "#3"},
				"up": {"uv": [0, 0, 1, 16], "texture": "#3"},
				"down": {"uv": [0, 0, 1, 16], "texture": "#3"}
			}
		},
		{
			"from": [-0.25, 11.5, 10.25],
			"to": [0.75, 12.25, 16.25],
			"rotation": {"angle": 0, "axis": "y", "origin": [0, 0, 2]},
			"faces": {
				"north": {"uv": [0, 0, 1, 6.25], "texture": "#3"},
				"east": {"uv": [0, 5.024, 16, 7.786], "texture": "#3"},
				"south": {"uv": [0, 0, 1, 6.25], "texture": "#3"},
				"west": {"uv": [0, 0.864, 15.776, 3.658], "texture": "#3"},
				"up": {"uv": [0, 0, 1, 16], "texture": "#3"},
				"down": {"uv": [0, 0, 1, 16], "texture": "#3"}
			}
		},
		{
			"from": [-0.25, 11.5, 3],
			"to": [0.75, 15, 6.5],
			"rotation": {"angle": 0, "axis": "y", "origin": [0, 0, 2]},
			"faces": {
				"north": {"uv": [0, 0, 1, 6.25], "texture": "#3"},
				"east": {"uv": [0, 5.024, 16, 7.786], "texture": "#3"},
				"south": {"uv": [0, 0, 1, 6.25], "texture": "#3"},
				"west": {"uv": [6.208, 11.328, 8.064, 13.29], "texture": "#5"},
				"up": {"uv": [0, 0, 1, 16], "texture": "#3"},
				"down": {"uv": [0, 0, 1, 16], "texture": "#3"}
			}
		},
		{
			"from": [15.25, 11.5, 3],
			"to": [16.25, 15, 6.5],
			"rotation": {"angle": 0, "axis": "y", "origin": [0, 0, 2]},
			"faces": {
				"north": {"uv": [0, 0, 1, 6.25], "texture": "#3"},
				"east": {"uv": [8.16, 11.392, 9.6, 13.13], "texture": "#5"},
				"south": {"uv": [0, 0, 1, 6.25], "texture": "#3"},
				"west": {"uv": [0, 0.864, 15.776, 3.658], "texture": "#3"},
				"up": {"uv": [0, 0, 1, 16], "texture": "#3"},
				"down": {"uv": [0, 0, 1, 16], "texture": "#3"}
			}
		},
		{
			"from": [-0.25, 11.5, 17.25],
			"to": [0.75, 12.25, 23.25],
			"rotation": {"angle": 0, "axis": "y", "origin": [0, 0, 2]},
			"faces": {
				"north": {"uv": [0, 0, 1, 6.25], "texture": "#3"},
				"east": {"uv": [0, 5.024, 16, 7.786], "texture": "#3"},
				"south": {"uv": [0, 0, 1, 6.25], "texture": "#3"},
				"west": {"uv": [0, 0.864, 15.776, 3.658], "texture": "#3"},
				"up": {"uv": [0, 0, 1, 16], "texture": "#3"},
				"down": {"uv": [0, 0, 1, 16], "texture": "#3"}
			}
		},
		{
			"from": [-0.25, 11.5, 24.25],
			"to": [0.75, 12.25, 30.25],
			"rotation": {"angle": 0, "axis": "y", "origin": [0, 0, 2]},
			"faces": {
				"north": {"uv": [0, 0, 1, 6.25], "texture": "#3"},
				"east": {"uv": [0, 5.024, 16, 7.786], "texture": "#3"},
				"south": {"uv": [0, 0, 1, 6.25], "texture": "#3"},
				"west": {"uv": [0, 0.864, 15.776, 3.658], "texture": "#3"},
				"up": {"uv": [0, 0, 1, 16], "texture": "#3"},
				"down": {"uv": [0, 0, 1, 16], "texture": "#3"}
			}
		},
		{
			"from": [15, 5, -10.25],
			"to": [16, 11.25, -8.25],
			"rotation": {"angle": 0, "axis": "y", "origin": [0, 0, 2]},
			"faces": {
				"north": {"uv": [0, 0, 1, 6.25], "texture": "#13"},
				"east": {"uv": [0, 5.024, 16, 7.786], "texture": "#13"},
				"south": {"uv": [0, 0, 1, 6.25], "texture": "#8"},
				"west": {"uv": [0, 0, 16, 6.25], "texture": "#12"},
				"up": {"uv": [0, 0, 1, 16], "texture": "#13"},
				"down": {"uv": [0, 0, 1, 16], "texture": "#13"}
			}
		},
		{
			"from": [15, 11.25, -10.25],
			"to": [16, 18, -8.25],
			"rotation": {"angle": 0, "axis": "y", "origin": [0, 0, 2]},
			"faces": {
				"north": {"uv": [0, 0, 1, 6.75], "texture": "#13"},
				"east": {"uv": [0, 0, 5.25, 6.75], "texture": "#13"},
				"south": {"uv": [0, 0, 1, 6.75], "texture": "#8"},
				"west": {"uv": [0, 0, 10.786, 12.094], "texture": "#12"},
				"up": {"uv": [0, 0, 1, 5.25], "texture": "#13"},
				"down": {"uv": [0, 0, 1, 5.25], "texture": "#13"}
			}
		},
		{
			"from": [0, 10, -10.5],
			"to": [1, 18, -10.25],
			"rotation": {"angle": 0, "axis": "y", "origin": [0, 0, 2]},
			"faces": {
				"north": {"uv": [0, 0, 1, 6.75], "texture": "#13"},
				"east": {"uv": [6.59, 0, 16, 13.758], "texture": "#12"},
				"south": {"uv": [0, 0, 1, 6.75], "texture": "#8"},
				"west": {"uv": [0, 0, 5.25, 6.75], "texture": "#13"},
				"up": {"uv": [0, 0, 1, 5.25], "texture": "#13"},
				"down": {"uv": [0, 0, 1, 5.25], "texture": "#13"}
			}
		},
		{
			"from": [15, 10, -10.5],
			"to": [16, 18, -10.25],
			"rotation": {"angle": 0, "axis": "y", "origin": [0, 0, 2]},
			"faces": {
				"north": {"uv": [0, 0, 1, 6.75], "texture": "#13"},
				"east": {"uv": [0, 0, 5.25, 6.75], "texture": "#13"},
				"south": {"uv": [0, 0, 1, 6.75], "texture": "#8"},
				"west": {"uv": [0, 0, 10.786, 12.094], "texture": "#12"},
				"up": {"uv": [0, 0, 1, 5.25], "texture": "#13"},
				"down": {"uv": [0, 0, 1, 5.25], "texture": "#13"}
			}
		},
		{
			"from": [0, 10.5, -10.75],
			"to": [1, 17.75, -10.5],
			"rotation": {"angle": 0, "axis": "y", "origin": [0, 0, 2]},
			"faces": {
				"north": {"uv": [0, 0, 1, 6.75], "texture": "#13"},
				"east": {"uv": [6.59, 0, 16, 13.758], "texture": "#12"},
				"south": {"uv": [0, 0, 1, 6.75], "texture": "#8"},
				"west": {"uv": [0, 0, 5.25, 6.75], "texture": "#13"},
				"up": {"uv": [0, 0, 1, 5.25], "texture": "#13"},
				"down": {"uv": [0, 0, 1, 5.25], "texture": "#13"}
			}
		},
		{
			"from": [15, 10.5, -10.75],
			"to": [16, 17.75, -10.5],
			"rotation": {"angle": 0, "axis": "y", "origin": [0, 0, 2]},
			"faces": {
				"north": {"uv": [0, 0, 1, 6.75], "texture": "#13"},
				"east": {"uv": [0, 0, 5.25, 6.75], "texture": "#13"},
				"south": {"uv": [0, 0, 1, 6.75], "texture": "#8"},
				"west": {"uv": [0, 0, 10.786, 12.094], "texture": "#12"},
				"up": {"uv": [0, 0, 1, 5.25], "texture": "#13"},
				"down": {"uv": [0, 0, 1, 5.25], "texture": "#13"}
			}
		},
		{
			"from": [0, 11, -11],
			"to": [1, 17, -10.75],
			"rotation": {"angle": 0, "axis": "y", "origin": [0, 0, 2]},
			"faces": {
				"north": {"uv": [0, 0, 1, 6.75], "texture": "#13"},
				"east": {"uv": [6.59, 0, 16, 13.758], "texture": "#12"},
				"south": {"uv": [0, 0, 1, 6.75], "texture": "#8"},
				"west": {"uv": [0, 0, 5.25, 6.75], "texture": "#13"},
				"up": {"uv": [0, 0, 1, 5.25], "texture": "#13"},
				"down": {"uv": [0, 0, 1, 5.25], "texture": "#13"}
			}
		},
		{
			"from": [15, 11, -11],
			"to": [16, 17, -10.75],
			"rotation": {"angle": 0, "axis": "y", "origin": [0, 0, 2]},
			"faces": {
				"north": {"uv": [0, 0, 1, 6.75], "texture": "#13"},
				"east": {"uv": [0, 0, 5.25, 6.75], "texture": "#13"},
				"south": {"uv": [0, 0, 1, 6.75], "texture": "#8"},
				"west": {"uv": [0, 0, 10.786, 12.094], "texture": "#12"},
				"up": {"uv": [0, 0, 1, 5.25], "texture": "#13"},
				"down": {"uv": [0, 0, 1, 5.25], "texture": "#13"}
			}
		},
		{
			"from": [0, 11.75, -11.25],
			"to": [1, 16.25, -11],
			"rotation": {"angle": 0, "axis": "y", "origin": [0, 0, 2]},
			"faces": {
				"north": {"uv": [0, 0, 1, 6.75], "texture": "#13"},
				"east": {"uv": [6.59, 0, 16, 13.758], "texture": "#12"},
				"south": {"uv": [0, 0, 1, 6.75], "texture": "#8"},
				"west": {"uv": [0, 0, 5.25, 6.75], "texture": "#13"},
				"up": {"uv": [0, 0, 1, 5.25], "texture": "#13"},
				"down": {"uv": [0, 0, 1, 5.25], "texture": "#13"}
			}
		},
		{
			"from": [15, 11.75, -11.25],
			"to": [16, 16.25, -11],
			"rotation": {"angle": 0, "axis": "y", "origin": [0, 0, 2]},
			"faces": {
				"north": {"uv": [0, 0, 1, 6.75], "texture": "#13"},
				"east": {"uv": [0, 0, 5.25, 6.75], "texture": "#13"},
				"south": {"uv": [0, 0, 1, 6.75], "texture": "#8"},
				"west": {"uv": [0, 0, 10.786, 12.094], "texture": "#12"},
				"up": {"uv": [0, 0, 1, 5.25], "texture": "#13"},
				"down": {"uv": [0, 0, 1, 5.25], "texture": "#13"}
			}
		},
		{
			"from": [0, 12.25, -11.5],
			"to": [1, 15.75, -11.25],
			"rotation": {"angle": 0, "axis": "y", "origin": [0, 0, 2]},
			"faces": {
				"north": {"uv": [0, 0, 1, 6.75], "texture": "#13"},
				"east": {"uv": [6.59, 0, 16, 13.758], "texture": "#12"},
				"south": {"uv": [0, 0, 1, 6.75], "texture": "#8"},
				"west": {"uv": [0, 0, 5.25, 6.75], "texture": "#13"},
				"up": {"uv": [0, 0, 1, 5.25], "texture": "#13"},
				"down": {"uv": [0, 0, 1, 5.25], "texture": "#13"}
			}
		},
		{
			"from": [15, 12.25, -11.5],
			"to": [16, 15.75, -11.25],
			"rotation": {"angle": 0, "axis": "y", "origin": [0, 0, 2]},
			"faces": {
				"north": {"uv": [0, 0, 1, 6.75], "texture": "#13"},
				"east": {"uv": [0, 0, 5.25, 6.75], "texture": "#13"},
				"south": {"uv": [0, 0, 1, 6.75], "texture": "#8"},
				"west": {"uv": [0, 0, 10.786, 12.094], "texture": "#12"},
				"up": {"uv": [0, 0, 1, 5.25], "texture": "#13"},
				"down": {"uv": [0, 0, 1, 5.25], "texture": "#13"}
			}
		},
		{
			"from": [0, 12.75, -11.75],
			"to": [1, 15.25, -11.5],
			"rotation": {"angle": 0, "axis": "y", "origin": [0, 0, 2]},
			"faces": {
				"north": {"uv": [0, 0, 1, 6.75], "texture": "#13"},
				"east": {"uv": [6.59, 0, 16, 13.758], "texture": "#12"},
				"south": {"uv": [0, 0, 1, 6.75], "texture": "#8"},
				"west": {"uv": [0, 0, 5.25, 6.75], "texture": "#13"},
				"up": {"uv": [0, 0, 1, 5.25], "texture": "#13"},
				"down": {"uv": [0, 0, 1, 5.25], "texture": "#13"}
			}
		},
		{
			"from": [15, 12.75, -11.75],
			"to": [16, 15.25, -11.5],
			"rotation": {"angle": 0, "axis": "y", "origin": [0, 0, 2]},
			"faces": {
				"north": {"uv": [0, 0, 1, 6.75], "texture": "#13"},
				"east": {"uv": [0, 0, 5.25, 6.75], "texture": "#13"},
				"south": {"uv": [0, 0, 1, 6.75], "texture": "#8"},
				"west": {"uv": [0, 0, 10.786, 12.094], "texture": "#12"},
				"up": {"uv": [0, 0, 1, 5.25], "texture": "#13"},
				"down": {"uv": [0, 0, 1, 5.25], "texture": "#13"}
			}
		},
		{
			"from": [0, 13.5, -12],
			"to": [1, 14.5, -11.75],
			"rotation": {"angle": 0, "axis": "y", "origin": [0, 0, 2]},
			"faces": {
				"north": {"uv": [0, 0, 1, 6.75], "texture": "#13"},
				"east": {"uv": [6.59, 0, 16, 13.758], "texture": "#12"},
				"south": {"uv": [0, 0, 1, 6.75], "texture": "#8"},
				"west": {"uv": [0, 0, 5.25, 6.75], "texture": "#13"},
				"up": {"uv": [0, 0, 1, 5.25], "texture": "#13"},
				"down": {"uv": [0, 0, 1, 5.25], "texture": "#13"}
			}
		},
		{
			"from": [15, 13.5, -12],
			"to": [16, 14.5, -11.75],
			"rotation": {"angle": 0, "axis": "y", "origin": [0, 0, 2]},
			"faces": {
				"north": {"uv": [0, 0, 1, 6.75], "texture": "#13"},
				"east": {"uv": [0, 0, 5.25, 6.75], "texture": "#13"},
				"south": {"uv": [0, 0, 1, 6.75], "texture": "#8"},
				"west": {"uv": [0, 0, 10.786, 12.094], "texture": "#12"},
				"up": {"uv": [0, 0, 1, 5.25], "texture": "#13"},
				"down": {"uv": [0, 0, 1, 5.25], "texture": "#13"}
			}
		},
		{
			"from": [0, 11.25, -10.25],
			"to": [1, 18, -8.25],
			"rotation": {"angle": 0, "axis": "y", "origin": [0, 0, 2]},
			"faces": {
				"north": {"uv": [0, 0, 1, 6.75], "texture": "#13"},
				"east": {"uv": [6.59, 0, 16, 13.758], "texture": "#12"},
				"south": {"uv": [0, 0, 1, 6.75], "texture": "#8"},
				"west": {"uv": [0, 0, 5.25, 6.75], "texture": "#13"},
				"up": {"uv": [0, 0, 1, 5.25], "texture": "#13"},
				"down": {"uv": [0, 0, 1, 5.25], "texture": "#13"}
			}
		},
		{
			"from": [0, 5, -10.25],
			"to": [1, 11.25, -8.25],
			"rotation": {"angle": 0, "axis": "y", "origin": [0, 0, 2]},
			"faces": {
				"north": {"uv": [0, 0, 1, 6.25], "texture": "#13"},
				"east": {"uv": [0, 5.024, 16, 7.786], "texture": "#12"},
				"south": {"uv": [0, 0, 1, 6.25], "texture": "#8"},
				"west": {"uv": [0, 0.864, 15.776, 3.658], "texture": "#13"},
				"up": {"uv": [0, 0, 1, 16], "texture": "#13"},
				"down": {"uv": [0, 0, 1, 16], "texture": "#13"}
			}
		},
		{
			"from": [15, 5, -1],
			"to": [16, 11.25, 32],
			"rotation": {"angle": 0, "axis": "y", "origin": [0, 0, 2]},
			"faces": {
				"north": {"uv": [0, 0, 1, 6.25], "texture": "#8"},
				"east": {"uv": [0, 5.024, 16, 7.786], "texture": "#13"},
				"south": {"uv": [0, 0, 1, 6.25], "texture": "#13"},
				"west": {"uv": [0, 0, 16, 6.25], "texture": "#13"},
				"up": {"uv": [0, 0, 1, 16], "texture": "#13"},
				"down": {"uv": [0, 0, 1, 16], "texture": "#13"}
			}
		},
		{
			"from": [15.25, 5, -8.25],
			"to": [15.75, 11.25, -1],
			"rotation": {"angle": 0, "axis": "y", "origin": [0, 0, 2]},
			"faces": {
				"north": {"uv": [0, 0, 1, 6.25], "texture": "#13"},
				"east": {"uv": [0, 5.024, 16, 7.786], "texture": "#13"},
				"south": {"uv": [0, 0, 1, 6.25], "texture": "#13"},
				"west": {"uv": [0, 0, 16, 6.25], "texture": "#12"},
				"up": {"uv": [0, 0, 1, 16], "texture": "#8"},
				"down": {"uv": [0, 0, 1, 16], "texture": "#13"}
			}
		},
		{
			"from": [15.25, 16.25, -8.25],
			"to": [15.75, 18, -1],
			"rotation": {"angle": 0, "axis": "y", "origin": [0, 0, 2]},
			"faces": {
				"north": {"uv": [0, 0, 1, 6.25], "texture": "#13"},
				"east": {"uv": [0, 5.024, 16, 7.786], "texture": "#13"},
				"south": {"uv": [0, 0, 1, 6.25], "texture": "#13"},
				"west": {"uv": [0, 0, 16, 6.25], "texture": "#12"},
				"up": {"uv": [0, 0, 1, 16], "texture": "#13"},
				"down": {"uv": [0, 0, 1, 16], "texture": "#8"}
			}
		},
		{
			"from": [15.25, 11.25, -1.75],
			"to": [15.75, 16.25, -1],
			"rotation": {"angle": 0, "axis": "y", "origin": [0, 0, 2]},
			"faces": {
				"north": {"uv": [0, 0, 1, 6.25], "texture": "#8"},
				"east": {"uv": [0, 5.024, 16, 7.786], "texture": "#13"},
				"south": {"uv": [0, 0, 1, 6.25], "texture": "#13"},
				"west": {"uv": [0, 0, 16, 6.25], "texture": "#12"},
				"up": {"uv": [0, 0, 1, 16], "texture": "#13"},
				"down": {"uv": [0, 0, 1, 16], "texture": "#13"}
			}
		},
		{
			"from": [15.25, 11.25, -8.25],
			"to": [15.75, 16.25, -7.5],
			"rotation": {"angle": 0, "axis": "y", "origin": [0, 0, 2]},
			"faces": {
				"north": {"uv": [0, 0, 1, 6.25], "texture": "#13"},
				"east": {"uv": [0, 5.024, 16, 7.786], "texture": "#13"},
				"south": {"uv": [0, 0, 1, 6.25], "texture": "#8"},
				"west": {"uv": [0, 0, 16, 6.25], "texture": "#12"},
				"up": {"uv": [0, 0, 1, 16], "texture": "#13"},
				"down": {"uv": [0, 0, 1, 16], "texture": "#13"}
			}
		},
		{
			"from": [1.75, 18.75, 31],
			"to": [14.25, 19.75, 32],
			"rotation": {"angle": 0, "axis": "y", "origin": [0, 0, 2]},
			"faces": {
				"north": {"uv": [0, 0, 12.5, 1], "texture": "#12"},
				"east": {"uv": [0, 0, 1, 1], "texture": "#missing"},
				"south": {"uv": [0, 0, 12.5, 1], "texture": "#13"},
				"west": {"uv": [0, 0, 1, 1], "texture": "#missing"},
				"up": {"uv": [0, 0, 12.5, 1], "texture": "#missing"},
				"down": {"uv": [0, 0, 12.5, 1], "texture": "#12"}
			}
		},
		{
			"from": [1.5, 18.75, 31],
			"to": [14.5, 19.5, 32],
			"rotation": {"angle": 0, "axis": "y", "origin": [0, 0, 2]},
			"faces": {
				"north": {"uv": [0, 0, 13, 0.75], "texture": "#12"},
				"east": {"uv": [0, 0, 1, 0.75], "texture": "#missing"},
				"south": {"uv": [0, 0, 13, 0.75], "texture": "#13"},
				"west": {"uv": [0, 0, 1, 0.75], "texture": "#missing"},
				"up": {"uv": [0, 0, 13, 1], "texture": "#missing"},
				"down": {"uv": [0, 0, 13, 1], "texture": "#12"}
			}
		},
		{
			"from": [1.25, 18.75, 31],
			"to": [14.75, 19.25, 32],
			"rotation": {"angle": 0, "axis": "y", "origin": [0, 0, 2]},
			"faces": {
				"north": {"uv": [0, 0, 13.5, 0.5], "texture": "#12"},
				"east": {"uv": [0, 0, 1, 0.5], "texture": "#missing"},
				"south": {"uv": [0, 0, 13.5, 0.5], "texture": "#13"},
				"west": {"uv": [0, 0, 1, 0.5], "texture": "#missing"},
				"up": {"uv": [0, 0, 13.5, 1], "texture": "#missing"},
				"down": {"uv": [0, 0, 13.5, 1], "texture": "#12"}
			}
		},
		{
			"from": [1, 18.75, 31],
			"to": [15, 19.35, 32],
			"rotation": {"angle": 0, "axis": "y", "origin": [0, 0, 2]},
			"faces": {
				"north": {"uv": [0, 0, 14, 0.6], "texture": "#12"},
				"east": {"uv": [0, 0, 1, 0.6], "texture": "#missing"},
				"south": {"uv": [0, 0, 14, 0.6], "texture": "#13"},
				"west": {"uv": [0, 0, 1, 0.6], "texture": "#missing"},
				"up": {"uv": [0, 0, 14, 1], "texture": "#missing"},
				"down": {"uv": [0, 0, 14, 1], "texture": "#12"}
			}
		},
		{
			"from": [15, 11.25, -1],
			"to": [16, 18, 25.25],
			"rotation": {"angle": 0, "axis": "y", "origin": [0, 0, 2]},
			"faces": {
				"north": {"uv": [0, 0, 1, 6.75], "texture": "#8"},
				"east": {"uv": [0, 0, 5.25, 6.75], "texture": "#13"},
				"south": {"uv": [0, 0, 1, 6.75], "texture": "#13"},
				"west": {"uv": [0, 0, 10.786, 12.094], "texture": "#13"},
				"up": {"uv": [0, 0, 1, 5.25], "texture": "#13"},
				"down": {"uv": [0, 0, 1, 5.25], "texture": "#13"}
			}
		},
		{
			"from": [15, 11.25, 25.25],
			"to": [16, 18, 32],
			"rotation": {"angle": 0, "axis": "y", "origin": [0, 0, 2]},
			"faces": {
				"north": {"uv": [0, 0, 1, 6.75], "texture": "#13"},
				"east": {"uv": [0, 0, 6.75, 6.75], "texture": "#13"},
				"south": {"uv": [0, 0, 1, 6.75], "texture": "#13"},
				"west": {"uv": [0, 0, 6.75, 6.75], "texture": "#13"},
				"up": {"uv": [0, 0, 1, 6.75], "texture": "#13"},
				"down": {"uv": [0, 0, 1, 6.75], "texture": "#13"}
			}
		},
		{
			"from": [0, 11.25, -1],
			"to": [1, 18, 25.25],
			"rotation": {"angle": 0, "axis": "y", "origin": [0, 0, 2]},
			"faces": {
				"north": {"uv": [0, 0, 1, 6.75], "texture": "#8"},
				"east": {"uv": [6.59, 0, 16, 13.758], "texture": "#13"},
				"south": {"uv": [0, 0, 1, 6.75], "texture": "#13"},
				"west": {"uv": [0, 0, 5.25, 6.75], "texture": "#13"},
				"up": {"uv": [0, 0, 1, 5.25], "texture": "#13"},
				"down": {"uv": [0, 0, 1, 5.25], "texture": "#13"}
			}
		},
		{
			"from": [0, 11.25, 25.25],
			"to": [1, 18, 32],
			"rotation": {"angle": 0, "axis": "y", "origin": [0, 0, 2]},
			"faces": {
				"north": {"uv": [0, 0, 1, 6.75], "texture": "#13"},
				"east": {"uv": [0, 0, 6.75, 6.75], "texture": "#13"},
				"south": {"uv": [0, 0, 1, 6.75], "texture": "#13"},
				"west": {"uv": [0, 0, 6.75, 6.75], "texture": "#13"},
				"up": {"uv": [0, 0, 1, 6.75], "texture": "#13"},
				"down": {"uv": [0, 0, 1, 6.75], "texture": "#13"}
			}
		},
		{
			"from": [15, 18, -3.75],
			"to": [16, 18.75, 32],
			"rotation": {"angle": 0, "axis": "y", "origin": [0, 0, 2]},
			"faces": {
				"north": {"uv": [0, 0, 1, 0.75], "texture": "#missing"},
				"east": {"uv": [0, 0, 16, 0.75], "texture": "#13"},
				"south": {"uv": [0, 0, 1, 0.75], "texture": "#13"},
				"west": {"uv": [0, 0, 16, 0.75], "texture": "#12"},
				"up": {"uv": [0, 0, 1, 16], "texture": "#missing"},
				"down": {"uv": [0, 0, 1, 16], "texture": "#8"}
			}
		},
		{
			"from": [0, 18, -3.75],
			"to": [1, 18.75, 32],
			"rotation": {"angle": 0, "axis": "y", "origin": [0, 0, 2]},
			"faces": {
				"north": {"uv": [0, 0, 1, 0.75], "texture": "#missing"},
				"east": {"uv": [0, 0, 16, 0.75], "texture": "#12"},
				"south": {"uv": [0, 0, 1, 0.75], "texture": "#13"},
				"west": {"uv": [0, 0, 16, 0.75], "texture": "#13"},
				"up": {"uv": [0, 0, 1, 16], "texture": "#missing"},
				"down": {"uv": [0, 0, 1, 16], "texture": "#8"}
			}
		},
		{
			"from": [15, 18, -10.25],
			"to": [16, 18.75, -3.75],
			"rotation": {"angle": 0, "axis": "y", "origin": [0, 0, 2]},
			"faces": {
				"north": {"uv": [0, 0, 1, 0.75], "texture": "#13"},
				"east": {"uv": [0, 0, 10.25, 0.75], "texture": "#13"},
				"south": {"uv": [0, 0, 1, 0.75], "texture": "#missing"},
				"west": {"uv": [0, 0, 10.25, 0.75], "texture": "#12"},
				"up": {"uv": [0, 0, 1, 10.25], "texture": "#missing"},
				"down": {"uv": [0, 0, 1, 10.25], "texture": "#8"}
			}
		},
		{
			"from": [0, 18, -10.25],
			"to": [1, 18.75, -3.75],
			"rotation": {"angle": 0, "axis": "y", "origin": [0, 0, 2]},
			"faces": {
				"north": {"uv": [0, 0, 1, 0.75], "texture": "#13"},
				"east": {"uv": [0, 0, 10.25, 0.75], "texture": "#12"},
				"south": {"uv": [0, 0, 1, 0.75], "texture": "#missing"},
				"west": {"uv": [0, 0, 10.25, 0.75], "texture": "#13"},
				"up": {"uv": [0, 0, 1, 10.25], "texture": "#missing"},
				"down": {"uv": [0, 0, 1, 10.25], "texture": "#8"}
			}
		},
		{
			"from": [15.25, 11.25, -7.5],
			"to": [15.75, 16.25, -1.75],
			"rotation": {"angle": 0, "axis": "y", "origin": [0, 0, 2]},
			"faces": {
				"north": {"uv": [0, 0, 1, 6.25], "texture": "#13"},
				"east": {"uv": [0, 0, 16, 16], "texture": "#10"},
				"south": {"uv": [0, 0, 1, 6.25], "texture": "#13"},
				"west": {"uv": [0, 0, 16, 16], "texture": "#10"},
				"up": {"uv": [0, 0, 1, 16], "texture": "#13"},
				"down": {"uv": [0, 0, 1, 16], "texture": "#13"}
			}
		},
		{
			"from": [1, 15.71811, -7.75997],
			"to": [15, 19.96811, -7.25997],
			"rotation": {"angle": -22.5, "axis": "x", "origin": [1, 5.46811, 4.99003]},
			"faces": {
				"north": {"uv": [0, 10.5, 16, 16], "texture": "#10"},
				"east": {"uv": [0, 0, 16, 1.5], "texture": "#13"},
				"south": {"uv": [0, 10.5, 16, 16], "texture": "#10"},
				"west": {"uv": [0, 0, 16, 1.5], "texture": "#13"},
				"up": {"uv": [8, 5, 9, 6], "texture": "#10"},
				"down": {"uv": [0, 0, 16, 16], "texture": "#13"}
			}
		},
		{
			"from": [1, 1.99104, -15.30028],
			"to": [15, 7.49104, -14.80028],
			"rotation": {"angle": 22.5, "axis": "x", "origin": [1, 0.54276, 16.32991]},
			"faces": {
				"north": {"uv": [0, 0, 16, 9.5], "texture": "#10"},
				"east": {"uv": [0, 0, 16, 1.5], "texture": "#13"},
				"south": {"uv": [0, 0, 16, 9.5], "texture": "#10"},
				"west": {"uv": [0, 0, 16, 1.5], "texture": "#13"},
				"up": {"uv": [0, 0, 6, 16], "texture": "#13"},
				"down": {"uv": [4, 7, 10, 10], "texture": "#10"}
			}
		},
		{
			"from": [1.5, 7.25, -11],
			"to": [3, 8.75, -10.75],
			"faces": {
				"north": {"uv": [0, 0, 16, 16], "texture": "#11"},
				"east": {"uv": [0, 0, 1.5, 4.25], "texture": "#13"},
				"south": {"uv": [0, 0, 16, 16], "texture": "#13"},
				"west": {"uv": [0, 0, 1.5, 4.25], "texture": "#13"},
				"up": {"uv": [0, 0, 16, 1.5], "texture": "#13"},
				"down": {"uv": [0, 0, 16, 1.5], "texture": "#13"}
			}
		},
		{
			"from": [6, 3.25, -10.9],
			"to": [10, 4.75, -10.65],
			"faces": {
				"north": {"uv": [0, 0, 16, 16], "texture": "#2"},
				"east": {"uv": [0, 0, 1.5, 4.25], "texture": "#2"},
				"south": {"uv": [0, 0, 16, 16], "texture": "#2"},
				"west": {"uv": [0, 0, 1.5, 4.25], "texture": "#2"},
				"up": {"uv": [0, 0, 16, 1.5], "texture": "#2"},
				"down": {"uv": [0, 0, 16, 1.5], "texture": "#2"}
			}
		},
		{
			"from": [9.5, 3.25, -11.65],
			"to": [10, 4.75, -10.9],
			"faces": {
				"north": {"uv": [0, 0, 16, 16], "texture": "#2"},
				"east": {"uv": [0, 0, 1.5, 4.25], "texture": "#2"},
				"south": {"uv": [0, 0, 16, 16], "texture": "#2"},
				"west": {"uv": [0, 0, 1.5, 4.25], "texture": "#2"},
				"up": {"uv": [0, 0, 16, 1.5], "texture": "#2"},
				"down": {"uv": [0, 0, 16, 1.5], "texture": "#2"}
			}
		},
		{
			"from": [6, 3.25, -11.65],
			"to": [6.5, 4.75, -10.9],
			"faces": {
				"north": {"uv": [0, 0, 16, 16], "texture": "#2"},
				"east": {"uv": [0, 0, 1.5, 4.25], "texture": "#2"},
				"south": {"uv": [0, 0, 16, 16], "texture": "#2"},
				"west": {"uv": [0, 0, 1.5, 4.25], "texture": "#2"},
				"up": {"uv": [0, 0, 16, 1.5], "texture": "#2"},
				"down": {"uv": [0, 0, 16, 1.5], "texture": "#2"}
			}
		},
		{
			"from": [6.5, 4.25, -11.65],
			"to": [9.5, 4.75, -10.9],
			"faces": {
				"north": {"uv": [0, 0, 16, 16], "texture": "#2"},
				"east": {"uv": [0, 0, 1.5, 4.25], "texture": "#2"},
				"south": {"uv": [0, 0, 16, 16], "texture": "#2"},
				"west": {"uv": [0, 0, 1.5, 4.25], "texture": "#2"},
				"up": {"uv": [0, 0, 16, 1.5], "texture": "#2"},
				"down": {"uv": [0, 0, 16, 1.5], "texture": "#2"}
			}
		},
		{
			"from": [6.5, 3.25, -11.65],
			"to": [9.5, 3.75, -10.9],
			"faces": {
				"north": {"uv": [0, 0, 16, 16], "texture": "#2"},
				"east": {"uv": [0, 0, 1.5, 4.25], "texture": "#2"},
				"south": {"uv": [0, 0, 16, 16], "texture": "#2"},
				"west": {"uv": [0, 0, 1.5, 4.25], "texture": "#2"},
				"up": {"uv": [0, 0, 16, 1.5], "texture": "#2"},
				"down": {"uv": [0, 0, 16, 1.5], "texture": "#2"}
			}
		},
		{
			"from": [7.75, 3.75, -11.65],
			"to": [8.25, 4.25, -10.9],
			"faces": {
				"north": {"uv": [0, 0, 16, 16], "texture": "#2"},
				"east": {"uv": [0, 0, 1.5, 4.25], "texture": "#2"},
				"south": {"uv": [0, 0, 16, 16], "texture": "#2"},
				"west": {"uv": [0, 0, 1.5, 4.25], "texture": "#2"},
				"up": {"uv": [0, 0, 16, 1.5], "texture": "#2"},
				"down": {"uv": [0, 0, 16, 1.5], "texture": "#2"}
			}
		},
		{
			"from": [8.25, 3.75, -12.4],
			"to": [9.5, 4.25, -10.9],
			"faces": {
				"north": {"uv": [0, 0, 16, 16], "texture": "#2"},
				"east": {"uv": [0, 0, 1.5, 4.25], "texture": "#2"},
				"south": {"uv": [0, 0, 16, 16], "texture": "#2"},
				"west": {"uv": [0, 0, 1.5, 4.25], "texture": "#2"},
				"up": {"uv": [0, 0, 16, 1.5], "texture": "#2"},
				"down": {"uv": [0, 0, 16, 1.5], "texture": "#2"}
			}
		},
		{
			"from": [13, 7.25, -11],
			"to": [14.5, 8.75, -10.75],
			"faces": {
				"north": {"uv": [0, 0, 16, 16], "texture": "#11"},
				"east": {"uv": [0, 0, 1.5, 4.25], "texture": "#13"},
				"south": {"uv": [0, 0, 16, 16], "texture": "#13"},
				"west": {"uv": [0, 0, 1.5, 4.25], "texture": "#13"},
				"up": {"uv": [0, 0, 16, 1.5], "texture": "#13"},
				"down": {"uv": [0, 0, 16, 1.5], "texture": "#13"}
			}
		}
	],
	"display": {
		"thirdperson_righthand": {
			"scale": [4, 4, 4]
		},
		"head": {
			"rotation": [0, 180, 0],
			"scale": [4, 4, 4]
		}
	}
}