{
	"credit": "Made with Blockbench",
	"textures": {
		"14": "block/siemens/metal",
		"particle": "block/siemens/window"
	},
	"elements": [
		{
			"from": [5.75, 5.25, 5.75],
			"to": [10.25, 5.75, 15.75],
			"rotation": {"angle": 0, "axis": "y", "origin": [0, -17.5, -16]},
			"faces": {
				"north": {"uv": [0, 0, 5.2, 1], "texture": "#14"},
				"east": {"uv": [0, 0, 13.25, 1], "texture": "#14"},
				"south": {"uv": [0, 0, 5.2, 1], "texture": "#14"},
				"west": {"uv": [0, 0, 13.25, 1], "texture": "#14"},
				"up": {"uv": [8.288, 5.792, 11.28, 13.856], "texture": "#14"},
				"down": {"uv": [0, 0, 5.2, 13.25], "texture": "#14"}
			}
		},
		{
			"from": [7.75, 3.33528, -2.72767],
			"to": [8.25, 3.88528, 1.82233],
			"rotation": {"angle": -45, "axis": "x", "origin": [0, 16.5, -1]},
			"faces": {
				"north": {"uv": [0, 0, 5.2, 1], "texture": "#14"},
				"east": {"uv": [0, 0, 13.25, 1], "texture": "#14"},
				"south": {"uv": [0, 0, 5.2, 1], "texture": "#14"},
				"west": {"uv": [0, 0, 13.25, 1], "texture": "#14"},
				"up": {"uv": [8.288, 5.792, 11.28, 13.856], "texture": "#14"},
				"down": {"uv": [0, 0, 5.2, 13.25], "texture": "#14"}
			}
		},
		{
			"from": [7.25, 3.33528, 1.27233],
			"to": [7.75, 3.88528, 5.82233],
			"rotation": {"angle": -45, "axis": "x", "origin": [0, 16.5, -1]},
			"faces": {
				"north": {"uv": [0, 0, 5.2, 1], "texture": "#14"},
				"east": {"uv": [0, 0, 13.25, 1], "texture": "#14"},
				"south": {"uv": [0, 0, 5.2, 1], "texture": "#14"},
				"west": {"uv": [0, 0, 13.25, 1], "texture": "#14"},
				"up": {"uv": [8.288, 5.792, 11.28, 13.856], "texture": "#14"},
				"down": {"uv": [0, 0, 5.2, 13.25], "texture": "#14"}
			}
		},
		{
			"from": [8.25, 3.33528, 1.27233],
			"to": [8.75, 3.88528, 5.82233],
			"rotation": {"angle": -45, "axis": "x", "origin": [0, 16.5, -1]},
			"faces": {
				"north": {"uv": [0, 0, 5.2, 1], "texture": "#14"},
				"east": {"uv": [0, 0, 13.25, 1], "texture": "#14"},
				"south": {"uv": [0, 0, 5.2, 1], "texture": "#14"},
				"west": {"uv": [0, 0, 13.25, 1], "texture": "#14"},
				"up": {"uv": [8.288, 5.792, 11.28, 13.856], "texture": "#14"},
				"down": {"uv": [0, 0, 5.2, 13.25], "texture": "#14"}
			}
		},
		{
			"from": [8.75, 3.33528, 5.27233],
			"to": [9.25, 7.88528, 5.82233],
			"rotation": {"angle": -45, "axis": "x", "origin": [0, 16.5, -1]},
			"faces": {
				"north": {"uv": [0, 0, 5.2, 1], "texture": "#14"},
				"east": {"uv": [0, 0, 13.25, 1], "texture": "#14"},
				"south": {"uv": [0, 0, 5.2, 1], "texture": "#14"},
				"west": {"uv": [0, 0, 13.25, 1], "texture": "#14"},
				"up": {"uv": [8.288, 5.792, 11.28, 13.856], "texture": "#14"},
				"down": {"uv": [0, 0, 5.2, 13.25], "texture": "#14"}
			}
		},
		{
			"from": [6.75, 3.33528, 5.27233],
			"to": [7.25, 7.88528, 5.82233],
			"rotation": {"angle": -45, "axis": "x", "origin": [0, 16.5, -1]},
			"faces": {
				"north": {"uv": [0, 0, 5.2, 1], "texture": "#14"},
				"east": {"uv": [0, 0, 13.25, 1], "texture": "#14"},
				"south": {"uv": [0, 0, 5.2, 1], "texture": "#14"},
				"west": {"uv": [0, 0, 13.25, 1], "texture": "#14"},
				"up": {"uv": [8.288, 5.792, 11.28, 13.856], "texture": "#14"},
				"down": {"uv": [0, 0, 5.2, 13.25], "texture": "#14"}
			}
		},
		{
			"from": [9.25, 7.33528, 5.27233],
			"to": [9.75, 11.88528, 5.82233],
			"rotation": {"angle": -45, "axis": "x", "origin": [0, 16.5, -1]},
			"faces": {
				"north": {"uv": [0, 0, 5.2, 1], "texture": "#14"},
				"east": {"uv": [0, 0, 13.25, 1], "texture": "#14"},
				"south": {"uv": [0, 0, 5.2, 1], "texture": "#14"},
				"west": {"uv": [0, 0, 13.25, 1], "texture": "#14"},
				"up": {"uv": [8.288, 5.792, 11.28, 13.856], "texture": "#14"},
				"down": {"uv": [0, 0, 5.2, 13.25], "texture": "#14"}
			}
		},
		{
			"from": [6.25, 7.33528, 5.27233],
			"to": [6.75, 11.88528, 5.82233],
			"rotation": {"angle": -45, "axis": "x", "origin": [0, 16.5, -1]},
			"faces": {
				"north": {"uv": [0, 0, 5.2, 1], "texture": "#14"},
				"east": {"uv": [0, 0, 13.25, 1], "texture": "#14"},
				"south": {"uv": [0, 0, 5.2, 1], "texture": "#14"},
				"west": {"uv": [0, 0, 13.25, 1], "texture": "#14"},
				"up": {"uv": [8.288, 5.792, 11.28, 13.856], "texture": "#14"},
				"down": {"uv": [0, 0, 5.2, 13.25], "texture": "#14"}
			}
		},
		{
			"from": [7.25, 5.75, 6.5],
			"to": [7.75, 6.5, 7.25],
			"rotation": {"angle": 0, "axis": "y", "origin": [0, -17.5, -16]},
			"faces": {
				"north": {"uv": [0, 0, 5.2, 1], "texture": "#14"},
				"east": {"uv": [0, 0, 13.25, 1], "texture": "#14"},
				"south": {"uv": [0, 0, 5.2, 1], "texture": "#14"},
				"west": {"uv": [0, 0, 13.25, 1], "texture": "#14"},
				"up": {"uv": [8.288, 5.792, 11.28, 13.856], "texture": "#14"},
				"down": {"uv": [0, 0, 5.2, 13.25], "texture": "#14"}
			}
		},
		{
			"from": [5.75, 4.5, 5.75],
			"to": [6.75, 5.25, 6.75],
			"rotation": {"angle": 0, "axis": "y", "origin": [0, -17.5, -16]},
			"faces": {
				"north": {"uv": [0, 0, 5.2, 1], "texture": "#14"},
				"east": {"uv": [0, 0, 13.25, 1], "texture": "#14"},
				"south": {"uv": [0, 0, 5.2, 1], "texture": "#14"},
				"west": {"uv": [0, 0, 13.25, 1], "texture": "#14"},
				"up": {"uv": [8.288, 5.792, 11.28, 13.856], "texture": "#14"},
				"down": {"uv": [0, 0, 5.2, 13.25], "texture": "#14"}
			}
		},
		{
			"from": [5.75, 4.5, 14.75],
			"to": [6.75, 5.25, 15.75],
			"rotation": {"angle": 0, "axis": "y", "origin": [0, -17.5, -16]},
			"faces": {
				"north": {"uv": [0, 0, 5.2, 1], "texture": "#14"},
				"east": {"uv": [0, 0, 13.25, 1], "texture": "#14"},
				"south": {"uv": [0, 0, 5.2, 1], "texture": "#14"},
				"west": {"uv": [0, 0, 13.25, 1], "texture": "#14"},
				"up": {"uv": [8.288, 5.792, 11.28, 13.856], "texture": "#14"},
				"down": {"uv": [0, 0, 5.2, 13.25], "texture": "#14"}
			}
		},
		{
			"from": [9.25, 4.5, 14.75],
			"to": [10.25, 5.25, 15.75],
			"rotation": {"angle": 0, "axis": "y", "origin": [0, -17.5, -16]},
			"faces": {
				"north": {"uv": [0, 0, 5.2, 1], "texture": "#14"},
				"east": {"uv": [0, 0, 13.25, 1], "texture": "#14"},
				"south": {"uv": [0, 0, 5.2, 1], "texture": "#14"},
				"west": {"uv": [0, 0, 13.25, 1], "texture": "#14"},
				"up": {"uv": [8.288, 5.792, 11.28, 13.856], "texture": "#14"},
				"down": {"uv": [0, 0, 5.2, 13.25], "texture": "#14"}
			}
		},
		{
			"from": [9.25, 4.5, 5.75],
			"to": [10.25, 5.25, 6.75],
			"rotation": {"angle": 0, "axis": "y", "origin": [0, -17.5, -16]},
			"faces": {
				"north": {"uv": [0, 0, 5.2, 1], "texture": "#14"},
				"east": {"uv": [0, 0, 13.25, 1], "texture": "#14"},
				"south": {"uv": [0, 0, 5.2, 1], "texture": "#14"},
				"west": {"uv": [0, 0, 13.25, 1], "texture": "#14"},
				"up": {"uv": [8.288, 5.792, 11.28, 13.856], "texture": "#14"},
				"down": {"uv": [0, 0, 5.2, 13.25], "texture": "#14"}
			}
		},
		{
			"from": [28.85102, 23.88628, 6.6],
			"to": [30.10102, 24.28628, 7.1],
			"rotation": {"angle": 45, "axis": "z", "origin": [25.14301, -8.8047, -42.85]},
			"faces": {
				"north": {"uv": [0, 0, 5.2, 1], "texture": "#14"},
				"east": {"uv": [0, 0, 13.25, 1], "texture": "#14"},
				"south": {"uv": [0, 0, 5.2, 1], "texture": "#14"},
				"west": {"uv": [0, 0, 13.25, 1], "texture": "#14"},
				"up": {"uv": [8.288, 5.792, 11.28, 13.856], "texture": "#14"},
				"down": {"uv": [0, 0, 5.2, 13.25], "texture": "#14"}
			}
		},
		{
			"from": [28.85102, 24.63628, 7.2],
			"to": [30.10102, 25.03628, 7.7],
			"rotation": {"angle": 45, "axis": "z", "origin": [25.14301, -8.0547, -42.25]},
			"faces": {
				"north": {"uv": [0, 0, 5.2, 1], "texture": "#14"},
				"east": {"uv": [0, 0, 13.25, 1], "texture": "#14"},
				"south": {"uv": [0, 0, 5.2, 1], "texture": "#14"},
				"west": {"uv": [0, 0, 13.25, 1], "texture": "#14"},
				"up": {"uv": [8.288, 5.792, 11.28, 13.856], "texture": "#14"},
				"down": {"uv": [0, 0, 5.2, 13.25], "texture": "#14"}
			}
		},
		{
			"from": [28.85102, 24.63628, 6],
			"to": [30.10102, 25.03628, 6.5],
			"rotation": {"angle": 45, "axis": "z", "origin": [25.14301, -8.0547, -43.45]},
			"faces": {
				"north": {"uv": [0, 0, 5.2, 1], "texture": "#14"},
				"east": {"uv": [0, 0, 13.25, 1], "texture": "#14"},
				"south": {"uv": [0, 0, 5.2, 1], "texture": "#14"},
				"west": {"uv": [0, 0, 13.25, 1], "texture": "#14"},
				"up": {"uv": [8.288, 5.792, 11.28, 13.856], "texture": "#14"},
				"down": {"uv": [0, 0, 5.2, 13.25], "texture": "#14"}
			}
		},
		{
			"from": [-5.07384, 14.43897, 6.6],
			"to": [-3.82384, 14.83897, 7.1],
			"rotation": {"angle": -45, "axis": "z", "origin": [6.7745, -2.63158, -42.85]},
			"faces": {
				"north": {"uv": [0, 0, 5.2, 1], "texture": "#14"},
				"east": {"uv": [0, 0, 13.25, 1], "texture": "#14"},
				"south": {"uv": [0, 0, 5.2, 1], "texture": "#14"},
				"west": {"uv": [0, 0, 13.25, 1], "texture": "#14"},
				"up": {"uv": [8.288, 5.792, 11.28, 13.856], "texture": "#14"},
				"down": {"uv": [0, 0, 5.2, 13.25], "texture": "#14"}
			}
		},
		{
			"from": [-5.07384, 15.18897, 6],
			"to": [-3.82384, 15.58897, 6.5],
			"rotation": {"angle": -45, "axis": "z", "origin": [6.7745, -1.88158, -43.45]},
			"faces": {
				"north": {"uv": [0, 0, 5.2, 1], "texture": "#14"},
				"east": {"uv": [0, 0, 13.25, 1], "texture": "#14"},
				"south": {"uv": [0, 0, 5.2, 1], "texture": "#14"},
				"west": {"uv": [0, 0, 13.25, 1], "texture": "#14"},
				"up": {"uv": [8.288, 5.792, 11.28, 13.856], "texture": "#14"},
				"down": {"uv": [0, 0, 5.2, 13.25], "texture": "#14"}
			}
		},
		{
			"from": [-5.07384, 15.18897, 7.2],
			"to": [-3.82384, 15.58897, 7.7],
			"rotation": {"angle": -45, "axis": "z", "origin": [6.7745, -1.88158, -42.25]},
			"faces": {
				"north": {"uv": [0, 0, 5.2, 1], "texture": "#14"},
				"east": {"uv": [0, 0, 13.25, 1], "texture": "#14"},
				"south": {"uv": [0, 0, 5.2, 1], "texture": "#14"},
				"west": {"uv": [0, 0, 13.25, 1], "texture": "#14"},
				"up": {"uv": [8.288, 5.792, 11.28, 13.856], "texture": "#14"},
				"down": {"uv": [0, 0, 5.2, 13.25], "texture": "#14"}
			}
		},
		{
			"from": [7.75, 17.7, 6.1],
			"to": [8.25, 18.1, 6.6],
			"rotation": {"angle": 0, "axis": "y", "origin": [0, -11.65, -15.85]},
			"faces": {
				"north": {"uv": [0, 0, 5.2, 1], "texture": "#14"},
				"east": {"uv": [0, 0, 13.25, 1], "texture": "#14"},
				"south": {"uv": [0, 0, 5.2, 1], "texture": "#14"},
				"west": {"uv": [0, 0, 13.25, 1], "texture": "#14"},
				"up": {"uv": [8.288, 5.792, 11.28, 13.856], "texture": "#14"},
				"down": {"uv": [0, 0, 5.2, 13.25], "texture": "#14"}
			}
		},
		{
			"from": [5.25, 17.7, 6.6],
			"to": [10.75, 18.1, 7.1],
			"rotation": {"angle": 0, "axis": "y", "origin": [0, -11.65, -15.85]},
			"faces": {
				"north": {"uv": [0, 0, 5.2, 1], "texture": "#14"},
				"east": {"uv": [0, 0, 13.25, 1], "texture": "#14"},
				"south": {"uv": [0, 0, 5.2, 1], "texture": "#14"},
				"west": {"uv": [0, 0, 13.25, 1], "texture": "#14"},
				"up": {"uv": [8.288, 5.792, 11.28, 13.856], "texture": "#14"},
				"down": {"uv": [0, 0, 5.2, 13.25], "texture": "#14"}
			}
		},
		{
			"from": [7.75, 17.7, 7.1],
			"to": [8.25, 18.1, 7.6],
			"rotation": {"angle": 0, "axis": "y", "origin": [0, -11.65, -15.85]},
			"faces": {
				"north": {"uv": [0, 0, 5.2, 1], "texture": "#14"},
				"east": {"uv": [0, 0, 13.25, 1], "texture": "#14"},
				"south": {"uv": [0, 0, 5.2, 1], "texture": "#14"},
				"west": {"uv": [0, 0, 13.25, 1], "texture": "#14"},
				"up": {"uv": [8.288, 5.792, 11.28, 13.856], "texture": "#14"},
				"down": {"uv": [0, 0, 5.2, 13.25], "texture": "#14"}
			}
		},
		{
			"from": [7.9, 18.1, 6.2],
			"to": [8.1, 18.6, 6.4],
			"rotation": {"angle": 0, "axis": "y", "origin": [0, -11.65, -15.85]},
			"faces": {
				"north": {"uv": [0, 0, 5.2, 1], "texture": "#14"},
				"east": {"uv": [0, 0, 13.25, 1], "texture": "#14"},
				"south": {"uv": [0, 0, 5.2, 1], "texture": "#14"},
				"west": {"uv": [0, 0, 13.25, 1], "texture": "#14"},
				"up": {"uv": [8.288, 5.792, 11.28, 13.856], "texture": "#14"},
				"down": {"uv": [0, 0, 5.2, 13.25], "texture": "#14"}
			}
		},
		{
			"from": [7.9, 18.1, 7.3],
			"to": [8.1, 18.6, 7.5],
			"rotation": {"angle": 0, "axis": "y", "origin": [0, -11.65, -15.85]},
			"faces": {
				"north": {"uv": [0, 0, 5.2, 1], "texture": "#14"},
				"east": {"uv": [0, 0, 13.25, 1], "texture": "#14"},
				"south": {"uv": [0, 0, 5.2, 1], "texture": "#14"},
				"west": {"uv": [0, 0, 13.25, 1], "texture": "#14"},
				"up": {"uv": [8.288, 5.792, 11.28, 13.856], "texture": "#14"},
				"down": {"uv": [0, 0, 5.2, 13.25], "texture": "#14"}
			}
		},
		{
			"from": [5.25, 18.45, 6],
			"to": [10.75, 18.85, 6.5],
			"rotation": {"angle": 0, "axis": "y", "origin": [0, -10.9, -16.45]},
			"faces": {
				"north": {"uv": [0, 0, 5.2, 1], "texture": "#14"},
				"east": {"uv": [0, 0, 13.25, 1], "texture": "#14"},
				"south": {"uv": [0, 0, 5.2, 1], "texture": "#14"},
				"west": {"uv": [0, 0, 13.25, 1], "texture": "#14"},
				"up": {"uv": [8.288, 5.792, 11.28, 13.856], "texture": "#14"},
				"down": {"uv": [0, 0, 5.2, 13.25], "texture": "#14"}
			}
		},
		{
			"from": [5.25, 18.45, 7.2],
			"to": [10.75, 18.85, 7.7],
			"rotation": {"angle": 0, "axis": "y", "origin": [0, -10.9, -15.25]},
			"faces": {
				"north": {"uv": [0, 0, 5.2, 1], "texture": "#14"},
				"east": {"uv": [0, 0, 13.25, 1], "texture": "#14"},
				"south": {"uv": [0, 0, 5.2, 1], "texture": "#14"},
				"west": {"uv": [0, 0, 13.25, 1], "texture": "#14"},
				"up": {"uv": [8.288, 5.792, 11.28, 13.856], "texture": "#14"},
				"down": {"uv": [0, 0, 5.2, 13.25], "texture": "#14"}
			}
		}
	],
	"display": {
		"thirdperson_righthand": {
			"scale": [4, 4, 4]
		},
		"head": {
			"scale": [4, 4, 4]
		}
	},
	"groups": [
		0,
		1,
		2,
		3,
		4,
		5,
		6,
		7,
		8,
		9,
		10,
		11,
		12,
		{
			"name": "contact",
			"origin": [8, 8, 8],
			"color": 0,
			"children": [13, 14, 15, 16, 17, 18, 19, 20, 21, 22, 23, 24, 25]
		}
	]
}