{
	"credit": "Made with Blockbench",
	"textures": {
		"2": "block/yellow_concrete",
		"3": "block/gray_concrete",
		"4": "block/red_concrete",
		"6": "block/sandstone_top",
		"7": "block/yellow_wool",
		"8": "block/gray_wool",
		"particle": "block/gray_stained_glass"
	},
	"elements": [
		{
			"from": [0, -2, 14],
			"to": [0.5, 26, 16],
			"rotation": {"angle": 0, "axis": "z", "origin": [8, 15.74241, 6.625]},
			"faces": {
				"north": {"uv": [0, 0, 1, 16], "texture": "#6"},
				"east": {"uv": [0, 0, 2, 16], "texture": "#6"},
				"south": {"uv": [0, 0, 1, 16], "texture": "#6"},
				"west": {"uv": [0, 0, 1, 16], "texture": "#4"},
				"up": {"uv": [0, 0, 0.5, 2], "texture": "#6"},
				"down": {"uv": [0, 0, 0.5, 2], "texture": "#6"}
			}
		},
		{
			"from": [0, -2, 0],
			"to": [0.5, 26, 2],
			"rotation": {"angle": 0, "axis": "z", "origin": [8, 15.74241, 6.625]},
			"faces": {
				"north": {"uv": [0, 0, 1, 16], "texture": "#6"},
				"east": {"uv": [0, 0, 2, 16], "texture": "#6"},
				"south": {"uv": [0, 0, 1, 16], "texture": "#6"},
				"west": {"uv": [0, 0, 1, 16], "texture": "#4"},
				"up": {"uv": [0, 0, 0.5, 2], "texture": "#6"},
				"down": {"uv": [0, 0, 0.5, 2], "texture": "#6"}
			}
		},
		{
			"from": [13, -2, -0.5],
			"to": [16, 26, 0],
			"rotation": {"angle": 0, "axis": "z", "origin": [8, 15.74241, 6.625]},
			"faces": {
				"north": {"uv": [0, 0, 1, 16], "texture": "#4"},
				"east": {"uv": [0, 0, 2, 16], "texture": "#4"},
				"south": {"uv": [0, 0, 5, 16], "texture": "#6"},
				"west": {"uv": [0, 0, 1, 16], "texture": "#4"},
				"up": {"uv": [0, 0, 0.5, 2], "texture": "#6"},
				"down": {"uv": [0, 0, 0.5, 2], "texture": "#6"}
			}
		},
		{
			"from": [0, -2, -0.5],
			"to": [3, 26, 0],
			"rotation": {"angle": 0, "axis": "z", "origin": [8, 15.74241, 6.625]},
			"faces": {
				"north": {"uv": [0, 0, 1, 16], "texture": "#4"},
				"east": {"uv": [0, 0, 2, 16], "texture": "#6"},
				"south": {"uv": [0, 0, 5, 16], "texture": "#6"},
				"west": {"uv": [0, 0, 1, 16], "texture": "#4"},
				"up": {"uv": [0, 0, 0.5, 2], "texture": "#6"},
				"down": {"uv": [0, 0, 0.5, 2], "texture": "#6"}
			}
		},
		{
			"from": [0, 14, 2],
			"to": [0.5, 25, 14],
			"rotation": {"angle": 0, "axis": "z", "origin": [8, 15.74241, 6.625]},
			"faces": {
				"north": {"uv": [16, 0, 0, 16], "texture": "#particle"},
				"east": {"uv": [16, 0, 0, 16], "texture": "#particle"},
				"south": {"uv": [16, 0, 0, 16], "texture": "#particle"},
				"west": {"uv": [16, 0, 0, 16], "texture": "#particle"},
				"up": {"uv": [16, 0, 0, 16], "texture": "#particle"},
				"down": {"uv": [16, 0, 0, 16], "texture": "#particle"}
			}
		},
		{
			"from": [-0.5, 25, -0.5],
			"to": [0.5, 26, 16],
			"rotation": {"angle": 0, "axis": "z", "origin": [8, 15.74241, 6.625]},
			"faces": {
				"north": {"uv": [0, 0, 1, 1], "texture": "#4"},
				"east": {"uv": [0, 0, 12, 1], "texture": "#6"},
				"south": {"uv": [0, 0, 1, 16], "texture": "#6"},
				"west": {"uv": [0, 0, 12, 1], "texture": "#4"},
				"up": {"uv": [0, 0, 0.5, 12], "texture": "#3"},
				"down": {"uv": [0, 0, 0.5, 12], "texture": "#4"}
			}
		},
		{
			"from": [15.5, 25, -0.5],
			"to": [16.5, 26, 16],
			"rotation": {"angle": 0, "axis": "z", "origin": [8, 15.74241, 6.625]},
			"faces": {
				"north": {"uv": [0, 0, 1, 1], "texture": "#4"},
				"east": {"uv": [0, 0, 12, 1], "texture": "#4"},
				"south": {"uv": [0, 0, 1, 16], "texture": "#6"},
				"west": {"uv": [0, 0, 12, 1], "texture": "#6"},
				"up": {"uv": [0, 0, 0.5, 12], "texture": "#3"},
				"down": {"uv": [0, 0, 0.5, 12], "texture": "#4"}
			}
		},
		{
			"from": [0, -2, 2],
			"to": [0.5, 14, 14],
			"rotation": {"angle": 0, "axis": "z", "origin": [8, 15.74241, 6.625]},
			"faces": {
				"north": {"uv": [0, 0, 1, 16], "texture": "#4"},
				"east": {"uv": [0, 0, 12, 16], "texture": "#6"},
				"south": {"uv": [0, 0, 1, 16], "texture": "#4"},
				"west": {"uv": [0, 0, 6, 6], "texture": "#4"},
				"up": {"uv": [0, 0, 0.5, 12], "texture": "#6"},
				"down": {"uv": [0, 0, 0.5, 12], "texture": "#6"}
			}
		},
		{
			"from": [0.5, 0, 0],
			"to": [15.5, 1, 16],
			"rotation": {"angle": 0, "axis": "y", "origin": [8, 15.74241, 6.625]},
			"faces": {
				"north": {"uv": [0, 0, 16, 16], "texture": "#6"},
				"east": {"uv": [0, 0, 16, 16], "texture": "#6"},
				"south": {"uv": [0, 0, 16, 16], "texture": "#6"},
				"west": {"uv": [0, 0, 16, 16], "texture": "#6"},
				"up": {"uv": [0, 0, 16, 16], "texture": "#6"},
				"down": {"uv": [0, 0, 16, 16], "texture": "#6"}
			}
		},
		{
			"name": "seat",
			"from": [0.5, 7, 1],
			"to": [1, 13, 15],
			"rotation": {"angle": 0, "axis": "y", "origin": [8, 15.74241, 6.625]},
			"faces": {
				"north": {"uv": [0, 0, 16, 16], "texture": "#7"},
				"east": {"uv": [0, 0, 16, 16], "texture": "#7"},
				"south": {"uv": [0, 0, 16, 16], "texture": "#7"},
				"west": {"uv": [0, 0, 16, 16], "texture": "#7"},
				"up": {"uv": [0, 0, 16, 16], "texture": "#7"},
				"down": {"uv": [0, 0, 16, 16], "texture": "#7"}
			}
		},
		{
			"name": "seat",
			"from": [0.5, 6, 1],
			"to": [5.5, 7, 15],
			"rotation": {"angle": 0, "axis": "y", "origin": [8, 15.74241, 6.625]},
			"faces": {
				"north": {"uv": [0, 0, 16, 16], "texture": "#8"},
				"east": {"uv": [0, 0, 16, 16], "texture": "#8"},
				"south": {"uv": [0, 0, 16, 16], "texture": "#8"},
				"west": {"uv": [0, 0, 16, 16], "texture": "#8"},
				"up": {"uv": [0, 0, 16, 16], "texture": "#8"},
				"down": {"uv": [0, 0, 16, 16], "texture": "#8"}
			}
		},
		{
			"from": [4, 25, 1],
			"to": [4.5, 25.5, 15],
			"rotation": {"angle": 0, "axis": "y", "origin": [8, 15.74241, 6.625]},
			"faces": {
				"north": {"uv": [0, 0, 16, 16], "texture": "#2"},
				"east": {"uv": [0, 0, 16, 16], "texture": "#2"},
				"south": {"uv": [0, 0, 16, 16], "texture": "#2"},
				"west": {"uv": [0, 0, 16, 16], "texture": "#2"},
				"up": {"uv": [0, 0, 16, 16], "texture": "#2"},
				"down": {"uv": [0, 0, 16, 16], "texture": "#2"}
			}
		},
		{
			"from": [4, 25, 15],
			"to": [4.5, 27, 15.5],
			"rotation": {"angle": 0, "axis": "y", "origin": [8, 15.74241, 6.625]},
			"faces": {
				"north": {"uv": [0, 0, 16, 16], "texture": "#2"},
				"east": {"uv": [0, 0, 16, 16], "texture": "#2"},
				"south": {"uv": [0, 0, 16, 16], "texture": "#2"},
				"west": {"uv": [0, 0, 16, 16], "texture": "#2"},
				"up": {"uv": [0, 0, 16, 16], "texture": "#2"},
				"down": {"uv": [0, 0, 16, 16], "texture": "#2"}
			}
		},
		{
			"from": [0.5, 11, 15],
			"to": [4, 11.5, 15.5],
			"rotation": {"angle": 0, "axis": "y", "origin": [8, 15.74241, 6.625]},
			"faces": {
				"north": {"uv": [0, 0, 16, 16], "texture": "#2"},
				"east": {"uv": [0, 0, 16, 16], "texture": "#2"},
				"south": {"uv": [0, 0, 16, 16], "texture": "#2"},
				"west": {"uv": [0, 0, 16, 16], "texture": "#2"},
				"up": {"uv": [0, 0, 16, 16], "texture": "#2"},
				"down": {"uv": [0, 0, 16, 16], "texture": "#2"}
			}
		},
		{
			"from": [0.5, 11, 0.5],
			"to": [4, 11.5, 1],
			"rotation": {"angle": 0, "axis": "y", "origin": [8, 15.74241, 6.625]},
			"faces": {
				"north": {"uv": [0, 0, 16, 16], "texture": "#2"},
				"east": {"uv": [0, 0, 16, 16], "texture": "#2"},
				"south": {"uv": [0, 0, 16, 16], "texture": "#2"},
				"west": {"uv": [0, 0, 16, 16], "texture": "#2"},
				"up": {"uv": [0, 0, 16, 16], "texture": "#2"},
				"down": {"uv": [0, 0, 16, 16], "texture": "#2"}
			}
		},
		{
			"from": [4, 25, 0.5],
			"to": [4.5, 27, 1],
			"rotation": {"angle": 0, "axis": "y", "origin": [8, 15.74241, 6.625]},
			"faces": {
				"north": {"uv": [0, 0, 16, 16], "texture": "#2"},
				"east": {"uv": [0, 0, 16, 16], "texture": "#2"},
				"south": {"uv": [0, 0, 16, 16], "texture": "#2"},
				"west": {"uv": [0, 0, 16, 16], "texture": "#2"},
				"up": {"uv": [0, 0, 16, 16], "texture": "#2"},
				"down": {"uv": [0, 0, 16, 16], "texture": "#2"}
			}
		},
		{
			"from": [15.5, -2, 14],
			"to": [16, 26, 16],
			"rotation": {"angle": 0, "axis": "z", "origin": [8, 15.74241, 6.625]},
			"faces": {
				"north": {"uv": [1, 0, 0, 16], "texture": "#6"},
				"east": {"uv": [0, 0, 1, 16], "texture": "#4"},
				"south": {"uv": [1, 0, 0, 16], "texture": "#6"},
				"west": {"uv": [2, 0, 0, 16], "texture": "#6"},
				"up": {"uv": [0.5, 0, 0, 2], "texture": "#6"},
				"down": {"uv": [0.5, 0, 0, 2], "texture": "#6"}
			}
		},
		{
			"from": [15.5, -2, 0],
			"to": [16, 26, 2],
			"rotation": {"angle": 0, "axis": "z", "origin": [8, 15.74241, 6.625]},
			"faces": {
				"north": {"uv": [1, 0, 0, 16], "texture": "#6"},
				"east": {"uv": [0, 0, 1, 16], "texture": "#4"},
				"south": {"uv": [1, 0, 0, 16], "texture": "#6"},
				"west": {"uv": [2, 0, 0, 16], "texture": "#6"},
				"up": {"uv": [0.5, 0, 0, 2], "texture": "#6"},
				"down": {"uv": [0.5, 0, 0, 2], "texture": "#6"}
			}
		},
		{
			"from": [15.5, 14, 2],
			"to": [16, 25, 14],
			"rotation": {"angle": 0, "axis": "z", "origin": [8, 15.74241, 6.625]},
			"faces": {
				"north": {"uv": [0, 0, 16, 16], "texture": "#particle"},
				"east": {"uv": [16, 0, 0, 16], "texture": "#particle"},
				"south": {"uv": [0, 0, 16, 16], "texture": "#particle"},
				"west": {"uv": [0, 0, 16, 16], "texture": "#particle"},
				"up": {"uv": [0, 0, 16, 16], "texture": "#particle"},
				"down": {"uv": [0, 0, 16, 16], "texture": "#particle"}
			}
		},
		{
			"from": [15.5, -2, 2],
			"to": [16, 14, 14],
			"rotation": {"angle": 0, "axis": "z", "origin": [8, 15.74241, 6.625]},
			"faces": {
				"north": {"uv": [1, 0, 0, 16], "texture": "#4"},
				"east": {"uv": [0, 0, 6, 6], "texture": "#4"},
				"south": {"uv": [1, 0, 0, 16], "texture": "#4"},
				"west": {"uv": [12, 0, 0, 16], "texture": "#6"},
				"up": {"uv": [0.5, 0, 0, 12], "texture": "#6"},
				"down": {"uv": [0.5, 0, 0, 12], "texture": "#6"}
			}
		},
		{
			"name": "seat",
			"from": [15, 7, 1],
			"to": [15.5, 13, 15],
			"rotation": {"angle": 0, "axis": "y", "origin": [8, 15.74241, 6.625]},
			"faces": {
				"north": {"uv": [16, 0, 0, 16], "texture": "#7"},
				"east": {"uv": [0, 0, 16, 16], "texture": "#7"},
				"south": {"uv": [16, 0, 0, 16], "texture": "#7"},
				"west": {"uv": [16, 0, 0, 16], "texture": "#7"},
				"up": {"uv": [16, 0, 0, 16], "texture": "#7"},
				"down": {"uv": [16, 0, 0, 16], "texture": "#7"}
			}
		},
		{
			"name": "seat",
			"from": [10.5, 6, 1],
			"to": [15.5, 7, 15],
			"rotation": {"angle": 0, "axis": "y", "origin": [8, 15.74241, 6.625]},
			"faces": {
				"north": {"uv": [16, 0, 0, 16], "texture": "#8"},
				"east": {"uv": [0, 0, 16, 16], "texture": "#8"},
				"south": {"uv": [16, 0, 0, 16], "texture": "#8"},
				"west": {"uv": [16, 0, 0, 16], "texture": "#8"},
				"up": {"uv": [16, 0, 0, 16], "texture": "#8"},
				"down": {"uv": [16, 0, 0, 16], "texture": "#8"}
			}
		},
		{
			"from": [11.5, 25, 1],
			"to": [12, 25.5, 15],
			"rotation": {"angle": 0, "axis": "y", "origin": [8, 15.74241, 6.625]},
			"faces": {
				"north": {"uv": [16, 0, 0, 16], "texture": "#2"},
				"east": {"uv": [0, 0, 16, 16], "texture": "#2"},
				"south": {"uv": [16, 0, 0, 16], "texture": "#2"},
				"west": {"uv": [16, 0, 0, 16], "texture": "#2"},
				"up": {"uv": [16, 0, 0, 16], "texture": "#2"},
				"down": {"uv": [16, 0, 0, 16], "texture": "#2"}
			}
		},
		{
			"from": [11.5, 25, 15],
			"to": [12, 27, 15.5],
			"rotation": {"angle": 0, "axis": "y", "origin": [8, 15.74241, 6.625]},
			"faces": {
				"north": {"uv": [16, 0, 0, 16], "texture": "#2"},
				"east": {"uv": [0, 0, 16, 16], "texture": "#2"},
				"south": {"uv": [16, 0, 0, 16], "texture": "#2"},
				"west": {"uv": [16, 0, 0, 16], "texture": "#2"},
				"up": {"uv": [16, 0, 0, 16], "texture": "#2"},
				"down": {"uv": [16, 0, 0, 16], "texture": "#2"}
			}
		},
		{
			"from": [12, 11, 15],
			"to": [15.5, 11.5, 15.5],
			"rotation": {"angle": 0, "axis": "y", "origin": [8, 15.74241, 6.625]},
			"faces": {
				"north": {"uv": [16, 0, 0, 16], "texture": "#2"},
				"east": {"uv": [0, 0, 16, 16], "texture": "#2"},
				"south": {"uv": [16, 0, 0, 16], "texture": "#2"},
				"west": {"uv": [16, 0, 0, 16], "texture": "#2"},
				"up": {"uv": [16, 0, 0, 16], "texture": "#2"},
				"down": {"uv": [16, 0, 0, 16], "texture": "#2"}
			}
		},
		{
			"from": [12, 11, 0.5],
			"to": [15.5, 11.5, 1],
			"rotation": {"angle": 0, "axis": "y", "origin": [8, 15.74241, 6.625]},
			"faces": {
				"north": {"uv": [16, 0, 0, 16], "texture": "#2"},
				"east": {"uv": [0, 0, 16, 16], "texture": "#2"},
				"south": {"uv": [16, 0, 0, 16], "texture": "#2"},
				"west": {"uv": [16, 0, 0, 16], "texture": "#2"},
				"up": {"uv": [16, 0, 0, 16], "texture": "#2"},
				"down": {"uv": [16, 0, 0, 16], "texture": "#2"}
			}
		},
		{
			"from": [12, 9, 0.5],
			"to": [15.5, 9.5, 1],
			"rotation": {"angle": 0, "axis": "y", "origin": [8, 15.74241, 6.625]},
			"faces": {
				"north": {"uv": [16, 0, 0, 16], "texture": "#2"},
				"east": {"uv": [0, 0, 16, 16], "texture": "#2"},
				"south": {"uv": [16, 0, 0, 16], "texture": "#2"},
				"west": {"uv": [16, 0, 0, 16], "texture": "#2"},
				"up": {"uv": [16, 0, 0, 16], "texture": "#2"},
				"down": {"uv": [16, 0, 0, 16], "texture": "#2"}
			}
		},
		{
			"from": [12, 9, 15],
			"to": [15.5, 9.5, 15.5],
			"rotation": {"angle": 0, "axis": "y", "origin": [8, 15.74241, 6.625]},
			"faces": {
				"north": {"uv": [16, 0, 0, 16], "texture": "#2"},
				"east": {"uv": [0, 0, 16, 16], "texture": "#2"},
				"south": {"uv": [16, 0, 0, 16], "texture": "#2"},
				"west": {"uv": [16, 0, 0, 16], "texture": "#2"},
				"up": {"uv": [16, 0, 0, 16], "texture": "#2"},
				"down": {"uv": [16, 0, 0, 16], "texture": "#2"}
			}
		},
		{
			"from": [0.5, 9, 15],
			"to": [4, 9.5, 15.5],
			"rotation": {"angle": 0, "axis": "y", "origin": [8, 15.74241, 6.625]},
			"faces": {
				"north": {"uv": [0, 0, 16, 16], "texture": "#2"},
				"east": {"uv": [0, 0, 16, 16], "texture": "#2"},
				"south": {"uv": [0, 0, 16, 16], "texture": "#2"},
				"west": {"uv": [0, 0, 16, 16], "texture": "#2"},
				"up": {"uv": [0, 0, 16, 16], "texture": "#2"},
				"down": {"uv": [0, 0, 16, 16], "texture": "#2"}
			}
		},
		{
			"from": [0.5, 9, 0.5],
			"to": [4, 9.5, 1],
			"rotation": {"angle": 0, "axis": "y", "origin": [8, 15.74241, 6.625]},
			"faces": {
				"north": {"uv": [0, 0, 16, 16], "texture": "#2"},
				"east": {"uv": [0, 0, 16, 16], "texture": "#2"},
				"south": {"uv": [0, 0, 16, 16], "texture": "#2"},
				"west": {"uv": [0, 0, 16, 16], "texture": "#2"},
				"up": {"uv": [0, 0, 16, 16], "texture": "#2"},
				"down": {"uv": [0, 0, 16, 16], "texture": "#2"}
			}
		},
		{
			"from": [11.5, 25, 0.5],
			"to": [12, 27, 1],
			"rotation": {"angle": 0, "axis": "y", "origin": [8, 15.74241, 6.625]},
			"faces": {
				"north": {"uv": [16, 0, 0, 16], "texture": "#2"},
				"east": {"uv": [0, 0, 16, 16], "texture": "#2"},
				"south": {"uv": [16, 0, 0, 16], "texture": "#2"},
				"west": {"uv": [16, 0, 0, 16], "texture": "#2"},
				"up": {"uv": [16, 0, 0, 16], "texture": "#2"},
				"down": {"uv": [16, 0, 0, 16], "texture": "#2"}
			}
		},
		{
			"from": [11.5, 1, 0.5],
			"to": [12, 11.5, 1],
			"rotation": {"angle": 0, "axis": "y", "origin": [8, 15.74241, 6.625]},
			"faces": {
				"north": {"uv": [16, 0, 0, 16], "texture": "#2"},
				"east": {"uv": [0, 0, 16, 16], "texture": "#2"},
				"south": {"uv": [16, 0, 0, 16], "texture": "#2"},
				"west": {"uv": [16, 0, 0, 16], "texture": "#2"},
				"up": {"uv": [16, 0, 0, 16], "texture": "#2"},
				"down": {"uv": [16, 0, 0, 16], "texture": "#2"}
			}
		},
		{
			"from": [4, 1, 0.5],
			"to": [4.5, 11.5, 1],
			"rotation": {"angle": 0, "axis": "y", "origin": [8, 15.74241, 6.625]},
			"faces": {
				"north": {"uv": [0, 0, 16, 16], "texture": "#2"},
				"east": {"uv": [0, 0, 16, 16], "texture": "#2"},
				"south": {"uv": [0, 0, 16, 16], "texture": "#2"},
				"west": {"uv": [0, 0, 16, 16], "texture": "#2"},
				"up": {"uv": [0, 0, 16, 16], "texture": "#2"},
				"down": {"uv": [0, 0, 16, 16], "texture": "#2"}
			}
		},
		{
			"from": [4, 1, 15],
			"to": [4.5, 11.5, 15.5],
			"rotation": {"angle": 0, "axis": "y", "origin": [8, 15.74241, 6.625]},
			"faces": {
				"north": {"uv": [0, 0, 16, 16], "texture": "#2"},
				"east": {"uv": [0, 0, 16, 16], "texture": "#2"},
				"south": {"uv": [0, 0, 16, 16], "texture": "#2"},
				"west": {"uv": [0, 0, 16, 16], "texture": "#2"},
				"up": {"uv": [0, 0, 16, 16], "texture": "#2"},
				"down": {"uv": [0, 0, 16, 16], "texture": "#2"}
			}
		},
		{
			"from": [11.5, 1, 15],
			"to": [12, 11.5, 15.5],
			"rotation": {"angle": 0, "axis": "y", "origin": [8, 15.74241, 6.625]},
			"faces": {
				"north": {"uv": [16, 0, 0, 16], "texture": "#2"},
				"east": {"uv": [0, 0, 16, 16], "texture": "#2"},
				"south": {"uv": [16, 0, 0, 16], "texture": "#2"},
				"west": {"uv": [16, 0, 0, 16], "texture": "#2"},
				"up": {"uv": [16, 0, 0, 16], "texture": "#2"},
				"down": {"uv": [16, 0, 0, 16], "texture": "#2"}
			}
		},
		{
			"name": "hexadecagon",
			"from": [4.76804, 27.54191, 0],
			"to": [8.76804, 28.04191, 16],
			"rotation": {"angle": 22.5, "axis": "z", "origin": [8, 15.74241, 6.625]},
			"faces": {
				"north": {"uv": [0, 0, 4, 0.5], "texture": "#4"},
				"east": {"uv": [0, 0, 16, 0.5], "texture": "#3"},
				"south": {"uv": [0, 0, 4, 0.5], "texture": "#6"},
				"west": {"uv": [0, 0, 16, 0.5], "texture": "#3"},
				"up": {"uv": [0, 0, 4, 16], "texture": "#3"},
				"down": {"uv": [0, 0, 4, 16], "texture": "#6"}
			}
		},
		{
			"name": "hexadecagon",
			"from": [6.02602, 30.98482, 0],
			"to": [8.02602, 31.48482, 16],
			"rotation": {"angle": 0, "axis": "z", "origin": [8, 15.74241, 6.625]},
			"faces": {
				"north": {"uv": [0, 0, 3.9576, 0.5], "texture": "#4"},
				"east": {"uv": [0, 0, 16, 0.5], "texture": "#3"},
				"south": {"uv": [0, 0, 3.9576, 0.5], "texture": "#6"},
				"west": {"uv": [0, 0, 16, 0.5], "texture": "#3"},
				"up": {"uv": [0, 0, 3.9576, 16], "texture": "#3"},
				"down": {"uv": [0, 0, 3.9576, 16], "texture": "#6"}
			}
		},
		{
			"name": "hexadecagon",
			"from": [7.97398, 30.98482, 0],
			"to": [9.97398, 31.48482, 16],
			"rotation": {"angle": 0, "axis": "z", "origin": [8, 15.74241, 6.625]},
			"faces": {
				"north": {"uv": [3.9576, 0, 0, 0.5], "texture": "#4"},
				"east": {"uv": [16, 0, 0, 0.5], "texture": "#3"},
				"south": {"uv": [3.9576, 0, 0, 0.5], "texture": "#6"},
				"west": {"uv": [16, 0, 0, 0.5], "texture": "#3"},
				"up": {"uv": [0, 0, 3.9576, 16], "texture": "#3"},
				"down": {"uv": [3.9576, 0, 0, 16], "texture": "#6"}
			}
		},
		{
			"name": "hexadecagon",
			"from": [4, 26.93482, -0.5],
			"to": [12, 27.43482, 16],
			"rotation": {"angle": 0, "axis": "z", "origin": [8, 15.74241, 6.625]},
			"faces": {
				"north": {"uv": [0, 0, 7.65, 0.5], "texture": "#4"},
				"east": {"uv": [0, 0, 16, 0.5], "texture": "#3"},
				"south": {"uv": [0, 0, 7.65, 0.5], "texture": "#6"},
				"west": {"uv": [0, 0, 16, 0.5], "texture": "#3"},
				"up": {"uv": [0, 0, 7.65, 16], "texture": "#3"},
				"down": {"uv": [0, 0, 7.65, 16], "texture": "#6"}
			}
		},
		{
			"name": "hexadecagon",
			"from": [9.01804, 30.54191, 0],
			"to": [12.20064, 31.04191, 16],
			"rotation": {"angle": 22.5, "axis": "z", "origin": [8, 15.74241, 6.625]},
			"faces": {
				"north": {"uv": [0, 0, 3.1826, 0.5], "texture": "#4"},
				"east": {"uv": [0, 0, 16, 0.5], "texture": "#3"},
				"south": {"uv": [0, 0, 3.1826, 0.5], "texture": "#6"},
				"west": {"uv": [0, 0, 16, 0.5], "texture": "#3"},
				"up": {"uv": [0, 0, 3.1826, 16], "texture": "#3"},
				"down": {"uv": [0, 0, 3.1826, 16], "texture": "#6"}
			}
		},
		{
			"name": "hexadecagon",
			"from": [11.61281, 28.98772, 0],
			"to": [14.79541, 29.48772, 16],
			"rotation": {"angle": 45, "axis": "z", "origin": [8, 15.74241, 6.625]},
			"faces": {
				"north": {"uv": [0, 0, 3.1826, 0.5], "texture": "#4"},
				"east": {"uv": [0, 0, 16, 0.5], "texture": "#3"},
				"south": {"uv": [0, 0, 3.1826, 0.5], "texture": "#6"},
				"west": {"uv": [0, 0, 16, 0.5], "texture": "#3"},
				"up": {"uv": [0, 0, 3.1826, 16], "texture": "#3"},
				"down": {"uv": [0, 0, 3.1826, 16], "texture": "#6"}
			}
		},
		{
			"name": "hexadecagon",
			"from": [-3.31645, 22.15772, 0],
			"to": [-2.81645, 24.34032, 16],
			"rotation": {"angle": -22.5, "axis": "z", "origin": [8, 15.74241, 6.625]},
			"faces": {
				"north": {"uv": [0, 0, 0.5, 2.1826], "texture": "#4"},
				"east": {"uv": [0, 0, 16, 2.1826], "texture": "#3"},
				"south": {"uv": [0, 0, 0.5, 2.1826], "texture": "#6"},
				"west": {"uv": [0, 0, 16, 2.1826], "texture": "#3"},
				"up": {"uv": [0, 0, 0.5, 16], "texture": "#3"},
				"down": {"uv": [0, 0, 0.5, 16], "texture": "#6"}
			}
		},
		{
			"name": "hexadecagon",
			"from": [3.79936, 30.54191, 0],
			"to": [6.98196, 31.04191, 16],
			"rotation": {"angle": -22.5, "axis": "z", "origin": [8, 15.74241, 6.625]},
			"faces": {
				"north": {"uv": [3.1826, 0, 0, 0.5], "texture": "#4"},
				"east": {"uv": [0, 0, 16, 0.5], "texture": "#3"},
				"south": {"uv": [3.1826, 0, 0, 0.5], "texture": "#6"},
				"west": {"uv": [16, 0, 0, 0.5], "texture": "#3"},
				"up": {"uv": [3.1826, 0, 0, 16], "texture": "#3"},
				"down": {"uv": [3.1826, 0, 0, 16], "texture": "#6"}
			}
		},
		{
			"name": "hexadecagon",
			"from": [1.20459, 28.98772, 0],
			"to": [4.38719, 29.48772, 16],
			"rotation": {"angle": -45, "axis": "z", "origin": [8, 15.74241, 6.625]},
			"faces": {
				"north": {"uv": [3.1826, 0, 0, 0.5], "texture": "#4"},
				"east": {"uv": [0, 0, 16, 0.5], "texture": "#3"},
				"south": {"uv": [3.1826, 0, 0, 0.5], "texture": "#6"},
				"west": {"uv": [16, 0, 0, 0.5], "texture": "#3"},
				"up": {"uv": [3.1826, 0, 0, 16], "texture": "#3"},
				"down": {"uv": [3.1826, 0, 0, 16], "texture": "#6"}
			}
		},
		{
			"name": "hexadecagon",
			"from": [18.81645, 22.15772, 0],
			"to": [19.31645, 24.34032, 16],
			"rotation": {"angle": 22.5, "axis": "z", "origin": [8, 15.74241, 6.625]},
			"faces": {
				"north": {"uv": [0.5, 0, 0, 2.1826], "texture": "#4"},
				"east": {"uv": [0, 0, 16, 2.1826], "texture": "#3"},
				"south": {"uv": [0.5, 0, 0, 2.1826], "texture": "#6"},
				"west": {"uv": [16, 0, 0, 2.1826], "texture": "#3"},
				"up": {"uv": [0.5, 0, 0, 16], "texture": "#3"},
				"down": {"uv": [0.5, 0, 0, 16], "texture": "#6"}
			}
		},
		{
			"name": "hexadecagon",
			"from": [7.23196, 27.54191, 0],
			"to": [11.23196, 28.04191, 16],
			"rotation": {"angle": -22.5, "axis": "z", "origin": [8, 15.74241, 6.625]},
			"faces": {
				"north": {"uv": [4, 0, 0, 0.5], "texture": "#4"},
				"east": {"uv": [0, 0, 16, 0.5], "texture": "#3"},
				"south": {"uv": [4, 0, 0, 0.5], "texture": "#6"},
				"west": {"uv": [16, 0, 0, 0.5], "texture": "#3"},
				"up": {"uv": [4, 0, 0, 16], "texture": "#3"},
				"down": {"uv": [4, 0, 0, 16], "texture": "#6"}
			}
		},
		{
			"name": "hexadecagon",
			"from": [6.02602, 26.98482, -0.5],
			"to": [8.02602, 31.48482, 0],
			"rotation": {"angle": 0, "axis": "z", "origin": [8, 15.74241, 6.125]},
			"faces": {
				"north": {"uv": [0, 0, 2, 4.5], "texture": "#4"},
				"east": {"uv": [0, 0, 16, 0.5], "texture": "#3"},
				"south": {"uv": [0, 0, 3.9576, 0.5], "texture": "#6"},
				"west": {"uv": [0, 0, 16, 0.5], "texture": "#3"},
				"up": {"uv": [0, 0, 3.9576, 16], "texture": "#3"},
				"down": {"uv": [0, 0, 3.9576, 16], "texture": "#6"}
			}
		},
		{
			"name": "hexadecagon",
			"from": [7.97398, 26.98482, -0.5],
			"to": [9.97398, 31.48482, 0],
			"rotation": {"angle": 0, "axis": "z", "origin": [8, 15.74241, 6.125]},
			"faces": {
				"north": {"uv": [2, 0, 0, 4.5], "texture": "#4"},
				"east": {"uv": [16, 0, 0, 0.5], "texture": "#3"},
				"south": {"uv": [3.9576, 0, 0, 0.5], "texture": "#6"},
				"west": {"uv": [16, 0, 0, 0.5], "texture": "#3"},
				"up": {"uv": [0, 0, 3.9576, 16], "texture": "#3"},
				"down": {"uv": [3.9576, 0, 0, 16], "texture": "#6"}
			}
		},
		{
			"name": "hexadecagon",
			"from": [9.01804, 27.29191, -0.5],
			"to": [12.20064, 31.04191, 0],
			"rotation": {"angle": 22.5, "axis": "z", "origin": [8, 15.74241, 6.125]},
			"faces": {
				"north": {"uv": [0, 0, 3.1826, 3.75], "texture": "#4"},
				"east": {"uv": [0, 0, 16, 0.5], "texture": "#3"},
				"south": {"uv": [0, 0, 3.1826, 0.5], "texture": "#6"},
				"west": {"uv": [0, 0, 16, 0.5], "texture": "#3"},
				"up": {"uv": [0, 0, 3.1826, 16], "texture": "#3"},
				"down": {"uv": [0, 0, 3.1826, 16], "texture": "#6"}
			}
		},
		{
			"name": "hexadecagon",
			"from": [11.61281, 25.98772, -0.5],
			"to": [14.79541, 29.48772, 0],
			"rotation": {"angle": 45, "axis": "z", "origin": [8, 15.74241, 6.125]},
			"faces": {
				"north": {"uv": [0, 0, 3.1826, 3.5], "texture": "#4"},
				"east": {"uv": [0, 0, 16, 0.5], "texture": "#3"},
				"south": {"uv": [0, 0, 3.1826, 0.5], "texture": "#6"},
				"west": {"uv": [0, 0, 16, 0.5], "texture": "#3"},
				"up": {"uv": [0, 0, 3.1826, 16], "texture": "#3"},
				"down": {"uv": [0, 0, 3.1826, 16], "texture": "#6"}
			}
		},
		{
			"name": "hexadecagon",
			"from": [-3.31645, 22.15772, -0.5],
			"to": [-0.06645, 24.34032, 0],
			"rotation": {"angle": -22.5, "axis": "z", "origin": [8, 15.74241, 6.125]},
			"faces": {
				"north": {"uv": [0, 0, 3.25, 2.1826], "texture": "#4"},
				"east": {"uv": [0, 0, 16, 2.1826], "texture": "#6"},
				"south": {"uv": [0, 0, 0.5, 2.1826], "texture": "#6"},
				"west": {"uv": [0, 0, 16, 2.1826], "texture": "#3"},
				"up": {"uv": [0, 0, 0.5, 16], "texture": "#3"},
				"down": {"uv": [0, 0, 0.5, 16], "texture": "#6"}
			}
		},
		{
			"name": "hexadecagon",
			"from": [3.79936, 27.29191, -0.5],
			"to": [6.98196, 31.04191, 0],
			"rotation": {"angle": -22.5, "axis": "z", "origin": [8, 15.74241, 6.125]},
			"faces": {
				"north": {"uv": [3.1826, 0, 0, 3.75], "texture": "#4"},
				"east": {"uv": [0, 0, 16, 0.5], "texture": "#3"},
				"south": {"uv": [3.1826, 0, 0, 0.5], "texture": "#6"},
				"west": {"uv": [16, 0, 0, 0.5], "texture": "#3"},
				"up": {"uv": [3.1826, 0, 0, 16], "texture": "#3"},
				"down": {"uv": [3.1826, 0, 0, 16], "texture": "#6"}
			}
		},
		{
			"name": "hexadecagon",
			"from": [1.20459, 25.98772, -0.5],
			"to": [4.38719, 29.48772, 0],
			"rotation": {"angle": -45, "axis": "z", "origin": [8, 15.74241, 6.125]},
			"faces": {
				"north": {"uv": [3.1826, 0, 0, 3.5], "texture": "#4"},
				"east": {"uv": [0, 0, 16, 0.5], "texture": "#3"},
				"south": {"uv": [3.1826, 0, 0, 0.5], "texture": "#6"},
				"west": {"uv": [16, 0, 0, 0.5], "texture": "#3"},
				"up": {"uv": [3.1826, 0, 0, 16], "texture": "#3"},
				"down": {"uv": [3.1826, 0, 0, 16], "texture": "#6"}
			}
		},
		{
			"name": "hexadecagon",
			"from": [16.06645, 22.15772, -0.5],
			"to": [19.31645, 24.34032, 0],
			"rotation": {"angle": 22.5, "axis": "z", "origin": [8, 15.74241, 6.125]},
			"faces": {
				"north": {"uv": [3.25, 0, 0, 2.1826], "texture": "#4"},
				"east": {"uv": [0, 0, 16, 2.1826], "texture": "#3"},
				"south": {"uv": [0.5, 0, 0, 2.1826], "texture": "#6"},
				"west": {"uv": [16, 0, 0, 2.1826], "texture": "#6"},
				"up": {"uv": [0.5, 0, 0, 16], "texture": "#3"},
				"down": {"uv": [0.5, 0, 0, 16], "texture": "#6"}
			}
		},
		{
			"from": [3, 0.5, -1],
			"to": [13, 1, 0],
			"faces": {
				"north": {"uv": [0, 0, 1, 1], "texture": "#3"},
				"east": {"uv": [0, 0, 1, 1], "texture": "#3"},
				"south": {"uv": [0, 0, 1, 1], "texture": "#3"},
				"west": {"uv": [0, 0, 1, 1], "texture": "#3"},
				"up": {"uv": [0, 0, 1, 1], "texture": "#2"},
				"down": {"uv": [0, 0, 1, 1], "texture": "#3"}
			}
		},
		{
			"from": [4.60573, 0.5, -4.69552],
			"to": [11.45573, 1, -0.94552],
			"rotation": {"angle": 0, "axis": "y", "origin": [1.53073, 0, -0.69552]},
			"faces": {
				"north": {"uv": [0, 0, 1, 1], "texture": "#3"},
				"east": {"uv": [0, 0, 1, 1], "texture": "#3"},
				"south": {"uv": [0, 0, 1, 1], "texture": "#3"},
				"west": {"uv": [0, 0, 1, 1], "texture": "#3"},
				"up": {"uv": [0, 0, 1, 1], "texture": "#2"},
				"down": {"uv": [0, 0, 1, 1], "texture": "#3"}
			}
		},
		{
			"from": [2.80762, 0.5, -6.03283],
			"to": [4.30762, 1, -2.03283],
			"rotation": {"angle": -22.5, "axis": "y", "origin": [0.30762, 0, -1.03283]},
			"faces": {
				"north": {"uv": [0, 0, 1, 1], "rotation": 270, "texture": "#3"},
				"east": {"uv": [0, 0, 1, 1], "rotation": 270, "texture": "#3"},
				"south": {"uv": [0, 0, 1, 1], "rotation": 270, "texture": "#3"},
				"west": {"uv": [0, 0, 1, 1], "rotation": 270, "texture": "#3"},
				"up": {"uv": [0, 0, 1, 1], "rotation": 270, "texture": "#2"},
				"down": {"uv": [0, 0, 1, 1], "rotation": 270, "texture": "#3"}
			}
		},
		{
			"from": [11.69238, 0.5, -6.03283],
			"to": [13.19238, 1, -2.03283],
			"rotation": {"angle": 22.5, "axis": "y", "origin": [15.69238, 0, -1.03283]},
			"faces": {
				"north": {"uv": [0, 1, 1, 0], "rotation": 270, "texture": "#3"},
				"east": {"uv": [0, 1, 1, 0], "rotation": 270, "texture": "#3"},
				"south": {"uv": [0, 1, 1, 0], "rotation": 270, "texture": "#3"},
				"west": {"uv": [0, 1, 1, 0], "rotation": 270, "texture": "#3"},
				"up": {"uv": [0, 1, 1, 0], "rotation": 270, "texture": "#2"},
				"down": {"uv": [0, 1, 1, 0], "rotation": 270, "texture": "#3"}
			}
		}
	],
	"display": {
		"head": {
			"scale": [2, 2.2, 2]
		}
	},
	"groups": [
		0,
		1,
		2,
		3,
		4,
		5,
		6,
		7,
		8,
		9,
		10,
		11,
		12,
		13,
		14,
		15,
		16,
		17,
		18,
		19,
		20,
		21,
		22,
		23,
		24,
		25,
		26,
		27,
		28,
		29,
		30,
		31,
		32,
		33,
		34,
		{
			"name": "roof",
			"origin": [8, 8, 8],
			"color": 0,
			"children": [35, 36, 37, 38, 39, 40, 41, 42, 43, 44, 45]
		},
		{
			"name": "roof",
			"origin": [8, 8, 8],
			"color": 0,
			"children": [46, 47, 48, 49, 50, 51, 52, 53]
		},
		54,
		55,
		56,
		57
	]
}