{
	"credit": "Made with Blockbench",
	"textures": {
		"4": "block/mec/light_gray_concrete",
		"11": "block/mec/white_concrete",
		"12": "block/mec/sea_lantern",
		"13": "block/mec/floor",
		"14": "block/mec/black_stained_glass",
		"15": "block/mec/glass",
		"16": "block/mec/black_concrete",
		"17": "block/mec/red_concrete",
		"20": "block/mec/red_concrete_powder",
		"21": "block/mec/hitachi1",
		"22": "block/mrt/danger_black_concrete",
		"23": "block/mec/yellow_concrete",
		"24": "block/mec/quartz_block_bottom",
		"particle": "block/mec/floor"
	},
	"elements": [
		{
			"from": [16.25, 5.5, 11.25],
			"to": [17.25, 15.5, 16.25],
			"rotation": {"angle": 0, "axis": "y", "origin": [8, 15.48964, -15.675]},
			"faces": {
				"north": {"uv": [0, 6.496, 0.968, 16], "texture": "#22"},
				"east": {"uv": [0, 0, 1, 16], "texture": "#16"},
				"south": {"uv": [0, 0, 1, 16], "texture": "#11"},
				"west": {"uv": [0, 0, 1, 16], "texture": "#24"},
				"up": {"uv": [0, 0, 1, 2], "texture": "#11"},
				"down": {"uv": [0, 0, 1, 16], "texture": "#11"}
			}
		},
		{
			"from": [16.25, 5.5, 16.2],
			"to": [17.25, 7.5, 24.25],
			"rotation": {"angle": 0, "axis": "y", "origin": [8, 15.48964, -15.675]},
			"faces": {
				"north": {"uv": [0, 0, 1, 16], "texture": "#16"},
				"east": {"uv": [0, 0, 1, 16], "texture": "#16"},
				"south": {"uv": [0, 0, 1, 16], "texture": "#16"},
				"west": {"uv": [0, 0, 1, 16], "texture": "#11"},
				"up": {"uv": [0, 0, 1, 2], "texture": "#16"},
				"down": {"uv": [0, 0, 1, 16], "texture": "#16"}
			}
		},
		{
			"from": [16.25, 6.5, 23.25],
			"to": [17.25, 14.5, 24.25],
			"rotation": {"angle": 0, "axis": "y", "origin": [8, 15.48964, -15.675]},
			"faces": {
				"north": {"uv": [0, 0, 1, 16], "texture": "#16"},
				"east": {"uv": [0, 0, 1, 16], "texture": "#16"},
				"south": {"uv": [0, 0, 1, 16], "texture": "#16"},
				"west": {"uv": [0, 0, 1, 16], "texture": "#24"},
				"up": {"uv": [0, 0, 1, 2], "texture": "#16"},
				"down": {"uv": [0, 0, 1, 16], "texture": "#16"}
			}
		},
		{
			"from": [16.25, 14.5, 16.2],
			"to": [17.25, 15.5, 24.25],
			"rotation": {"angle": 0, "axis": "y", "origin": [8, 15.48964, -15.675]},
			"faces": {
				"north": {"uv": [0, 0, 1, 16], "texture": "#16"},
				"east": {"uv": [0, 0, 1, 16], "texture": "#16"},
				"south": {"uv": [0, 0, 1, 16], "texture": "#16"},
				"west": {"uv": [0, 0, 16, 6], "texture": "#24"},
				"up": {"uv": [0, 0, 1, 2], "texture": "#16"},
				"down": {"uv": [0, 0, 1, 16], "texture": "#16"}
			}
		},
		{
			"from": [16.25, 7.5, 16.25],
			"to": [17.25, 14.5, 17.25],
			"rotation": {"angle": 0, "axis": "y", "origin": [8, 15.48964, -15.675]},
			"faces": {
				"north": {"uv": [0, 0, 1, 16], "texture": "#16"},
				"east": {"uv": [0, 0, 1, 16], "texture": "#16"},
				"south": {"uv": [0, 0, 1, 16], "texture": "#16"},
				"west": {"uv": [0, 0, 1, 16], "texture": "#24"},
				"up": {"uv": [0, 0, 1, 2], "texture": "#16"},
				"down": {"uv": [0, 0, 1, 16], "texture": "#16"}
			}
		},
		{
			"from": [16.25, 7.5, 17.1],
			"to": [17.25, 14.5, 23.25],
			"rotation": {"angle": 0, "axis": "y", "origin": [8, 15.48964, -15.675]},
			"faces": {
				"north": {"uv": [4.5, 9.5, 6.5, 13.5], "texture": "#15"},
				"east": {"uv": [0.5, 0, 15, 16], "texture": "#14"},
				"south": {"uv": [1, 10, 3.5, 13.5], "texture": "#15"},
				"west": {"uv": [1, 0.05, 16, 16], "texture": "#15"},
				"up": {"uv": [7, 5.5, 8, 7.5], "texture": "#15"},
				"down": {"uv": [0, 0, 1, 16], "texture": "#4"}
			}
		},
		{
			"from": [-1.25, 5.5, 11.25],
			"to": [-0.25, 15.5, 16.25],
			"rotation": {"angle": 0, "axis": "y", "origin": [8, 15.48964, -15.675]},
			"faces": {
				"north": {"uv": [0, 6.496, 0.968, 16], "texture": "#22"},
				"east": {"uv": [0, 0, 1, 16], "texture": "#24"},
				"south": {"uv": [0, 0, 1, 16], "texture": "#11"},
				"west": {"uv": [0, 0, 1, 16], "texture": "#16"},
				"up": {"uv": [0, 0, 1, 2], "texture": "#11"},
				"down": {"uv": [0, 0, 1, 16], "texture": "#11"}
			}
		},
		{
			"from": [-1.25, 5.5, 16.2],
			"to": [-0.25, 7.5, 24.25],
			"rotation": {"angle": 0, "axis": "y", "origin": [8, 15.48964, -15.675]},
			"faces": {
				"north": {"uv": [0, 0, 1, 16], "texture": "#16"},
				"east": {"uv": [0, 0, 1, 16], "texture": "#11"},
				"south": {"uv": [0, 0, 1, 16], "texture": "#16"},
				"west": {"uv": [0, 0, 1, 16], "texture": "#16"},
				"up": {"uv": [0, 0, 1, 2], "texture": "#16"},
				"down": {"uv": [0, 0, 1, 16], "texture": "#16"}
			}
		},
		{
			"from": [-1.25, 6.5, 23.25],
			"to": [-0.25, 14.5, 24.25],
			"rotation": {"angle": 0, "axis": "y", "origin": [8, 15.48964, -15.675]},
			"faces": {
				"north": {"uv": [0, 0, 1, 16], "texture": "#16"},
				"east": {"uv": [0, 0, 1, 16], "texture": "#11"},
				"south": {"uv": [0, 0, 1, 16], "texture": "#16"},
				"west": {"uv": [0, 0, 1, 16], "texture": "#16"},
				"up": {"uv": [0, 0, 1, 2], "texture": "#16"},
				"down": {"uv": [0, 0, 1, 16], "texture": "#16"}
			}
		},
		{
			"from": [-1.25, 14.5, 16.2],
			"to": [-0.25, 15.5, 24.25],
			"rotation": {"angle": 0, "axis": "y", "origin": [8, 15.48964, -15.675]},
			"faces": {
				"north": {"uv": [0, 0, 1, 16], "texture": "#16"},
				"east": {"uv": [0, 0, 1, 16], "texture": "#24"},
				"south": {"uv": [0, 0, 1, 16], "texture": "#16"},
				"west": {"uv": [0, 0, 1, 16], "texture": "#16"},
				"up": {"uv": [0, 0, 1, 2], "texture": "#16"},
				"down": {"uv": [0, 0, 1, 16], "texture": "#16"}
			}
		},
		{
			"from": [-1.25, 7.5, 16.25],
			"to": [-0.25, 14.5, 17.25],
			"rotation": {"angle": 0, "axis": "y", "origin": [8, 15.48964, -15.675]},
			"faces": {
				"north": {"uv": [0, 0, 1, 16], "texture": "#16"},
				"east": {"uv": [0, 0, 1, 16], "texture": "#24"},
				"south": {"uv": [0, 0, 1, 16], "texture": "#16"},
				"west": {"uv": [0, 0, 1, 16], "texture": "#16"},
				"up": {"uv": [0, 0, 1, 2], "texture": "#16"},
				"down": {"uv": [0, 0, 1, 16], "texture": "#16"}
			}
		},
		{
			"from": [-1.25, 7.5, 17.1],
			"to": [-0.25, 14.5, 23.25],
			"rotation": {"angle": 0, "axis": "y", "origin": [8, 15.48964, -15.675]},
			"faces": {
				"north": {"uv": [4.5, 9.5, 6.5, 13.5], "texture": "#15"},
				"east": {"uv": [0.5, 0, 15, 16], "texture": "#15"},
				"south": {"uv": [1, 10, 3.5, 13.5], "texture": "#15"},
				"west": {"uv": [1, 0.05, 16, 16], "texture": "#14"},
				"up": {"uv": [7, 5.5, 8, 7.5], "texture": "#15"},
				"down": {"uv": [0, 0, 1, 16], "texture": "#4"}
			}
		},
		{
			"from": [-0.25, 6.2, -0.35],
			"to": [0.9, 15.7, 0.6],
			"rotation": {"angle": 0, "axis": "y", "origin": [0, 0, 7.5]},
			"faces": {
				"north": {"uv": [0, 0, 3.75, 3.5], "texture": "#11"},
				"east": {"uv": [0, 0, 1.25, 3.5], "texture": "#11"},
				"south": {"uv": [0, 0, 3.75, 3.5], "texture": "#11"},
				"west": {"uv": [0, 0, 1.25, 3.5], "texture": "#11"},
				"up": {"uv": [0, 0, 3.75, 1.25], "texture": "#11"},
				"down": {"uv": [0, 0, 3.75, 1.25], "texture": "#11"}
			}
		},
		{
			"from": [4.4, 2.2, -0.35],
			"to": [5.55, 4.7, 0.6],
			"rotation": {"angle": 45, "axis": "z", "origin": [0, 0, 7.5]},
			"faces": {
				"north": {"uv": [0, 0, 3.75, 3.5], "texture": "#11"},
				"east": {"uv": [0, 0, 1.25, 3.5], "texture": "#11"},
				"south": {"uv": [0, 0, 3.75, 3.5], "texture": "#11"},
				"west": {"uv": [0, 0, 1.25, 3.5], "texture": "#11"},
				"up": {"uv": [0, 0, 3.75, 1.25], "texture": "#11"},
				"down": {"uv": [0, 0, 3.75, 1.25], "texture": "#11"}
			}
		},
		{
			"from": [-0.25, 2.7, -0.35],
			"to": [3.95, 6.2, 0.6],
			"rotation": {"angle": 0, "axis": "y", "origin": [0, 0, 7.5]},
			"faces": {
				"north": {"uv": [0, 0, 3.75, 3.5], "texture": "#11"},
				"east": {"uv": [0, 0, 1.25, 3.5], "texture": "#11"},
				"south": {"uv": [0, 0, 3.75, 3.5], "texture": "#11"},
				"west": {"uv": [0, 0, 1.25, 3.5], "texture": "#11"},
				"up": {"uv": [0, 0, 3.75, 1.25], "texture": "#11"},
				"down": {"uv": [0, 0, 3.75, 1.25], "texture": "#11"}
			}
		},
		{
			"from": [2.65, 4.7, -0.15],
			"to": [3.2, 15.8, 0.4],
			"rotation": {"angle": 0, "axis": "y", "origin": [0, 0, 7.5]},
			"faces": {
				"north": {"uv": [0, 0, 3.75, 3.5], "texture": "#23"},
				"east": {"uv": [0, 0, 1.25, 3.5], "texture": "#23"},
				"south": {"uv": [0, 0, 3.75, 3.5], "texture": "#23"},
				"west": {"uv": [0, 0, 1.25, 3.5], "texture": "#23"},
				"up": {"uv": [0, 0, 3.75, 1.25], "texture": "#23"},
				"down": {"uv": [0, 0, 3.75, 1.25], "texture": "#23"}
			}
		},
		{
			"from": [-0.25, 6.2, 11.8],
			"to": [0.9, 15.7, 12.75],
			"rotation": {"angle": 0, "axis": "y", "origin": [0, 0, 19.65]},
			"faces": {
				"north": {"uv": [0, 0, 3.75, 3.5], "texture": "#11"},
				"east": {"uv": [0, 0, 1.25, 3.5], "texture": "#11"},
				"south": {"uv": [0, 0, 3.75, 3.5], "texture": "#11"},
				"west": {"uv": [0, 0, 1.25, 3.5], "texture": "#11"},
				"up": {"uv": [0, 0, 3.75, 1.25], "texture": "#11"},
				"down": {"uv": [0, 0, 3.75, 1.25], "texture": "#11"}
			}
		},
		{
			"from": [4.4, 2.2, 11.8],
			"to": [5.55, 4.7, 12.75],
			"rotation": {"angle": 45, "axis": "z", "origin": [0, 0, 19.65]},
			"faces": {
				"north": {"uv": [0, 0, 3.75, 3.5], "texture": "#11"},
				"east": {"uv": [0, 0, 1.25, 3.5], "texture": "#11"},
				"south": {"uv": [0, 0, 3.75, 3.5], "texture": "#11"},
				"west": {"uv": [0, 0, 1.25, 3.5], "texture": "#11"},
				"up": {"uv": [0, 0, 3.75, 1.25], "texture": "#11"},
				"down": {"uv": [0, 0, 3.75, 1.25], "texture": "#11"}
			}
		},
		{
			"from": [-0.25, 2.7, 11.8],
			"to": [3.95, 6.2, 12.75],
			"rotation": {"angle": 0, "axis": "y", "origin": [0, 0, 19.65]},
			"faces": {
				"north": {"uv": [0, 0, 3.75, 3.5], "texture": "#11"},
				"east": {"uv": [0, 0, 1.25, 3.5], "texture": "#11"},
				"south": {"uv": [0, 0, 3.75, 3.5], "texture": "#11"},
				"west": {"uv": [0, 0, 1.25, 3.5], "texture": "#11"},
				"up": {"uv": [0, 0, 3.75, 1.25], "texture": "#11"},
				"down": {"uv": [0, 0, 3.75, 1.25], "texture": "#11"}
			}
		},
		{
			"from": [2.65, 4.7, 12],
			"to": [3.2, 15.8, 12.55],
			"rotation": {"angle": 0, "axis": "y", "origin": [0, 0, 19.65]},
			"faces": {
				"north": {"uv": [0, 0, 3.75, 3.5], "texture": "#23"},
				"east": {"uv": [0, 0, 1.25, 3.5], "texture": "#23"},
				"south": {"uv": [0, 0, 3.75, 3.5], "texture": "#23"},
				"west": {"uv": [0, 0, 1.25, 3.5], "texture": "#23"},
				"up": {"uv": [0, 0, 3.75, 1.25], "texture": "#23"},
				"down": {"uv": [0, 0, 3.75, 1.25], "texture": "#23"}
			}
		},
		{
			"from": [12.05, 2.7, -0.35],
			"to": [16.25, 6.2, 0.6],
			"rotation": {"angle": 0, "axis": "y", "origin": [0.05, 0, 7.5]},
			"faces": {
				"north": {"uv": [0, 0, 3.75, 3.5], "texture": "#11"},
				"east": {"uv": [0, 0, 1.25, 3.5], "texture": "#11"},
				"south": {"uv": [0, 0, 3.75, 3.5], "texture": "#11"},
				"west": {"uv": [0, 0, 1.25, 3.5], "texture": "#11"},
				"up": {"uv": [0, 0, 3.75, 1.25], "texture": "#11"},
				"down": {"uv": [0, 0, 3.75, 1.25], "texture": "#11"}
			}
		},
		{
			"from": [5.7, 14.2, -0.35],
			"to": [6.85, 15.7, 0.6],
			"rotation": {"angle": -45, "axis": "z", "origin": [0.05, 0, 7.5]},
			"faces": {
				"north": {"uv": [0, 0, 3.75, 3.5], "texture": "#11"},
				"east": {"uv": [0, 0, 1.25, 3.5], "texture": "#11"},
				"south": {"uv": [0, 0, 3.75, 3.5], "texture": "#11"},
				"west": {"uv": [0, 0, 1.25, 3.5], "texture": "#11"},
				"up": {"uv": [0, 0, 3.75, 1.25], "texture": "#11"},
				"down": {"uv": [0, 0, 3.75, 1.25], "texture": "#11"}
			}
		},
		{
			"from": [15.1, 6.2, -0.35],
			"to": [16.25, 15.7, 0.6],
			"rotation": {"angle": 0, "axis": "y", "origin": [0.05, 0, 7.5]},
			"faces": {
				"north": {"uv": [0, 0, 3.75, 3.5], "texture": "#11"},
				"east": {"uv": [0, 0, 1.25, 3.5], "texture": "#11"},
				"south": {"uv": [0, 0, 3.75, 3.5], "texture": "#11"},
				"west": {"uv": [0, 0, 1.25, 3.5], "texture": "#11"},
				"up": {"uv": [0, 0, 3.75, 1.25], "texture": "#11"},
				"down": {"uv": [0, 0, 3.75, 1.25], "texture": "#11"}
			}
		},
		{
			"from": [12.65, 4.7, -0.15],
			"to": [13.2, 15.8, 0.4],
			"rotation": {"angle": 0, "axis": "y", "origin": [0, 0, 7.5]},
			"faces": {
				"north": {"uv": [0, 0, 3.75, 3.5], "texture": "#23"},
				"east": {"uv": [0, 0, 1.25, 3.5], "texture": "#23"},
				"south": {"uv": [0, 0, 3.75, 3.5], "texture": "#23"},
				"west": {"uv": [0, 0, 1.25, 3.5], "texture": "#23"},
				"up": {"uv": [0, 0, 3.75, 1.25], "texture": "#23"},
				"down": {"uv": [0, 0, 3.75, 1.25], "texture": "#23"}
			}
		},
		{
			"from": [12.05, 2.7, 11.8],
			"to": [16.25, 6.2, 12.75],
			"rotation": {"angle": 0, "axis": "y", "origin": [0.05, 0, 19.65]},
			"faces": {
				"north": {"uv": [0, 0, 3.75, 3.5], "texture": "#11"},
				"east": {"uv": [0, 0, 1.25, 3.5], "texture": "#11"},
				"south": {"uv": [0, 0, 3.75, 3.5], "texture": "#11"},
				"west": {"uv": [0, 0, 1.25, 3.5], "texture": "#11"},
				"up": {"uv": [0, 0, 3.75, 1.25], "texture": "#11"},
				"down": {"uv": [0, 0, 3.75, 1.25], "texture": "#11"}
			}
		},
		{
			"from": [5.7, 14.2, 11.8],
			"to": [6.85, 15.7, 12.75],
			"rotation": {"angle": -45, "axis": "z", "origin": [0.05, 0, 19.65]},
			"faces": {
				"north": {"uv": [0, 0, 3.75, 3.5], "texture": "#11"},
				"east": {"uv": [0, 0, 1.25, 3.5], "texture": "#11"},
				"south": {"uv": [0, 0, 3.75, 3.5], "texture": "#11"},
				"west": {"uv": [0, 0, 1.25, 3.5], "texture": "#11"},
				"up": {"uv": [0, 0, 3.75, 1.25], "texture": "#11"},
				"down": {"uv": [0, 0, 3.75, 1.25], "texture": "#11"}
			}
		},
		{
			"from": [15.1, 6.2, 11.8],
			"to": [16.25, 15.7, 12.75],
			"rotation": {"angle": 0, "axis": "y", "origin": [0.05, 0, 19.65]},
			"faces": {
				"north": {"uv": [0, 0, 3.75, 3.5], "texture": "#11"},
				"east": {"uv": [0, 0, 1.25, 3.5], "texture": "#11"},
				"south": {"uv": [0, 0, 3.75, 3.5], "texture": "#11"},
				"west": {"uv": [0, 0, 1.25, 3.5], "texture": "#11"},
				"up": {"uv": [0, 0, 3.75, 1.25], "texture": "#11"},
				"down": {"uv": [0, 0, 3.75, 1.25], "texture": "#11"}
			}
		},
		{
			"from": [12.65, 4.7, 12],
			"to": [13.2, 15.8, 12.55],
			"rotation": {"angle": 0, "axis": "y", "origin": [0, 0, 19.65]},
			"faces": {
				"north": {"uv": [0, 0, 3.75, 3.5], "texture": "#23"},
				"east": {"uv": [0, 0, 1.25, 3.5], "texture": "#23"},
				"south": {"uv": [0, 0, 3.75, 3.5], "texture": "#23"},
				"west": {"uv": [0, 0, 1.25, 3.5], "texture": "#23"},
				"up": {"uv": [0, 0, 3.75, 1.25], "texture": "#23"},
				"down": {"uv": [0, 0, 3.75, 1.25], "texture": "#23"}
			}
		},
		{
			"from": [12.55, 16.8, 26.1],
			"to": [15.45, 17.4, 27.25],
			"rotation": {"angle": 0, "axis": "y", "origin": [8, 15.48964, -15.675]},
			"faces": {
				"north": {"uv": [0.992, 0.032, 15.072, 10.752], "texture": "#21"},
				"east": {"uv": [0, 0, 1, 16], "texture": "#11"},
				"south": {"uv": [0, 0, 16, 16], "texture": "#4"},
				"west": {"uv": [0, 0, 1, 16], "texture": "#11"},
				"up": {"uv": [0, 0, 1, 2], "texture": "#4"},
				"down": {"uv": [0, 0, 1, 16], "texture": "#4"}
			}
		},
		{
			"name": "roof",
			"from": [5.6, 17.9, -15.8],
			"to": [10.4, 18.3, 27.3],
			"rotation": {"angle": 0, "axis": "y", "origin": [8, 3.48964, 11.325]},
			"faces": {
				"north": {"uv": [5, 0, 11, 16], "texture": "#4"},
				"east": {"uv": [5, 0, 11, 16], "texture": "#4"},
				"south": {"uv": [5, 0, 11, 16], "texture": "#4"},
				"west": {"uv": [5, 0, 11, 16], "texture": "#4"},
				"up": {"uv": [5, 0, 11, 16], "texture": "#4"},
				"down": {"uv": [7, 6.5, 9, 10], "texture": "#4"}
			}
		},
		{
			"name": "roof",
			"from": [10.5, 17.9, -15.8],
			"to": [11, 18.3, 27.3],
			"rotation": {"angle": 0, "axis": "y", "origin": [8, 3.48964, 11.325]},
			"faces": {
				"north": {"uv": [5, 0, 11, 16], "texture": "#4"},
				"east": {"uv": [5, 0, 11, 16], "texture": "#4"},
				"south": {"uv": [5, 0, 11, 16], "texture": "#4"},
				"west": {"uv": [5, 0, 11, 16], "texture": "#4"},
				"up": {"uv": [5, 0, 11, 16], "texture": "#4"},
				"down": {"uv": [7, 6.5, 9, 10], "texture": "#12"}
			}
		},
		{
			"name": "roof",
			"from": [5, 17.9, -15.8],
			"to": [5.5, 18.3, 27.3],
			"rotation": {"angle": 0, "axis": "y", "origin": [8, 3.48964, 11.325]},
			"faces": {
				"north": {"uv": [5, 0, 11, 16], "texture": "#4"},
				"east": {"uv": [5, 0, 11, 16], "texture": "#4"},
				"south": {"uv": [5, 0, 11, 16], "texture": "#4"},
				"west": {"uv": [5, 0, 11, 16], "texture": "#4"},
				"up": {"uv": [5, 0, 11, 16], "texture": "#4"},
				"down": {"uv": [7, 6.5, 9, 10], "texture": "#12"}
			}
		},
		{
			"name": "roof",
			"from": [15.1, 17.9, -15.8],
			"to": [15.2, 18.3, 27.3],
			"rotation": {"angle": 0, "axis": "y", "origin": [8, 3.48964, 11.325]},
			"faces": {
				"north": {"uv": [5, 0, 11, 16], "texture": "#24"},
				"east": {"uv": [5, 0, 11, 16], "texture": "#24"},
				"south": {"uv": [5, 0, 11, 16], "texture": "#24"},
				"west": {"uv": [5, 0, 11, 16], "texture": "#24"},
				"up": {"uv": [5, 0, 11, 16], "texture": "#24"},
				"down": {"uv": [5, 0, 11, 16], "texture": "#24"}
			}
		},
		{
			"name": "roof",
			"from": [15.125, 17.925, -15.8],
			"to": [15.3, 18.3, 27.3],
			"rotation": {"angle": 0, "axis": "y", "origin": [8, 3.48964, 11.325]},
			"faces": {
				"north": {"uv": [5, 0, 11, 16], "texture": "#16"},
				"east": {"uv": [5, 0, 11, 16], "texture": "#16"},
				"south": {"uv": [5, 0, 11, 16], "texture": "#16"},
				"west": {"uv": [5, 0, 11, 16], "texture": "#16"},
				"up": {"uv": [5, 0, 11, 16], "texture": "#16"},
				"down": {"uv": [5, 0, 11, 16], "texture": "#16"}
			}
		},
		{
			"name": "roof",
			"from": [15.3, 17.9, -15.8],
			"to": [15.4, 18.3, 27.3],
			"rotation": {"angle": 0, "axis": "y", "origin": [8, 3.48964, 11.325]},
			"faces": {
				"north": {"uv": [5, 0, 11, 16], "texture": "#24"},
				"east": {"uv": [5, 0, 11, 16], "texture": "#24"},
				"south": {"uv": [5, 0, 11, 16], "texture": "#24"},
				"west": {"uv": [5, 0, 11, 16], "texture": "#24"},
				"up": {"uv": [5, 0, 11, 16], "texture": "#24"},
				"down": {"uv": [5, 0, 11, 16], "texture": "#24"}
			}
		},
		{
			"name": "roof",
			"from": [0.6, 17.9, -15.8],
			"to": [0.7, 18.3, 27.3],
			"rotation": {"angle": 0, "axis": "y", "origin": [8, 3.48964, 11.325]},
			"faces": {
				"north": {"uv": [5, 0, 11, 16], "texture": "#24"},
				"east": {"uv": [5, 0, 11, 16], "texture": "#24"},
				"south": {"uv": [5, 0, 11, 16], "texture": "#24"},
				"west": {"uv": [5, 0, 11, 16], "texture": "#24"},
				"up": {"uv": [5, 0, 11, 16], "texture": "#24"},
				"down": {"uv": [5, 0, 11, 16], "texture": "#24"}
			}
		},
		{
			"name": "roof",
			"from": [0.625, 17.925, -15.8],
			"to": [0.8, 18.3, 27.3],
			"rotation": {"angle": 0, "axis": "y", "origin": [8, 3.48964, 11.325]},
			"faces": {
				"north": {"uv": [5, 0, 11, 16], "texture": "#16"},
				"east": {"uv": [5, 0, 11, 16], "texture": "#16"},
				"south": {"uv": [5, 0, 11, 16], "texture": "#16"},
				"west": {"uv": [5, 0, 11, 16], "texture": "#16"},
				"up": {"uv": [5, 0, 11, 16], "texture": "#16"},
				"down": {"uv": [5, 0, 11, 16], "texture": "#16"}
			}
		},
		{
			"name": "roof",
			"from": [0.8, 17.9, -15.8],
			"to": [0.9, 18.3, 27.3],
			"rotation": {"angle": 0, "axis": "y", "origin": [8, 3.48964, 11.325]},
			"faces": {
				"north": {"uv": [5, 0, 11, 16], "texture": "#24"},
				"east": {"uv": [5, 0, 11, 16], "texture": "#24"},
				"south": {"uv": [5, 0, 11, 16], "texture": "#24"},
				"west": {"uv": [5, 0, 11, 16], "texture": "#24"},
				"up": {"uv": [5, 0, 11, 16], "texture": "#24"},
				"down": {"uv": [5, 0, 11, 16], "texture": "#24"}
			}
		},
		{
			"name": "roof",
			"from": [0.25, 18, -15.8],
			"to": [15.75, 19, 27.35],
			"rotation": {"angle": 0, "axis": "y", "origin": [8, 3.48964, 11.325]},
			"faces": {
				"north": {"uv": [5, 0, 11, 16], "texture": "#4"},
				"east": {"uv": [5, 0, 11, 16], "texture": "#4"},
				"south": {"uv": [5, 0, 11, 16], "texture": "#4"},
				"west": {"uv": [5, 0, 11, 16], "texture": "#4"},
				"up": {"uv": [5, 0, 11, 16], "texture": "#4"},
				"down": {"uv": [5, 0, 11, 16], "texture": "#24"}
			}
		},
		{
			"name": "roof",
			"from": [2.50891, 18.9372, -15.825],
			"to": [4.63391, 19.9372, 27.35],
			"rotation": {"angle": -45, "axis": "z", "origin": [8, 3.48964, 11.325]},
			"faces": {
				"north": {"uv": [6, 0, 0, 16], "texture": "#4"},
				"east": {"uv": [6, 0, 0, 16], "texture": "#4"},
				"south": {"uv": [6, 0, 0, 16], "texture": "#4"},
				"west": {"uv": [6, 0, 0, 16], "texture": "#4"},
				"up": {"uv": [2, 0, 0, 16], "texture": "#4"},
				"down": {"uv": [6, 0, 0, 16], "texture": "#24"}
			}
		},
		{
			"name": "roof",
			"from": [11.36609, 18.9372, -15.825],
			"to": [13.49109, 19.9372, 27.35],
			"rotation": {"angle": 45, "axis": "z", "origin": [8, 3.48964, 11.325]},
			"faces": {
				"north": {"uv": [0, 0, 6, 16], "texture": "#4"},
				"east": {"uv": [0, 0, 6, 16], "texture": "#4"},
				"south": {"uv": [0, 0, 6, 16], "texture": "#4"},
				"west": {"uv": [0, 0, 6, 16], "texture": "#4"},
				"up": {"uv": [0, 0, 2, 16], "texture": "#4"},
				"down": {"uv": [0, 0, 6, 16], "texture": "#24"}
			}
		},
		{
			"name": "roof",
			"from": [10.56609, 17.9372, 1.25],
			"to": [14.36609, 18.9372, 11.4],
			"rotation": {"angle": 45, "axis": "z", "origin": [8, 3.48964, 11.325]},
			"faces": {
				"north": {"uv": [0, 0, 6, 16], "texture": "#24"},
				"east": {"uv": [0, 0, 6, 16], "texture": "#24"},
				"south": {"uv": [0, 0, 6, 16], "texture": "#24"},
				"west": {"uv": [0, 0, 6, 16], "texture": "#24"},
				"up": {"uv": [0, 0, 2, 16], "texture": "#24"},
				"down": {"uv": [0, 0, 6, 16], "texture": "#24"}
			}
		},
		{
			"name": "roof",
			"from": [22.55244, 6.35573, 1.25],
			"to": [23.55244, 9.85573, 11.4],
			"rotation": {"angle": 45, "axis": "z", "origin": [8, 3.48964, 11.325]},
			"faces": {
				"north": {"uv": [0, 0, 6, 16], "rotation": 90, "texture": "#24"},
				"east": {"uv": [0, 0, 6, 16], "rotation": 270, "texture": "#24"},
				"south": {"uv": [0, 0, 6, 16], "rotation": 270, "texture": "#24"},
				"west": {"uv": [0, 0, 2, 16], "rotation": 270, "texture": "#24"},
				"up": {"uv": [0, 0, 6, 16], "rotation": 270, "texture": "#24"},
				"down": {"uv": [0, 0, 6, 16], "rotation": 270, "texture": "#24"}
			}
		},
		{
			"from": [16.25, 15.5, -15.8],
			"to": [17.25, 16.5, 24.25],
			"rotation": {"angle": 0, "axis": "y", "origin": [8, 15.48964, 3.325]},
			"faces": {
				"north": {"uv": [0, 0, 1, 16], "texture": "#4"},
				"east": {"uv": [0, 0, 1, 16], "texture": "#17"},
				"south": {"uv": [0, 0, 1, 16], "texture": "#4"},
				"west": {"uv": [0, 0, 13.5, 2.5], "texture": "#24"},
				"up": {"uv": [0, 0, 1, 2], "texture": "#4"},
				"down": {"uv": [0, 0, 1, 16], "texture": "#4"}
			}
		},
		{
			"from": [16.25, 3.5, 11.25],
			"to": [17.25, 5.5, 24.25],
			"rotation": {"angle": 0, "axis": "y", "origin": [8, 15.48964, 3.325]},
			"faces": {
				"north": {"uv": [0, 0, 1, 16], "texture": "#4"},
				"east": {"uv": [0, 0, 1, 16], "texture": "#11"},
				"south": {"uv": [0, 0, 1, 16], "texture": "#4"},
				"west": {"uv": [0, 0, 1, 16], "texture": "#24"},
				"up": {"uv": [0, 0, 1, 2], "texture": "#4"},
				"down": {"uv": [0, 0, 1, 16], "texture": "#24"}
			}
		},
		{
			"from": [16.25, 3.5, -15.85],
			"to": [17.25, 5.5, 1.15],
			"rotation": {"angle": 0, "axis": "y", "origin": [8, 15.48964, 3.325]},
			"faces": {
				"north": {"uv": [0, 0, 1, 16], "texture": "#4"},
				"east": {"uv": [0, 0, 1, 16], "texture": "#11"},
				"south": {"uv": [0, 0, 1, 16], "texture": "#4"},
				"west": {"uv": [0, 0, 1, 16], "texture": "#24"},
				"up": {"uv": [0, 0, 1, 2], "texture": "#4"},
				"down": {"uv": [0, 0, 1, 16], "texture": "#24"}
			}
		},
		{
			"from": [-1.25, 15.5, -15.8],
			"to": [-0.25, 16.5, 24.25],
			"rotation": {"angle": 0, "axis": "y", "origin": [8, 15.48964, 3.325]},
			"faces": {
				"north": {"uv": [0, 0, 1, 16], "texture": "#4"},
				"east": {"uv": [0, 0, 8, 3], "texture": "#24"},
				"south": {"uv": [0, 0, 1, 16], "texture": "#4"},
				"west": {"uv": [0, 0, 1, 16], "texture": "#17"},
				"up": {"uv": [0, 0, 1, 2], "texture": "#4"},
				"down": {"uv": [0, 0, 1, 16], "texture": "#24"}
			}
		},
		{
			"from": [-1.25, 3.5, -15.8],
			"to": [-0.25, 5.5, 1.15],
			"rotation": {"angle": 0, "axis": "y", "origin": [8, 15.48964, 3.325]},
			"faces": {
				"north": {"uv": [0, 0, 1, 16], "texture": "#4"},
				"east": {"uv": [0, 0, 1, 16], "texture": "#24"},
				"south": {"uv": [0, 0, 1, 16], "texture": "#4"},
				"west": {"uv": [0, 0, 1, 16], "texture": "#11"},
				"up": {"uv": [0, 0, 1, 2], "texture": "#4"},
				"down": {"uv": [0, 0, 1, 16], "texture": "#24"}
			}
		},
		{
			"from": [-1.25, 3.5, 11.25],
			"to": [-0.25, 5.5, 24.25],
			"rotation": {"angle": 0, "axis": "y", "origin": [8, 15.48964, 3.325]},
			"faces": {
				"north": {"uv": [0, 0, 1, 16], "texture": "#4"},
				"east": {"uv": [0, 0, 1, 16], "texture": "#24"},
				"south": {"uv": [0, 0, 1, 16], "texture": "#4"},
				"west": {"uv": [0, 0, 1, 16], "texture": "#11"},
				"up": {"uv": [0, 0, 1, 2], "texture": "#4"},
				"down": {"uv": [0, 0, 1, 16], "texture": "#24"}
			}
		},
		{
			"from": [5.375, 0.5, 26.625],
			"to": [10.625, 2.5, 27.125],
			"rotation": {"angle": 0, "axis": "y", "origin": [8, 15.48964, -15.675]},
			"faces": {
				"north": {"uv": [0, 0, 1, 16], "texture": "#4"},
				"east": {"uv": [0, 0, 1, 16], "texture": "#4"},
				"south": {"uv": [0, 0, 1, 16], "texture": "#11"},
				"west": {"uv": [0, 0, 1, 16], "texture": "#4"},
				"up": {"uv": [0, 0, 1, 2], "rotation": 270, "texture": "#4"},
				"down": {"uv": [0, 0, 1, 16], "rotation": 90, "texture": "#4"}
			}
		},
		{
			"from": [4.275, 0.5, 26.625],
			"to": [5.425, 15.5, 27.125],
			"rotation": {"angle": 0, "axis": "y", "origin": [8, 15.48964, -15.675]},
			"faces": {
				"north": {"uv": [0, 0, 1, 16], "texture": "#4"},
				"east": {"uv": [0, 0, 1, 16], "texture": "#4"},
				"south": {"uv": [0, 0, 1, 16], "texture": "#11"},
				"west": {"uv": [0, 0, 1, 16], "texture": "#4"},
				"up": {"uv": [0, 0, 1, 2], "rotation": 270, "texture": "#4"},
				"down": {"uv": [0, 0, 1, 16], "rotation": 90, "texture": "#4"}
			}
		},
		{
			"from": [5.375, 13.5, 26.625],
			"to": [10.625, 15.5, 27.125],
			"rotation": {"angle": 0, "axis": "y", "origin": [8, 15.48964, -15.675]},
			"faces": {
				"north": {"uv": [0, 0, 1, 16], "texture": "#4"},
				"east": {"uv": [0, 0, 1, 16], "texture": "#4"},
				"south": {"uv": [0, 0, 1, 16], "texture": "#11"},
				"west": {"uv": [0, 0, 1, 16], "texture": "#4"},
				"up": {"uv": [0, 0, 1, 2], "rotation": 270, "texture": "#4"},
				"down": {"uv": [0, 0, 1, 16], "rotation": 90, "texture": "#4"}
			}
		},
		{
			"from": [10.575, 0.5, 26.625],
			"to": [11.725, 15.5, 27.125],
			"rotation": {"angle": 0, "axis": "y", "origin": [8, 15.48964, -15.675]},
			"faces": {
				"north": {"uv": [0, 0, 1, 16], "texture": "#4"},
				"east": {"uv": [0, 0, 1, 16], "texture": "#4"},
				"south": {"uv": [0, 0, 1, 16], "texture": "#11"},
				"west": {"uv": [0, 0, 1, 16], "texture": "#4"},
				"up": {"uv": [0, 0, 1, 2], "rotation": 270, "texture": "#4"},
				"down": {"uv": [0, 0, 1, 16], "rotation": 90, "texture": "#4"}
			}
		},
		{
			"from": [5.375, 2.5, 26.875],
			"to": [10.625, 13.5, 26.875],
			"rotation": {"angle": 0, "axis": "y", "origin": [8, 15.48964, -15.675]},
			"faces": {
				"north": {"uv": [0, 0, 16, 16], "texture": "#15"},
				"east": {"uv": [0, 0, 1, 16], "texture": "#4"},
				"south": {"uv": [0, 0, 16, 16], "texture": "#15"},
				"west": {"uv": [0, 0, 1, 16], "texture": "#4"},
				"up": {"uv": [0, 0, 1, 2], "rotation": 270, "texture": "#4"},
				"down": {"uv": [0, 0, 1, 16], "rotation": 90, "texture": "#4"}
			}
		},
		{
			"from": [16.25, 1, 24.2],
			"to": [17.25, 16.5, 27.35],
			"rotation": {"angle": 0, "axis": "y", "origin": [8, 15.48964, -15.675]},
			"faces": {
				"north": {"uv": [0, 0, 1, 16], "texture": "#4"},
				"east": {"uv": [0, 0, 1, 16], "texture": "#11"},
				"south": {"uv": [0, 0, 1, 16], "texture": "#4"},
				"west": {"uv": [0, 0, 1, 16], "texture": "#24"},
				"up": {"uv": [0, 0, 1, 2], "texture": "#4"},
				"down": {"uv": [0, 0, 1, 16], "texture": "#16"}
			}
		},
		{
			"from": [16.25, 16.5, -15.8],
			"to": [17.25, 17.5, 27.35],
			"rotation": {"angle": 0, "axis": "y", "origin": [8, 15.48964, 3.325]},
			"faces": {
				"north": {"uv": [0, 0, 1, 16], "texture": "#4"},
				"east": {"uv": [0, 0, 1, 16], "texture": "#11"},
				"south": {"uv": [0, 0, 1, 16], "texture": "#4"},
				"west": {"uv": [0, 0, 16, 3], "texture": "#24"},
				"up": {"uv": [0, 0, 1, 2], "texture": "#4"},
				"down": {"uv": [0, 0, 1, 16], "texture": "#24"}
			}
		},
		{
			"from": [-1.25, 16.5, -15.8],
			"to": [-0.25, 17.5, 27.35],
			"rotation": {"angle": 0, "axis": "y", "origin": [8, 15.48964, 3.325]},
			"faces": {
				"north": {"uv": [0, 0, 1, 16], "texture": "#4"},
				"east": {"uv": [0, 0, 8, 4.5], "texture": "#24"},
				"south": {"uv": [0, 0, 1, 16], "texture": "#4"},
				"west": {"uv": [0, 0, 1, 16], "texture": "#11"},
				"up": {"uv": [0, 0, 1, 2], "texture": "#4"},
				"down": {"uv": [0, 0, 1, 16], "texture": "#24"}
			}
		},
		{
			"from": [16.25, 5.5, -3.85],
			"to": [17.25, 15.5, 1.15],
			"rotation": {"angle": 0, "axis": "y", "origin": [8, 15.48964, -15.675]},
			"faces": {
				"north": {"uv": [0, 0, 1, 16], "texture": "#16"},
				"east": {"uv": [0, 0, 1, 16], "texture": "#16"},
				"south": {"uv": [0, 0, 1, 16], "texture": "#4"},
				"west": {"uv": [0, 0, 15.5, 15], "texture": "#24"},
				"up": {"uv": [0, 0, 1, 2], "texture": "#11"},
				"down": {"uv": [0, 0, 1, 16], "texture": "#11"}
			}
		},
		{
			"from": [16.25, 1, -15.8],
			"to": [17.25, 3.5, 1.15],
			"rotation": {"angle": 0, "axis": "y", "origin": [8, 15.48964, -15.675]},
			"faces": {
				"north": {"uv": [0, 0, 1, 16], "texture": "#4"},
				"east": {"uv": [0, 0, 1, 16], "texture": "#11"},
				"south": {"uv": [0, 0, 1, 16], "texture": "#4"},
				"west": {"uv": [0, 0, 1, 16], "texture": "#24"},
				"up": {"uv": [0, 0, 1, 2], "texture": "#4"},
				"down": {"uv": [0, 0, 1, 16], "texture": "#16"}
			}
		},
		{
			"from": [16.25, 1, 1.1],
			"to": [17.25, 1.1, 11.25],
			"rotation": {"angle": 0, "axis": "y", "origin": [8, 15.48964, -15.675]},
			"faces": {
				"north": {"uv": [0, 0, 1, 16], "texture": "#4"},
				"east": {"uv": [0, 0, 1, 16], "texture": "#11"},
				"south": {"uv": [0, 0, 1, 16], "texture": "#4"},
				"west": {"uv": [0, 0, 1, 16], "texture": "#4"},
				"up": {"uv": [0, 0, 1, 2], "texture": "#4"},
				"down": {"uv": [0, 0, 1, 16], "texture": "#16"}
			}
		},
		{
			"from": [-1.25, 1, 1.1],
			"to": [-0.25, 1.1, 11.25],
			"rotation": {"angle": 0, "axis": "y", "origin": [8, 15.48964, -15.675]},
			"faces": {
				"north": {"uv": [0, 0, 1, 16], "texture": "#4"},
				"east": {"uv": [0, 0, 1, 16], "texture": "#4"},
				"south": {"uv": [0, 0, 1, 16], "texture": "#4"},
				"west": {"uv": [0, 0, 1, 16], "texture": "#11"},
				"up": {"uv": [0, 0, 1, 2], "texture": "#4"},
				"down": {"uv": [0, 0, 1, 16], "texture": "#16"}
			}
		},
		{
			"from": [16.25, 5.5, -15.8],
			"to": [17.25, 7.5, -1.75],
			"rotation": {"angle": 0, "axis": "y", "origin": [8, 15.48964, -15.675]},
			"faces": {
				"north": {"uv": [0, 0, 1, 16], "texture": "#16"},
				"east": {"uv": [0, 0, 1, 16], "texture": "#16"},
				"south": {"uv": [0, 0, 1, 16], "texture": "#16"},
				"west": {"uv": [0, 0, 1, 16], "texture": "#11"},
				"up": {"uv": [0, 0, 1, 2], "texture": "#16"},
				"down": {"uv": [0, 0, 1, 16], "texture": "#16"}
			}
		},
		{
			"from": [16.25, 7.5, -15.9],
			"to": [17.25, 14.5, -3.85],
			"rotation": {"angle": 0, "axis": "y", "origin": [8, 15.48964, -15.675]},
			"faces": {
				"north": {"uv": [4.5, 9.5, 6.5, 13.5], "texture": "#15"},
				"east": {"uv": [0.5, 0, 16, 16], "texture": "#14"},
				"south": {"uv": [1, 10, 3.5, 13.5], "texture": "#15"},
				"west": {"uv": [0, 0.05, 16, 16], "texture": "#15"},
				"up": {"uv": [7, 5.5, 8, 7.5], "texture": "#15"},
				"down": {"uv": [0, 0, 1, 16], "texture": "#4"}
			}
		},
		{
			"from": [-1.25, 7.5, -15.9],
			"to": [-0.25, 14.5, -3.85],
			"rotation": {"angle": 0, "axis": "y", "origin": [8, 15.48964, -15.675]},
			"faces": {
				"north": {"uv": [4.5, 9.5, 6.5, 13.5], "texture": "#15"},
				"east": {"uv": [0.5, 0, 16, 16], "texture": "#15"},
				"south": {"uv": [1, 10, 3.5, 13.5], "texture": "#15"},
				"west": {"uv": [0, 0.05, 16, 16], "texture": "#14"},
				"up": {"uv": [7, 5.5, 8, 7.5], "texture": "#15"},
				"down": {"uv": [0, 0, 1, 16], "texture": "#4"}
			}
		},
		{
			"from": [16.25, 14.5, -15.8],
			"to": [17.25, 15.5, -3.75],
			"rotation": {"angle": 0, "axis": "y", "origin": [8, 15.48964, -15.675]},
			"faces": {
				"north": {"uv": [0, 0, 1, 16], "texture": "#16"},
				"east": {"uv": [0, 0, 1, 16], "texture": "#16"},
				"south": {"uv": [0, 0, 1, 16], "texture": "#16"},
				"west": {"uv": [0, 0, 12, 5.5], "texture": "#24"},
				"up": {"uv": [0, 0, 1, 2], "texture": "#16"},
				"down": {"uv": [0, 0, 1, 16], "texture": "#16"}
			}
		},
		{
			"from": [-1.25, 1, -15.8],
			"to": [-0.25, 3.5, 1.15],
			"rotation": {"angle": 0, "axis": "y", "origin": [8, 15.48964, -15.675]},
			"faces": {
				"north": {"uv": [0, 0, 1, 16], "texture": "#4"},
				"east": {"uv": [0, 0, 1, 16], "texture": "#24"},
				"south": {"uv": [0, 0, 1, 16], "texture": "#4"},
				"west": {"uv": [0, 0, 1, 16], "texture": "#11"},
				"up": {"uv": [0, 0, 1, 2], "texture": "#4"},
				"down": {"uv": [0, 0, 1, 16], "texture": "#24"}
			}
		},
		{
			"from": [-1.25, 5.5, -15.8],
			"to": [-0.25, 7.5, -1.75],
			"rotation": {"angle": 0, "axis": "y", "origin": [8, 15.48964, -15.675]},
			"faces": {
				"north": {"uv": [0, 0, 1, 16], "texture": "#16"},
				"east": {"uv": [0, 0, 1, 16], "texture": "#11"},
				"south": {"uv": [0, 0, 1, 16], "texture": "#16"},
				"west": {"uv": [0, 0, 1, 16], "texture": "#16"},
				"up": {"uv": [0, 0, 1, 2], "texture": "#16"},
				"down": {"uv": [0, 0, 1, 16], "texture": "#16"}
			}
		},
		{
			"from": [-1.25, 5.5, -3.85],
			"to": [-0.25, 15.5, 1.15],
			"rotation": {"angle": 0, "axis": "y", "origin": [8, 15.48964, -15.675]},
			"faces": {
				"north": {"uv": [0, 0, 1, 16], "texture": "#16"},
				"east": {"uv": [0, 0, 1, 16], "texture": "#24"},
				"south": {"uv": [0, 0, 1, 16], "texture": "#4"},
				"west": {"uv": [0, 0, 1, 16], "texture": "#16"},
				"up": {"uv": [0, 0, 1, 2], "texture": "#11"},
				"down": {"uv": [0, 0, 1, 16], "texture": "#11"}
			}
		},
		{
			"from": [-1.25, 14.5, -15.8],
			"to": [-0.25, 15.5, -3.75],
			"rotation": {"angle": 0, "axis": "y", "origin": [8, 15.48964, -15.675]},
			"faces": {
				"north": {"uv": [0, 0, 1, 16], "texture": "#16"},
				"east": {"uv": [0, 0, 1, 16], "texture": "#24"},
				"south": {"uv": [0, 0, 1, 16], "texture": "#16"},
				"west": {"uv": [0, 0, 1, 16], "texture": "#16"},
				"up": {"uv": [0, 0, 1, 2], "texture": "#16"},
				"down": {"uv": [0, 0, 1, 16], "texture": "#16"}
			}
		},
		{
			"from": [16.25, 1, 11.25],
			"to": [17.25, 3.5, 24.35],
			"rotation": {"angle": 0, "axis": "y", "origin": [8, 15.48964, -15.675]},
			"faces": {
				"north": {"uv": [0, 0, 1, 16], "texture": "#4"},
				"east": {"uv": [0, 0, 1, 16], "texture": "#11"},
				"south": {"uv": [0, 0, 1, 16], "texture": "#4"},
				"west": {"uv": [0, 0, 1, 16], "texture": "#24"},
				"up": {"uv": [0, 0, 1, 2], "texture": "#4"},
				"down": {"uv": [0, 0, 1, 16], "texture": "#16"}
			}
		},
		{
			"from": [-1.25, 1, 11.25],
			"to": [-0.25, 3.5, 24.35],
			"rotation": {"angle": 0, "axis": "y", "origin": [8, 15.48964, -15.675]},
			"faces": {
				"north": {"uv": [0, 0, 1, 16], "texture": "#4"},
				"east": {"uv": [0, 0, 1, 16], "texture": "#24"},
				"south": {"uv": [0, 0, 1, 16], "texture": "#4"},
				"west": {"uv": [0, 0, 1, 16], "texture": "#11"},
				"up": {"uv": [0, 0, 1, 2], "texture": "#4"},
				"down": {"uv": [0, 0, 1, 16], "texture": "#16"}
			}
		},
		{
			"from": [-1.25, 1, 24.2],
			"to": [-0.25, 16.5, 27.35],
			"rotation": {"angle": 0, "axis": "y", "origin": [8, 15.48964, -15.675]},
			"faces": {
				"north": {"uv": [0, 0, 1, 16], "texture": "#4"},
				"east": {"uv": [0, 0, 1, 16], "texture": "#24"},
				"south": {"uv": [0, 0, 1, 16], "texture": "#4"},
				"west": {"uv": [0, 0, 1, 16], "texture": "#11"},
				"up": {"uv": [0, 0, 1, 2], "texture": "#4"},
				"down": {"uv": [0, 0, 1, 16], "texture": "#16"}
			}
		},
		{
			"from": [11.75, 1, 26.2],
			"to": [16.25, 18.4, 27.35],
			"rotation": {"angle": 0, "axis": "y", "origin": [8, 15.48964, -15.675]},
			"faces": {
				"north": {"uv": [0, 0, 16, 16], "texture": "#24"},
				"east": {"uv": [0, 0, 1, 16], "texture": "#11"},
				"south": {"uv": [0, 0, 16, 16], "texture": "#4"},
				"west": {"uv": [0, 0, 1, 16], "texture": "#11"},
				"up": {"uv": [0, 0, 1, 2], "texture": "#4"},
				"down": {"uv": [0, 0, 1, 16], "texture": "#4"}
			}
		},
		{
			"from": [11.85, 0.8, 27.2],
			"to": [13.25, 15.4, 31],
			"rotation": {"angle": 0, "axis": "y", "origin": [8, 15.48964, -15.675]},
			"faces": {
				"north": {"uv": [0, 0, 16, 16], "texture": "#16"},
				"east": {"uv": [0, 0, 1, 16], "texture": "#16"},
				"south": {"uv": [0, 0, 16, 16], "texture": "#16"},
				"west": {"uv": [0, 0, 1, 16], "texture": "#16"},
				"up": {"uv": [0, 0, 1, 2], "texture": "#16"},
				"down": {"uv": [0, 0, 1, 16], "texture": "#16"}
			}
		},
		{
			"from": [2.75, 0.4, 27.2],
			"to": [13.25, 0.9, 31],
			"rotation": {"angle": 0, "axis": "y", "origin": [8, 15.48964, -15.675]},
			"faces": {
				"north": {"uv": [0, 0, 16, 16], "texture": "#16"},
				"east": {"uv": [0, 0, 1, 16], "texture": "#16"},
				"south": {"uv": [0, 0, 16, 16], "texture": "#16"},
				"west": {"uv": [0, 0, 1, 16], "texture": "#16"},
				"up": {"uv": [0, 0, 1, 2], "texture": "#13"},
				"down": {"uv": [0, 0, 1, 16], "texture": "#16"}
			}
		},
		{
			"from": [2.75, 0.8, 27.2],
			"to": [4.15, 15.4, 31],
			"rotation": {"angle": 0, "axis": "y", "origin": [8, 15.48964, -15.675]},
			"faces": {
				"north": {"uv": [0, 0, 16, 16], "texture": "#16"},
				"east": {"uv": [0, 0, 1, 16], "texture": "#16"},
				"south": {"uv": [0, 0, 16, 16], "texture": "#16"},
				"west": {"uv": [0, 0, 1, 16], "texture": "#16"},
				"up": {"uv": [0, 0, 1, 2], "texture": "#16"},
				"down": {"uv": [0, 0, 1, 16], "texture": "#16"}
			}
		},
		{
			"from": [2.75, 15.4, 27.2],
			"to": [13.25, 16.4, 31],
			"rotation": {"angle": 0, "axis": "y", "origin": [8, 15.48964, -15.675]},
			"faces": {
				"north": {"uv": [0, 0, 16, 16], "texture": "#16"},
				"east": {"uv": [0, 0, 1, 16], "texture": "#16"},
				"south": {"uv": [0, 0, 16, 16], "texture": "#16"},
				"west": {"uv": [0, 0, 1, 16], "texture": "#16"},
				"up": {"uv": [0, 0, 1, 2], "texture": "#16"},
				"down": {"uv": [0, 0, 1, 16], "texture": "#16"}
			}
		},
		{
			"from": [4.25, 15, 26.2],
			"to": [11.75, 18.4, 27.35],
			"rotation": {"angle": 0, "axis": "y", "origin": [8, 15.48964, -15.675]},
			"faces": {
				"north": {"uv": [0, 0, 13.5, 5], "texture": "#24"},
				"east": {"uv": [0, 0, 1, 16], "texture": "#11"},
				"south": {"uv": [0, 0, 16, 16], "texture": "#4"},
				"west": {"uv": [0, 0, 1, 16], "texture": "#11"},
				"up": {"uv": [0, 0, 1, 2], "texture": "#4"},
				"down": {"uv": [0, 0, 1, 16], "texture": "#4"}
			}
		},
		{
			"from": [-0.25, 1, 26.2],
			"to": [4.25, 18.4, 27.35],
			"rotation": {"angle": 0, "axis": "y", "origin": [8, 15.48964, -15.675]},
			"faces": {
				"north": {"uv": [0, 0, 16, 16], "texture": "#24"},
				"east": {"uv": [0, 0, 1, 16], "texture": "#11"},
				"south": {"uv": [0, 0, 16, 16], "texture": "#4"},
				"west": {"uv": [0, 0, 1, 16], "texture": "#11"},
				"up": {"uv": [0, 0, 1, 2], "texture": "#4"},
				"down": {"uv": [0, 0, 1, 16], "texture": "#4"}
			}
		},
		{
			"from": [12.75, 0, -15.8],
			"to": [17.25, 1, 27.35],
			"rotation": {"angle": 0, "axis": "y", "origin": [8, 15.48964, 11.325]},
			"faces": {
				"north": {"uv": [0, 0, 14, 16], "texture": "#4"},
				"east": {"uv": [0, 0, 14, 16], "texture": "#11"},
				"south": {"uv": [0, 0, 14, 16], "texture": "#4"},
				"west": {"uv": [0, 0, 14, 16], "texture": "#11"},
				"up": {"uv": [0, 0, 14, 16], "texture": "#11"},
				"down": {"uv": [0, 0, 14, 16], "texture": "#11"}
			}
		},
		{
			"from": [3.25, 0, -15.8],
			"to": [12.75, 1, 27.35],
			"rotation": {"angle": 0, "axis": "y", "origin": [8, 15.48964, 11.325]},
			"faces": {
				"north": {"uv": [0, 0, 14, 16], "texture": "#4"},
				"east": {"uv": [0, 0, 14, 16], "texture": "#11"},
				"south": {"uv": [0, 0, 14, 16], "texture": "#4"},
				"west": {"uv": [0, 0, 14, 16], "texture": "#11"},
				"up": {"uv": [0, 0, 14, 16], "texture": "#13"},
				"down": {"uv": [0, 0, 14, 16], "texture": "#11"}
			}
		},
		{
			"from": [-1.25, 0, -15.8],
			"to": [3.25, 1, 27.35],
			"rotation": {"angle": 0, "axis": "y", "origin": [8, 15.48964, 11.325]},
			"faces": {
				"north": {"uv": [0, 0, 14, 16], "texture": "#4"},
				"east": {"uv": [0, 0, 14, 16], "texture": "#11"},
				"south": {"uv": [0, 0, 14, 16], "texture": "#4"},
				"west": {"uv": [0, 0, 14, 16], "texture": "#11"},
				"up": {"uv": [0, 0, 14, 16], "texture": "#11"},
				"down": {"uv": [0, 0, 14, 16], "texture": "#11"}
			}
		},
		{
			"from": [0.75, -3, -15.8],
			"to": [15.25, 0, 8.35],
			"rotation": {"angle": 0, "axis": "y", "origin": [8, 15.48964, 11.325]},
			"faces": {
				"north": {"uv": [0, 0, 14, 16], "texture": "#16"},
				"east": {"uv": [0, 0, 15.328, 3.648], "texture": "#16"},
				"south": {"uv": [0, 0, 14, 16], "texture": "#16"},
				"west": {"uv": [0, 0, 14, 16], "texture": "#16"},
				"up": {"uv": [0, 0, 14, 16], "texture": "#16"},
				"down": {"uv": [0, 0, 14, 16], "texture": "#16"}
			}
		},
		{
			"from": [-0.25, 2.7, -15.85],
			"to": [3.95, 4.2, -0.35],
			"rotation": {"angle": 0, "axis": "y", "origin": [0, 0, -6.25]},
			"faces": {
				"north": {"uv": [0, 0, 3.75, 1.5], "texture": "#20"},
				"east": {"uv": [0, 0, 16, 1.5], "texture": "#20"},
				"south": {"uv": [0, 0, 3.75, 1.5], "texture": "#20"},
				"west": {"uv": [0, 0, 16, 1.5], "texture": "#20"},
				"up": {"uv": [0, 0, 3.75, 16], "texture": "#20"},
				"down": {"uv": [0, 0, 3.75, 16], "texture": "#11"}
			}
		},
		{
			"from": [12.05, 2.7, -15.85],
			"to": [16.25, 4.2, -0.35],
			"rotation": {"angle": 0, "axis": "y", "origin": [0, 0, -6.25]},
			"faces": {
				"north": {"uv": [0, 0, 3.75, 1.5], "texture": "#20"},
				"east": {"uv": [0, 0, 16, 1.5], "texture": "#missing"},
				"south": {"uv": [0, 0, 3.75, 1.5], "texture": "#20"},
				"west": {"uv": [0, 0, 16, 1.5], "texture": "#20"},
				"up": {"uv": [0, 0, 3.75, 16], "texture": "#20"},
				"down": {"uv": [0, 0, 3.75, 16], "texture": "#11"}
			}
		},
		{
			"from": [-0.25, 4.2, -15.85],
			"to": [0.55, 7.75, -0.35],
			"rotation": {"angle": 0, "axis": "y", "origin": [0, 0, -6.25]},
			"faces": {
				"north": {"uv": [0, 0, 0.5, 2.75], "texture": "#20"},
				"east": {"uv": [0, 0, 16, 2.75], "texture": "#20"},
				"south": {"uv": [0, 0, 0.5, 2.75], "texture": "#20"},
				"west": {"uv": [0, 0, 16, 2.75], "texture": "#24"},
				"up": {"uv": [0, 0, 0.5, 16], "texture": "#20"},
				"down": {"uv": [0, 0, 0.5, 16], "texture": "#20"}
			}
		},
		{
			"from": [-0.25, 2.7, 12.75],
			"to": [3.95, 4.2, 27.25],
			"rotation": {"angle": 0, "axis": "y", "origin": [0, 0, -6.25]},
			"faces": {
				"north": {"uv": [0, 0, 3.75, 1.5], "texture": "#20"},
				"east": {"uv": [0, 0, 16, 1.5], "texture": "#20"},
				"south": {"uv": [0, 0, 3.75, 1.5], "texture": "#20"},
				"west": {"uv": [0, 0, 16, 1.5], "texture": "#20"},
				"up": {"uv": [0, 0, 3.75, 16], "texture": "#20"},
				"down": {"uv": [0, 0, 3.75, 16], "texture": "#11"}
			}
		},
		{
			"from": [-0.25, 4.2, 12.75],
			"to": [0.55, 7.75, 27.25],
			"rotation": {"angle": 0, "axis": "y", "origin": [0, 0, -6.25]},
			"faces": {
				"north": {"uv": [0, 0, 0.5, 2.75], "texture": "#20"},
				"east": {"uv": [0, 0, 16, 2.75], "texture": "#20"},
				"south": {"uv": [0, 0, 0.5, 2.75], "texture": "#20"},
				"west": {"uv": [0, 0, 16, 2.75], "texture": "#24"},
				"up": {"uv": [0, 0, 0.5, 16], "texture": "#20"},
				"down": {"uv": [0, 0, 0.5, 16], "texture": "#20"}
			}
		},
		{
			"from": [15.45, 4.2, -15.85],
			"to": [16.25, 7.75, -0.35],
			"rotation": {"angle": 0, "axis": "y", "origin": [0, 0, -6.25]},
			"faces": {
				"north": {"uv": [0, 0, 0.5, 2.75], "texture": "#20"},
				"east": {"uv": [0, 0, 16, 2.75], "texture": "#24"},
				"south": {"uv": [0, 0, 0.5, 2.75], "texture": "#20"},
				"west": {"uv": [0, 0, 16, 2.75], "texture": "#20"},
				"up": {"uv": [0, 0, 0.5, 16], "texture": "#20"},
				"down": {"uv": [0, 0, 0.5, 16], "texture": "#24"}
			}
		},
		{
			"from": [12.05, 2.7, 12.75],
			"to": [16.25, 4.2, 27.25],
			"rotation": {"angle": 0, "axis": "y", "origin": [0, 0, -6.25]},
			"faces": {
				"north": {"uv": [0, 0, 3.75, 1.5], "texture": "#20"},
				"east": {"uv": [0, 0, 16, 1.5], "texture": "#missing"},
				"south": {"uv": [0, 0, 3.75, 1.5], "texture": "#missing"},
				"west": {"uv": [0, 0, 16, 1.5], "texture": "#20"},
				"up": {"uv": [0, 0, 3.75, 16], "texture": "#20"},
				"down": {"uv": [0, 0, 3.75, 16], "texture": "#11"}
			}
		},
		{
			"from": [15.45, 4.2, 12.75],
			"to": [16.25, 7.75, 27.25],
			"rotation": {"angle": 0, "axis": "y", "origin": [0, 0, -6.25]},
			"faces": {
				"north": {"uv": [0, 0, 0.5, 2.75], "texture": "#20"},
				"east": {"uv": [0, 0, 16, 2.75], "texture": "#24"},
				"south": {"uv": [0, 0, 0.5, 2.75], "texture": "#20"},
				"west": {"uv": [0, 0, 16, 2.75], "texture": "#20"},
				"up": {"uv": [0, 0, 0.5, 16], "texture": "#20"},
				"down": {"uv": [0, 0, 0.5, 16], "texture": "#24"}
			}
		},
		{
			"from": [12.1, 15.5, 11.8],
			"to": [16.25, 16, 27.2],
			"rotation": {"angle": 0, "axis": "y", "origin": [0, 0, 7.5]},
			"faces": {
				"north": {"uv": [0, 0, 3.75, 3.5], "texture": "#11"},
				"east": {"uv": [0, 0, 1.25, 3.5], "texture": "#11"},
				"south": {"uv": [0, 0, 3.75, 3.5], "texture": "#11"},
				"west": {"uv": [0, 0, 1.25, 3.5], "texture": "#11"},
				"up": {"uv": [0, 0, 3.75, 1.25], "texture": "#11"},
				"down": {"uv": [0, 0, 3.75, 1.25], "texture": "#11"}
			}
		},
		{
			"from": [-0.25, 15.5, 11.8],
			"to": [3.9, 16, 27.2],
			"rotation": {"angle": 0, "axis": "y", "origin": [0, 0, 7.5]},
			"faces": {
				"north": {"uv": [0, 0, 3.75, 3.5], "texture": "#11"},
				"east": {"uv": [0, 0, 1.25, 3.5], "texture": "#11"},
				"south": {"uv": [0, 0, 3.75, 3.5], "texture": "#11"},
				"west": {"uv": [0, 0, 1.25, 3.5], "texture": "#11"},
				"up": {"uv": [0, 0, 3.75, 1.25], "texture": "#11"},
				"down": {"uv": [0, 0, 3.75, 1.25], "texture": "#11"}
			}
		},
		{
			"from": [12.1, 15.5, -15.8],
			"to": [16.25, 16, 0.6],
			"rotation": {"angle": 0, "axis": "y", "origin": [0, 0, 7.5]},
			"faces": {
				"north": {"uv": [0, 0, 3.75, 3.5], "texture": "#11"},
				"east": {"uv": [0, 0, 1.25, 3.5], "texture": "#11"},
				"south": {"uv": [0, 0, 3.75, 3.5], "texture": "#11"},
				"west": {"uv": [0, 0, 1.25, 3.5], "texture": "#11"},
				"up": {"uv": [0, 0, 3.75, 1.25], "texture": "#11"},
				"down": {"uv": [0, 0, 3.75, 1.25], "texture": "#11"}
			}
		},
		{
			"from": [-0.25, 15.5, -15.8],
			"to": [3.9, 16, 0.6],
			"rotation": {"angle": 0, "axis": "y", "origin": [0, 0, 7.5]},
			"faces": {
				"north": {"uv": [0, 0, 3.75, 3.5], "texture": "#11"},
				"east": {"uv": [0, 0, 1.25, 3.5], "texture": "#11"},
				"south": {"uv": [0, 0, 3.75, 3.5], "texture": "#11"},
				"west": {"uv": [0, 0, 1.25, 3.5], "texture": "#11"},
				"up": {"uv": [0, 0, 3.75, 1.25], "texture": "#11"},
				"down": {"uv": [0, 0, 3.75, 1.25], "texture": "#11"}
			}
		},
		{
			"name": "roof",
			"from": [3.25, 19, -15.8],
			"to": [12.75, 21, -4.7],
			"rotation": {"angle": 0, "axis": "y", "origin": [8, 3.48964, 11.325]},
			"faces": {
				"north": {"uv": [5, 0, 11, 16], "texture": "#13"},
				"east": {"uv": [5, 0, 11, 16], "texture": "#4"},
				"south": {"uv": [5, 0, 11, 16], "texture": "#4"},
				"west": {"uv": [5, 0, 11, 16], "texture": "#4"},
				"up": {"uv": [8.072, 9.504, 11.416, 13.76], "texture": "#22"},
				"down": {"uv": [5, 0, 11, 16], "texture": "#13"}
			}
		}
	],
	"display": {
		"head": {
			"scale": [3.85, 3.85, 4]
		}
	},
	"groups": [
		{
			"name": "group",
			"origin": [8, 15.48964, -15.675],
			"color": 0,
			"children": [0, 1, 2, 3, 4, 5]
		},
		{
			"name": "group",
			"origin": [8, 15.48964, -15.675],
			"color": 0,
			"children": [6, 7, 8, 9, 10, 11]
		},
		{
			"name": "group",
			"origin": [0, 0, 7.5],
			"color": 0,
			"children": [12, 13, 14, 15, 16, 17, 18, 19]
		},
		{
			"name": "group",
			"origin": [0, 0, 7.5],
			"color": 0,
			"children": [20, 21, 22, 23, 24, 25, 26, 27]
		},
		{
			"name": "group",
			"origin": [0, 0, 7.5],
			"color": 0,
			"children": []
		},
		{
			"name": "group",
			"origin": [0, 0, 7.5],
			"color": 0,
			"children": []
		},
		28,
		29,
		30,
		31,
		{
			"name": "Aircond",
			"origin": [8, 3.48964, 11.325],
			"color": 0,
			"children": [32, 33, 34]
		},
		{
			"name": "Aircond",
			"origin": [8, 3.48964, 11.325],
			"color": 0,
			"children": [35, 36, 37]
		},
		{
			"name": "group",
			"origin": [-2.1, 12.48964, -11.875],
			"color": 0,
			"children": []
		},
		{
			"name": "group",
			"origin": [-2.1, 12.48964, -11.875],
			"color": 0,
			"children": []
		},
		{
			"name": "group",
			"origin": [-2.1, 12.48964, -11.875],
			"color": 0,
			"children": []
		},
		{
			"name": "Kursi",
			"origin": [8, 12.48964, -11.875],
			"color": 0,
			"children": []
		},
		{
			"name": "Kursi",
			"origin": [8, 12.48964, -11.875],
			"color": 0,
			"children": []
		},
		{
			"name": "group",
			"origin": [8, 12.48964, 6.125],
			"color": 0,
			"children": [38, 39, 40, 41, 42]
		},
		{
			"name": "Rwalls",
			"origin": [8, 15.48964, -14.875],
			"color": 0,
			"children": []
		},
		{
			"name": "Rwalls",
			"origin": [8, 15.48964, -14.875],
			"color": 0,
			"children": [43, 44, 45, 46, 47, 48]
		},
		{
			"name": "Lwalls",
			"origin": [8, 15.48964, -14.875],
			"color": 0,
			"children": []
		},
		{
			"name": "group",
			"origin": [8, 15.48964, -14.875],
			"color": 0,
			"children": []
		},
		{
			"name": "group",
			"origin": [8, 15.48964, -14.875],
			"color": 0,
			"children": [49, 50, 51, 52, 53]
		},
		{
			"name": "group",
			"origin": [8, 15.48964, -14.875],
			"color": 0,
			"children": []
		},
		{
			"name": "GlassL",
			"origin": [8, 15.48964, -14.875],
			"color": 0,
			"children": []
		},
		{
			"name": "Rpart",
			"origin": [8, 15.48964, -14.875],
			"color": 0,
			"children": []
		},
		54,
		55,
		56,
		{
			"name": "group",
			"origin": [8, 15.48964, -15.675],
			"color": 0,
			"children": [57, 58, 59, 60, 61, 62, 63, 64, 65, 66, 67, 68]
		},
		{
			"name": "group",
			"origin": [8, 15.48964, -15.675],
			"color": 0,
			"children": []
		},
		69,
		70,
		71,
		{
			"name": "Lpart",
			"origin": [8, 15.48964, -14.875],
			"color": 0,
			"children": []
		},
		{
			"name": "group",
			"origin": [8, 15.48964, -15.675],
			"color": 0,
			"children": [72, 73, 74, 75, 76, 77, 78]
		},
		79,
		80,
		81,
		82,
		{
			"name": "Coupler2",
			"origin": [0, 17, 0],
			"color": 0,
			"children": []
		},
		{
			"name": "group",
			"origin": [0, 0, -15],
			"color": 0,
			"children": []
		},
		{
			"name": "group",
			"origin": [8, 15.48964, 6.125],
			"color": 0,
			"children": []
		},
		{
			"name": "group",
			"origin": [8, 15.48964, 6.125],
			"color": 0,
			"children": []
		},
		{
			"name": "group",
			"origin": [8, 15.48964, 6.125],
			"color": 0,
			"children": []
		},
		{
			"name": "group",
			"origin": [8, 15.48964, 6.125],
			"color": 0,
			"children": []
		},
		{
			"name": "group",
			"origin": [8, 15.48964, -15.675],
			"color": 0,
			"children": []
		},
		{
			"name": "group",
			"origin": [8, 15.48964, -15.675],
			"color": 0,
			"children": []
		},
		{
			"name": "group",
			"origin": [8, 15.48964, -15.675],
			"color": 0,
			"children": []
		},
		{
			"name": "group",
			"origin": [8, 15.48964, -15.675],
			"color": 0,
			"children": []
		},
		83,
		84,
		85,
		86,
		87,
		88,
		89,
		90,
		91,
		92,
		93,
		94,
		95
	]
}