{
	"credit": "Made with Blockbench",
	"textures": {
		"14": "block/siemens/metal",
		"particle": "block/siemens/window"
	},
	"elements": [
		{
			"from": [5.75, 12.75, 21.75],
			"to": [10.25, 13.25, 26.75],
			"rotation": {"angle": 0, "axis": "y", "origin": [0, -10, 0]},
			"faces": {
				"north": {"uv": [0, 0, 5.2, 1], "texture": "#14"},
				"east": {"uv": [0, 0, 13.25, 1], "texture": "#14"},
				"south": {"uv": [0, 0, 5.2, 1], "texture": "#14"},
				"west": {"uv": [0, 0, 13.25, 1], "texture": "#14"},
				"up": {"uv": [8.288, 5.792, 11.28, 13.856], "texture": "#14"},
				"down": {"uv": [0, 0, 5.2, 13.25], "texture": "#14"}
			}
		},
		{
			"from": [7.75, 10.83528, 13.02233],
			"to": [8.25, 11.38528, 17.57233],
			"rotation": {"angle": -45, "axis": "x", "origin": [0, 24, 15]},
			"faces": {
				"north": {"uv": [0, 0, 5.2, 1], "texture": "#14"},
				"east": {"uv": [0, 0, 13.25, 1], "texture": "#14"},
				"south": {"uv": [0, 0, 5.2, 1], "texture": "#14"},
				"west": {"uv": [0, 0, 13.25, 1], "texture": "#14"},
				"up": {"uv": [8.288, 5.792, 11.28, 13.856], "texture": "#14"},
				"down": {"uv": [0, 0, 5.2, 13.25], "texture": "#14"}
			}
		},
		{
			"from": [-5.07384, 16.83897, 21.85],
			"to": [-3.82384, 17.23897, 22.35],
			"rotation": {"angle": -45, "axis": "z", "origin": [6.7745, -0.23158, -27.6]},
			"faces": {
				"north": {"uv": [0, 0, 5.2, 1], "texture": "#14"},
				"east": {"uv": [0, 0, 13.25, 1], "texture": "#14"},
				"south": {"uv": [0, 0, 5.2, 1], "texture": "#14"},
				"west": {"uv": [0, 0, 13.25, 1], "texture": "#14"},
				"up": {"uv": [8.288, 5.792, 11.28, 13.856], "texture": "#14"},
				"down": {"uv": [0, 0, 5.2, 13.25], "texture": "#14"}
			}
		},
		{
			"from": [28.85102, 26.28628, 21.85],
			"to": [30.10102, 26.68628, 22.35],
			"rotation": {"angle": 45, "axis": "z", "origin": [25.14301, -6.4047, -27.6]},
			"faces": {
				"north": {"uv": [0, 0, 5.2, 1], "texture": "#14"},
				"east": {"uv": [0, 0, 13.25, 1], "texture": "#14"},
				"south": {"uv": [0, 0, 5.2, 1], "texture": "#14"},
				"west": {"uv": [0, 0, 13.25, 1], "texture": "#14"},
				"up": {"uv": [8.288, 5.792, 11.28, 13.856], "texture": "#14"},
				"down": {"uv": [0, 0, 5.2, 13.25], "texture": "#14"}
			}
		},
		{
			"from": [5.25, 20.1, 21.85],
			"to": [10.75, 20.5, 22.35],
			"rotation": {"angle": 0, "axis": "y", "origin": [0, -9.25, -0.6]},
			"faces": {
				"north": {"uv": [0, 0, 5.2, 1], "texture": "#14"},
				"east": {"uv": [0, 0, 13.25, 1], "texture": "#14"},
				"south": {"uv": [0, 0, 5.2, 1], "texture": "#14"},
				"west": {"uv": [0, 0, 13.25, 1], "texture": "#14"},
				"up": {"uv": [8.288, 5.792, 11.28, 13.856], "texture": "#14"},
				"down": {"uv": [0, 0, 5.2, 13.25], "texture": "#14"}
			}
		},
		{
			"from": [-5.07384, 16.83897, 23.05],
			"to": [-3.82384, 17.23897, 23.55],
			"rotation": {"angle": -45, "axis": "z", "origin": [6.7745, -0.23158, -26.4]},
			"faces": {
				"north": {"uv": [0, 0, 5.2, 1], "texture": "#14"},
				"east": {"uv": [0, 0, 13.25, 1], "texture": "#14"},
				"south": {"uv": [0, 0, 5.2, 1], "texture": "#14"},
				"west": {"uv": [0, 0, 13.25, 1], "texture": "#14"},
				"up": {"uv": [8.288, 5.792, 11.28, 13.856], "texture": "#14"},
				"down": {"uv": [0, 0, 5.2, 13.25], "texture": "#14"}
			}
		},
		{
			"from": [28.85102, 26.28628, 23.05],
			"to": [30.10102, 26.68628, 23.55],
			"rotation": {"angle": 45, "axis": "z", "origin": [25.14301, -6.4047, -26.4]},
			"faces": {
				"north": {"uv": [0, 0, 5.2, 1], "texture": "#14"},
				"east": {"uv": [0, 0, 13.25, 1], "texture": "#14"},
				"south": {"uv": [0, 0, 5.2, 1], "texture": "#14"},
				"west": {"uv": [0, 0, 13.25, 1], "texture": "#14"},
				"up": {"uv": [8.288, 5.792, 11.28, 13.856], "texture": "#14"},
				"down": {"uv": [0, 0, 5.2, 13.25], "texture": "#14"}
			}
		},
		{
			"from": [5.25, 20.1, 23.05],
			"to": [10.75, 20.5, 23.55],
			"rotation": {"angle": 0, "axis": "y", "origin": [0, -9.25, 0.6]},
			"faces": {
				"north": {"uv": [0, 0, 5.2, 1], "texture": "#14"},
				"east": {"uv": [0, 0, 13.25, 1], "texture": "#14"},
				"south": {"uv": [0, 0, 5.2, 1], "texture": "#14"},
				"west": {"uv": [0, 0, 13.25, 1], "texture": "#14"},
				"up": {"uv": [8.288, 5.792, 11.28, 13.856], "texture": "#14"},
				"down": {"uv": [0, 0, 5.2, 13.25], "texture": "#14"}
			}
		},
		{
			"from": [-5.07384, 16.08897, 22.45],
			"to": [-3.82384, 16.48897, 22.95],
			"rotation": {"angle": -45, "axis": "z", "origin": [6.7745, -0.98158, -27]},
			"faces": {
				"north": {"uv": [0, 0, 5.2, 1], "texture": "#14"},
				"east": {"uv": [0, 0, 13.25, 1], "texture": "#14"},
				"south": {"uv": [0, 0, 5.2, 1], "texture": "#14"},
				"west": {"uv": [0, 0, 13.25, 1], "texture": "#14"},
				"up": {"uv": [8.288, 5.792, 11.28, 13.856], "texture": "#14"},
				"down": {"uv": [0, 0, 5.2, 13.25], "texture": "#14"}
			}
		},
		{
			"from": [28.85102, 25.53628, 22.45],
			"to": [30.10102, 25.93628, 22.95],
			"rotation": {"angle": 45, "axis": "z", "origin": [25.14301, -7.1547, -27]},
			"faces": {
				"north": {"uv": [0, 0, 5.2, 1], "texture": "#14"},
				"east": {"uv": [0, 0, 13.25, 1], "texture": "#14"},
				"south": {"uv": [0, 0, 5.2, 1], "texture": "#14"},
				"west": {"uv": [0, 0, 13.25, 1], "texture": "#14"},
				"up": {"uv": [8.288, 5.792, 11.28, 13.856], "texture": "#14"},
				"down": {"uv": [0, 0, 5.2, 13.25], "texture": "#14"}
			}
		},
		{
			"from": [7.9, 19.75, 23.15],
			"to": [8.1, 20.25, 23.35],
			"rotation": {"angle": 0, "axis": "y", "origin": [0, -10, 0]},
			"faces": {
				"north": {"uv": [0, 0, 5.2, 1], "texture": "#14"},
				"east": {"uv": [0, 0, 13.25, 1], "texture": "#14"},
				"south": {"uv": [0, 0, 5.2, 1], "texture": "#14"},
				"west": {"uv": [0, 0, 13.25, 1], "texture": "#14"},
				"up": {"uv": [8.288, 5.792, 11.28, 13.856], "texture": "#14"},
				"down": {"uv": [0, 0, 5.2, 13.25], "texture": "#14"}
			}
		},
		{
			"from": [7.75, 19.35, 21.95],
			"to": [8.25, 19.75, 22.45],
			"rotation": {"angle": 0, "axis": "y", "origin": [0, -10, 0]},
			"faces": {
				"north": {"uv": [0, 0, 5.2, 1], "texture": "#14"},
				"east": {"uv": [0, 0, 13.25, 1], "texture": "#14"},
				"south": {"uv": [0, 0, 5.2, 1], "texture": "#14"},
				"west": {"uv": [0, 0, 13.25, 1], "texture": "#14"},
				"up": {"uv": [8.288, 5.792, 11.28, 13.856], "texture": "#14"},
				"down": {"uv": [0, 0, 5.2, 13.25], "texture": "#14"}
			}
		},
		{
			"from": [7.9, 19.75, 22.05],
			"to": [8.1, 20.25, 22.25],
			"rotation": {"angle": 0, "axis": "y", "origin": [0, -10, 0]},
			"faces": {
				"north": {"uv": [0, 0, 5.2, 1], "texture": "#14"},
				"east": {"uv": [0, 0, 13.25, 1], "texture": "#14"},
				"south": {"uv": [0, 0, 5.2, 1], "texture": "#14"},
				"west": {"uv": [0, 0, 13.25, 1], "texture": "#14"},
				"up": {"uv": [8.288, 5.792, 11.28, 13.856], "texture": "#14"},
				"down": {"uv": [0, 0, 5.2, 13.25], "texture": "#14"}
			}
		},
		{
			"from": [7.75, 19.35, 22.95],
			"to": [8.25, 19.75, 23.45],
			"rotation": {"angle": 0, "axis": "y", "origin": [0, -10, 0]},
			"faces": {
				"north": {"uv": [0, 0, 5.2, 1], "texture": "#14"},
				"east": {"uv": [0, 0, 13.25, 1], "texture": "#14"},
				"south": {"uv": [0, 0, 5.2, 1], "texture": "#14"},
				"west": {"uv": [0, 0, 13.25, 1], "texture": "#14"},
				"up": {"uv": [8.288, 5.792, 11.28, 13.856], "texture": "#14"},
				"down": {"uv": [0, 0, 5.2, 13.25], "texture": "#14"}
			}
		},
		{
			"from": [5.25, 19.35, 22.45],
			"to": [10.75, 19.75, 22.95],
			"rotation": {"angle": 0, "axis": "y", "origin": [0, -10, 0]},
			"faces": {
				"north": {"uv": [0, 0, 5.2, 1], "texture": "#14"},
				"east": {"uv": [0, 0, 13.25, 1], "texture": "#14"},
				"south": {"uv": [0, 0, 5.2, 1], "texture": "#14"},
				"west": {"uv": [0, 0, 13.25, 1], "texture": "#14"},
				"up": {"uv": [8.288, 5.792, 11.28, 13.856], "texture": "#14"},
				"down": {"uv": [0, 0, 5.2, 13.25], "texture": "#14"}
			}
		},
		{
			"from": [8.25, 10.83528, 17.02233],
			"to": [8.75, 15.38528, 17.57233],
			"rotation": {"angle": -45, "axis": "x", "origin": [0, 24, 15]},
			"faces": {
				"north": {"uv": [0, 0, 5.2, 1], "texture": "#14"},
				"east": {"uv": [0, 0, 13.25, 1], "texture": "#14"},
				"south": {"uv": [0, 0, 5.2, 1], "texture": "#14"},
				"west": {"uv": [0, 0, 13.25, 1], "texture": "#14"},
				"up": {"uv": [8.288, 5.792, 11.28, 13.856], "texture": "#14"},
				"down": {"uv": [0, 0, 5.2, 13.25], "texture": "#14"}
			}
		},
		{
			"from": [7.25, 10.83528, 17.02233],
			"to": [7.75, 15.38528, 17.57233],
			"rotation": {"angle": -45, "axis": "x", "origin": [0, 24, 15]},
			"faces": {
				"north": {"uv": [0, 0, 5.2, 1], "texture": "#14"},
				"east": {"uv": [0, 0, 13.25, 1], "texture": "#14"},
				"south": {"uv": [0, 0, 5.2, 1], "texture": "#14"},
				"west": {"uv": [0, 0, 13.25, 1], "texture": "#14"},
				"up": {"uv": [8.288, 5.792, 11.28, 13.856], "texture": "#14"},
				"down": {"uv": [0, 0, 5.2, 13.25], "texture": "#14"}
			}
		},
		{
			"from": [7.25, 13.25, 22.5],
			"to": [7.75, 14, 23.25],
			"rotation": {"angle": 0, "axis": "y", "origin": [0, -10, 0]},
			"faces": {
				"north": {"uv": [0, 0, 5.2, 1], "texture": "#14"},
				"east": {"uv": [0, 0, 13.25, 1], "texture": "#14"},
				"south": {"uv": [0, 0, 5.2, 1], "texture": "#14"},
				"west": {"uv": [0, 0, 13.25, 1], "texture": "#14"},
				"up": {"uv": [8.288, 5.792, 11.28, 13.856], "texture": "#14"},
				"down": {"uv": [0, 0, 5.2, 13.25], "texture": "#14"}
			}
		},
		{
			"from": [5.75, 12, 21.75],
			"to": [6.75, 12.75, 22.75],
			"rotation": {"angle": 0, "axis": "y", "origin": [0, -10, 0]},
			"faces": {
				"north": {"uv": [0, 0, 5.2, 1], "texture": "#14"},
				"east": {"uv": [0, 0, 13.25, 1], "texture": "#14"},
				"south": {"uv": [0, 0, 5.2, 1], "texture": "#14"},
				"west": {"uv": [0, 0, 13.25, 1], "texture": "#14"},
				"up": {"uv": [8.288, 5.792, 11.28, 13.856], "texture": "#14"},
				"down": {"uv": [0, 0, 5.2, 13.25], "texture": "#14"}
			}
		},
		{
			"from": [5.75, 12, 25.75],
			"to": [6.75, 12.75, 26.75],
			"rotation": {"angle": 0, "axis": "y", "origin": [0, -10, 0]},
			"faces": {
				"north": {"uv": [0, 0, 5.2, 1], "texture": "#14"},
				"east": {"uv": [0, 0, 13.25, 1], "texture": "#14"},
				"south": {"uv": [0, 0, 5.2, 1], "texture": "#14"},
				"west": {"uv": [0, 0, 13.25, 1], "texture": "#14"},
				"up": {"uv": [8.288, 5.792, 11.28, 13.856], "texture": "#14"},
				"down": {"uv": [0, 0, 5.2, 13.25], "texture": "#14"}
			}
		},
		{
			"from": [9.25, 12, 25.75],
			"to": [10.25, 12.75, 26.75],
			"rotation": {"angle": 0, "axis": "y", "origin": [0, -10, 0]},
			"faces": {
				"north": {"uv": [0, 0, 5.2, 1], "texture": "#14"},
				"east": {"uv": [0, 0, 13.25, 1], "texture": "#14"},
				"south": {"uv": [0, 0, 5.2, 1], "texture": "#14"},
				"west": {"uv": [0, 0, 13.25, 1], "texture": "#14"},
				"up": {"uv": [8.288, 5.792, 11.28, 13.856], "texture": "#14"},
				"down": {"uv": [0, 0, 5.2, 13.25], "texture": "#14"}
			}
		},
		{
			"from": [9.25, 12, 21.75],
			"to": [10.25, 12.75, 22.75],
			"rotation": {"angle": 0, "axis": "y", "origin": [0, -10, 0]},
			"faces": {
				"north": {"uv": [0, 0, 5.2, 1], "texture": "#14"},
				"east": {"uv": [0, 0, 13.25, 1], "texture": "#14"},
				"south": {"uv": [0, 0, 5.2, 1], "texture": "#14"},
				"west": {"uv": [0, 0, 13.25, 1], "texture": "#14"},
				"up": {"uv": [8.288, 5.792, 11.28, 13.856], "texture": "#14"},
				"down": {"uv": [0, 0, 5.2, 13.25], "texture": "#14"}
			}
		}
	],
	"display": {
		"thirdperson_righthand": {
			"scale": [4, 4, 4]
		},
		"head": {
			"scale": [4, 4, 4]
		}
	}
}