{
	"credit": "Made with Blockbench",
	"textures": {
		"19": "block/siemens/window",
		"20": "block/siemens/metal",
		"21": "block/siemens/cyan_seat_carpet",
		"22": "block/siemens/plastic",
		"23": "block/siemens/wall",
		"24": "block/siemens/interior_light",
		"25": "block/siemens/carpet",
		"26": "block/siemens/rubber",
		"27": "block/siemens/airconditioner",
		"28": "block/siemens/transparency",
		"29": "block/siemens/blue_orange",
		"31": "block/siemens/metal_gangway",
		"32": "block/siemens/gangway",
		"33": "block/siemens/list",
		"34": "block/siemens/srbb",
		"38": "block/siemens/strec",
		"particle": "block/siemens/window"
	},
	"elements": [
		{
			"from": [0, 3, -16],
			"to": [1, 5, -3],
			"faces": {
				"north": {"uv": [0, 0, 16, 1.5], "texture": "#20"},
				"east": {"uv": [0, 0, 16, 1.5], "texture": "#missing"},
				"south": {"uv": [0, 0, 16, 1.5], "texture": "#missing"},
				"west": {"uv": [0, 0, 16, 1.5], "texture": "#20"},
				"up": {"uv": [0, 0, 16, 10], "texture": "#missing"},
				"down": {"uv": [0, 0, 16, 16], "texture": "#20"}
			}
		},
		{
			"from": [0, 3, -3],
			"to": [1, 5, 28.5],
			"faces": {
				"north": {"uv": [0, 0, 16, 1.5], "texture": "#missing"},
				"east": {"uv": [0, 0, 16, 1.5], "texture": "#missing"},
				"south": {"uv": [0, 0, 16, 1.5], "texture": "#20"},
				"west": {"uv": [0, 0, 16, 1.5], "texture": "#20"},
				"up": {"uv": [0, 0, 6, 16], "texture": "#20"},
				"down": {"uv": [0, 0, 16, 16], "texture": "#20"}
			}
		},
		{
			"from": [15, 3, -16],
			"to": [16, 5, -3],
			"faces": {
				"north": {"uv": [0, 0, 16, 1.5], "texture": "#20"},
				"east": {"uv": [0, 0, 16, 1.5], "texture": "#20"},
				"south": {"uv": [0, 0, 16, 1.5], "texture": "#missing"},
				"west": {"uv": [0, 0, 16, 1.5], "texture": "#missing"},
				"up": {"uv": [0, 0, 16, 10], "texture": "#missing"},
				"down": {"uv": [0, 0, 16, 16], "texture": "#20"}
			}
		},
		{
			"from": [1, 3, -16],
			"to": [15, 5, 28.5],
			"faces": {
				"north": {"uv": [0, 0, 16, 1.5], "texture": "#20"},
				"east": {"uv": [0, 0, 16, 1.5], "texture": "#missing"},
				"south": {"uv": [0, 0, 16, 1.5], "texture": "#20"},
				"west": {"uv": [0, 0, 16, 1.5], "texture": "#missing"},
				"up": {"uv": [0, 0, 6, 16], "texture": "#25"},
				"down": {"uv": [0, 0, 16, 16], "texture": "#20"}
			}
		},
		{
			"from": [15, 3, -3],
			"to": [16, 5, 28.5],
			"faces": {
				"north": {"uv": [0, 0, 16, 1.5], "texture": "#missing"},
				"east": {"uv": [0, 0, 16, 1.5], "texture": "#20"},
				"south": {"uv": [0, 0, 16, 1.5], "texture": "#20"},
				"west": {"uv": [0, 0, 16, 1.5], "texture": "#missing"},
				"up": {"uv": [0, 0, 6, 16], "texture": "#20"},
				"down": {"uv": [0, 0, 16, 16], "texture": "#20"}
			}
		},
		{
			"from": [14, 19.55, -16],
			"to": [15, 19.75, 28.5],
			"rotation": {"angle": 0, "axis": "y", "origin": [10.5, 0, 0]},
			"faces": {
				"north": {"uv": [0, 0, 1, 0.2], "texture": "#23"},
				"east": {"uv": [0, 0, 16, 0.2], "texture": "#missing"},
				"south": {"uv": [0, 0, 1, 0.2], "texture": "#23"},
				"west": {"uv": [0, 0, 16, 0.2], "texture": "#23"},
				"up": {"uv": [0, 0, 1, 16], "texture": "#missing"},
				"down": {"uv": [5, 6, 10.75, 11], "texture": "#24"}
			}
		},
		{
			"from": [1, 19.55, -16],
			"to": [2, 19.75, 28.5],
			"rotation": {"angle": 0, "axis": "y", "origin": [-0.5, 0, 0]},
			"faces": {
				"north": {"uv": [0, 0, 1, 0.2], "texture": "#23"},
				"east": {"uv": [0, 0, 16, 0.2], "texture": "#23"},
				"south": {"uv": [0, 0, 1, 0.2], "texture": "#23"},
				"west": {"uv": [0, 0, 16, 0.2], "texture": "#missing"},
				"up": {"uv": [0, 0, 1, 16], "texture": "#missing"},
				"down": {"uv": [5, 6, 10.75, 11], "texture": "#24"}
			}
		},
		{
			"from": [0.25, 19.75, -16],
			"to": [15.75, 20.5, 28.5],
			"faces": {
				"north": {"uv": [0, 0, 12, 0.75], "texture": "#20"},
				"east": {"uv": [0, 0, 16, 0.75], "texture": "#missing"},
				"south": {"uv": [0, 0, 12, 0.75], "texture": "#23"},
				"west": {"uv": [0, 0, 16, 0.75], "texture": "#missing"},
				"up": {"uv": [0, 0, 12, 16], "texture": "#missing"},
				"down": {"uv": [0, 0, 12, 16], "texture": "#23"}
			}
		},
		{
			"from": [1.9, 20.5, -16],
			"to": [14.1, 21.25, 28.5],
			"faces": {
				"north": {"uv": [0, 0, 8.7, 0.25], "texture": "#20"},
				"east": {"uv": [0, 0, 16, 0.25], "texture": "#missing"},
				"south": {"uv": [0, 0, 8.7, 0.25], "texture": "#20"},
				"west": {"uv": [0, 0, 16, 0.25], "texture": "#missing"},
				"up": {"uv": [0, 0, 8.7, 16], "texture": "#missing"},
				"down": {"uv": [0, 0, 8.7, 16], "texture": "#missing"}
			}
		},
		{
			"from": [0.65, 20.25, -16],
			"to": [15.35, 21.55, 28.5],
			"faces": {
				"north": {"uv": [0, 0, 8.7, 0.25], "texture": "#20"},
				"east": {"uv": [0, 0, 16, 0.25], "texture": "#missing"},
				"south": {"uv": [0, 0, 8.7, 0.25], "texture": "#20"},
				"west": {"uv": [0, 0, 16, 0.25], "texture": "#missing"},
				"up": {"uv": [0, 0, 8.7, 16], "texture": "#missing"},
				"down": {"uv": [0, 0, 8.7, 16], "texture": "#missing"}
			}
		},
		{
			"from": [0.9, 21.55, -16],
			"to": [15.1, 21.75, 28.5],
			"faces": {
				"north": {"uv": [0, 0, 8.7, 0.25], "texture": "#20"},
				"east": {"uv": [0, 0, 16, 0.25], "texture": "#missing"},
				"south": {"uv": [0, 0, 8.7, 0.25], "texture": "#20"},
				"west": {"uv": [0, 0, 16, 0.25], "texture": "#missing"},
				"up": {"uv": [0, 0, 8.7, 16], "texture": "#20"},
				"down": {"uv": [0, 0, 8.7, 16], "texture": "#missing"}
			}
		},
		{
			"from": [5.4, 21.75, -16],
			"to": [10.6, 23.25, -7.75],
			"faces": {
				"north": {"uv": [0, 0, 5.2, 1], "texture": "#27"},
				"east": {"uv": [0, 0, 13.25, 1], "texture": "#27"},
				"south": {"uv": [0, 0, 5.2, 1], "texture": "#27"},
				"west": {"uv": [0, 0, 13.25, 1], "texture": "#27"},
				"up": {"uv": [1.312, 0, 12.288, 13.184], "texture": "#27"},
				"down": {"uv": [0, 0, 5.2, 13.25], "texture": "#missing"}
			}
		},
		{
			"from": [15, 11.25, -3.5],
			"to": [16, 18, 0.5],
			"rotation": {"angle": 0, "axis": "y", "origin": [0, 0, -9.75]},
			"faces": {
				"north": {"uv": [0, 0, 1, 6.75], "texture": "#26"},
				"east": {"uv": [16, 0, 13.502, 6.75], "texture": "#29"},
				"south": {"uv": [0, 0, 1, 6.75], "texture": "#26"},
				"west": {"uv": [0, 0, 10.786, 12.094], "texture": "#23"},
				"up": {"uv": [0, 0, 1, 5.25], "texture": "#missing"},
				"down": {"uv": [0, 0, 1, 5.25], "texture": "#missing"}
			}
		},
		{
			"from": [0, 11.25, -3.5],
			"to": [1, 18, 0.5],
			"rotation": {"angle": 0, "axis": "y", "origin": [0, 0, -9.75]},
			"faces": {
				"north": {"uv": [0, 0, 1, 6.75], "texture": "#26"},
				"east": {"uv": [8.67, 0.064, 16, 12.798], "texture": "#23"},
				"south": {"uv": [0, 0, 1, 6.75], "texture": "#26"},
				"west": {"uv": [13.502, 0, 16, 6.75], "texture": "#29"},
				"up": {"uv": [0, 0, 1, 5.25], "texture": "#missing"},
				"down": {"uv": [0, 0, 1, 5.25], "texture": "#missing"}
			}
		},
		{
			"from": [15, 5, 11.25],
			"to": [16, 11.25, 17.25],
			"rotation": {"angle": 0, "axis": "y", "origin": [0, 0, -6.75]},
			"faces": {
				"north": {"uv": [0, 0, 1, 6.75], "texture": "#26"},
				"east": {"uv": [0, 9.25, 16, 16], "texture": "#29"},
				"south": {"uv": [0, 0, 1, 6.75], "texture": "#26"},
				"west": {"uv": [0, 0, 10.786, 12.094], "texture": "#23"},
				"up": {"uv": [0, 0, 1, 5.25], "texture": "#missing"},
				"down": {"uv": [0, 0, 1, 5.25], "texture": "#missing"}
			}
		},
		{
			"from": [0, 11.25, 11.25],
			"to": [1, 18, 17.25],
			"rotation": {"angle": 0, "axis": "y", "origin": [0, 0, -6.75]},
			"faces": {
				"north": {"uv": [0, 0, 1, 6.75], "texture": "#26"},
				"east": {"uv": [6.59, 0, 16, 13.758], "texture": "#23"},
				"south": {"uv": [0, 0, 1, 6.75], "texture": "#26"},
				"west": {"uv": [16, 0, 0, 6.75], "texture": "#29"},
				"up": {"uv": [0, 0, 1, 5.25], "texture": "#missing"},
				"down": {"uv": [0, 0, 1, 5.25], "texture": "#missing"}
			}
		},
		{
			"from": [15, 11.25, 11.25],
			"to": [16, 18, 17.25],
			"rotation": {"angle": 0, "axis": "y", "origin": [0, 0, -6.75]},
			"faces": {
				"north": {"uv": [0, 0, 1, 6.75], "texture": "#26"},
				"east": {"uv": [0, 0, 16, 6.75], "texture": "#29"},
				"south": {"uv": [0, 0, 1, 6.75], "texture": "#26"},
				"west": {"uv": [0, 0, 10.786, 12.094], "texture": "#23"},
				"up": {"uv": [0, 0, 1, 5.25], "texture": "#missing"},
				"down": {"uv": [0, 0, 1, 5.25], "texture": "#missing"}
			}
		},
		{
			"from": [0, 11.25, 22.75],
			"to": [1, 18, 28.5],
			"rotation": {"angle": 0, "axis": "y", "origin": [0, 0, -6.75]},
			"faces": {
				"north": {"uv": [0, 0, 1, 6.75], "texture": "#26"},
				"east": {"uv": [6.59, 0, 16, 13.758], "texture": "#23"},
				"south": {"uv": [0, 0, 1, 6.75], "texture": "#20"},
				"west": {"uv": [16, 0, 13.502, 6.75], "texture": "#29"},
				"up": {"uv": [0, 0, 1, 5.25], "texture": "#missing"},
				"down": {"uv": [0, 0, 1, 5.25], "texture": "#missing"}
			}
		},
		{
			"from": [15, 11.25, 22.75],
			"to": [16, 18, 28.5],
			"rotation": {"angle": 0, "axis": "y", "origin": [0, 0, -6.75]},
			"faces": {
				"north": {"uv": [0, 0, 1, 6.75], "texture": "#26"},
				"east": {"uv": [13.502, 0, 16, 6.75], "texture": "#29"},
				"south": {"uv": [0, 0, 1, 6.75], "texture": "#20"},
				"west": {"uv": [0, 0, 10.786, 12.094], "texture": "#23"},
				"up": {"uv": [0, 0, 1, 5.25], "texture": "#missing"},
				"down": {"uv": [0, 0, 1, 5.25], "texture": "#missing"}
			}
		},
		{
			"from": [0, 5, 11.25],
			"to": [1, 11.25, 17.25],
			"rotation": {"angle": 0, "axis": "y", "origin": [0, 0, -6.75]},
			"faces": {
				"north": {"uv": [0, 0, 1, 6.75], "texture": "#26"},
				"east": {"uv": [6.59, 0, 16, 13.758], "texture": "#23"},
				"south": {"uv": [0, 0, 1, 6.75], "texture": "#26"},
				"west": {"uv": [16, 9.25, 0, 16], "texture": "#29"},
				"up": {"uv": [0, 0, 1, 5.25], "texture": "#missing"},
				"down": {"uv": [0, 0, 1, 5.25], "texture": "#missing"}
			}
		},
		{
			"from": [15, 5, 22.75],
			"to": [16, 11.25, 28.5],
			"rotation": {"angle": 0, "axis": "y", "origin": [0, 0, -0.5]},
			"faces": {
				"north": {"uv": [0, 0, 1, 6.75], "texture": "#26"},
				"east": {"uv": [10.432, 9.25, 15.682, 16], "texture": "#29"},
				"south": {"uv": [0, 0, 1, 6.75], "texture": "#20"},
				"west": {"uv": [0, 0, 10.786, 12.094], "texture": "#23"},
				"up": {"uv": [0, 0, 1, 5.25], "texture": "#missing"},
				"down": {"uv": [0, 0, 1, 5.25], "texture": "#missing"}
			}
		},
		{
			"from": [0, 11.25, -16],
			"to": [1, 18, -14.25],
			"rotation": {"angle": 0, "axis": "y", "origin": [0, 0, -0.5]},
			"faces": {
				"north": {"uv": [0, 0, 1, 6.75], "texture": "#23"},
				"east": {"uv": [6.59, 0, 16, 13.758], "texture": "#23"},
				"south": {"uv": [0, 0, 1, 6.75], "texture": "#26"},
				"west": {"uv": [6.178, 0, 0.928, 6.75], "texture": "#29"},
				"up": {"uv": [0, 0, 1, 5.25], "texture": "#missing"},
				"down": {"uv": [0, 0, 1, 5.25], "texture": "#missing"}
			}
		},
		{
			"from": [15, 11.25, -16],
			"to": [16, 18, -14.25],
			"rotation": {"angle": 0, "axis": "y", "origin": [0, 0, -0.5]},
			"faces": {
				"north": {"uv": [0, 0, 1, 6.75], "texture": "#23"},
				"east": {"uv": [0.416, 0, 5.666, 6.75], "texture": "#29"},
				"south": {"uv": [0, 0, 1, 6.75], "texture": "#26"},
				"west": {"uv": [0, 0, 10.786, 12.094], "texture": "#23"},
				"up": {"uv": [0, 0, 1, 5.25], "texture": "#missing"},
				"down": {"uv": [0, 0, 1, 5.25], "texture": "#missing"}
			}
		},
		{
			"from": [0, 5, 22.75],
			"to": [1, 11.25, 28.5],
			"rotation": {"angle": 0, "axis": "y", "origin": [0, 0, -0.5]},
			"faces": {
				"north": {"uv": [0, 0, 1, 6.75], "texture": "#26"},
				"east": {"uv": [6.59, 0, 16, 13.758], "texture": "#23"},
				"south": {"uv": [0, 0, 1, 6.75], "texture": "#20"},
				"west": {"uv": [9.794, 9.25, 4.544, 16], "texture": "#29"},
				"up": {"uv": [0, 0, 1, 5.25], "texture": "#missing"},
				"down": {"uv": [0, 0, 1, 5.25], "texture": "#missing"}
			}
		},
		{
			"from": [15, 5, -16],
			"to": [16, 11.25, 11.25],
			"rotation": {"angle": 0, "axis": "y", "origin": [0, 0, -9.75]},
			"faces": {
				"north": {"uv": [0, 0, 1, 6.25], "texture": "#23"},
				"east": {"uv": [16, 12.31, 0, 16], "texture": "#29"},
				"south": {"uv": [0, 0, 1, 6.25], "texture": "#26"},
				"west": {"uv": [0, 0.16, 16, 6.25], "texture": "#23"},
				"up": {"uv": [0, 0, 1, 16], "texture": "#26"},
				"down": {"uv": [0, 0, 1, 16], "texture": "#missing"}
			}
		},
		{
			"from": [0, 5, -16],
			"to": [1, 11.25, 11.25],
			"rotation": {"angle": 0, "axis": "y", "origin": [0, 0, -9.75]},
			"faces": {
				"north": {"uv": [0, 0, 1, 6.25], "texture": "#23"},
				"east": {"uv": [0, 5.024, 16, 7.786], "texture": "#23"},
				"south": {"uv": [0, 0, 1, 6.25], "texture": "#26"},
				"west": {"uv": [0, 12.278, 16, 16], "texture": "#29"},
				"up": {"uv": [0, 0, 1, 16], "texture": "#26"},
				"down": {"uv": [0, 0, 1, 16], "texture": "#missing"}
			}
		},
		{
			"from": [-0.01, 6.25, 24.5],
			"to": [0.99, 9, 27.25],
			"rotation": {"angle": 0, "axis": "y", "origin": [0, 0, -9.75]},
			"faces": {
				"north": {"uv": [0, 0, 1, 6.25], "texture": "#28"},
				"east": {"uv": [0, 5.024, 16, 7.786], "texture": "#28"},
				"south": {"uv": [0, 0, 1, 6.25], "texture": "#28"},
				"west": {"uv": [0, 0, 16, 16], "texture": "#38"},
				"up": {"uv": [0, 0, 1, 16], "texture": "#28"},
				"down": {"uv": [0, 0, 1, 16], "texture": "#28"}
			}
		},
		{
			"from": [15.01, 9.75, 24.5],
			"to": [16.01, 10.75, 27.25],
			"rotation": {"angle": 0, "axis": "y", "origin": [0, 0, -9.75]},
			"faces": {
				"north": {"uv": [0, 0, 1, 6.25], "texture": "#28"},
				"east": {"uv": [9.184, 10.24, 13.6, 12.288], "texture": "#33"},
				"south": {"uv": [0, 0, 1, 6.25], "texture": "#28"},
				"west": {"uv": [9.184, 10.24, 13.6, 12.288], "texture": "#33"},
				"up": {"uv": [0, 0, 1, 16], "texture": "#28"},
				"down": {"uv": [0, 0, 1, 16], "texture": "#28"}
			}
		},
		{
			"from": [-0.01, 9.75, 24.5],
			"to": [0.99, 10.75, 27.25],
			"rotation": {"angle": 0, "axis": "y", "origin": [0, 0, -9.75]},
			"faces": {
				"north": {"uv": [0, 0, 1, 6.25], "texture": "#28"},
				"east": {"uv": [9.184, 10.24, 13.6, 12.288], "texture": "#33"},
				"south": {"uv": [0, 0, 1, 6.25], "texture": "#28"},
				"west": {"uv": [9.184, 10.24, 13.6, 12.288], "texture": "#33"},
				"up": {"uv": [0, 0, 1, 16], "texture": "#28"},
				"down": {"uv": [0, 0, 1, 16], "texture": "#28"}
			}
		},
		{
			"from": [15.01, 6.25, 24.5],
			"to": [16.01, 9, 27.25],
			"rotation": {"angle": 0, "axis": "y", "origin": [0, 0, -9.75]},
			"faces": {
				"north": {"uv": [0, 0, 1, 6.25], "texture": "#28"},
				"east": {"uv": [0, 0, 16, 16], "texture": "#34"},
				"south": {"uv": [0, 0, 1, 6.25], "texture": "#28"},
				"west": {"uv": [0, 0, 16, 16], "texture": "#28"},
				"up": {"uv": [0, 0, 1, 16], "texture": "#28"},
				"down": {"uv": [0, 0, 1, 16], "texture": "#28"}
			}
		},
		{
			"from": [7, 7, -16],
			"to": [15, 8.5, -12.5],
			"rotation": {"angle": 0, "axis": "y", "origin": [0, 0, -15.5]},
			"faces": {
				"north": {"uv": [0, 0, 3.75, 1.5], "texture": "#22"},
				"east": {"uv": [0, 0, 16, 1.5], "texture": "#21"},
				"south": {"uv": [0, 0, 3.75, 1.5], "texture": "#21"},
				"west": {"uv": [0, 0, 16, 1.5], "texture": "#22"},
				"up": {"uv": [0, 0, 3.75, 16], "texture": "#21"},
				"down": {"uv": [0, 0, 3.75, 16], "texture": "#22"}
			}
		},
		{
			"from": [7, 16, 9.5],
			"to": [15, 17.5, 13],
			"rotation": {"angle": 0, "axis": "y", "origin": [0, 0, -15.5]},
			"faces": {
				"north": {"uv": [0, 0, 3.75, 1.5], "texture": "#21"},
				"east": {"uv": [0, 0, 16, 1.5], "texture": "#21"},
				"south": {"uv": [0, 0, 3.75, 1.5], "texture": "#22"},
				"west": {"uv": [0, 0, 16, 1.5], "texture": "#22"},
				"up": {"uv": [0, 0, 3.75, 16], "texture": "#21"},
				"down": {"uv": [0, 0, 3.75, 16], "texture": "#22"}
			}
		},
		{
			"from": [7, 16, -1.5],
			"to": [15, 17.5, 2],
			"rotation": {"angle": 0, "axis": "y", "origin": [0, 0, -15.5]},
			"faces": {
				"north": {"uv": [0, 0, 3.75, 1.5], "texture": "#22"},
				"east": {"uv": [0, 0, 16, 1.5], "texture": "#21"},
				"south": {"uv": [0, 0, 3.75, 1.5], "texture": "#21"},
				"west": {"uv": [0, 0, 16, 1.5], "texture": "#22"},
				"up": {"uv": [0, 0, 3.75, 16], "texture": "#21"},
				"down": {"uv": [0, 0, 3.75, 16], "texture": "#22"}
			}
		},
		{
			"from": [7, 16, -5],
			"to": [15, 17.5, -1.5],
			"rotation": {"angle": 0, "axis": "y", "origin": [0, 0, -15.5]},
			"faces": {
				"north": {"uv": [0, 0, 3.75, 1.5], "texture": "#21"},
				"east": {"uv": [0, 0, 16, 1.5], "texture": "#21"},
				"south": {"uv": [0, 0, 3.75, 1.5], "texture": "#22"},
				"west": {"uv": [0, 0, 16, 1.5], "texture": "#22"},
				"up": {"uv": [0, 0, 3.75, 16], "texture": "#21"},
				"down": {"uv": [0, 0, 3.75, 16], "texture": "#22"}
			}
		},
		{
			"from": [7, 16, -16],
			"to": [15, 17.5, -12.5],
			"rotation": {"angle": 0, "axis": "y", "origin": [0, 0, -15.5]},
			"faces": {
				"north": {"uv": [0, 0, 3.75, 1.5], "texture": "#22"},
				"east": {"uv": [0, 0, 16, 1.5], "texture": "#21"},
				"south": {"uv": [0, 0, 3.75, 1.5], "texture": "#21"},
				"west": {"uv": [0, 0, 16, 1.5], "texture": "#22"},
				"up": {"uv": [0, 0, 3.75, 16], "texture": "#21"},
				"down": {"uv": [0, 0, 3.75, 16], "texture": "#22"}
			}
		},
		{
			"from": [7, 8.5, 12.5],
			"to": [15, 12.8, 13],
			"rotation": {"angle": 0, "axis": "y", "origin": [0, 0, -15.5]},
			"faces": {
				"north": {"uv": [0, 0, 0.5, 2.75], "texture": "#21"},
				"east": {"uv": [0, 0, 16, 2.75], "texture": "#22"},
				"south": {"uv": [0, 0, 0.5, 2.75], "texture": "#22"},
				"west": {"uv": [0, 0, 16, 2.75], "texture": "#22"},
				"up": {"uv": [0, 0, 0.5, 16], "texture": "#22"},
				"down": {"uv": [0, 0, 0.5, 16], "texture": "#22"}
			}
		},
		{
			"from": [7, 8.5, -1.5],
			"to": [15, 12.8, -1],
			"rotation": {"angle": 0, "axis": "y", "origin": [0, 0, -15.5]},
			"faces": {
				"north": {"uv": [0, 0, 0.5, 2.75], "texture": "#22"},
				"east": {"uv": [0, 0, 16, 2.75], "texture": "#22"},
				"south": {"uv": [0, 0, 0.5, 2.75], "texture": "#21"},
				"west": {"uv": [0, 0, 16, 2.75], "texture": "#22"},
				"up": {"uv": [0, 0, 0.5, 16], "texture": "#22"},
				"down": {"uv": [0, 0, 0.5, 16], "texture": "#22"}
			}
		},
		{
			"from": [7, 5, -1.5],
			"to": [15, 19.8, -1.5],
			"rotation": {"angle": 0, "axis": "y", "origin": [0, 0, -15.5]},
			"faces": {
				"north": {"uv": [0, 0, 0.5, 2.75], "texture": "#23"},
				"east": {"uv": [0, 0, 16, 2.75], "texture": "#23"},
				"south": {"uv": [0, 0, 0.5, 2.75], "texture": "#23"},
				"west": {"uv": [0, 0, 16, 2.75], "texture": "#23"},
				"up": {"uv": [0, 0, 0.5, 16], "texture": "#23"},
				"down": {"uv": [0, 0, 0.5, 16], "texture": "#23"}
			}
		},
		{
			"from": [7, 5, -16],
			"to": [15, 19.8, -16],
			"rotation": {"angle": 0, "axis": "y", "origin": [0, 0, -15.5]},
			"faces": {
				"north": {"uv": [0, 0, 0.5, 2.75], "texture": "#23"},
				"east": {"uv": [0, 0, 16, 2.75], "texture": "#23"},
				"south": {"uv": [0, 0, 0.5, 2.75], "texture": "#23"},
				"west": {"uv": [0, 0, 16, 2.75], "texture": "#23"},
				"up": {"uv": [0, 0, 0.5, 16], "texture": "#23"},
				"down": {"uv": [0, 0, 0.5, 16], "texture": "#23"}
			}
		},
		{
			"from": [6, 5, -16],
			"to": [7, 19.8, -12.5],
			"rotation": {"angle": 0, "axis": "y", "origin": [0, 0, -15.5]},
			"faces": {
				"north": {"uv": [0, 0, 0.5, 2.75], "texture": "#23"},
				"east": {"uv": [0, 0, 16, 2.75], "texture": "#23"},
				"south": {"uv": [0, 0, 0.5, 2.75], "texture": "#23"},
				"west": {"uv": [0, 0, 16, 2.75], "texture": "#23"},
				"up": {"uv": [0, 0, 0.5, 16], "texture": "#23"},
				"down": {"uv": [0, 0, 0.5, 16], "texture": "#23"}
			}
		},
		{
			"from": [6, 5, -5],
			"to": [7, 19.8, 2],
			"rotation": {"angle": 0, "axis": "y", "origin": [0, 0, -15.5]},
			"faces": {
				"north": {"uv": [0, 0, 0.5, 2.75], "texture": "#23"},
				"east": {"uv": [0, 0, 16, 2.75], "texture": "#23"},
				"south": {"uv": [0, 0, 0.5, 2.75], "texture": "#23"},
				"west": {"uv": [0, 0, 16, 2.75], "texture": "#23"},
				"up": {"uv": [0, 0, 0.5, 16], "texture": "#23"},
				"down": {"uv": [0, 0, 0.5, 16], "texture": "#23"}
			}
		},
		{
			"from": [6, 5, 9.5],
			"to": [7, 19.8, 13.5],
			"rotation": {"angle": 0, "axis": "y", "origin": [0, 0, -15.5]},
			"faces": {
				"north": {"uv": [0, 0, 0.5, 2.75], "texture": "#23"},
				"east": {"uv": [0, 0, 16, 2.75], "texture": "#23"},
				"south": {"uv": [0, 0, 0.5, 2.75], "texture": "#23"},
				"west": {"uv": [0, 0, 16, 2.75], "texture": "#23"},
				"up": {"uv": [0, 0, 0.5, 16], "texture": "#23"},
				"down": {"uv": [0, 0, 0.5, 16], "texture": "#23"}
			}
		},
		{
			"from": [7, 5, 13],
			"to": [15, 19.8, 13.5],
			"rotation": {"angle": 0, "axis": "y", "origin": [0, 0, -15.5]},
			"faces": {
				"north": {"uv": [0, 0, 0.5, 2.75], "texture": "#23"},
				"east": {"uv": [0, 0, 16, 2.75], "texture": "#23"},
				"south": {"uv": [0, 0, 0.5, 2.75], "texture": "#23"},
				"west": {"uv": [0, 0, 16, 2.75], "texture": "#23"},
				"up": {"uv": [0, 0, 0.5, 16], "texture": "#23"},
				"down": {"uv": [0, 0, 0.5, 16], "texture": "#23"}
			}
		},
		{
			"from": [7, 7, -1.5],
			"to": [15, 8.5, 2],
			"rotation": {"angle": 0, "axis": "y", "origin": [0, 0, -15.5]},
			"faces": {
				"north": {"uv": [0, 0, 3.75, 1.5], "texture": "#22"},
				"east": {"uv": [0, 0, 16, 1.5], "texture": "#21"},
				"south": {"uv": [0, 0, 3.75, 1.5], "texture": "#21"},
				"west": {"uv": [0, 0, 16, 1.5], "texture": "#22"},
				"up": {"uv": [0, 0, 3.75, 16], "texture": "#21"},
				"down": {"uv": [0, 0, 3.75, 16], "texture": "#22"}
			}
		},
		{
			"from": [6.25, 9.75, 3],
			"to": [6.25, 15.5, 8.5],
			"rotation": {"angle": 0, "axis": "y", "origin": [0, 0, -0.5]},
			"faces": {
				"north": {"uv": [0, 0, 0.6, 4.75], "texture": "#23"},
				"east": {"uv": [7.76398, 6.67081, 11.32919, 10.85714], "texture": "#23"},
				"south": {"uv": [0, 0, 0.6, 4.75], "texture": "#23"},
				"west": {"uv": [6.73292, 5.2795, 10.57143, 9.95031], "texture": "#23"},
				"up": {"uv": [0, 0, 0.6, 16], "texture": "#23"},
				"down": {"uv": [0, 0, 0.6, 16], "texture": "#23"}
			}
		},
		{
			"from": [6.25, 9.75, 2],
			"to": [6.25, 15.5, 3],
			"rotation": {"angle": 0, "axis": "y", "origin": [0, 0, -0.5]},
			"faces": {
				"north": {"uv": [0, 0, 1, 6.25], "texture": "#23"},
				"east": {"uv": [0, 5.024, 16, 7.786], "texture": "#23"},
				"south": {"uv": [0, 0, 1, 6.25], "texture": "#23"},
				"west": {"uv": [0, 0, 16, 6.25], "texture": "#23"},
				"up": {"uv": [0, 0, 1, 16], "texture": "#23"},
				"down": {"uv": [0, 0, 1, 16], "texture": "#23"}
			}
		},
		{
			"from": [6.25, 15.5, 2],
			"to": [6.25, 19.75, 9.5],
			"rotation": {"angle": 0, "axis": "y", "origin": [0, 0, -0.5]},
			"faces": {
				"north": {"uv": [0, 0, 1, 6.25], "texture": "#23"},
				"east": {"uv": [0, 5.024, 16, 7.786], "texture": "#23"},
				"south": {"uv": [0, 0, 1, 6.25], "texture": "#23"},
				"west": {"uv": [0, 0, 16, 6.25], "texture": "#23"},
				"up": {"uv": [0, 0, 1, 16], "texture": "#23"},
				"down": {"uv": [0, 0, 1, 16], "texture": "#23"}
			}
		},
		{
			"from": [6.25, 9.75, 8.5],
			"to": [6.25, 15.5, 9.5],
			"rotation": {"angle": 0, "axis": "y", "origin": [0, 0, -0.5]},
			"faces": {
				"north": {"uv": [0, 0, 1, 6.25], "texture": "#23"},
				"east": {"uv": [0, 5.024, 16, 7.786], "texture": "#23"},
				"south": {"uv": [0, 0, 1, 6.25], "texture": "#23"},
				"west": {"uv": [0, 0, 16, 6.25], "texture": "#23"},
				"up": {"uv": [0, 0, 1, 16], "texture": "#23"},
				"down": {"uv": [0, 0, 1, 16], "texture": "#23"}
			}
		},
		{
			"from": [6.25, 5, 2],
			"to": [6.25, 9.75, 9.5],
			"rotation": {"angle": 0, "axis": "y", "origin": [0, 0, -0.5]},
			"faces": {
				"north": {"uv": [0, 0, 1, 6.25], "texture": "#23"},
				"east": {"uv": [0, 5.024, 16, 7.786], "texture": "#23"},
				"south": {"uv": [0, 0, 1, 6.25], "texture": "#23"},
				"west": {"uv": [0, 0, 16, 6.25], "texture": "#23"},
				"up": {"uv": [0, 0, 1, 16], "texture": "#23"},
				"down": {"uv": [0, 0, 1, 16], "texture": "#23"}
			}
		},
		{
			"from": [6.25, 15.5, -12.5],
			"to": [6.25, 19.75, -5],
			"rotation": {"angle": 0, "axis": "y", "origin": [0, 0, -0.5]},
			"faces": {
				"north": {"uv": [0, 0, 1, 6.25], "texture": "#23"},
				"east": {"uv": [0, 5.024, 16, 7.786], "texture": "#23"},
				"south": {"uv": [0, 0, 1, 6.25], "texture": "#23"},
				"west": {"uv": [0, 0, 16, 6.25], "texture": "#23"},
				"up": {"uv": [0, 0, 1, 16], "texture": "#23"},
				"down": {"uv": [0, 0, 1, 16], "texture": "#23"}
			}
		},
		{
			"from": [6.25, 9.75, -6],
			"to": [6.25, 15.5, -5],
			"rotation": {"angle": 0, "axis": "y", "origin": [0, 0, -0.5]},
			"faces": {
				"north": {"uv": [0, 0, 1, 6.25], "texture": "#23"},
				"east": {"uv": [0, 5.024, 16, 7.786], "texture": "#23"},
				"south": {"uv": [0, 0, 1, 6.25], "texture": "#23"},
				"west": {"uv": [0, 0, 16, 6.25], "texture": "#23"},
				"up": {"uv": [0, 0, 1, 16], "texture": "#23"},
				"down": {"uv": [0, 0, 1, 16], "texture": "#23"}
			}
		},
		{
			"from": [6.15, 9.1, -11.45],
			"to": [6.35, 9.4, -10.3],
			"rotation": {"angle": 0, "axis": "y", "origin": [0, 0, -0.5]},
			"faces": {
				"north": {"uv": [0, 0, 1, 6.25], "texture": "#26"},
				"east": {"uv": [0, 5.024, 16, 7.786], "texture": "#26"},
				"south": {"uv": [0, 0, 1, 6.25], "texture": "#26"},
				"west": {"uv": [0, 0, 16, 6.25], "texture": "#26"},
				"up": {"uv": [0, 0, 1, 16], "texture": "#26"},
				"down": {"uv": [0, 0, 1, 16], "texture": "#26"}
			}
		},
		{
			"from": [6.25, 9.75, -12.5],
			"to": [6.25, 15.5, -11.5],
			"rotation": {"angle": 0, "axis": "y", "origin": [0, 0, -0.5]},
			"faces": {
				"north": {"uv": [0, 0, 1, 6.25], "texture": "#23"},
				"east": {"uv": [0, 5.024, 16, 7.786], "texture": "#23"},
				"south": {"uv": [0, 0, 1, 6.25], "texture": "#23"},
				"west": {"uv": [0, 0, 16, 6.25], "texture": "#23"},
				"up": {"uv": [0, 0, 1, 16], "texture": "#23"},
				"down": {"uv": [0, 0, 1, 16], "texture": "#23"}
			}
		},
		{
			"from": [6.25, 9.75, -11.5],
			"to": [6.25, 15.5, -6],
			"rotation": {"angle": 0, "axis": "y", "origin": [0, 0, -0.5]},
			"faces": {
				"north": {"uv": [0, 0, 0.6, 4.75], "texture": "#23"},
				"east": {"uv": [7.76398, 6.67081, 11.32919, 10.85714], "texture": "#23"},
				"south": {"uv": [0, 0, 0.6, 4.75], "texture": "#23"},
				"west": {"uv": [6.73292, 5.2795, 10.57143, 9.95031], "texture": "#23"},
				"up": {"uv": [0, 0, 0.6, 16], "texture": "#23"},
				"down": {"uv": [0, 0, 0.6, 16], "texture": "#23"}
			}
		},
		{
			"from": [6.25, 5, -12.5],
			"to": [6.25, 9.75, -5],
			"rotation": {"angle": 0, "axis": "y", "origin": [0, 0, -0.5]},
			"faces": {
				"north": {"uv": [0, 0, 1, 6.25], "texture": "#23"},
				"east": {"uv": [0, 5.024, 16, 7.786], "texture": "#23"},
				"south": {"uv": [0, 0, 1, 6.25], "texture": "#23"},
				"west": {"uv": [0, 0, 16, 6.25], "texture": "#23"},
				"up": {"uv": [0, 0, 1, 16], "texture": "#23"},
				"down": {"uv": [0, 0, 1, 16], "texture": "#23"}
			}
		},
		{
			"from": [6.15, 9.1, 3.05],
			"to": [6.35, 9.4, 4.2],
			"rotation": {"angle": 0, "axis": "y", "origin": [0, 0, -0.5]},
			"faces": {
				"north": {"uv": [0, 0, 1, 6.25], "texture": "#26"},
				"east": {"uv": [0, 5.024, 16, 7.786], "texture": "#26"},
				"south": {"uv": [0, 0, 1, 6.25], "texture": "#26"},
				"west": {"uv": [0, 0, 16, 6.25], "texture": "#26"},
				"up": {"uv": [0, 0, 1, 16], "texture": "#26"},
				"down": {"uv": [0, 0, 1, 16], "texture": "#26"}
			}
		},
		{
			"from": [7, 8.5, -2],
			"to": [15, 12.8, -1.5],
			"rotation": {"angle": 0, "axis": "y", "origin": [0, 0, -15.5]},
			"faces": {
				"north": {"uv": [0, 0, 0.5, 2.75], "texture": "#21"},
				"east": {"uv": [0, 0, 16, 2.75], "texture": "#22"},
				"south": {"uv": [0, 0, 0.5, 2.75], "texture": "#22"},
				"west": {"uv": [0, 0, 16, 2.75], "texture": "#22"},
				"up": {"uv": [0, 0, 0.5, 16], "texture": "#22"},
				"down": {"uv": [0, 0, 0.5, 16], "texture": "#22"}
			}
		},
		{
			"from": [7, 7, -5],
			"to": [15, 8.5, -1.5],
			"rotation": {"angle": 0, "axis": "y", "origin": [0, 0, -15.5]},
			"faces": {
				"north": {"uv": [0, 0, 3.75, 1.5], "texture": "#21"},
				"east": {"uv": [0, 0, 16, 1.5], "texture": "#21"},
				"south": {"uv": [0, 0, 3.75, 1.5], "texture": "#22"},
				"west": {"uv": [0, 0, 16, 1.5], "texture": "#22"},
				"up": {"uv": [0, 0, 3.75, 16], "texture": "#21"},
				"down": {"uv": [0, 0, 3.75, 16], "texture": "#22"}
			}
		},
		{
			"from": [7, 7, 9.5],
			"to": [15, 8.5, 13],
			"rotation": {"angle": 0, "axis": "y", "origin": [0, 0, -15.5]},
			"faces": {
				"north": {"uv": [0, 0, 3.75, 1.5], "texture": "#21"},
				"east": {"uv": [0, 0, 16, 1.5], "texture": "#21"},
				"south": {"uv": [0, 0, 3.75, 1.5], "texture": "#22"},
				"west": {"uv": [0, 0, 16, 1.5], "texture": "#22"},
				"up": {"uv": [0, 0, 3.75, 16], "texture": "#21"},
				"down": {"uv": [0, 0, 3.75, 16], "texture": "#22"}
			}
		},
		{
			"from": [7, 8.5, -16],
			"to": [15, 12.8, -15.5],
			"rotation": {"angle": 0, "axis": "y", "origin": [0, 0, -15.5]},
			"faces": {
				"north": {"uv": [0, 0, 0.5, 2.75], "texture": "#22"},
				"east": {"uv": [0, 0, 16, 2.75], "texture": "#22"},
				"south": {"uv": [0, 0, 0.5, 2.75], "texture": "#21"},
				"west": {"uv": [0, 0, 16, 2.75], "texture": "#22"},
				"up": {"uv": [0, 0, 0.5, 16], "texture": "#22"},
				"down": {"uv": [0, 0, 0.5, 16], "texture": "#22"}
			}
		},
		{
			"from": [15, 18, 11.25],
			"to": [16, 19.75, 17.25],
			"faces": {
				"north": {"uv": [0, 0, 1, 0.75], "texture": "#missing"},
				"east": {"uv": [0, 12.626, 16, 16], "texture": "#29"},
				"south": {"uv": [0, 0, 1, 0.75], "texture": "#missing"},
				"west": {"uv": [0, 0, 16, 0.75], "texture": "#23"},
				"up": {"uv": [0, 0, 1, 16], "texture": "#missing"},
				"down": {"uv": [0, 0, 1, 16], "texture": "#26"}
			}
		},
		{
			"from": [0, 18, 11.25],
			"to": [1, 19.75, 17.25],
			"faces": {
				"north": {"uv": [0, 0, 1, 0.75], "texture": "#missing"},
				"east": {"uv": [0, 0, 16, 0.75], "texture": "#23"},
				"south": {"uv": [0, 0, 1, 0.75], "texture": "#missing"},
				"west": {"uv": [16, 15.25, 0, 16], "texture": "#29"},
				"up": {"uv": [0, 0, 1, 16], "texture": "#missing"},
				"down": {"uv": [0, 0, 1, 16], "texture": "#26"}
			}
		},
		{
			"from": [15, 18, 17.25],
			"to": [16, 19.75, 28.5],
			"faces": {
				"north": {"uv": [0, 0, 1, 0.75], "texture": "#missing"},
				"east": {"uv": [0, 12.626, 16, 16], "texture": "#29"},
				"south": {"uv": [0, 0, 1, 0.75], "texture": "#20"},
				"west": {"uv": [0, 0, 16, 0.75], "texture": "#23"},
				"up": {"uv": [0, 0, 1, 16], "texture": "#missing"},
				"down": {"uv": [0, 0, 1, 16], "texture": "#26"}
			}
		},
		{
			"from": [0, 18, 17.25],
			"to": [1, 19.75, 28.5],
			"faces": {
				"north": {"uv": [0, 0, 1, 0.75], "texture": "#missing"},
				"east": {"uv": [0, 0, 16, 0.75], "texture": "#23"},
				"south": {"uv": [0, 0, 1, 0.75], "texture": "#20"},
				"west": {"uv": [16, 15.25, 0, 16], "texture": "#29"},
				"up": {"uv": [0, 0, 1, 16], "texture": "#missing"},
				"down": {"uv": [0, 0, 1, 16], "texture": "#26"}
			}
		},
		{
			"from": [15, 18, -16],
			"to": [16, 19.75, 0.75],
			"faces": {
				"north": {"uv": [0, 0, 1, 0.75], "texture": "#23"},
				"east": {"uv": [16, 14.578, 0, 16], "texture": "#29"},
				"south": {"uv": [0, 0, 1, 0.75], "texture": "#missing"},
				"west": {"uv": [0, 0, 10.25, 0.75], "texture": "#23"},
				"up": {"uv": [0, 0, 1, 10.25], "texture": "#missing"},
				"down": {"uv": [0, 0, 1, 10.25], "texture": "#26"}
			}
		},
		{
			"from": [15, 19.75, -16],
			"to": [16.5, 22, 28.5],
			"faces": {
				"north": {"uv": [0, 0, 1, 0.75], "texture": "#20"},
				"east": {"uv": [16, 0, 0, 1.422], "texture": "#20"},
				"south": {"uv": [0, 0, 1, 0.75], "texture": "#20"},
				"west": {"uv": [0, 0, 10.25, 0.75], "texture": "#20"},
				"up": {"uv": [0, 0, 1, 10.25], "texture": "#20"},
				"down": {"uv": [0, 0, 1, 10.25], "texture": "#20"}
			}
		},
		{
			"from": [-0.5, 19.75, -16],
			"to": [1, 22, 28.5],
			"faces": {
				"north": {"uv": [0, 0, 1, 0.75], "texture": "#20"},
				"east": {"uv": [0, 0, 10.25, 0.75], "texture": "#20"},
				"south": {"uv": [0, 0, 1, 0.75], "texture": "#20"},
				"west": {"uv": [0, 0, 16, 4.942], "texture": "#20"},
				"up": {"uv": [0, 0, 1, 10.25], "texture": "#20"},
				"down": {"uv": [0, 0, 1, 10.25], "texture": "#20"}
			}
		},
		{
			"from": [0, 18, 0.75],
			"to": [1, 19.75, 11.25],
			"faces": {
				"north": {"uv": [0, 0, 1, 0.75], "texture": "#missing"},
				"east": {"uv": [0, 0, 10.25, 0.75], "texture": "#23"},
				"south": {"uv": [0, 0, 1, 0.75], "texture": "#missing"},
				"west": {"uv": [0, 15.25, 10.25, 16], "texture": "#29"},
				"up": {"uv": [0, 0, 1, 10.25], "texture": "#missing"},
				"down": {"uv": [0, 0, 1, 10.25], "texture": "#26"}
			}
		},
		{
			"from": [15, 18, 0.75],
			"to": [16, 19.75, 11.25],
			"faces": {
				"north": {"uv": [0, 0, 1, 0.75], "texture": "#missing"},
				"east": {"uv": [0, 15.25, 10.25, 16], "texture": "#29"},
				"south": {"uv": [0, 0, 1, 0.75], "texture": "#missing"},
				"west": {"uv": [0, 0, 10.25, 0.75], "texture": "#23"},
				"up": {"uv": [0, 0, 1, 10.25], "texture": "#missing"},
				"down": {"uv": [0, 0, 1, 10.25], "texture": "#26"}
			}
		},
		{
			"from": [0, 18, -16],
			"to": [1, 19.75, 0.75],
			"faces": {
				"north": {"uv": [0, 0, 1, 0.75], "texture": "#23"},
				"east": {"uv": [0, 0, 10.25, 0.75], "texture": "#23"},
				"south": {"uv": [0, 0, 1, 0.75], "texture": "#missing"},
				"west": {"uv": [0, 11.058, 16, 16], "texture": "#29"},
				"up": {"uv": [0, 0, 1, 10.25], "texture": "#missing"},
				"down": {"uv": [0, 0, 1, 10.25], "texture": "#26"}
			}
		},
		{
			"from": [4, 4.25, 28.5],
			"to": [12, 5, 32],
			"rotation": {"angle": 0, "axis": "y", "origin": [0, 0, 2]},
			"faces": {
				"north": {"uv": [0, 0, 12.5, 0.75], "texture": "#32"},
				"east": {"uv": [0, 0, 2, 0.75], "texture": "#32"},
				"south": {"uv": [0, 0, 12.5, 0.75], "texture": "#32"},
				"west": {"uv": [0, 0, 2, 0.75], "texture": "#32"},
				"up": {"uv": [0, 0, 12.5, 7.344], "texture": "#31"},
				"down": {"uv": [0, 0, 12.5, 2], "texture": "#32"}
			}
		},
		{
			"from": [4.45, 20.5, 28.5],
			"to": [11.55, 21.2, 32],
			"rotation": {"angle": 0, "axis": "y", "origin": [0, 1, 2]},
			"faces": {
				"north": {"uv": [0, 0, 12.5, 0.75], "texture": "#32"},
				"east": {"uv": [0, 0, 2, 0.75], "texture": "#32"},
				"south": {"uv": [0, 0, 12.5, 0.75], "texture": "#32"},
				"west": {"uv": [0, 0, 2, 0.75], "texture": "#32"},
				"up": {"uv": [0, 0, 12.5, 2], "texture": "#32"},
				"down": {"uv": [0, 0, 12.5, 2], "texture": "#32"}
			}
		},
		{
			"from": [12, 4.25, 28.5],
			"to": [13, 19.75, 32],
			"rotation": {"angle": 0, "axis": "y", "origin": [-3, 0, 2]},
			"faces": {
				"north": {"uv": [0, 0, 0.75, 13.75], "texture": "#32"},
				"east": {"uv": [0, 0, 2, 13.75], "texture": "#32"},
				"south": {"uv": [0, 0, 0.75, 13.75], "texture": "#32"},
				"west": {"uv": [0, 0, 2, 13.75], "texture": "#32"},
				"up": {"uv": [0, 0, 0.75, 2], "texture": "#32"},
				"down": {"uv": [0, 0, 0.75, 2], "texture": "#32"}
			}
		},
		{
			"from": [3, 4.25, 28.5],
			"to": [4, 19.75, 32],
			"rotation": {"angle": 0, "axis": "y", "origin": [3, 0, 2]},
			"faces": {
				"north": {"uv": [0, 0, 0.75, 13.75], "texture": "#32"},
				"east": {"uv": [0, 0, 2, 13.75], "texture": "#32"},
				"south": {"uv": [0, 0, 0.75, 13.75], "texture": "#32"},
				"west": {"uv": [0, 0, 2, 13.75], "texture": "#32"},
				"up": {"uv": [0, 0, 0.75, 2], "texture": "#32"},
				"down": {"uv": [0, 0, 0.75, 2], "texture": "#32"}
			}
		},
		{
			"from": [-11.55635, 26.60786, 28.5],
			"to": [-10.80635, 28.65786, 32],
			"rotation": {"angle": -45, "axis": "z", "origin": [-12.55635, 5.60786, 2]},
			"faces": {
				"north": {"uv": [0, 0, 0.75, 1.05], "texture": "#32"},
				"east": {"uv": [0, 0, 2, 1.05], "texture": "#32"},
				"south": {"uv": [0, 0, 0.75, 1.05], "texture": "#32"},
				"west": {"uv": [0, 0, 2, 1.05], "texture": "#32"},
				"up": {"uv": [0, 0, 0.75, 2], "texture": "#32"},
				"down": {"uv": [0, 0, 0.75, 2], "texture": "#32"}
			}
		},
		{
			"from": [27.61181, 24.66332, 28.5],
			"to": [28.36181, 26.71332, 32],
			"rotation": {"angle": 45, "axis": "z", "origin": [26.61181, 3.66332, 2]},
			"faces": {
				"north": {"uv": [0, 0, 0.75, 1.05], "texture": "#32"},
				"east": {"uv": [0, 0, 2, 1.05], "texture": "#32"},
				"south": {"uv": [0, 0, 0.75, 1.05], "texture": "#32"},
				"west": {"uv": [0, 0, 2, 1.05], "texture": "#32"},
				"up": {"uv": [0, 0, 0.75, 2], "texture": "#32"},
				"down": {"uv": [0, 0, 0.75, 2], "texture": "#32"}
			}
		},
		{
			"from": [29.1364, 9.15751, 23.25],
			"to": [31.1364, 9.65751, 23.75],
			"rotation": {"angle": 45, "axis": "z", "origin": [14.6364, -5.74249, 32.25]},
			"faces": {
				"north": {"uv": [0, 0, 16, 4.25], "texture": "#20"},
				"east": {"uv": [0, 0, 1.5, 4.25], "texture": "#20"},
				"south": {"uv": [3.392, 10.632, 12.672, 13.594], "texture": "#20"},
				"west": {"uv": [0, 0, 1.5, 4.25], "texture": "#20"},
				"up": {"uv": [0, 0, 16, 1.5], "texture": "#20"},
				"down": {"uv": [0, 0, 16, 1.5], "texture": "#20"}
			}
		},
		{
			"from": [14, 8.4, 23.25],
			"to": [14.5, 15.4, 23.75],
			"rotation": {"angle": 0, "axis": "y", "origin": [0, 0, 32.25]},
			"faces": {
				"north": {"uv": [0, 0, 16, 4.25], "texture": "#20"},
				"east": {"uv": [0, 0, 1.5, 4.25], "texture": "#20"},
				"south": {"uv": [3.392, 10.632, 12.672, 13.594], "texture": "#20"},
				"west": {"uv": [0, 0, 1.5, 4.25], "texture": "#20"},
				"up": {"uv": [0, 0, 16, 1.5], "texture": "#20"},
				"down": {"uv": [0, 0, 16, 1.5], "texture": "#20"}
			}
		},
		{
			"from": [7.71106, 23.01716, 23.25],
			"to": [9.71106, 23.51716, 23.75],
			"rotation": {"angle": -45, "axis": "z", "origin": [-6.78894, 8.11716, 32.25]},
			"faces": {
				"north": {"uv": [0, 0, 16, 4.25], "texture": "#20"},
				"east": {"uv": [0, 0, 1.5, 4.25], "texture": "#20"},
				"south": {"uv": [3.392, 10.632, 12.672, 13.594], "texture": "#20"},
				"west": {"uv": [0, 0, 1.5, 4.25], "texture": "#20"},
				"up": {"uv": [0, 0, 16, 1.5], "texture": "#20"},
				"down": {"uv": [0, 0, 16, 1.5], "texture": "#20"}
			}
		},
		{
			"from": [14.1364, 9.15751, 16.25],
			"to": [16.1364, 9.65751, 16.75],
			"rotation": {"angle": 45, "axis": "z", "origin": [-0.3636, -5.74249, 25.25]},
			"faces": {
				"north": {"uv": [0, 0, 16, 4.25], "texture": "#20"},
				"east": {"uv": [0, 0, 1.5, 4.25], "texture": "#20"},
				"south": {"uv": [3.392, 10.632, 12.672, 13.594], "texture": "#20"},
				"west": {"uv": [0, 0, 1.5, 4.25], "texture": "#20"},
				"up": {"uv": [0, 0, 16, 1.5], "texture": "#20"},
				"down": {"uv": [0, 0, 16, 1.5], "texture": "#20"}
			}
		},
		{
			"from": [-1, 8.4, 16.25],
			"to": [-0.5, 15.4, 16.75],
			"rotation": {"angle": 0, "axis": "y", "origin": [-15, 0, 25.25]},
			"faces": {
				"north": {"uv": [0, 0, 16, 4.25], "texture": "#20"},
				"east": {"uv": [0, 0, 1.5, 4.25], "texture": "#20"},
				"south": {"uv": [3.392, 10.632, 12.672, 13.594], "texture": "#20"},
				"west": {"uv": [0, 0, 1.5, 4.25], "texture": "#20"},
				"up": {"uv": [0, 0, 16, 1.5], "texture": "#20"},
				"down": {"uv": [0, 0, 16, 1.5], "texture": "#20"}
			}
		},
		{
			"from": [-7.28894, 23.01716, 16.25],
			"to": [-5.28894, 23.51716, 16.75],
			"rotation": {"angle": -45, "axis": "z", "origin": [-21.78894, 8.11716, 25.25]},
			"faces": {
				"north": {"uv": [0, 0, 16, 4.25], "texture": "#20"},
				"east": {"uv": [0, 0, 1.5, 4.25], "texture": "#20"},
				"south": {"uv": [3.392, 10.632, 12.672, 13.594], "texture": "#20"},
				"west": {"uv": [0, 0, 1.5, 4.25], "texture": "#20"},
				"up": {"uv": [0, 0, 16, 1.5], "texture": "#20"},
				"down": {"uv": [0, 0, 16, 1.5], "texture": "#20"}
			}
		},
		{
			"from": [14.1364, 9.15751, 23.25],
			"to": [16.1364, 9.65751, 23.75],
			"rotation": {"angle": 45, "axis": "z", "origin": [-0.3636, -5.74249, 32.25]},
			"faces": {
				"north": {"uv": [0, 0, 16, 4.25], "texture": "#20"},
				"east": {"uv": [0, 0, 1.5, 4.25], "texture": "#20"},
				"south": {"uv": [3.392, 10.632, 12.672, 13.594], "texture": "#20"},
				"west": {"uv": [0, 0, 1.5, 4.25], "texture": "#20"},
				"up": {"uv": [0, 0, 16, 1.5], "texture": "#20"},
				"down": {"uv": [0, 0, 16, 1.5], "texture": "#20"}
			}
		},
		{
			"from": [-1, 8.4, 23.25],
			"to": [-0.5, 15.4, 23.75],
			"rotation": {"angle": 0, "axis": "y", "origin": [-15, 0, 32.25]},
			"faces": {
				"north": {"uv": [0, 0, 16, 4.25], "texture": "#20"},
				"east": {"uv": [0, 0, 1.5, 4.25], "texture": "#20"},
				"south": {"uv": [3.392, 10.632, 12.672, 13.594], "texture": "#20"},
				"west": {"uv": [0, 0, 1.5, 4.25], "texture": "#20"},
				"up": {"uv": [0, 0, 16, 1.5], "texture": "#20"},
				"down": {"uv": [0, 0, 16, 1.5], "texture": "#20"}
			}
		},
		{
			"from": [-7.28894, 23.01716, 23.25],
			"to": [-5.28894, 23.51716, 23.75],
			"rotation": {"angle": -45, "axis": "z", "origin": [-21.78894, 8.11716, 32.25]},
			"faces": {
				"north": {"uv": [0, 0, 16, 4.25], "texture": "#20"},
				"east": {"uv": [0, 0, 1.5, 4.25], "texture": "#20"},
				"south": {"uv": [3.392, 10.632, 12.672, 13.594], "texture": "#20"},
				"west": {"uv": [0, 0, 1.5, 4.25], "texture": "#20"},
				"up": {"uv": [0, 0, 16, 1.5], "texture": "#20"},
				"down": {"uv": [0, 0, 16, 1.5], "texture": "#20"}
			}
		},
		{
			"from": [6.16081, 24.3603, 23.25],
			"to": [8.16081, 24.8603, 23.75],
			"rotation": {"angle": -45, "axis": "z", "origin": [1.16081, 9.4603, 32.25]},
			"faces": {
				"north": {"uv": [0, 0, 16, 4.25], "texture": "#20"},
				"east": {"uv": [0, 0, 1.5, 4.25], "texture": "#20"},
				"south": {"uv": [3.392, 10.632, 12.672, 13.594], "texture": "#20"},
				"west": {"uv": [0, 0, 1.5, 4.25], "texture": "#20"},
				"up": {"uv": [0, 0, 16, 1.5], "texture": "#20"},
				"down": {"uv": [0, 0, 16, 1.5], "texture": "#20"}
			}
		},
		{
			"from": [29.1364, 9.15751, 16.25],
			"to": [31.1364, 9.65751, 16.75],
			"rotation": {"angle": 45, "axis": "z", "origin": [14.6364, -5.74249, 25.25]},
			"faces": {
				"north": {"uv": [0, 0, 16, 4.25], "texture": "#20"},
				"east": {"uv": [0, 0, 1.5, 4.25], "texture": "#20"},
				"south": {"uv": [3.392, 10.632, 12.672, 13.594], "texture": "#20"},
				"west": {"uv": [0, 0, 1.5, 4.25], "texture": "#20"},
				"up": {"uv": [0, 0, 16, 1.5], "texture": "#20"},
				"down": {"uv": [0, 0, 16, 1.5], "texture": "#20"}
			}
		},
		{
			"from": [7.71106, 23.01716, 16.25],
			"to": [9.71106, 23.51716, 16.75],
			"rotation": {"angle": -45, "axis": "z", "origin": [-6.78894, 8.11716, 25.25]},
			"faces": {
				"north": {"uv": [0, 0, 16, 4.25], "texture": "#20"},
				"east": {"uv": [0, 0, 1.5, 4.25], "texture": "#20"},
				"south": {"uv": [3.392, 10.632, 12.672, 13.594], "texture": "#20"},
				"west": {"uv": [0, 0, 1.5, 4.25], "texture": "#20"},
				"up": {"uv": [0, 0, 16, 1.5], "texture": "#20"},
				"down": {"uv": [0, 0, 16, 1.5], "texture": "#20"}
			}
		},
		{
			"from": [14, 8.4, 16.25],
			"to": [14.5, 15.4, 16.75],
			"rotation": {"angle": 0, "axis": "y", "origin": [0, 0, 25.25]},
			"faces": {
				"north": {"uv": [0, 0, 16, 4.25], "texture": "#20"},
				"east": {"uv": [0, 0, 1.5, 4.25], "texture": "#20"},
				"south": {"uv": [3.392, 10.632, 12.672, 13.594], "texture": "#20"},
				"west": {"uv": [0, 0, 1.5, 4.25], "texture": "#20"},
				"up": {"uv": [0, 0, 16, 1.5], "texture": "#20"},
				"down": {"uv": [0, 0, 16, 1.5], "texture": "#20"}
			}
		},
		{
			"from": [16.5, 8.4, 16.25],
			"to": [17, 15.4, 16.75],
			"rotation": {"angle": 0, "axis": "y", "origin": [15, 0, 25.25]},
			"faces": {
				"north": {"uv": [0, 0, 16, 4.25], "texture": "#20"},
				"east": {"uv": [0, 0, 1.5, 4.25], "texture": "#20"},
				"south": {"uv": [3.392, 10.632, 12.672, 13.594], "texture": "#20"},
				"west": {"uv": [0, 0, 1.5, 4.25], "texture": "#20"},
				"up": {"uv": [0, 0, 16, 1.5], "texture": "#20"},
				"down": {"uv": [0, 0, 16, 1.5], "texture": "#20"}
			}
		},
		{
			"from": [27.73259, 7.46081, 16.25],
			"to": [29.73259, 7.96081, 16.75],
			"rotation": {"angle": 45, "axis": "z", "origin": [22.23259, -7.43919, 25.25]},
			"faces": {
				"north": {"uv": [0, 0, 16, 4.25], "texture": "#20"},
				"east": {"uv": [0, 0, 1.5, 4.25], "texture": "#20"},
				"south": {"uv": [3.392, 10.632, 12.672, 13.594], "texture": "#20"},
				"west": {"uv": [0, 0, 1.5, 4.25], "texture": "#20"},
				"up": {"uv": [0, 0, 16, 1.5], "texture": "#20"},
				"down": {"uv": [0, 0, 16, 1.5], "texture": "#20"}
			}
		},
		{
			"from": [6.16081, 24.3603, 16.25],
			"to": [8.16081, 24.8603, 16.75],
			"rotation": {"angle": -45, "axis": "z", "origin": [1.16081, 9.4603, 25.25]},
			"faces": {
				"north": {"uv": [0, 0, 16, 4.25], "texture": "#20"},
				"east": {"uv": [0, 0, 1.5, 4.25], "texture": "#20"},
				"south": {"uv": [3.392, 10.632, 12.672, 13.594], "texture": "#20"},
				"west": {"uv": [0, 0, 1.5, 4.25], "texture": "#20"},
				"up": {"uv": [0, 0, 16, 1.5], "texture": "#20"},
				"down": {"uv": [0, 0, 16, 1.5], "texture": "#20"}
			}
		},
		{
			"from": [16.5, 8.4, 23.25],
			"to": [17, 15.4, 23.75],
			"rotation": {"angle": 0, "axis": "y", "origin": [15, 0, 32.25]},
			"faces": {
				"north": {"uv": [0, 0, 16, 4.25], "texture": "#20"},
				"east": {"uv": [0, 0, 1.5, 4.25], "texture": "#20"},
				"south": {"uv": [3.392, 10.632, 12.672, 13.594], "texture": "#20"},
				"west": {"uv": [0, 0, 1.5, 4.25], "texture": "#20"},
				"up": {"uv": [0, 0, 16, 1.5], "texture": "#20"},
				"down": {"uv": [0, 0, 16, 1.5], "texture": "#20"}
			}
		},
		{
			"from": [1, 4.9, 28],
			"to": [5.75, 20.4, 28.5],
			"rotation": {"angle": 0, "axis": "y", "origin": [0, 0, 32.25]},
			"faces": {
				"north": {"uv": [0, 0, 16, 4.25], "texture": "#20"},
				"east": {"uv": [0, 0, 1.5, 4.25], "texture": "#20"},
				"south": {"uv": [3.392, 10.632, 12.672, 13.594], "texture": "#20"},
				"west": {"uv": [0, 0, 1.5, 4.25], "texture": "#20"},
				"up": {"uv": [0, 0, 16, 1.5], "texture": "#20"},
				"down": {"uv": [0, 0, 16, 1.5], "texture": "#20"}
			}
		},
		{
			"from": [10.25, 4.9, 28],
			"to": [15, 20.4, 28.5],
			"rotation": {"angle": 0, "axis": "y", "origin": [0, 0, 32.25]},
			"faces": {
				"north": {"uv": [0, 0, 16, 4.25], "texture": "#20"},
				"east": {"uv": [0, 0, 1.5, 4.25], "texture": "#20"},
				"south": {"uv": [3.392, 10.632, 12.672, 13.594], "texture": "#20"},
				"west": {"uv": [0, 0, 1.5, 4.25], "texture": "#20"},
				"up": {"uv": [0, 0, 16, 1.5], "texture": "#20"},
				"down": {"uv": [0, 0, 16, 1.5], "texture": "#20"}
			}
		},
		{
			"from": [5.75, 4.9, 28.15],
			"to": [10.25, 11.9, 28.35],
			"rotation": {"angle": 0, "axis": "y", "origin": [0, 0, 32.25]},
			"faces": {
				"north": {"uv": [0, 0, 16, 4.25], "texture": "#20"},
				"east": {"uv": [0, 0, 1.5, 4.25], "texture": "#20"},
				"south": {"uv": [3.392, 10.632, 12.672, 13.594], "texture": "#20"},
				"west": {"uv": [0, 0, 1.5, 4.25], "texture": "#20"},
				"up": {"uv": [0, 0, 16, 1.5], "texture": "#20"},
				"down": {"uv": [0, 0, 16, 1.5], "texture": "#20"}
			}
		},
		{
			"from": [5.75, 11.9, 28.15],
			"to": [6.5, 16.9, 28.35],
			"rotation": {"angle": 0, "axis": "y", "origin": [0, 0, 32.25]},
			"faces": {
				"north": {"uv": [0, 0, 16, 4.25], "texture": "#20"},
				"east": {"uv": [0, 0, 1.5, 4.25], "texture": "#20"},
				"south": {"uv": [3.392, 10.632, 12.672, 13.594], "texture": "#20"},
				"west": {"uv": [0, 0, 1.5, 4.25], "texture": "#20"},
				"up": {"uv": [0, 0, 16, 1.5], "texture": "#20"},
				"down": {"uv": [0, 0, 16, 1.5], "texture": "#20"}
			}
		},
		{
			"from": [9.5, 11.9, 28.15],
			"to": [10.25, 16.9, 28.35],
			"rotation": {"angle": 0, "axis": "y", "origin": [0, 0, 32.25]},
			"faces": {
				"north": {"uv": [0, 0, 16, 4.25], "texture": "#20"},
				"east": {"uv": [0, 0, 1.5, 4.25], "texture": "#20"},
				"south": {"uv": [3.392, 10.632, 12.672, 13.594], "texture": "#20"},
				"west": {"uv": [0, 0, 1.5, 4.25], "texture": "#20"},
				"up": {"uv": [0, 0, 16, 1.5], "texture": "#20"},
				"down": {"uv": [0, 0, 16, 1.5], "texture": "#20"}
			}
		},
		{
			"from": [5.75, 16.9, 28.15],
			"to": [10.25, 19.9, 28.35],
			"rotation": {"angle": 0, "axis": "y", "origin": [0, 0, 32.25]},
			"faces": {
				"north": {"uv": [0, 0, 16, 4.25], "texture": "#20"},
				"east": {"uv": [0, 0, 1.5, 4.25], "texture": "#20"},
				"south": {"uv": [3.392, 10.632, 12.672, 13.594], "texture": "#20"},
				"west": {"uv": [0, 0, 1.5, 4.25], "texture": "#20"},
				"up": {"uv": [0, 0, 16, 1.5], "texture": "#20"},
				"down": {"uv": [0, 0, 16, 1.5], "texture": "#20"}
			}
		},
		{
			"from": [27.73259, 7.46081, 23.25],
			"to": [29.73259, 7.96081, 23.75],
			"rotation": {"angle": 45, "axis": "z", "origin": [22.23259, -7.43919, 32.25]},
			"faces": {
				"north": {"uv": [0, 0, 16, 4.25], "texture": "#20"},
				"east": {"uv": [0, 0, 1.5, 4.25], "texture": "#20"},
				"south": {"uv": [3.392, 10.632, 12.672, 13.594], "texture": "#20"},
				"west": {"uv": [0, 0, 1.5, 4.25], "texture": "#20"},
				"up": {"uv": [0, 0, 16, 1.5], "texture": "#20"},
				"down": {"uv": [0, 0, 16, 1.5], "texture": "#20"}
			}
		},
		{
			"from": [15, 11.25, -14.25],
			"to": [16, 18, -3.5],
			"rotation": {"angle": 0, "axis": "y", "origin": [0, 0, -9.75]},
			"faces": {
				"north": {"uv": [0, 0, 0.6, 4.75], "texture": "#missing"},
				"east": {"uv": [0, 0, 16, 16], "texture": "#19"},
				"south": {"uv": [0, 0, 0.6, 4.75], "texture": "#missing"},
				"west": {"uv": [0, 0, 16, 16], "texture": "#19"},
				"up": {"uv": [0, 0, 0.6, 16], "texture": "#missing"},
				"down": {"uv": [0, 0, 0.6, 16], "texture": "#missing"}
			}
		},
		{
			"from": [0, 11.25, 0.5],
			"to": [1, 18, 11.25],
			"rotation": {"angle": 0, "axis": "y", "origin": [0, 0, -9.5]},
			"faces": {
				"north": {"uv": [0, 0, 0.6, 4.75], "texture": "#missing"},
				"east": {"uv": [0, 0, 16, 16], "texture": "#19"},
				"south": {"uv": [0, 0, 0.6, 4.75], "texture": "#missing"},
				"west": {"uv": [0, 0, 16, 16], "texture": "#19"},
				"up": {"uv": [0, 0, 0.6, 16], "texture": "#missing"},
				"down": {"uv": [0, 0, 0.6, 16], "texture": "#missing"}
			}
		},
		{
			"from": [15, 11.25, 0.5],
			"to": [16, 18, 11.25],
			"rotation": {"angle": 0, "axis": "y", "origin": [0, 0, -9.75]},
			"faces": {
				"north": {"uv": [0, 0, 0.6, 4.75], "texture": "#missing"},
				"east": {"uv": [0, 0, 16, 16], "texture": "#19"},
				"south": {"uv": [0, 0, 0.6, 4.75], "texture": "#missing"},
				"west": {"uv": [0, 0, 16, 16], "texture": "#19"},
				"up": {"uv": [0, 0, 0.6, 16], "texture": "#missing"},
				"down": {"uv": [0, 0, 0.6, 16], "texture": "#missing"}
			}
		},
		{
			"from": [0, 11.25, -14.25],
			"to": [1, 18, -3.5],
			"rotation": {"angle": 0, "axis": "y", "origin": [0, 0, -9.5]},
			"faces": {
				"north": {"uv": [0, 0, 0.6, 4.75], "texture": "#missing"},
				"east": {"uv": [0, 0, 16, 16], "texture": "#19"},
				"south": {"uv": [0, 0, 0.6, 4.75], "texture": "#missing"},
				"west": {"uv": [0, 0, 16, 16], "texture": "#19"},
				"up": {"uv": [0, 0, 0.6, 16], "texture": "#missing"},
				"down": {"uv": [0, 0, 0.6, 16], "texture": "#missing"}
			}
		},
		{
			"from": [-0.5, 1, 16.4],
			"to": [0.75, 1.5, 23.65],
			"rotation": {"angle": 0, "axis": "y", "origin": [0, 0, 2]},
			"faces": {
				"north": {"uv": [0, 0, 16, 1.5], "texture": "#20"},
				"east": {"uv": [0, 0, 16, 1.5], "texture": "#20"},
				"south": {"uv": [0, 0, 16, 1.5], "texture": "#20"},
				"west": {"uv": [0, 7.072, 6.848, 8.572], "texture": "#20"},
				"up": {"uv": [0, 0, 16, 10], "texture": "#20"},
				"down": {"uv": [0, 0, 16, 16], "texture": "#20"}
			}
		},
		{
			"from": [-0.5, 2.25, 16.4],
			"to": [0.75, 2.75, 23.65],
			"rotation": {"angle": 0, "axis": "y", "origin": [0, 0, 2]},
			"faces": {
				"north": {"uv": [0, 0, 16, 1.5], "texture": "#20"},
				"east": {"uv": [0, 0, 16, 1.5], "texture": "#20"},
				"south": {"uv": [0, 0, 16, 1.5], "texture": "#20"},
				"west": {"uv": [0, 7.072, 6.848, 8.572], "texture": "#20"},
				"up": {"uv": [0, 0, 16, 10], "texture": "#20"},
				"down": {"uv": [0, 0, 16, 16], "texture": "#20"}
			}
		},
		{
			"from": [0, 1, 16.4],
			"to": [1.25, 3, 17.15],
			"rotation": {"angle": 0, "axis": "y", "origin": [0, 0, 2]},
			"faces": {
				"north": {"uv": [0, 0, 16, 1.5], "texture": "#20"},
				"east": {"uv": [0, 0, 16, 1.5], "texture": "#20"},
				"south": {"uv": [0, 0, 16, 1.5], "texture": "#20"},
				"west": {"uv": [0, 7.072, 6.848, 8.572], "texture": "#20"},
				"up": {"uv": [0, 0, 16, 10], "texture": "#20"},
				"down": {"uv": [0, 0, 16, 16], "texture": "#20"}
			}
		},
		{
			"from": [0, 1, 22.9],
			"to": [1.25, 3, 23.65],
			"rotation": {"angle": 0, "axis": "y", "origin": [0, 0, 2]},
			"faces": {
				"north": {"uv": [0, 0, 16, 1.5], "texture": "#20"},
				"east": {"uv": [0, 0, 16, 1.5], "texture": "#20"},
				"south": {"uv": [0, 0, 16, 1.5], "texture": "#20"},
				"west": {"uv": [0, 7.072, 6.848, 8.572], "texture": "#20"},
				"up": {"uv": [0, 0, 16, 10], "texture": "#20"},
				"down": {"uv": [0, 0, 16, 16], "texture": "#20"}
			}
		},
		{
			"from": [14.75, 1, 22.9],
			"to": [16, 3, 23.65],
			"rotation": {"angle": 0, "axis": "y", "origin": [0, 0, 2]},
			"faces": {
				"north": {"uv": [0, 0, 16, 1.5], "texture": "#20"},
				"east": {"uv": [0, 0, 16, 1.5], "texture": "#20"},
				"south": {"uv": [0, 0, 16, 1.5], "texture": "#20"},
				"west": {"uv": [0, 7.072, 6.848, 8.572], "texture": "#20"},
				"up": {"uv": [0, 0, 16, 10], "texture": "#20"},
				"down": {"uv": [0, 0, 16, 16], "texture": "#20"}
			}
		},
		{
			"from": [14.75, 1, 16.4],
			"to": [16, 3, 17.15],
			"rotation": {"angle": 0, "axis": "y", "origin": [0, 0, 2]},
			"faces": {
				"north": {"uv": [0, 0, 16, 1.5], "texture": "#20"},
				"east": {"uv": [0, 0, 16, 1.5], "texture": "#20"},
				"south": {"uv": [0, 0, 16, 1.5], "texture": "#20"},
				"west": {"uv": [0, 7.072, 6.848, 8.572], "texture": "#20"},
				"up": {"uv": [0, 0, 16, 10], "texture": "#20"},
				"down": {"uv": [0, 0, 16, 16], "texture": "#20"}
			}
		},
		{
			"from": [15.25, 1, 16.4],
			"to": [16.5, 1.5, 23.65],
			"rotation": {"angle": 0, "axis": "y", "origin": [0, 0, 2]},
			"faces": {
				"north": {"uv": [0, 0, 16, 1.5], "texture": "#20"},
				"east": {"uv": [0, 0, 16, 1.5], "texture": "#20"},
				"south": {"uv": [0, 0, 16, 1.5], "texture": "#20"},
				"west": {"uv": [0, 7.072, 6.848, 8.572], "texture": "#20"},
				"up": {"uv": [0, 0, 16, 10], "texture": "#20"},
				"down": {"uv": [0, 0, 16, 16], "texture": "#20"}
			}
		},
		{
			"from": [15.25, 2.25, 16.4],
			"to": [16.5, 2.75, 23.65],
			"rotation": {"angle": 0, "axis": "y", "origin": [0, 0, 2]},
			"faces": {
				"north": {"uv": [0, 0, 16, 1.5], "texture": "#20"},
				"east": {"uv": [0, 0, 16, 1.5], "texture": "#20"},
				"south": {"uv": [0, 0, 16, 1.5], "texture": "#20"},
				"west": {"uv": [0, 7.072, 6.848, 8.572], "texture": "#20"},
				"up": {"uv": [0, 0, 16, 10], "texture": "#20"},
				"down": {"uv": [0, 0, 16, 16], "texture": "#20"}
			}
		}
	],
	"display": {
		"thirdperson_righthand": {
			"scale": [4, 4, 4]
		},
		"head": {
			"scale": [4, 4, 4]
		}
	}
}