{
	"credit": "Made with Blockbench",
	"texture_size": [32, 16],
	"textures": {
		"0": "block/detector_rail_src",
		"particle": "block/break_particles/detector_rail_src"
	},
	"elements": [
		{
			"from": [2, 16, 0],
			"to": [4, 17, 22.625],
			"rotation": {"angle": 45, "axis": "x", "origin": [4, 17, 0]},
			"faces": {
				"north": {"uv": [2, 0, 1, 1], "texture": "#0"},
				"east": {"uv": [1.5, 0, 2, 16], "rotation": 90, "texture": "#0"},
				"south": {"uv": [1, 15, 2, 16], "texture": "#0"},
				"west": {"uv": [1, 16, 1.5, 0], "rotation": 90, "texture": "#0"},
				"up": {"uv": [1, 0, 2, 16], "texture": "#0"},
				"down": {"uv": [1, 16, 2, 0], "texture": "#0"}
			}
		},
		{
			"from": [12, 16, 0],
			"to": [14, 17, 22.625],
			"rotation": {"angle": 45, "axis": "x", "origin": [4, 17, 0]},
			"faces": {
				"north": {"uv": [7, 0, 6, 1], "texture": "#0"},
				"east": {"uv": [6.5, 0, 7, 16], "rotation": 90, "texture": "#0"},
				"south": {"uv": [6, 15, 7, 16], "texture": "#0"},
				"west": {"uv": [6, 16, 6.5, 0], "rotation": 90, "texture": "#0"},
				"up": {"uv": [6, 0, 7, 16], "texture": "#0"},
				"down": {"uv": [6, 16, 7, 0], "texture": "#0"}
			}
		},
		{
			"from": [1, 15.5, 1],
			"to": [15, 16.5, 3],
			"rotation": {"angle": 45, "axis": "x", "origin": [4, 17, 0]},
			"faces": {
				"north": {"uv": [15.5, 13, 8.5, 14], "texture": "#0"},
				"east": {"uv": [15, 13, 15.5, 15], "rotation": 90, "texture": "#0"},
				"south": {"uv": [8.5, 14, 15.5, 15], "texture": "#0"},
				"west": {"uv": [8.5, 15, 9, 13], "rotation": 90, "texture": "#0"},
				"up": {"uv": [8.5, 13, 15.5, 15], "texture": "#0"},
				"down": {"uv": [8.5, 15, 15.5, 13], "texture": "#0"}
			}
		},
		{
			"from": [1, 15.5, 5.5],
			"to": [15, 16.5, 7.5],
			"rotation": {"angle": 45, "axis": "x", "origin": [4, 17, 0]},
			"faces": {
				"north": {"uv": [15.5, 5, 8.5, 6], "texture": "#0"},
				"east": {"uv": [8.5, 5, 9, 7], "rotation": 90, "texture": "#0"},
				"south": {"uv": [8.5, 6, 15.5, 7], "texture": "#0"},
				"west": {"uv": [8.5, 7, 9, 5], "rotation": 90, "texture": "#0"},
				"up": {"uv": [8.5, 5, 15.5, 7], "texture": "#0"},
				"down": {"uv": [8.5, 7, 15.5, 5], "texture": "#0"}
			}
		},
		{
			"from": [1, 15.5, 14.5],
			"to": [15, 16.5, 16.5],
			"rotation": {"angle": 45, "axis": "x", "origin": [4, 17, 0]},
			"faces": {
				"north": {"uv": [8.5, 5, 15.5, 6], "texture": "#0"},
				"east": {"uv": [8.5, 5, 9, 7], "rotation": 90, "texture": "#0"},
				"south": {"uv": [15.5, 6, 8.5, 7], "texture": "#0"},
				"west": {"uv": [8.5, 7, 9, 5], "rotation": 90, "texture": "#0"},
				"up": {"uv": [15.5, 5, 8.5, 7], "texture": "#0"},
				"down": {"uv": [15.5, 7, 8.5, 5], "texture": "#0"}
			}
		},
		{
			"from": [1, 15.5, 19],
			"to": [15, 16.5, 21],
			"rotation": {"angle": 45, "axis": "x", "origin": [4, 17, 0]},
			"faces": {
				"north": {"uv": [15.5, 1, 8.5, 2], "texture": "#0"},
				"east": {"uv": [8.5, 1, 9, 3], "rotation": 90, "texture": "#0"},
				"south": {"uv": [8.5, 2, 15.5, 3], "texture": "#0"},
				"west": {"uv": [8.5, 3, 9, 1], "rotation": 90, "texture": "#0"},
				"up": {"uv": [8.5, 1, 15.5, 3], "texture": "#0"},
				"down": {"uv": [8.5, 3, 15.5, 1], "texture": "#0"}
			}
		},
		{
			"from": [1, 15.5, 10],
			"to": [15, 16.5, 12],
			"rotation": {"angle": 45, "axis": "x", "origin": [4, 17, 0]},
			"faces": {
				"north": {"uv": [8.5, 9, 15.5, 10], "texture": "#0"},
				"east": {"uv": [8.5, 9, 9, 11], "rotation": 90, "texture": "#0"},
				"south": {"uv": [8.5, 10, 15.5, 11], "texture": "#0"},
				"west": {"uv": [8.5, 11, 9, 9], "rotation": 90, "texture": "#0"},
				"up": {"uv": [15.5, 9, 8.5, 11], "texture": "#0"},
				"down": {"uv": [15.5, 11, 8.5, 9], "texture": "#0"}
			}
		},
		{
			"from": [2, 0.295, 15.292],
			"to": [4, 0.795, 16.062],
			"rotation": {"angle": 22.5, "axis": "x", "origin": [0, 0.295, 15.292]},
			"faces": {
				"north": {"uv": [1, 15, 2, 16], "texture": "#0"},
				"east": {"uv": [1.5, 15, 1.885, 16], "texture": "#0"},
				"south": {"uv": [1, 15, 2, 16], "texture": "#0"},
				"west": {"uv": [1, 15, 1.385, 16], "texture": "#0"},
				"up": {"uv": [1, 15, 2, 15.77], "texture": "#0"},
				"down": {"uv": [1, 15, 2, 15.77], "texture": "#0"}
			}
		},
		{
			"from": [12, 0.295, 15.292],
			"to": [14, 0.795, 16.062],
			"rotation": {"angle": 22.5, "axis": "x", "origin": [0, 0.295, 15.292]},
			"faces": {
				"north": {"uv": [2, 15, 1, 16], "texture": "#0"},
				"east": {"uv": [1.385, 15, 1, 16], "texture": "#0"},
				"south": {"uv": [2, 15, 1, 16], "texture": "#0"},
				"west": {"uv": [1.885, 15, 1.5, 16], "texture": "#0"},
				"up": {"uv": [2, 15, 1, 15.77], "texture": "#0"},
				"down": {"uv": [2, 15, 1, 15.77], "texture": "#0"}
			}
		},
		{
			"from": [2, 0, 15.23],
			"to": [4, 0.7, 16],
			"rotation": {"angle": 45, "axis": "x", "origin": [0, 0, 16]},
			"faces": {
				"north": {"uv": [1, 15, 2, 16], "texture": "#0"},
				"east": {"uv": [1.5, 15, 1.885, 16], "texture": "#0"},
				"south": {"uv": [1, 15, 2, 16], "texture": "#0"},
				"west": {"uv": [1, 15, 1.385, 16], "texture": "#0"},
				"up": {"uv": [1, 15, 2, 15.77], "texture": "#0"},
				"down": {"uv": [1, 15, 2, 15.77], "texture": "#0"}
			}
		},
		{
			"from": [12, 0, 15.23],
			"to": [14, 0.7, 16],
			"rotation": {"angle": 45, "axis": "x", "origin": [0, 0, 16]},
			"faces": {
				"north": {"uv": [2, 15, 1, 16], "texture": "#0"},
				"east": {"uv": [1.385, 15, 1, 16], "texture": "#0"},
				"south": {"uv": [2, 15, 1, 16], "texture": "#0"},
				"west": {"uv": [1.885, 15, 1.5, 16], "texture": "#0"},
				"up": {"uv": [2, 15, 1, 15.77], "texture": "#0"},
				"down": {"uv": [2, 15, 1, 15.77], "texture": "#0"}
			}
		},
		{
			"from": [5.75, 8.45, 8.25],
			"to": [10.25, 8.6, 9.75],
			"rotation": {"angle": 45, "axis": "x", "origin": [8, 8, 8]},
			"faces": {
				"north": {"uv": [5, 6, 3, 7], "texture": "#0"},
				"east": {"uv": [4.5, 6, 5, 10], "rotation": 90, "texture": "#0"},
				"south": {"uv": [3, 9, 5, 10], "texture": "#0"},
				"west": {"uv": [3, 10, 3.5, 6], "rotation": 90, "texture": "#0"},
				"up": {"uv": [8.5, 3, 15.5, 5], "texture": "#0"},
				"down": {"uv": [3, 6, 5, 10], "texture": "#0"}
			}
		},
		{
			"from": [2, 8.2, 8.75],
			"to": [14, 8.45, 9.25],
			"rotation": {"angle": 45, "axis": "x", "origin": [8, 8, 8]},
			"faces": {
				"north": {"uv": [5.5, 5, 2.5, 6], "texture": "#0"},
				"east": {"uv": [5, 5, 5.5, 11], "rotation": 90, "texture": "#0"},
				"south": {"uv": [2.5, 10, 5.5, 11], "texture": "#0"},
				"west": {"uv": [2.5, 11, 3, 5], "rotation": 90, "texture": "#0"},
				"up": {"uv": [5, 11, 5.5, 11], "texture": "#0"},
				"down": {"uv": [2.5, 5, 5.5, 6], "texture": "#0"}
			}
		}
	],
	"groups": [
		0,
		1,
		{
			"name": "group",
			"origin": [0, 0, 0],
			"color": 0,
			"children": [2, 3, 4, 5, 6]
		},
		7,
		8,
		9,
		10,
		11,
		12
	]
}