{
	"credit": "Made with Blockbench",
	"textures": {
		"16": "block/siemens/cyan_gradient",
		"17": "block/siemens/silver",
		"19": "block/siemens/window",
		"20": "block/siemens/metal",
		"21": "block/siemens/cyan_seat_carpet",
		"22": "block/siemens/plastic",
		"23": "block/siemens/wall",
		"24": "block/siemens/interior_light",
		"25": "block/siemens/carpet",
		"26": "block/siemens/rubber",
		"27": "block/siemens/airconditioner",
		"28": "block/siemens/transparency",
		"29": "block/siemens/sticker",
		"31": "block/siemens/metal_gangway",
		"32": "block/siemens/gangway",
		"34": "block/siemens/bits",
		"38": "block/siemens/sr",
		"39": "block/siemens/intl_map",
		"particle": "block/siemens/window"
	},
	"elements": [
		{
			"from": [0, 3, -16],
			"to": [1, 5, -3],
			"faces": {
				"north": {"uv": [0, 0, 16, 1.5], "texture": "#20"},
				"east": {"uv": [0, 0, 16, 1.5], "texture": "#missing"},
				"south": {"uv": [0, 0, 16, 1.5], "texture": "#missing"},
				"west": {"uv": [0, 0, 16, 1.5], "texture": "#20"},
				"up": {"uv": [0, 0, 16, 10], "texture": "#missing"},
				"down": {"uv": [0, 0, 16, 16], "texture": "#20"}
			}
		},
		{
			"from": [0, 3, -3],
			"to": [1, 5, 28.5],
			"faces": {
				"north": {"uv": [0, 0, 16, 1.5], "texture": "#missing"},
				"east": {"uv": [0, 0, 16, 1.5], "texture": "#missing"},
				"south": {"uv": [0, 0, 16, 1.5], "texture": "#20"},
				"west": {"uv": [0, 0, 16, 1.5], "texture": "#20"},
				"up": {"uv": [0, 0, 6, 16], "texture": "#20"},
				"down": {"uv": [0, 0, 16, 16], "texture": "#20"}
			}
		},
		{
			"from": [-0.5, 18.75, -7.25],
			"to": [0, 19.25, 23.75],
			"faces": {
				"north": {"uv": [0, 0, 16, 1.5], "texture": "#20"},
				"east": {"uv": [0, 0, 16, 1.5], "texture": "#20"},
				"south": {"uv": [0, 0, 16, 1.5], "texture": "#20"},
				"west": {"uv": [0, 0, 16, 1.5], "texture": "#20"},
				"up": {"uv": [0, 0, 6, 16], "texture": "#20"},
				"down": {"uv": [0, 0, 16, 16], "texture": "#20"}
			}
		},
		{
			"from": [16, 18.75, -7.25],
			"to": [16.5, 19.25, 23.75],
			"faces": {
				"north": {"uv": [0, 0, 16, 1.5], "texture": "#20"},
				"east": {"uv": [0, 0, 16, 1.5], "texture": "#20"},
				"south": {"uv": [0, 0, 16, 1.5], "texture": "#20"},
				"west": {"uv": [0, 0, 16, 1.5], "texture": "#20"},
				"up": {"uv": [0, 0, 6, 16], "texture": "#20"},
				"down": {"uv": [0, 0, 16, 16], "texture": "#20"}
			}
		},
		{
			"from": [15, 3, -16],
			"to": [16, 5, -3],
			"faces": {
				"north": {"uv": [0, 0, 16, 1.5], "texture": "#20"},
				"east": {"uv": [0, 0, 16, 1.5], "texture": "#20"},
				"south": {"uv": [0, 0, 16, 1.5], "texture": "#missing"},
				"west": {"uv": [0, 0, 16, 1.5], "texture": "#missing"},
				"up": {"uv": [0, 0, 16, 10], "texture": "#missing"},
				"down": {"uv": [0, 0, 16, 16], "texture": "#20"}
			}
		},
		{
			"from": [1, 3, -16],
			"to": [15, 5, 28.5],
			"faces": {
				"north": {"uv": [0, 0, 16, 1.5], "texture": "#20"},
				"east": {"uv": [0, 0, 16, 1.5], "texture": "#missing"},
				"south": {"uv": [0, 0, 16, 1.5], "texture": "#20"},
				"west": {"uv": [0, 0, 16, 1.5], "texture": "#missing"},
				"up": {"uv": [0, 0, 6, 16], "texture": "#25"},
				"down": {"uv": [0, 0, 16, 16], "texture": "#20"}
			}
		},
		{
			"from": [1, -0.25, -16],
			"to": [15, 3.25, 11.75],
			"faces": {
				"north": {"uv": [0, 0, 16, 1.5], "texture": "#20"},
				"east": {"uv": [0, 0, 16, 1.5], "texture": "#20"},
				"south": {"uv": [0, 0, 16, 1.5], "texture": "#20"},
				"west": {"uv": [0, 0, 16, 1.5], "texture": "#20"},
				"up": {"uv": [0, 0, 6, 16], "texture": "#20"},
				"down": {"uv": [0, 0, 16, 16], "texture": "#20"}
			}
		},
		{
			"from": [15, 3, -3],
			"to": [16, 5, 28.5],
			"faces": {
				"north": {"uv": [0, 0, 16, 1.5], "texture": "#missing"},
				"east": {"uv": [0, 0, 16, 1.5], "texture": "#20"},
				"south": {"uv": [0, 0, 16, 1.5], "texture": "#20"},
				"west": {"uv": [0, 0, 16, 1.5], "texture": "#missing"},
				"up": {"uv": [0, 0, 6, 16], "texture": "#20"},
				"down": {"uv": [0, 0, 16, 16], "texture": "#20"}
			}
		},
		{
			"from": [14, 19.55, -16],
			"to": [15, 19.75, 28.5],
			"rotation": {"angle": 0, "axis": "y", "origin": [10.5, 0, 0]},
			"faces": {
				"north": {"uv": [0, 0, 1, 0.2], "texture": "#23"},
				"east": {"uv": [0, 0, 16, 0.2], "texture": "#missing"},
				"south": {"uv": [0, 0, 1, 0.2], "texture": "#23"},
				"west": {"uv": [0, 0, 16, 0.2], "texture": "#23"},
				"up": {"uv": [0, 0, 1, 16], "texture": "#missing"},
				"down": {"uv": [5, 6, 10.75, 11], "texture": "#24"}
			}
		},
		{
			"from": [1, 19.55, -16],
			"to": [2, 19.75, 28.5],
			"rotation": {"angle": 0, "axis": "y", "origin": [-0.5, 0, 0]},
			"faces": {
				"north": {"uv": [0, 0, 1, 0.2], "texture": "#23"},
				"east": {"uv": [0, 0, 16, 0.2], "texture": "#23"},
				"south": {"uv": [0, 0, 1, 0.2], "texture": "#23"},
				"west": {"uv": [0, 0, 16, 0.2], "texture": "#missing"},
				"up": {"uv": [0, 0, 1, 16], "texture": "#missing"},
				"down": {"uv": [5, 6, 10.75, 11], "texture": "#24"}
			}
		},
		{
			"from": [1.25, 19.75, -16],
			"to": [14.75, 20.5, 28.5],
			"faces": {
				"north": {"uv": [0, 0, 12, 0.75], "texture": "#20"},
				"east": {"uv": [0, 0, 16, 0.75], "texture": "#missing"},
				"south": {"uv": [0, 0, 12, 0.75], "texture": "#23"},
				"west": {"uv": [0, 0, 16, 0.75], "texture": "#missing"},
				"up": {"uv": [0, 0, 12, 16], "texture": "#missing"},
				"down": {"uv": [0, 0, 12, 16], "texture": "#23"}
			}
		},
		{
			"from": [1.9, 20.5, -16],
			"to": [14.1, 21.25, 28.5],
			"faces": {
				"north": {"uv": [0, 0, 8.7, 0.25], "texture": "#20"},
				"east": {"uv": [0, 0, 16, 0.25], "texture": "#missing"},
				"south": {"uv": [0, 0, 8.7, 0.25], "texture": "#20"},
				"west": {"uv": [0, 0, 16, 0.25], "texture": "#missing"},
				"up": {"uv": [0, 0, 8.7, 16], "texture": "#missing"},
				"down": {"uv": [0, 0, 8.7, 16], "texture": "#missing"}
			}
		},
		{
			"from": [2.4, 21.25, -16],
			"to": [13.6, 21.5, 28.5],
			"faces": {
				"north": {"uv": [0, 0, 8.7, 0.25], "texture": "#20"},
				"east": {"uv": [0, 0, 16, 0.25], "texture": "#missing"},
				"south": {"uv": [0, 0, 8.7, 0.25], "texture": "#20"},
				"west": {"uv": [0, 0, 16, 0.25], "texture": "#missing"},
				"up": {"uv": [0, 0, 8.7, 16], "texture": "#missing"},
				"down": {"uv": [0, 0, 8.7, 16], "texture": "#missing"}
			}
		},
		{
			"from": [2.9, 21.25, -16],
			"to": [13.1, 22.05, 28.5],
			"faces": {
				"north": {"uv": [0, 0, 8.7, 0.25], "texture": "#20"},
				"east": {"uv": [0, 0, 16, 0.25], "texture": "#missing"},
				"south": {"uv": [0, 0, 8.7, 0.25], "texture": "#20"},
				"west": {"uv": [0, 0, 16, 0.25], "texture": "#missing"},
				"up": {"uv": [0, 0, 8.7, 16], "texture": "#20"},
				"down": {"uv": [0, 0, 8.7, 16], "texture": "#missing"}
			}
		},
		{
			"from": [5.4, 21.75, -16],
			"to": [10.6, 23.25, -7.75],
			"faces": {
				"north": {"uv": [0, 0, 5.2, 1], "texture": "#27"},
				"east": {"uv": [0, 0, 13.25, 1], "texture": "#27"},
				"south": {"uv": [0, 0, 5.2, 1], "texture": "#27"},
				"west": {"uv": [0, 0, 13.25, 1], "texture": "#27"},
				"up": {"uv": [1.312, 0, 12.288, 13.184], "texture": "#27"},
				"down": {"uv": [0, 0, 5.2, 13.25], "texture": "#missing"}
			}
		},
		{
			"from": [13.96536, 24.53464, -16],
			"to": [17.96536, 25.53464, 28.5],
			"rotation": {"angle": 45, "axis": "z", "origin": [13.96536, 5.78464, 0]},
			"faces": {
				"north": {"uv": [0, 0, 4, 1], "texture": "#20"},
				"east": {"uv": [0, 0, 16, 1], "texture": "#20"},
				"south": {"uv": [0, 0, 4, 1], "texture": "#20"},
				"west": {"uv": [0, 0, 16, 1], "texture": "#missing"},
				"up": {"uv": [0, 0, 4, 16], "texture": "#20"},
				"down": {"uv": [0, 0, 4, 16], "texture": "#23"}
			}
		},
		{
			"from": [-0.79379, 27.36307, -16],
			"to": [3.20621, 28.36307, 28.5],
			"rotation": {"angle": -45, "axis": "z", "origin": [-0.79379, 8.61307, 0]},
			"faces": {
				"north": {"uv": [0, 0, 4, 1], "texture": "#20"},
				"east": {"uv": [0, 0, 16, 1], "texture": "#missing"},
				"south": {"uv": [0, 0, 4, 1], "texture": "#20"},
				"west": {"uv": [0, 0, 16, 1], "texture": "#20"},
				"up": {"uv": [0, 0, 4, 16], "texture": "#20"},
				"down": {"uv": [0, 0, 4, 16], "texture": "#23"}
			}
		},
		{
			"from": [1.45621, 26.61307, -1.5],
			"to": [3.55621, 27.61307, 14],
			"rotation": {"angle": -45, "axis": "z", "origin": [-0.79379, 8.61307, 0]},
			"faces": {
				"north": {"uv": [0, 0, 4, 1], "texture": "#23"},
				"east": {"uv": [0, 0, 16, 1], "texture": "#missing"},
				"south": {"uv": [0, 0, 4, 1], "texture": "#23"},
				"west": {"uv": [0, 0, 16, 1], "texture": "#20"},
				"up": {"uv": [0, 0, 4, 16], "texture": "#20"},
				"down": {"uv": [16, 16, 0, 0], "texture": "#39"}
			}
		},
		{
			"from": [7.45621, 14.36307, -1.5],
			"to": [9.25621, 15.36307, 14],
			"rotation": {"angle": 45, "axis": "z", "origin": [-0.79379, 8.61307, 0]},
			"faces": {
				"north": {"uv": [0, 0, 4, 1], "texture": "#23"},
				"east": {"uv": [0, 0, 16, 1], "texture": "#missing"},
				"south": {"uv": [0, 0, 4, 1], "texture": "#23"},
				"west": {"uv": [0, 0, 16, 1], "texture": "#20"},
				"up": {"uv": [0, 0, 4, 16], "texture": "#20"},
				"down": {"uv": [0, 0, 16, 16], "texture": "#39"}
			}
		},
		{
			"from": [15, 11.25, -3.5],
			"to": [16, 18, 0.75],
			"rotation": {"angle": 0, "axis": "y", "origin": [0, 0, -9.75]},
			"faces": {
				"north": {"uv": [0, 0, 1, 6.75], "texture": "#26"},
				"east": {"uv": [16, 2.944, 13.502, 9.694], "texture": "#16"},
				"south": {"uv": [0, 0, 1, 6.75], "texture": "#26"},
				"west": {"uv": [0, 0, 10.786, 12.094], "texture": "#23"},
				"up": {"uv": [0, 0, 1, 5.25], "texture": "#missing"},
				"down": {"uv": [0, 0, 1, 5.25], "texture": "#missing"}
			}
		},
		{
			"from": [0, 11.25, -3.5],
			"to": [1, 18, 0.75],
			"rotation": {"angle": 0, "axis": "y", "origin": [0, 0, -9.75]},
			"faces": {
				"north": {"uv": [0, 0, 1, 6.75], "texture": "#26"},
				"east": {"uv": [8.67, 0.064, 16, 12.798], "texture": "#23"},
				"south": {"uv": [0, 0, 1, 6.75], "texture": "#26"},
				"west": {"uv": [13.502, 3.712, 16, 10.462], "texture": "#16"},
				"up": {"uv": [0, 0, 1, 5.25], "texture": "#missing"},
				"down": {"uv": [0, 0, 1, 5.25], "texture": "#missing"}
			}
		},
		{
			"from": [15, 11.25, 11.75],
			"to": [16, 18, 16],
			"rotation": {"angle": 0, "axis": "y", "origin": [0, 0, -6.75]},
			"faces": {
				"north": {"uv": [0, 0, 1, 6.75], "texture": "#26"},
				"east": {"uv": [13.502, 5.024, 16, 11.774], "texture": "#16"},
				"south": {"uv": [0, 0, 1, 6.75], "texture": "#26"},
				"west": {"uv": [0, 0, 10.786, 12.094], "texture": "#23"},
				"up": {"uv": [0, 0, 1, 5.25], "texture": "#missing"},
				"down": {"uv": [0, 0, 1, 5.25], "texture": "#missing"}
			}
		},
		{
			"from": [0, 11.25, 11.75],
			"to": [1, 18, 16],
			"rotation": {"angle": 0, "axis": "y", "origin": [0, 0, -6.75]},
			"faces": {
				"north": {"uv": [0, 0, 1, 6.75], "texture": "#26"},
				"east": {"uv": [6.59, 0, 16, 13.758], "texture": "#23"},
				"south": {"uv": [0, 0, 1, 6.75], "texture": "#26"},
				"west": {"uv": [16, 2.624, 13.502, 9.374], "texture": "#16"},
				"up": {"uv": [0, 0, 1, 5.25], "texture": "#missing"},
				"down": {"uv": [0, 0, 1, 5.25], "texture": "#missing"}
			}
		},
		{
			"from": [15, 11.25, 22],
			"to": [16, 18, 28.5],
			"rotation": {"angle": 0, "axis": "y", "origin": [0, 0, -0.5]},
			"faces": {
				"north": {"uv": [0, 0, 1, 6.75], "texture": "#26"},
				"east": {"uv": [0, 1.312, 5.25, 8.062], "texture": "#16"},
				"south": {"uv": [0, 0, 1, 6.75], "texture": "#missing"},
				"west": {"uv": [0, 0, 10.786, 12.094], "texture": "#23"},
				"up": {"uv": [0, 0, 1, 5.25], "texture": "#missing"},
				"down": {"uv": [0, 0, 1, 5.25], "texture": "#missing"}
			}
		},
		{
			"from": [0, 11.25, -16],
			"to": [1, 18, -14.25],
			"rotation": {"angle": 0, "axis": "y", "origin": [0, 0, -0.5]},
			"faces": {
				"north": {"uv": [0, 0, 1, 6.75], "texture": "#23"},
				"east": {"uv": [6.59, 0, 16, 13.758], "texture": "#23"},
				"south": {"uv": [0, 0, 1, 6.75], "texture": "#26"},
				"west": {"uv": [5.25, 2.624, 0, 9.374], "texture": "#16"},
				"up": {"uv": [0, 0, 1, 5.25], "texture": "#missing"},
				"down": {"uv": [0, 0, 1, 5.25], "texture": "#missing"}
			}
		},
		{
			"from": [15, 11.25, -16],
			"to": [16, 18, -14.25],
			"rotation": {"angle": 0, "axis": "y", "origin": [0, 0, -0.5]},
			"faces": {
				"north": {"uv": [0, 0, 1, 6.75], "texture": "#23"},
				"east": {"uv": [0, 1.312, 5.25, 8.062], "texture": "#16"},
				"south": {"uv": [0, 0, 1, 6.75], "texture": "#26"},
				"west": {"uv": [0, 0, 10.786, 12.094], "texture": "#23"},
				"up": {"uv": [0, 0, 1, 5.25], "texture": "#missing"},
				"down": {"uv": [0, 0, 1, 5.25], "texture": "#missing"}
			}
		},
		{
			"from": [0, 11.25, 22],
			"to": [1, 18, 28.5],
			"rotation": {"angle": 0, "axis": "y", "origin": [0, 0, -0.5]},
			"faces": {
				"north": {"uv": [0, 0, 1, 6.75], "texture": "#26"},
				"east": {"uv": [6.59, 0, 16, 13.758], "texture": "#23"},
				"south": {"uv": [0, 0, 1, 6.75], "texture": "#missing"},
				"west": {"uv": [5.25, 2.624, 0, 9.374], "texture": "#16"},
				"up": {"uv": [0, 0, 1, 5.25], "texture": "#missing"},
				"down": {"uv": [0, 0, 1, 5.25], "texture": "#missing"}
			}
		},
		{
			"from": [15, 5, -16],
			"to": [16, 11.25, 0.75],
			"rotation": {"angle": 0, "axis": "y", "origin": [0, 0, -9.75]},
			"faces": {
				"north": {"uv": [0, 0, 1, 6.25], "texture": "#23"},
				"east": {"uv": [16, 6.144, 0, 9.834], "texture": "#16"},
				"south": {"uv": [0, 0, 1, 6.25], "texture": "#26"},
				"west": {"uv": [0, 0.16, 16, 6.25], "texture": "#23"},
				"up": {"uv": [0, 0, 1, 16], "texture": "#26"},
				"down": {"uv": [0, 0, 1, 16], "texture": "#missing"}
			}
		},
		{
			"from": [15, 5, 11.75],
			"to": [16, 11.25, 28.5],
			"rotation": {"angle": 0, "axis": "y", "origin": [0, 0, -0.5]},
			"faces": {
				"north": {"uv": [0, 0, 1, 6.25], "texture": "#26"},
				"east": {"uv": [0, 5.024, 16, 7.786], "texture": "#16"},
				"south": {"uv": [0, 0, 1, 6.25], "texture": "#missing"},
				"west": {"uv": [0, 0, 16, 6.25], "texture": "#23"},
				"up": {"uv": [0, 0, 1, 16], "texture": "#26"},
				"down": {"uv": [0, 0, 1, 16], "texture": "#missing"}
			}
		},
		{
			"from": [0, 5, -16],
			"to": [1, 11.25, 0.75],
			"rotation": {"angle": 0, "axis": "y", "origin": [0, 0, -9.75]},
			"faces": {
				"north": {"uv": [0, 0, 1, 6.25], "texture": "#23"},
				"east": {"uv": [0, 5.024, 16, 7.786], "texture": "#23"},
				"south": {"uv": [0, 0, 1, 6.25], "texture": "#26"},
				"west": {"uv": [0, 6.112, 16, 9.834], "texture": "#16"},
				"up": {"uv": [0, 0, 1, 16], "texture": "#26"},
				"down": {"uv": [0, 0, 1, 16], "texture": "#missing"}
			}
		},
		{
			"from": [-0.01, 6.75, -14.25],
			"to": [0.99, 9.5, -11.5],
			"rotation": {"angle": 0, "axis": "y", "origin": [0, 0, -9.75]},
			"faces": {
				"north": {"uv": [0, 0, 1, 6.25], "texture": "#28"},
				"east": {"uv": [0, 5.024, 16, 7.786], "texture": "#28"},
				"south": {"uv": [0, 0, 1, 6.25], "texture": "#28"},
				"west": {"uv": [0, 0, 16, 16], "texture": "#38"},
				"up": {"uv": [0, 0, 1, 16], "texture": "#28"},
				"down": {"uv": [0, 0, 1, 16], "texture": "#28"}
			}
		},
		{
			"from": [15.01, 6.75, -14.25],
			"to": [16.01, 9.5, -11.5],
			"rotation": {"angle": 0, "axis": "y", "origin": [0, 0, -9.75]},
			"faces": {
				"north": {"uv": [0, 0, 1, 6.25], "texture": "#28"},
				"east": {"uv": [0, 0, 16, 16], "texture": "#34"},
				"south": {"uv": [0, 0, 1, 6.25], "texture": "#28"},
				"west": {"uv": [0, 0, 16, 16], "texture": "#28"},
				"up": {"uv": [0, 0, 1, 16], "texture": "#28"},
				"down": {"uv": [0, 0, 1, 16], "texture": "#28"}
			}
		},
		{
			"from": [0, 5, 11.75],
			"to": [1, 11.25, 28.5],
			"rotation": {"angle": 0, "axis": "y", "origin": [0, 0, -0.5]},
			"faces": {
				"north": {"uv": [0, 0, 1, 6.25], "texture": "#26"},
				"east": {"uv": [0, 5.024, 16, 7.786], "texture": "#23"},
				"south": {"uv": [0, 0, 1, 6.25], "texture": "#missing"},
				"west": {"uv": [16, 0.864, 0, 3.658], "texture": "#16"},
				"up": {"uv": [0, 0, 1, 16], "texture": "#26"},
				"down": {"uv": [0, 0, 1, 16], "texture": "#missing"}
			}
		},
		{
			"from": [10.5, 7, -16],
			"to": [15, 8.5, -12.5],
			"rotation": {"angle": 0, "axis": "y", "origin": [0, 0, -15.5]},
			"faces": {
				"north": {"uv": [0, 0, 3.75, 1.5], "texture": "#22"},
				"east": {"uv": [0, 0, 16, 1.5], "texture": "#21"},
				"south": {"uv": [0, 0, 3.75, 1.5], "texture": "#21"},
				"west": {"uv": [0, 0, 16, 1.5], "texture": "#22"},
				"up": {"uv": [0, 0, 3.75, 16], "texture": "#21"},
				"down": {"uv": [0, 0, 3.75, 16], "texture": "#22"}
			}
		},
		{
			"from": [1, 7, -16],
			"to": [5.5, 8.5, -12.5],
			"rotation": {"angle": 0, "axis": "y", "origin": [0, 0, -15.5]},
			"faces": {
				"north": {"uv": [0, 0, 3.75, 1.5], "texture": "#22"},
				"east": {"uv": [0, 0, 16, 1.5], "texture": "#22"},
				"south": {"uv": [0, 0, 3.75, 1.5], "texture": "#21"},
				"west": {"uv": [0, 0, 16, 1.5], "texture": "#21"},
				"up": {"uv": [0, 0, 3.75, 16], "texture": "#21"},
				"down": {"uv": [0, 0, 3.75, 16], "texture": "#22"}
			}
		},
		{
			"from": [10.5, 8.5, 26.5],
			"to": [15, 12.8, 27],
			"rotation": {"angle": 0, "axis": "y", "origin": [0, 0, -15.5]},
			"faces": {
				"north": {"uv": [0, 0, 0.5, 2.75], "texture": "#21"},
				"east": {"uv": [0, 0, 16, 2.75], "texture": "#22"},
				"south": {"uv": [0, 0, 0.5, 2.75], "texture": "#22"},
				"west": {"uv": [0, 0, 16, 2.75], "texture": "#22"},
				"up": {"uv": [0, 0, 0.5, 16], "texture": "#22"},
				"down": {"uv": [0, 0, 0.5, 16], "texture": "#22"}
			}
		},
		{
			"from": [10.5, 7, 23.5],
			"to": [15, 8.5, 27],
			"rotation": {"angle": 0, "axis": "y", "origin": [0, 0, -15.5]},
			"faces": {
				"north": {"uv": [0, 0, 3.75, 1.5], "texture": "#21"},
				"east": {"uv": [0, 0, 16, 1.5], "texture": "#21"},
				"south": {"uv": [0, 0, 3.75, 1.5], "texture": "#22"},
				"west": {"uv": [0, 0, 16, 1.5], "texture": "#22"},
				"up": {"uv": [0, 0, 3.75, 16], "texture": "#21"},
				"down": {"uv": [0, 0, 3.75, 16], "texture": "#22"}
			}
		},
		{
			"from": [1, 8.5, 26.5],
			"to": [5.5, 12.8, 27],
			"rotation": {"angle": 0, "axis": "y", "origin": [0, 0, -15.5]},
			"faces": {
				"north": {"uv": [0, 0, 0.5, 2.75], "texture": "#21"},
				"east": {"uv": [0, 0, 16, 2.75], "texture": "#22"},
				"south": {"uv": [0, 0, 0.5, 2.75], "texture": "#22"},
				"west": {"uv": [0, 0, 16, 2.75], "texture": "#22"},
				"up": {"uv": [0, 0, 0.5, 16], "texture": "#22"},
				"down": {"uv": [0, 0, 0.5, 16], "texture": "#22"}
			}
		},
		{
			"from": [1, 7, 23.5],
			"to": [5.5, 8.5, 27],
			"rotation": {"angle": 0, "axis": "y", "origin": [0, 0, -15.5]},
			"faces": {
				"north": {"uv": [0, 0, 3.75, 1.5], "texture": "#21"},
				"east": {"uv": [0, 0, 16, 1.5], "texture": "#22"},
				"south": {"uv": [0, 0, 3.75, 1.5], "texture": "#22"},
				"west": {"uv": [0, 0, 16, 1.5], "texture": "#21"},
				"up": {"uv": [0, 0, 3.75, 16], "texture": "#21"},
				"down": {"uv": [0, 0, 3.75, 16], "texture": "#22"}
			}
		},
		{
			"from": [10.5, 8.5, 14.5],
			"to": [15, 12.8, 15],
			"rotation": {"angle": 0, "axis": "y", "origin": [0, 0, -15.5]},
			"faces": {
				"north": {"uv": [0, 0, 0.5, 2.75], "texture": "#22"},
				"east": {"uv": [0, 0, 16, 2.75], "texture": "#22"},
				"south": {"uv": [0, 0, 0.5, 2.75], "texture": "#21"},
				"west": {"uv": [0, 0, 16, 2.75], "texture": "#22"},
				"up": {"uv": [0, 0, 0.5, 16], "texture": "#22"},
				"down": {"uv": [0, 0, 0.5, 16], "texture": "#22"}
			}
		},
		{
			"from": [10.5, 7, 14.5],
			"to": [15, 8.5, 18],
			"rotation": {"angle": 0, "axis": "y", "origin": [0, 0, -15.5]},
			"faces": {
				"north": {"uv": [0, 0, 3.75, 1.5], "texture": "#22"},
				"east": {"uv": [0, 0, 16, 1.5], "texture": "#21"},
				"south": {"uv": [0, 0, 3.75, 1.5], "texture": "#21"},
				"west": {"uv": [0, 0, 16, 1.5], "texture": "#22"},
				"up": {"uv": [0, 0, 3.75, 16], "texture": "#21"},
				"down": {"uv": [0, 0, 3.75, 16], "texture": "#22"}
			}
		},
		{
			"from": [1, 8.5, 14.5],
			"to": [5.5, 12.8, 15],
			"rotation": {"angle": 0, "axis": "y", "origin": [0, 0, -15.5]},
			"faces": {
				"north": {"uv": [0, 0, 0.5, 2.75], "texture": "#22"},
				"east": {"uv": [0, 0, 16, 2.75], "texture": "#22"},
				"south": {"uv": [0, 0, 0.5, 2.75], "texture": "#21"},
				"west": {"uv": [0, 0, 16, 2.75], "texture": "#22"},
				"up": {"uv": [0, 0, 0.5, 16], "texture": "#22"},
				"down": {"uv": [0, 0, 0.5, 16], "texture": "#22"}
			}
		},
		{
			"from": [1, 7, 14.5],
			"to": [5.5, 8.5, 18],
			"rotation": {"angle": 0, "axis": "y", "origin": [0, 0, -15.5]},
			"faces": {
				"north": {"uv": [0, 0, 3.75, 1.5], "texture": "#22"},
				"east": {"uv": [0, 0, 16, 1.5], "texture": "#22"},
				"south": {"uv": [0, 0, 3.75, 1.5], "texture": "#21"},
				"west": {"uv": [0, 0, 16, 1.5], "texture": "#21"},
				"up": {"uv": [0, 0, 3.75, 16], "texture": "#21"},
				"down": {"uv": [0, 0, 3.75, 16], "texture": "#22"}
			}
		},
		{
			"from": [1, 8.5, -4],
			"to": [5.5, 12.8, -3.5],
			"rotation": {"angle": 0, "axis": "y", "origin": [0, 0, -15.5]},
			"faces": {
				"north": {"uv": [0, 0, 0.5, 2.75], "texture": "#21"},
				"east": {"uv": [0, 0, 16, 2.75], "texture": "#22"},
				"south": {"uv": [0, 0, 0.5, 2.75], "texture": "#22"},
				"west": {"uv": [0, 0, 16, 2.75], "texture": "#22"},
				"up": {"uv": [0, 0, 0.5, 16], "texture": "#22"},
				"down": {"uv": [0, 0, 0.5, 16], "texture": "#22"}
			}
		},
		{
			"from": [10.5, 8.5, -4],
			"to": [15, 12.8, -3.5],
			"rotation": {"angle": 0, "axis": "y", "origin": [0, 0, -15.5]},
			"faces": {
				"north": {"uv": [0, 0, 0.5, 2.75], "texture": "#21"},
				"east": {"uv": [0, 0, 16, 2.75], "texture": "#22"},
				"south": {"uv": [0, 0, 0.5, 2.75], "texture": "#22"},
				"west": {"uv": [0, 0, 16, 2.75], "texture": "#22"},
				"up": {"uv": [0, 0, 0.5, 16], "texture": "#22"},
				"down": {"uv": [0, 0, 0.5, 16], "texture": "#22"}
			}
		},
		{
			"from": [10.5, 7, -7],
			"to": [15, 8.5, -3.5],
			"rotation": {"angle": 0, "axis": "y", "origin": [0, 0, -15.5]},
			"faces": {
				"north": {"uv": [0, 0, 3.75, 1.5], "texture": "#21"},
				"east": {"uv": [0, 0, 16, 1.5], "texture": "#21"},
				"south": {"uv": [0, 0, 3.75, 1.5], "texture": "#22"},
				"west": {"uv": [0, 0, 16, 1.5], "texture": "#22"},
				"up": {"uv": [0, 0, 3.75, 16], "texture": "#21"},
				"down": {"uv": [0, 0, 3.75, 16], "texture": "#22"}
			}
		},
		{
			"from": [1, 7, -7],
			"to": [5.5, 8.5, -3.5],
			"rotation": {"angle": 0, "axis": "y", "origin": [0, 0, -15.5]},
			"faces": {
				"north": {"uv": [0, 0, 3.75, 1.5], "texture": "#21"},
				"east": {"uv": [0, 0, 16, 1.5], "texture": "#22"},
				"south": {"uv": [0, 0, 3.75, 1.5], "texture": "#22"},
				"west": {"uv": [0, 0, 16, 1.5], "texture": "#21"},
				"up": {"uv": [0, 0, 3.75, 16], "texture": "#21"},
				"down": {"uv": [0, 0, 3.75, 16], "texture": "#22"}
			}
		},
		{
			"from": [10.5, 8.5, -16],
			"to": [15, 12.8, -15.5],
			"rotation": {"angle": 0, "axis": "y", "origin": [0, 0, -15.5]},
			"faces": {
				"north": {"uv": [0, 0, 0.5, 2.75], "texture": "#22"},
				"east": {"uv": [0, 0, 16, 2.75], "texture": "#22"},
				"south": {"uv": [0, 0, 0.5, 2.75], "texture": "#21"},
				"west": {"uv": [0, 0, 16, 2.75], "texture": "#22"},
				"up": {"uv": [0, 0, 0.5, 16], "texture": "#22"},
				"down": {"uv": [0, 0, 0.5, 16], "texture": "#22"}
			}
		},
		{
			"from": [1, 8.5, -16],
			"to": [5.5, 12.8, -15.5],
			"rotation": {"angle": 0, "axis": "y", "origin": [0, 0, -15.5]},
			"faces": {
				"north": {"uv": [0, 0, 0.5, 2.75], "texture": "#22"},
				"east": {"uv": [0, 0, 16, 2.75], "texture": "#22"},
				"south": {"uv": [0, 0, 0.5, 2.75], "texture": "#21"},
				"west": {"uv": [0, 0, 16, 2.75], "texture": "#22"},
				"up": {"uv": [0, 0, 0.5, 16], "texture": "#22"},
				"down": {"uv": [0, 0, 0.5, 16], "texture": "#22"}
			}
		},
		{
			"from": [15, 18, 11.75],
			"to": [16, 19.75, 28.5],
			"faces": {
				"north": {"uv": [0, 0, 1, 0.75], "texture": "#missing"},
				"east": {"uv": [0, 0, 16, 3.374], "texture": "#16"},
				"south": {"uv": [0, 0, 1, 0.75], "texture": "#missing"},
				"west": {"uv": [0, 0, 16, 0.75], "texture": "#23"},
				"up": {"uv": [0, 0, 1, 16], "texture": "#missing"},
				"down": {"uv": [0, 0, 1, 16], "texture": "#26"}
			}
		},
		{
			"from": [0, 18, 11.75],
			"to": [1, 19.75, 28.5],
			"faces": {
				"north": {"uv": [0, 0, 1, 0.75], "texture": "#missing"},
				"east": {"uv": [0, 0, 16, 0.75], "texture": "#23"},
				"south": {"uv": [0, 0, 1, 0.75], "texture": "#missing"},
				"west": {"uv": [16, 0, 0, 0.75], "texture": "#16"},
				"up": {"uv": [0, 0, 1, 16], "texture": "#missing"},
				"down": {"uv": [0, 0, 1, 16], "texture": "#26"}
			}
		},
		{
			"from": [15, 18, -16],
			"to": [16, 19.75, 0.75],
			"faces": {
				"north": {"uv": [0, 0, 1, 0.75], "texture": "#23"},
				"east": {"uv": [16, 0, 0, 1.422], "texture": "#16"},
				"south": {"uv": [0, 0, 1, 0.75], "texture": "#missing"},
				"west": {"uv": [0, 0, 10.25, 0.75], "texture": "#23"},
				"up": {"uv": [0, 0, 1, 10.25], "texture": "#missing"},
				"down": {"uv": [0, 0, 1, 10.25], "texture": "#26"}
			}
		},
		{
			"from": [15, 19.75, -16],
			"to": [16.5, 22, 28.5],
			"faces": {
				"north": {"uv": [0, 0, 1, 0.75], "texture": "#20"},
				"east": {"uv": [16, 0, 0, 1.422], "texture": "#20"},
				"south": {"uv": [0, 0, 1, 0.75], "texture": "#20"},
				"west": {"uv": [0, 0, 10.25, 0.75], "texture": "#20"},
				"up": {"uv": [0, 0, 1, 10.25], "texture": "#20"},
				"down": {"uv": [0, 0, 1, 10.25], "texture": "#20"}
			}
		},
		{
			"from": [-0.5, 19.75, -16],
			"to": [1, 22, 28.5],
			"faces": {
				"north": {"uv": [0, 0, 1, 0.75], "texture": "#20"},
				"east": {"uv": [0, 0, 10.25, 0.75], "texture": "#20"},
				"south": {"uv": [0, 0, 1, 0.75], "texture": "#20"},
				"west": {"uv": [0, 0, 16, 4.942], "texture": "#20"},
				"up": {"uv": [0, 0, 1, 10.25], "texture": "#20"},
				"down": {"uv": [0, 0, 1, 10.25], "texture": "#20"}
			}
		},
		{
			"from": [15.01, 20.05, 18],
			"to": [16.51, 21.7, 28],
			"faces": {
				"north": {"uv": [0, 0, 1, 0.75], "texture": "#28"},
				"east": {"uv": [0, 3.776, 16, 5.742], "texture": "#29"},
				"south": {"uv": [0, 0, 1, 0.75], "texture": "#28"},
				"west": {"uv": [0, 0, 10.25, 0.75], "texture": "#29"},
				"up": {"uv": [0, 0, 1, 10.25], "texture": "#28"},
				"down": {"uv": [0, 0, 1, 10.25], "texture": "#28"}
			}
		},
		{
			"from": [15.01, 20.05, 12],
			"to": [16.51, 21.7, 22],
			"faces": {
				"north": {"uv": [0, 0, 1, 0.75], "texture": "#28"},
				"east": {"uv": [0, 7.84, 16, 9.806], "texture": "#29"},
				"south": {"uv": [0, 0, 1, 0.75], "texture": "#28"},
				"west": {"uv": [0, 0, 10.25, 0.75], "texture": "#29"},
				"up": {"uv": [0, 0, 1, 10.25], "texture": "#28"},
				"down": {"uv": [0, 0, 1, 10.25], "texture": "#28"}
			}
		},
		{
			"from": [0, 18, 0.75],
			"to": [1, 19.75, 11.75],
			"faces": {
				"north": {"uv": [0, 0, 1, 0.75], "texture": "#missing"},
				"east": {"uv": [0, 0, 10.25, 0.75], "texture": "#23"},
				"south": {"uv": [0, 0, 1, 0.75], "texture": "#missing"},
				"west": {"uv": [0, 0, 10.25, 0.75], "texture": "#17"},
				"up": {"uv": [0, 0, 1, 10.25], "texture": "#missing"},
				"down": {"uv": [0, 0, 1, 10.25], "texture": "#26"}
			}
		},
		{
			"from": [15, 18, 0.75],
			"to": [16, 19.75, 11.75],
			"faces": {
				"north": {"uv": [0, 0, 1, 0.75], "texture": "#missing"},
				"east": {"uv": [0, 0, 10.25, 0.75], "texture": "#17"},
				"south": {"uv": [0, 0, 1, 0.75], "texture": "#missing"},
				"west": {"uv": [0, 0, 10.25, 0.75], "texture": "#23"},
				"up": {"uv": [0, 0, 1, 10.25], "texture": "#missing"},
				"down": {"uv": [0, 0, 1, 10.25], "texture": "#26"}
			}
		},
		{
			"from": [0, 18, -16],
			"to": [1, 19.75, 0.75],
			"faces": {
				"north": {"uv": [0, 0, 1, 0.75], "texture": "#23"},
				"east": {"uv": [0, 0, 10.25, 0.75], "texture": "#23"},
				"south": {"uv": [0, 0, 1, 0.75], "texture": "#missing"},
				"west": {"uv": [0, 0, 16, 4.942], "texture": "#16"},
				"up": {"uv": [0, 0, 1, 10.25], "texture": "#missing"},
				"down": {"uv": [0, 0, 1, 10.25], "texture": "#26"}
			}
		},
		{
			"from": [-0.51, 20.05, 18],
			"to": [0.99, 21.7, 28],
			"faces": {
				"north": {"uv": [0, 0, 1, 0.75], "texture": "#28"},
				"east": {"uv": [0, 0, 10.25, 0.75], "texture": "#29"},
				"south": {"uv": [0, 0, 1, 0.75], "texture": "#28"},
				"west": {"uv": [0, 1.728, 16, 3.63], "texture": "#29"},
				"up": {"uv": [0, 0, 1, 10.25], "texture": "#28"},
				"down": {"uv": [0, 0, 1, 10.25], "texture": "#28"}
			}
		},
		{
			"from": [1, 4.25, 28.5],
			"to": [15, 5, 32],
			"rotation": {"angle": 0, "axis": "y", "origin": [0, 0, 2]},
			"faces": {
				"north": {"uv": [0, 0, 12.5, 0.75], "texture": "#32"},
				"east": {"uv": [0, 0, 2, 0.75], "texture": "#32"},
				"south": {"uv": [0, 0, 12.5, 0.75], "texture": "#32"},
				"west": {"uv": [0, 0, 2, 0.75], "texture": "#32"},
				"up": {"uv": [0, 0, 12.5, 7.344], "texture": "#31"},
				"down": {"uv": [0, 0, 12.5, 2], "texture": "#32"}
			}
		},
		{
			"from": [1.45, 20.5, 28.5],
			"to": [14.55, 21.2, 32],
			"rotation": {"angle": 0, "axis": "y", "origin": [0, 1, 2]},
			"faces": {
				"north": {"uv": [0, 0, 12.5, 0.75], "texture": "#32"},
				"east": {"uv": [0, 0, 2, 0.75], "texture": "#32"},
				"south": {"uv": [0, 0, 12.5, 0.75], "texture": "#32"},
				"west": {"uv": [0, 0, 2, 0.75], "texture": "#32"},
				"up": {"uv": [0, 0, 12.5, 2], "texture": "#32"},
				"down": {"uv": [0, 0, 12.5, 2], "texture": "#32"}
			}
		},
		{
			"from": [15, 4.25, 28.5],
			"to": [16, 19.75, 32],
			"rotation": {"angle": 0, "axis": "y", "origin": [0, 0, 2]},
			"faces": {
				"north": {"uv": [0, 0, 0.75, 13.75], "texture": "#32"},
				"east": {"uv": [0, 0, 2, 13.75], "texture": "#32"},
				"south": {"uv": [0, 0, 0.75, 13.75], "texture": "#32"},
				"west": {"uv": [0, 0, 2, 13.75], "texture": "#32"},
				"up": {"uv": [0, 0, 0.75, 2], "texture": "#32"},
				"down": {"uv": [0, 0, 0.75, 2], "texture": "#32"}
			}
		},
		{
			"from": [0, 4.25, 28.5],
			"to": [1, 19.75, 32],
			"rotation": {"angle": 0, "axis": "y", "origin": [0, 0, 2]},
			"faces": {
				"north": {"uv": [0, 0, 0.75, 13.75], "texture": "#32"},
				"east": {"uv": [0, 0, 2, 13.75], "texture": "#32"},
				"south": {"uv": [0, 0, 0.75, 13.75], "texture": "#32"},
				"west": {"uv": [0, 0, 2, 13.75], "texture": "#32"},
				"up": {"uv": [0, 0, 0.75, 2], "texture": "#32"},
				"down": {"uv": [0, 0, 0.75, 2], "texture": "#32"}
			}
		},
		{
			"from": [-14.55635, 26.60786, 28.5],
			"to": [-13.80635, 28.65786, 32],
			"rotation": {"angle": -45, "axis": "z", "origin": [-15.55635, 5.60786, 2]},
			"faces": {
				"north": {"uv": [0, 0, 0.75, 1.05], "texture": "#32"},
				"east": {"uv": [0, 0, 2, 1.05], "texture": "#32"},
				"south": {"uv": [0, 0, 0.75, 1.05], "texture": "#32"},
				"west": {"uv": [0, 0, 2, 1.05], "texture": "#32"},
				"up": {"uv": [0, 0, 0.75, 2], "texture": "#32"},
				"down": {"uv": [0, 0, 0.75, 2], "texture": "#32"}
			}
		},
		{
			"from": [30.61181, 24.66332, 28.5],
			"to": [31.36181, 26.71332, 32],
			"rotation": {"angle": 45, "axis": "z", "origin": [29.61181, 3.66332, 2]},
			"faces": {
				"north": {"uv": [0, 0, 0.75, 1.05], "texture": "#32"},
				"east": {"uv": [0, 0, 2, 1.05], "texture": "#32"},
				"south": {"uv": [0, 0, 0.75, 1.05], "texture": "#32"},
				"west": {"uv": [0, 0, 2, 1.05], "texture": "#32"},
				"up": {"uv": [0, 0, 0.75, 2], "texture": "#32"},
				"down": {"uv": [0, 0, 0.75, 2], "texture": "#32"}
			}
		},
		{
			"from": [29.1364, 9.15751, -1.25],
			"to": [31.1364, 9.65751, -0.75],
			"rotation": {"angle": 45, "axis": "z", "origin": [14.6364, -5.74249, 7.75]},
			"faces": {
				"north": {"uv": [0, 0, 16, 4.25], "texture": "#20"},
				"east": {"uv": [0, 0, 1.5, 4.25], "texture": "#20"},
				"south": {"uv": [3.392, 10.632, 12.672, 13.594], "texture": "#20"},
				"west": {"uv": [0, 0, 1.5, 4.25], "texture": "#20"},
				"up": {"uv": [0, 0, 16, 1.5], "texture": "#20"},
				"down": {"uv": [0, 0, 16, 1.5], "texture": "#20"}
			}
		},
		{
			"from": [14, 8.4, -1.25],
			"to": [14.5, 15.4, -0.75],
			"rotation": {"angle": 0, "axis": "y", "origin": [0, 0, 7.75]},
			"faces": {
				"north": {"uv": [0, 0, 16, 4.25], "texture": "#20"},
				"east": {"uv": [0, 0, 1.5, 4.25], "texture": "#20"},
				"south": {"uv": [3.392, 10.632, 12.672, 13.594], "texture": "#20"},
				"west": {"uv": [0, 0, 1.5, 4.25], "texture": "#20"},
				"up": {"uv": [0, 0, 16, 1.5], "texture": "#20"},
				"down": {"uv": [0, 0, 16, 1.5], "texture": "#20"}
			}
		},
		{
			"from": [7.71106, 23.01716, -1.25],
			"to": [9.71106, 23.51716, -0.75],
			"rotation": {"angle": -45, "axis": "z", "origin": [-6.78894, 8.11716, 7.75]},
			"faces": {
				"north": {"uv": [0, 0, 16, 4.25], "texture": "#20"},
				"east": {"uv": [0, 0, 1.5, 4.25], "texture": "#20"},
				"south": {"uv": [3.392, 10.632, 12.672, 13.594], "texture": "#20"},
				"west": {"uv": [0, 0, 1.5, 4.25], "texture": "#20"},
				"up": {"uv": [0, 0, 16, 1.5], "texture": "#20"},
				"down": {"uv": [0, 0, 16, 1.5], "texture": "#20"}
			}
		},
		{
			"from": [-8.83919, 24.3603, -1.25],
			"to": [-6.83919, 24.8603, -0.75],
			"rotation": {"angle": -45, "axis": "z", "origin": [-13.83919, 9.4603, 7.75]},
			"faces": {
				"north": {"uv": [0, 0, 16, 4.25], "texture": "#20"},
				"east": {"uv": [0, 0, 1.5, 4.25], "texture": "#20"},
				"south": {"uv": [3.392, 10.632, 12.672, 13.594], "texture": "#20"},
				"west": {"uv": [0, 0, 1.5, 4.25], "texture": "#20"},
				"up": {"uv": [0, 0, 16, 1.5], "texture": "#20"},
				"down": {"uv": [0, 0, 16, 1.5], "texture": "#20"}
			}
		},
		{
			"from": [1.5, 8.4, -1.25],
			"to": [2, 15.4, -0.75],
			"rotation": {"angle": 0, "axis": "y", "origin": [0, 0, 7.75]},
			"faces": {
				"north": {"uv": [0, 0, 16, 4.25], "texture": "#20"},
				"east": {"uv": [0, 0, 1.5, 4.25], "texture": "#20"},
				"south": {"uv": [3.392, 10.632, 12.672, 13.594], "texture": "#20"},
				"west": {"uv": [0, 0, 1.5, 4.25], "texture": "#20"},
				"up": {"uv": [0, 0, 16, 1.5], "texture": "#20"},
				"down": {"uv": [0, 0, 16, 1.5], "texture": "#20"}
			}
		},
		{
			"from": [12.73259, 7.46081, -1.25],
			"to": [14.73259, 7.96081, -0.75],
			"rotation": {"angle": 45, "axis": "z", "origin": [7.23259, -7.43919, 7.75]},
			"faces": {
				"north": {"uv": [0, 0, 16, 4.25], "texture": "#20"},
				"east": {"uv": [0, 0, 1.5, 4.25], "texture": "#20"},
				"south": {"uv": [3.392, 10.632, 12.672, 13.594], "texture": "#20"},
				"west": {"uv": [0, 0, 1.5, 4.25], "texture": "#20"},
				"up": {"uv": [0, 0, 16, 1.5], "texture": "#20"},
				"down": {"uv": [0, 0, 16, 1.5], "texture": "#20"}
			}
		},
		{
			"from": [29.1364, 9.15751, 13.25],
			"to": [31.1364, 9.65751, 13.75],
			"rotation": {"angle": 45, "axis": "z", "origin": [14.6364, -5.74249, 22.25]},
			"faces": {
				"north": {"uv": [0, 0, 16, 4.25], "texture": "#20"},
				"east": {"uv": [0, 0, 1.5, 4.25], "texture": "#20"},
				"south": {"uv": [3.392, 10.632, 12.672, 13.594], "texture": "#20"},
				"west": {"uv": [0, 0, 1.5, 4.25], "texture": "#20"},
				"up": {"uv": [0, 0, 16, 1.5], "texture": "#20"},
				"down": {"uv": [0, 0, 16, 1.5], "texture": "#20"}
			}
		},
		{
			"from": [14, 8.4, 13.25],
			"to": [14.5, 15.4, 13.75],
			"rotation": {"angle": 0, "axis": "y", "origin": [0, 0, 22.25]},
			"faces": {
				"north": {"uv": [0, 0, 16, 4.25], "texture": "#20"},
				"east": {"uv": [0, 0, 1.5, 4.25], "texture": "#20"},
				"south": {"uv": [3.392, 10.632, 12.672, 13.594], "texture": "#20"},
				"west": {"uv": [0, 0, 1.5, 4.25], "texture": "#20"},
				"up": {"uv": [0, 0, 16, 1.5], "texture": "#20"},
				"down": {"uv": [0, 0, 16, 1.5], "texture": "#20"}
			}
		},
		{
			"from": [7.71106, 23.01716, 13.25],
			"to": [9.71106, 23.51716, 13.75],
			"rotation": {"angle": -45, "axis": "z", "origin": [-6.78894, 8.11716, 22.25]},
			"faces": {
				"north": {"uv": [0, 0, 16, 4.25], "texture": "#20"},
				"east": {"uv": [0, 0, 1.5, 4.25], "texture": "#20"},
				"south": {"uv": [3.392, 10.632, 12.672, 13.594], "texture": "#20"},
				"west": {"uv": [0, 0, 1.5, 4.25], "texture": "#20"},
				"up": {"uv": [0, 0, 16, 1.5], "texture": "#20"},
				"down": {"uv": [0, 0, 16, 1.5], "texture": "#20"}
			}
		},
		{
			"from": [-8.83919, 24.3603, 13.25],
			"to": [-6.83919, 24.8603, 13.75],
			"rotation": {"angle": -45, "axis": "z", "origin": [-13.83919, 9.4603, 22.25]},
			"faces": {
				"north": {"uv": [0, 0, 16, 4.25], "texture": "#20"},
				"east": {"uv": [0, 0, 1.5, 4.25], "texture": "#20"},
				"south": {"uv": [3.392, 10.632, 12.672, 13.594], "texture": "#20"},
				"west": {"uv": [0, 0, 1.5, 4.25], "texture": "#20"},
				"up": {"uv": [0, 0, 16, 1.5], "texture": "#20"},
				"down": {"uv": [0, 0, 16, 1.5], "texture": "#20"}
			}
		},
		{
			"from": [1.5, 8.4, 13.25],
			"to": [2, 15.4, 13.75],
			"rotation": {"angle": 0, "axis": "y", "origin": [0, 0, 22.25]},
			"faces": {
				"north": {"uv": [0, 0, 16, 4.25], "texture": "#20"},
				"east": {"uv": [0, 0, 1.5, 4.25], "texture": "#20"},
				"south": {"uv": [3.392, 10.632, 12.672, 13.594], "texture": "#20"},
				"west": {"uv": [0, 0, 1.5, 4.25], "texture": "#20"},
				"up": {"uv": [0, 0, 16, 1.5], "texture": "#20"},
				"down": {"uv": [0, 0, 16, 1.5], "texture": "#20"}
			}
		},
		{
			"from": [12.73259, 7.46081, 13.25],
			"to": [14.73259, 7.96081, 13.75],
			"rotation": {"angle": 45, "axis": "z", "origin": [7.23259, -7.43919, 22.25]},
			"faces": {
				"north": {"uv": [0, 0, 16, 4.25], "texture": "#20"},
				"east": {"uv": [0, 0, 1.5, 4.25], "texture": "#20"},
				"south": {"uv": [3.392, 10.632, 12.672, 13.594], "texture": "#20"},
				"west": {"uv": [0, 0, 1.5, 4.25], "texture": "#20"},
				"up": {"uv": [0, 0, 16, 1.5], "texture": "#20"},
				"down": {"uv": [0, 0, 16, 1.5], "texture": "#20"}
			}
		},
		{
			"from": [10.25, 8.07144, 17.458],
			"to": [10.75, 8.57144, 20.458],
			"rotation": {"angle": -45, "axis": "x", "origin": [0, 10.44365, 3.33884]},
			"faces": {
				"north": {"uv": [0, 0, 16, 4.25], "texture": "#20"},
				"east": {"uv": [0, 0, 1.5, 4.25], "texture": "#20"},
				"south": {"uv": [3.392, 10.632, 12.672, 13.594], "texture": "#20"},
				"west": {"uv": [0, 0, 1.5, 4.25], "texture": "#20"},
				"up": {"uv": [0, 0, 16, 1.5], "texture": "#20"},
				"down": {"uv": [0, 0, 16, 1.5], "texture": "#20"}
			}
		},
		{
			"from": [5.25, 8.07144, 17.458],
			"to": [5.75, 8.57144, 20.458],
			"rotation": {"angle": -45, "axis": "x", "origin": [0, 10.44365, 3.33884]},
			"faces": {
				"north": {"uv": [0, 0, 16, 4.25], "texture": "#20"},
				"east": {"uv": [0, 0, 1.5, 4.25], "texture": "#20"},
				"south": {"uv": [3.392, 10.632, 12.672, 13.594], "texture": "#20"},
				"west": {"uv": [0, 0, 1.5, 4.25], "texture": "#20"},
				"up": {"uv": [0, 0, 16, 1.5], "texture": "#20"},
				"down": {"uv": [0, 0, 16, 1.5], "texture": "#20"}
			}
		},
		{
			"from": [10.25, 19.25, -1],
			"to": [10.75, 20.5, -0.5],
			"rotation": {"angle": 0, "axis": "y", "origin": [0, 1.5, 0]},
			"faces": {
				"north": {"uv": [0, 0, 16, 4.25], "texture": "#20"},
				"east": {"uv": [0, 0, 1.5, 4.25], "texture": "#20"},
				"south": {"uv": [3.392, 10.632, 12.672, 13.594], "texture": "#20"},
				"west": {"uv": [0, 0, 1.5, 4.25], "texture": "#20"},
				"up": {"uv": [0, 0, 16, 1.5], "texture": "#20"},
				"down": {"uv": [0, 0, 16, 1.5], "texture": "#20"}
			}
		},
		{
			"from": [5.25, 19.25, 11],
			"to": [5.75, 20.5, 11.5],
			"rotation": {"angle": 0, "axis": "y", "origin": [0, 1.5, 0]},
			"faces": {
				"north": {"uv": [0, 0, 16, 4.25], "texture": "#20"},
				"east": {"uv": [0, 0, 1.5, 4.25], "texture": "#20"},
				"south": {"uv": [3.392, 10.632, 12.672, 13.594], "texture": "#20"},
				"west": {"uv": [0, 0, 1.5, 4.25], "texture": "#20"},
				"up": {"uv": [0, 0, 16, 1.5], "texture": "#20"},
				"down": {"uv": [0, 0, 16, 1.5], "texture": "#20"}
			}
		},
		{
			"from": [10.25, 19.25, 11],
			"to": [10.75, 20.5, 11.5],
			"rotation": {"angle": 0, "axis": "y", "origin": [0, 1.5, 0]},
			"faces": {
				"north": {"uv": [0, 0, 16, 4.25], "texture": "#20"},
				"east": {"uv": [0, 0, 1.5, 4.25], "texture": "#20"},
				"south": {"uv": [3.392, 10.632, 12.672, 13.594], "texture": "#20"},
				"west": {"uv": [0, 0, 1.5, 4.25], "texture": "#20"},
				"up": {"uv": [0, 0, 16, 1.5], "texture": "#20"},
				"down": {"uv": [0, 0, 16, 1.5], "texture": "#20"}
			}
		},
		{
			"from": [5.25, 19.25, -1],
			"to": [5.75, 20.5, -0.5],
			"rotation": {"angle": 0, "axis": "y", "origin": [0, 1.5, 0]},
			"faces": {
				"north": {"uv": [0, 0, 16, 4.25], "texture": "#20"},
				"east": {"uv": [0, 0, 1.5, 4.25], "texture": "#20"},
				"south": {"uv": [3.392, 10.632, 12.672, 13.594], "texture": "#20"},
				"west": {"uv": [0, 0, 1.5, 4.25], "texture": "#20"},
				"up": {"uv": [0, 0, 16, 1.5], "texture": "#20"},
				"down": {"uv": [0, 0, 16, 1.5], "texture": "#20"}
			}
		},
		{
			"from": [10.25, 18.75, -16],
			"to": [10.75, 19.25, 15],
			"rotation": {"angle": 0, "axis": "y", "origin": [0, 1.5, 0]},
			"faces": {
				"north": {"uv": [0, 0, 16, 4.25], "texture": "#20"},
				"east": {"uv": [0, 0, 1.5, 4.25], "texture": "#20"},
				"south": {"uv": [3.392, 10.632, 12.672, 13.594], "texture": "#20"},
				"west": {"uv": [0, 0, 1.5, 4.25], "texture": "#20"},
				"up": {"uv": [0, 0, 16, 1.5], "texture": "#20"},
				"down": {"uv": [0, 0, 16, 1.5], "texture": "#20"}
			}
		},
		{
			"from": [5.25, 18.75, -16],
			"to": [5.75, 19.25, 15],
			"rotation": {"angle": 0, "axis": "y", "origin": [0, 1.5, 0]},
			"faces": {
				"north": {"uv": [0, 0, 16, 4.25], "texture": "#20"},
				"east": {"uv": [0, 0, 1.5, 4.25], "texture": "#20"},
				"south": {"uv": [3.392, 10.632, 12.672, 13.594], "texture": "#20"},
				"west": {"uv": [0, 0, 1.5, 4.25], "texture": "#20"},
				"up": {"uv": [0, 0, 16, 1.5], "texture": "#20"},
				"down": {"uv": [0, 0, 16, 1.5], "texture": "#20"}
			}
		},
		{
			"from": [5.75, 18.75, 6],
			"to": [10.25, 19.25, 6.5],
			"rotation": {"angle": 0, "axis": "y", "origin": [0, 1.5, -2]},
			"faces": {
				"north": {"uv": [0, 0, 16, 4.25], "texture": "#20"},
				"east": {"uv": [0, 0, 1.5, 4.25], "texture": "#20"},
				"south": {"uv": [3.392, 10.632, 12.672, 13.594], "texture": "#20"},
				"west": {"uv": [0, 0, 1.5, 4.25], "texture": "#20"},
				"up": {"uv": [0, 0, 16, 1.5], "texture": "#20"},
				"down": {"uv": [0, 0, 16, 1.5], "texture": "#20"}
			}
		},
		{
			"from": [7.75, 5, 6.1],
			"to": [8.25, 19.75, 6.35],
			"rotation": {"angle": 0, "axis": "y", "origin": [0, 0, -2]},
			"faces": {
				"north": {"uv": [0, 0, 16, 4.25], "texture": "#20"},
				"east": {"uv": [0, 0, 1.5, 4.25], "texture": "#20"},
				"south": {"uv": [3.392, 10.632, 12.672, 13.594], "texture": "#20"},
				"west": {"uv": [0, 0, 1.5, 4.25], "texture": "#20"},
				"up": {"uv": [0, 0, 16, 1.5], "texture": "#20"},
				"down": {"uv": [0, 0, 16, 1.5], "texture": "#20"}
			}
		},
		{
			"from": [15, 11.25, -14.25],
			"to": [16, 18, -3.5],
			"rotation": {"angle": 0, "axis": "y", "origin": [0, 0, -9.75]},
			"faces": {
				"north": {"uv": [0, 0, 0.6, 4.75], "texture": "#missing"},
				"east": {"uv": [0, 0, 16, 16], "texture": "#19"},
				"south": {"uv": [0, 0, 0.6, 4.75], "texture": "#missing"},
				"west": {"uv": [0, 0, 16, 16], "texture": "#19"},
				"up": {"uv": [0, 0, 0.6, 16], "texture": "#missing"},
				"down": {"uv": [0, 0, 0.6, 16], "texture": "#missing"}
			}
		},
		{
			"from": [0, 11.25, -14.25],
			"to": [1, 18, -3.5],
			"rotation": {"angle": 0, "axis": "y", "origin": [0, 0, -9.5]},
			"faces": {
				"north": {"uv": [0, 0, 0.6, 4.75], "texture": "#missing"},
				"east": {"uv": [0, 0, 16, 16], "texture": "#19"},
				"south": {"uv": [0, 0, 0.6, 4.75], "texture": "#missing"},
				"west": {"uv": [0, 0, 16, 16], "texture": "#19"},
				"up": {"uv": [0, 0, 0.6, 16], "texture": "#missing"},
				"down": {"uv": [0, 0, 0.6, 16], "texture": "#missing"}
			}
		},
		{
			"from": [15, 11.25, 16],
			"to": [16, 18, 22],
			"rotation": {"angle": 0, "axis": "y", "origin": [0, 0, -0.5]},
			"faces": {
				"north": {"uv": [0, 0, 0.6, 4.75], "texture": "#missing"},
				"east": {"uv": [0, 0, 16, 16], "texture": "#19"},
				"south": {"uv": [0, 0, 0.6, 4.75], "texture": "#missing"},
				"west": {"uv": [0, 0, 16, 16], "texture": "#19"},
				"up": {"uv": [0, 0, 0.6, 16], "texture": "#missing"},
				"down": {"uv": [0, 0, 0.6, 16], "texture": "#missing"}
			}
		},
		{
			"from": [0, 11.25, 16],
			"to": [1, 18, 22],
			"rotation": {"angle": 0, "axis": "y", "origin": [0, 0, -0.25]},
			"faces": {
				"north": {"uv": [0, 0, 0.6, 4.75], "texture": "#missing"},
				"east": {"uv": [0, 0, 16, 16], "texture": "#19"},
				"south": {"uv": [0, 0, 0.6, 4.75], "texture": "#missing"},
				"west": {"uv": [0, 0, 16, 16], "texture": "#19"},
				"up": {"uv": [0, 0, 0.6, 16], "texture": "#missing"},
				"down": {"uv": [0, 0, 0.6, 16], "texture": "#missing"}
			}
		}
	],
	"display": {
		"thirdperson_righthand": {
			"scale": [4, 4, 4]
		},
		"head": {
			"scale": [4, 4, 4]
		}
	}
}