{
	"credit": "Made with Blockbench",
	"textures": {
		"1": "block/quartz_block_bottom",
		"2": "block/glass",
		"3": "block/black_concrete",
		"6": "block/brown_concrete",
		"particle": "block/lime_concrete"
	},
	"elements": [
		{
			"from": [15.35, 5, -16],
			"to": [15.65, 11.25, -9.75],
			"faces": {
				"north": {"uv": [0, 0, 1, 6.75], "texture": "#3"},
				"east": {"uv": [0, 0, 5.25, 6.75], "texture": "#6"},
				"south": {"uv": [0, 0, 1, 6.75], "texture": "#3"},
				"west": {"uv": [0, 0, 10.786, 12.094], "texture": "#1"},
				"up": {"uv": [0, 0, 1, 5.25], "texture": "#3"},
				"down": {"uv": [0, 0, 1, 5.25], "texture": "#3"}
			}
		},
		{
			"from": [15.35, 11.25, -16],
			"to": [15.65, 18, -15.25],
			"faces": {
				"north": {"uv": [0, 0, 1, 6.75], "texture": "#3"},
				"east": {"uv": [0, 0, 5.25, 6.75], "texture": "#6"},
				"south": {"uv": [0, 0, 1, 6.75], "texture": "#3"},
				"west": {"uv": [0, 0, 10.786, 12.094], "texture": "#1"},
				"up": {"uv": [0, 0, 1, 5.25], "texture": "#3"},
				"down": {"uv": [0, 0, 1, 5.25], "texture": "#3"}
			}
		},
		{
			"from": [15.35, 11.25, -15.25],
			"to": [15.65, 12, -11.25],
			"faces": {
				"north": {"uv": [0, 0, 1, 6.75], "texture": "#3"},
				"east": {"uv": [0, 0, 5.25, 6.75], "texture": "#6"},
				"south": {"uv": [0, 0, 1, 6.75], "texture": "#3"},
				"west": {"uv": [0, 0, 10.786, 12.094], "texture": "#1"},
				"up": {"uv": [0, 0, 1, 5.25], "texture": "#3"},
				"down": {"uv": [0, 0, 1, 5.25], "texture": "#3"}
			}
		},
		{
			"from": [15.5, 12, -15.25],
			"to": [15.5, 17.25, -11.25],
			"faces": {
				"north": {"uv": [0, 0, 16, 16], "texture": "#3"},
				"east": {"uv": [0, 0, 16, 16], "texture": "#2"},
				"south": {"uv": [0, 0, 16, 16], "texture": "#3"},
				"west": {"uv": [0, 0, 16, 16], "texture": "#2"},
				"up": {"uv": [0, 0, 16, 16], "texture": "#3"},
				"down": {"uv": [0, 0, 16, 16], "texture": "#3"}
			}
		},
		{
			"from": [15.35, 11.25, -11.25],
			"to": [15.65, 18, -9.75],
			"faces": {
				"north": {"uv": [0, 0, 1, 6.75], "texture": "#3"},
				"east": {"uv": [0, 0, 5.25, 6.75], "texture": "#6"},
				"south": {"uv": [0, 0, 1, 6.75], "texture": "#3"},
				"west": {"uv": [0, 0, 10.786, 12.094], "texture": "#1"},
				"up": {"uv": [0, 0, 1, 5.25], "texture": "#3"},
				"down": {"uv": [0, 0, 1, 5.25], "texture": "#3"}
			}
		},
		{
			"from": [15.35, 17.25, -15.25],
			"to": [15.65, 18, -11.25],
			"faces": {
				"north": {"uv": [0, 0, 1, 6.75], "texture": "#3"},
				"east": {"uv": [0, 0, 5.25, 6.75], "texture": "#6"},
				"south": {"uv": [0, 0, 1, 6.75], "texture": "#3"},
				"west": {"uv": [0, 0, 10.786, 12.094], "texture": "#1"},
				"up": {"uv": [0, 0, 1, 5.25], "texture": "#3"},
				"down": {"uv": [0, 0, 1, 5.25], "texture": "#3"}
			}
		}
	],
	"display": {
		"head": {
			"scale": [4, 4, 4]
		}
	}
}