{
	"credit": "Made with Blockbench",
	"textures": {
		"3": "block/yellow_concrete",
		"4": "block/light_gray_concrete",
		"particle": "block/lime_concrete"
	},
	"elements": [
		{
			"from": [5.25, 19.35, 22.45],
			"to": [10.75, 19.75, 22.95],
			"rotation": {"angle": 0, "axis": "y", "origin": [0, -10, 0]},
			"faces": {
				"north": {"uv": [0, 0, 5.2, 1], "texture": "#3"},
				"east": {"uv": [0, 0, 13.25, 1], "texture": "#3"},
				"south": {"uv": [0, 0, 5.2, 1], "texture": "#3"},
				"west": {"uv": [0, 0, 13.25, 1], "texture": "#3"},
				"up": {"uv": [8.288, 5.792, 11.28, 13.856], "texture": "#3"},
				"down": {"uv": [0, 0, 5.2, 13.25], "texture": "#3"}
			}
		},
		{
			"from": [7.75, 19.35, 22.95],
			"to": [8.25, 19.75, 23.45],
			"rotation": {"angle": 0, "axis": "y", "origin": [0, -10, 0]},
			"faces": {
				"north": {"uv": [0, 0, 5.2, 1], "texture": "#4"},
				"east": {"uv": [0, 0, 13.25, 1], "texture": "#4"},
				"south": {"uv": [0, 0, 5.2, 1], "texture": "#4"},
				"west": {"uv": [0, 0, 13.25, 1], "texture": "#4"},
				"up": {"uv": [8.288, 5.792, 11.28, 13.856], "texture": "#4"},
				"down": {"uv": [0, 0, 5.2, 13.25], "texture": "#4"}
			}
		},
		{
			"from": [7.9, 19.75, 22.05],
			"to": [8.1, 20.25, 22.25],
			"rotation": {"angle": 0, "axis": "y", "origin": [0, -10, 0]},
			"faces": {
				"north": {"uv": [0, 0, 5.2, 1], "texture": "#4"},
				"east": {"uv": [0, 0, 13.25, 1], "texture": "#4"},
				"south": {"uv": [0, 0, 5.2, 1], "texture": "#4"},
				"west": {"uv": [0, 0, 13.25, 1], "texture": "#4"},
				"up": {"uv": [8.288, 5.792, 11.28, 13.856], "texture": "#4"},
				"down": {"uv": [0, 0, 5.2, 13.25], "texture": "#4"}
			}
		},
		{
			"from": [7.75, 19.35, 21.95],
			"to": [8.25, 19.75, 22.45],
			"rotation": {"angle": 0, "axis": "y", "origin": [0, -10, 0]},
			"faces": {
				"north": {"uv": [0, 0, 5.2, 1], "texture": "#4"},
				"east": {"uv": [0, 0, 13.25, 1], "texture": "#4"},
				"south": {"uv": [0, 0, 5.2, 1], "texture": "#4"},
				"west": {"uv": [0, 0, 13.25, 1], "texture": "#4"},
				"up": {"uv": [8.288, 5.792, 11.28, 13.856], "texture": "#4"},
				"down": {"uv": [0, 0, 5.2, 13.25], "texture": "#4"}
			}
		},
		{
			"from": [7.9, 19.75, 23.15],
			"to": [8.1, 20.25, 23.35],
			"rotation": {"angle": 0, "axis": "y", "origin": [0, -10, 0]},
			"faces": {
				"north": {"uv": [0, 0, 5.2, 1], "texture": "#4"},
				"east": {"uv": [0, 0, 13.25, 1], "texture": "#4"},
				"south": {"uv": [0, 0, 5.2, 1], "texture": "#4"},
				"west": {"uv": [0, 0, 13.25, 1], "texture": "#4"},
				"up": {"uv": [8.288, 5.792, 11.28, 13.856], "texture": "#4"},
				"down": {"uv": [0, 0, 5.2, 13.25], "texture": "#4"}
			}
		},
		{
			"from": [28.85102, 25.53628, 22.45],
			"to": [30.10102, 25.93628, 22.95],
			"rotation": {"angle": 45, "axis": "z", "origin": [25.14301, -7.1547, -27]},
			"faces": {
				"north": {"uv": [0, 0, 5.2, 1], "texture": "#3"},
				"east": {"uv": [0, 0, 13.25, 1], "texture": "#3"},
				"south": {"uv": [0, 0, 5.2, 1], "texture": "#3"},
				"west": {"uv": [0, 0, 13.25, 1], "texture": "#3"},
				"up": {"uv": [8.288, 5.792, 11.28, 13.856], "texture": "#3"},
				"down": {"uv": [0, 0, 5.2, 13.25], "texture": "#3"}
			}
		},
		{
			"from": [-5.07384, 16.08897, 22.45],
			"to": [-3.82384, 16.48897, 22.95],
			"rotation": {"angle": -45, "axis": "z", "origin": [6.7745, -0.98158, -27]},
			"faces": {
				"north": {"uv": [0, 0, 5.2, 1], "texture": "#3"},
				"east": {"uv": [0, 0, 13.25, 1], "texture": "#3"},
				"south": {"uv": [0, 0, 5.2, 1], "texture": "#3"},
				"west": {"uv": [0, 0, 13.25, 1], "texture": "#3"},
				"up": {"uv": [8.288, 5.792, 11.28, 13.856], "texture": "#3"},
				"down": {"uv": [0, 0, 5.2, 13.25], "texture": "#3"}
			}
		},
		{
			"from": [5.25, 20.1, 23.05],
			"to": [10.75, 20.5, 23.55],
			"rotation": {"angle": 0, "axis": "y", "origin": [0, -9.25, 0.6]},
			"faces": {
				"north": {"uv": [0, 0, 5.2, 1], "texture": "#4"},
				"east": {"uv": [0, 0, 13.25, 1], "texture": "#4"},
				"south": {"uv": [0, 0, 5.2, 1], "texture": "#4"},
				"west": {"uv": [0, 0, 13.25, 1], "texture": "#4"},
				"up": {"uv": [8.288, 5.792, 11.28, 13.856], "texture": "#4"},
				"down": {"uv": [0, 0, 5.2, 13.25], "texture": "#4"}
			}
		},
		{
			"from": [28.85102, 26.28628, 23.05],
			"to": [30.10102, 26.68628, 23.55],
			"rotation": {"angle": 45, "axis": "z", "origin": [25.14301, -6.4047, -26.4]},
			"faces": {
				"north": {"uv": [0, 0, 5.2, 1], "texture": "#4"},
				"east": {"uv": [0, 0, 13.25, 1], "texture": "#4"},
				"south": {"uv": [0, 0, 5.2, 1], "texture": "#4"},
				"west": {"uv": [0, 0, 13.25, 1], "texture": "#4"},
				"up": {"uv": [8.288, 5.792, 11.28, 13.856], "texture": "#4"},
				"down": {"uv": [0, 0, 5.2, 13.25], "texture": "#4"}
			}
		},
		{
			"from": [-5.07384, 16.83897, 23.05],
			"to": [-3.82384, 17.23897, 23.55],
			"rotation": {"angle": -45, "axis": "z", "origin": [6.7745, -0.23158, -26.4]},
			"faces": {
				"north": {"uv": [0, 0, 5.2, 1], "texture": "#4"},
				"east": {"uv": [0, 0, 13.25, 1], "texture": "#4"},
				"south": {"uv": [0, 0, 5.2, 1], "texture": "#4"},
				"west": {"uv": [0, 0, 13.25, 1], "texture": "#4"},
				"up": {"uv": [8.288, 5.792, 11.28, 13.856], "texture": "#4"},
				"down": {"uv": [0, 0, 5.2, 13.25], "texture": "#4"}
			}
		},
		{
			"from": [5.25, 20.1, 21.85],
			"to": [10.75, 20.5, 22.35],
			"rotation": {"angle": 0, "axis": "y", "origin": [0, -9.25, -0.6]},
			"faces": {
				"north": {"uv": [0, 0, 5.2, 1], "texture": "#4"},
				"east": {"uv": [0, 0, 13.25, 1], "texture": "#4"},
				"south": {"uv": [0, 0, 5.2, 1], "texture": "#4"},
				"west": {"uv": [0, 0, 13.25, 1], "texture": "#4"},
				"up": {"uv": [8.288, 5.792, 11.28, 13.856], "texture": "#4"},
				"down": {"uv": [0, 0, 5.2, 13.25], "texture": "#4"}
			}
		},
		{
			"from": [28.85102, 26.28628, 21.85],
			"to": [30.10102, 26.68628, 22.35],
			"rotation": {"angle": 45, "axis": "z", "origin": [25.14301, -6.4047, -27.6]},
			"faces": {
				"north": {"uv": [0, 0, 5.2, 1], "texture": "#4"},
				"east": {"uv": [0, 0, 13.25, 1], "texture": "#4"},
				"south": {"uv": [0, 0, 5.2, 1], "texture": "#4"},
				"west": {"uv": [0, 0, 13.25, 1], "texture": "#4"},
				"up": {"uv": [8.288, 5.792, 11.28, 13.856], "texture": "#4"},
				"down": {"uv": [0, 0, 5.2, 13.25], "texture": "#4"}
			}
		},
		{
			"from": [-5.07384, 16.83897, 21.85],
			"to": [-3.82384, 17.23897, 22.35],
			"rotation": {"angle": -45, "axis": "z", "origin": [6.7745, -0.23158, -27.6]},
			"faces": {
				"north": {"uv": [0, 0, 5.2, 1], "texture": "#4"},
				"east": {"uv": [0, 0, 13.25, 1], "texture": "#4"},
				"south": {"uv": [0, 0, 5.2, 1], "texture": "#4"},
				"west": {"uv": [0, 0, 13.25, 1], "texture": "#4"},
				"up": {"uv": [8.288, 5.792, 11.28, 13.856], "texture": "#4"},
				"down": {"uv": [0, 0, 5.2, 13.25], "texture": "#4"}
			}
		}
	],
	"display": {
		"head": {
			"translation": [0, -10, 0],
			"scale": [4, 4, 4]
		}
	}
}