{
	"credit": "Made with Blockbench",
	"textures": {
		"4": "block/mec/light_gray_concrete",
		"10": "block/mec/cyan_concrete",
		"11": "block/mec/white_concrete",
		"15": "block/mec/glass",
		"18": "block/mec/light_blue_concrete",
		"particle": "block/mec/floor"
	},
	"elements": [
		{
			"name": "roof",
			"from": [0.25, 18, -16],
			"to": [15.75, 19, 24],
			"rotation": {"angle": 0, "axis": "y", "origin": [8, 3.48964, 6.125]},
			"faces": {
				"north": {"uv": [5, 0, 11, 16], "texture": "#4"},
				"east": {"uv": [5, 0, 11, 16], "texture": "#11"},
				"south": {"uv": [5, 0, 11, 16], "texture": "#4"},
				"west": {"uv": [5, 0, 11, 16], "texture": "#4"},
				"up": {"uv": [5, 0, 11, 16], "texture": "#4"},
				"down": {"uv": [5, 0, 11, 16], "texture": "#11"}
			}
		},
		{
			"name": "roof",
			"from": [2.63391, 18.9372, -16],
			"to": [4.63391, 19.9372, 24],
			"rotation": {"angle": -45, "axis": "z", "origin": [8, 3.48964, 6.125]},
			"faces": {
				"north": {"uv": [6, 0, 0, 16], "texture": "#4"},
				"east": {"uv": [6, 0, 0, 16], "texture": "#4"},
				"south": {"uv": [6, 0, 0, 16], "texture": "#4"},
				"west": {"uv": [6, 0, 0, 16], "texture": "#4"},
				"up": {"uv": [2, 0, 0, 16], "texture": "#4"},
				"down": {"uv": [6, 0, 0, 16], "texture": "#11"}
			}
		},
		{
			"name": "roof",
			"from": [11.36609, 18.9372, -16],
			"to": [13.36609, 19.9372, 24],
			"rotation": {"angle": 45, "axis": "z", "origin": [8, 3.48964, 6.125]},
			"faces": {
				"north": {"uv": [0, 0, 6, 16], "texture": "#4"},
				"east": {"uv": [0, 0, 6, 16], "texture": "#4"},
				"south": {"uv": [0, 0, 6, 16], "texture": "#4"},
				"west": {"uv": [0, 0, 6, 16], "texture": "#4"},
				"up": {"uv": [0, 0, 2, 16], "texture": "#4"},
				"down": {"uv": [0, 0, 6, 16], "texture": "#11"}
			}
		},
		{
			"from": [16.25, 0.5, 4],
			"to": [17.25, 12.5, 12],
			"rotation": {"angle": 0, "axis": "y", "origin": [8, 15.48964, -3.875]},
			"faces": {
				"north": {"uv": [1, 0, 0, 16], "texture": "#4"},
				"east": {"uv": [1, 0, 0, 16], "texture": "#11"},
				"south": {"uv": [1, 0, 0, 16], "texture": "#4"},
				"west": {"uv": [1, 0, 0, 16], "texture": "#11"},
				"up": {"uv": [1, 0, 0, 2], "texture": "#4"},
				"down": {"uv": [1, 0, 0, 16], "texture": "#4"}
			}
		},
		{
			"from": [-1.25, 15.5, -16],
			"to": [-0.25, 17.5, 22.25],
			"rotation": {"angle": 0, "axis": "y", "origin": [8, 15.48964, -1.875]},
			"faces": {
				"north": {"uv": [0, 0, 1, 16], "texture": "#4"},
				"east": {"uv": [0, 0, 1, 16], "texture": "#11"},
				"south": {"uv": [0, 0, 1, 16], "texture": "#4"},
				"west": {"uv": [0, 0, 1, 16], "texture": "#11"},
				"up": {"uv": [0, 0, 1, 2], "texture": "#4"},
				"down": {"uv": [0, 0, 1, 16], "texture": "#4"}
			}
		},
		{
			"from": [-1.25, 0.5, -16],
			"to": [-0.25, 6.5, 16.15],
			"rotation": {"angle": 0, "axis": "y", "origin": [8, 15.48964, -20.875]},
			"faces": {
				"north": {"uv": [0, 0, 1, 16], "texture": "#4"},
				"east": {"uv": [0, 0, 1, 16], "texture": "#11"},
				"south": {"uv": [0, 0, 1, 16], "texture": "#4"},
				"west": {"uv": [0, 0, 1, 16], "texture": "#11"},
				"up": {"uv": [0, 0, 1, 2], "texture": "#4"},
				"down": {"uv": [0, 0, 1, 16], "texture": "#4"}
			}
		},
		{
			"from": [-1.25, 6.5, 14],
			"to": [-0.25, 15.5, 16.15],
			"rotation": {"angle": 0, "axis": "y", "origin": [8, 15.48964, -20.875]},
			"faces": {
				"north": {"uv": [0, 0, 1, 16], "texture": "#4"},
				"east": {"uv": [0, 0, 1, 16], "texture": "#11"},
				"south": {"uv": [0, 0, 1, 16], "texture": "#4"},
				"west": {"uv": [0, 0, 1, 16], "texture": "#11"},
				"up": {"uv": [0, 0, 1, 2], "texture": "#4"},
				"down": {"uv": [0, 0, 1, 16], "texture": "#4"}
			}
		},
		{
			"from": [-1, 0.5, 16],
			"to": [-0.5, 15.5, 17.15],
			"rotation": {"angle": 0, "axis": "y", "origin": [8, 15.48964, -20.875]},
			"faces": {
				"north": {"uv": [0, 0, 1, 16], "texture": "#4"},
				"east": {"uv": [0, 0, 1, 16], "texture": "#4"},
				"south": {"uv": [0, 0, 1, 16], "texture": "#4"},
				"west": {"uv": [0, 0, 1, 16], "texture": "#4"},
				"up": {"uv": [0, 0, 1, 2], "texture": "#4"},
				"down": {"uv": [0, 0, 1, 16], "texture": "#4"}
			}
		},
		{
			"from": [-1, 0.5, 17],
			"to": [-0.5, 7.5, 20.15],
			"rotation": {"angle": 0, "axis": "y", "origin": [8, 15.48964, -20.875]},
			"faces": {
				"north": {"uv": [0, 0, 1, 16], "texture": "#4"},
				"east": {"uv": [0, 0, 1, 16], "texture": "#4"},
				"south": {"uv": [0, 0, 1, 16], "texture": "#4"},
				"west": {"uv": [0, 0, 1, 16], "texture": "#4"},
				"up": {"uv": [0, 0, 1, 2], "texture": "#4"},
				"down": {"uv": [0, 0, 1, 16], "texture": "#4"}
			}
		},
		{
			"from": [-0.75, 7.5, 17],
			"to": [-0.75, 13.5, 20.15],
			"rotation": {"angle": 0, "axis": "y", "origin": [8, 15.48964, -20.875]},
			"faces": {
				"north": {"uv": [0, 0, 1, 16], "texture": "#4"},
				"east": {"uv": [0, 0, 16, 16], "texture": "#15"},
				"south": {"uv": [0, 0, 1, 16], "texture": "#4"},
				"west": {"uv": [0, 0, 16, 16], "texture": "#15"},
				"up": {"uv": [0, 0, 1, 2], "texture": "#4"},
				"down": {"uv": [0, 0, 1, 16], "texture": "#4"}
			}
		},
		{
			"from": [-1, 13.5, 17],
			"to": [-0.5, 15.5, 20.15],
			"rotation": {"angle": 0, "axis": "y", "origin": [8, 15.48964, -20.875]},
			"faces": {
				"north": {"uv": [0, 0, 1, 16], "texture": "#4"},
				"east": {"uv": [0, 0, 1, 16], "texture": "#4"},
				"south": {"uv": [0, 0, 1, 16], "texture": "#4"},
				"west": {"uv": [0, 0, 1, 16], "texture": "#4"},
				"up": {"uv": [0, 0, 1, 2], "texture": "#4"},
				"down": {"uv": [0, 0, 1, 16], "texture": "#4"}
			}
		},
		{
			"from": [-1, 0.5, 20],
			"to": [-0.5, 15.5, 21.15],
			"rotation": {"angle": 0, "axis": "y", "origin": [8, 15.48964, -20.875]},
			"faces": {
				"north": {"uv": [0, 0, 1, 16], "texture": "#4"},
				"east": {"uv": [0, 0, 1, 16], "texture": "#4"},
				"south": {"uv": [0, 0, 1, 16], "texture": "#4"},
				"west": {"uv": [0, 0, 1, 16], "texture": "#4"},
				"up": {"uv": [0, 0, 1, 2], "texture": "#4"},
				"down": {"uv": [0, 0, 1, 16], "texture": "#4"}
			}
		},
		{
			"from": [-1.25, 0.5, 21],
			"to": [-0.25, 15.5, 22.15],
			"rotation": {"angle": 0, "axis": "y", "origin": [8, 15.48964, -20.875]},
			"faces": {
				"north": {"uv": [0, 0, 1, 16], "texture": "#4"},
				"east": {"uv": [0, 0, 1, 16], "texture": "#11"},
				"south": {"uv": [0, 0, 1, 16], "texture": "#4"},
				"west": {"uv": [0, 0, 1, 16], "texture": "#11"},
				"up": {"uv": [0, 0, 1, 2], "texture": "#4"},
				"down": {"uv": [0, 0, 1, 16], "texture": "#4"}
			}
		},
		{
			"from": [16.25, 0.5, -16],
			"to": [17.25, 12.5, 4.2],
			"rotation": {"angle": 0, "axis": "y", "origin": [8, 15.48964, -20.875]},
			"faces": {
				"north": {"uv": [1, 0, 0, 16], "texture": "#4"},
				"east": {"uv": [1, 0, 0, 16], "texture": "#11"},
				"south": {"uv": [1, 0, 0, 16], "texture": "#4"},
				"west": {"uv": [1, 0, 0, 16], "texture": "#11"},
				"up": {"uv": [1, 0, 0, 2], "texture": "#4"},
				"down": {"uv": [1, 0, 0, 16], "texture": "#4"}
			}
		},
		{
			"from": [-1.25, 0, -16],
			"to": [17.25, 1, 24.5],
			"rotation": {"angle": 0, "axis": "y", "origin": [8, 15.48964, 6.125]},
			"faces": {
				"north": {"uv": [0, 0, 14, 16], "texture": "#4"},
				"east": {"uv": [0, 0, 14, 16], "texture": "#11"},
				"south": {"uv": [0, 0, 14, 16], "texture": "#4"},
				"west": {"uv": [0, 0, 14, 16], "texture": "#11"},
				"up": {"uv": [0, 0, 14, 16], "texture": "#missing"},
				"down": {"uv": [0, 0, 14, 16], "texture": "#11"}
			}
		},
		{
			"from": [1, 8.7, 20.7],
			"to": [15.1, 12, 22.3],
			"rotation": {"angle": 22.5, "axis": "x", "origin": [0, 0, 1]},
			"faces": {
				"north": {"uv": [0, 0, 13.4, 13], "texture": "#4"},
				"east": {"uv": [0, 0, 1.6, 13], "texture": "#4"},
				"south": {"uv": [0, 0, 13.4, 13], "texture": "#missing"},
				"west": {"uv": [0, 0, 1.6, 13], "texture": "#4"},
				"up": {"uv": [0, 0, 13.4, 1.6], "texture": "#4"},
				"down": {"uv": [0, 0, 13.4, 1.6], "texture": "#4"}
			}
		},
		{
			"from": [-0.1, 4.1, 24.2],
			"to": [16.1, 8.1, 26],
			"rotation": {"angle": 0, "axis": "y", "origin": [0, 0, 1.1]},
			"faces": {
				"north": {"uv": [0, 0, 16, 4], "texture": "#10"},
				"east": {"uv": [0, 0, 1.8, 4], "texture": "#10"},
				"south": {"uv": [0, 0, 16, 4], "texture": "#18"},
				"west": {"uv": [0, 0, 1.8, 4], "texture": "#10"},
				"up": {"uv": [0, 0, 16, 1.8], "texture": "#18"},
				"down": {"uv": [0, 0, 16, 1.8], "texture": "#18"}
			}
		},
		{
			"from": [-0.1, 15.1, 24.2],
			"to": [16.1, 19.1, 26],
			"rotation": {"angle": 0, "axis": "y", "origin": [0, 0, 1.1]},
			"faces": {
				"north": {"uv": [0, 0, 16, 4], "texture": "#10"},
				"east": {"uv": [0, 0, 1.8, 4], "texture": "#10"},
				"south": {"uv": [0, 0, 16, 4], "texture": "#18"},
				"west": {"uv": [0, 0, 1.8, 4], "texture": "#10"},
				"up": {"uv": [0, 0, 16, 1.8], "texture": "#18"},
				"down": {"uv": [0, 0, 16, 1.8], "texture": "#18"}
			}
		},
		{
			"from": [-6.2, 4.1, 28.3],
			"to": [-4.6, 19.1, 30.1],
			"rotation": {"angle": 45, "axis": "y", "origin": [0, 0, 1.1]},
			"faces": {
				"north": {"uv": [0, 0, 16, 4], "texture": "#4"},
				"east": {"uv": [0, 0, 1.8, 4], "texture": "#4"},
				"south": {"uv": [0, 0, 16, 4], "texture": "#18"},
				"west": {"uv": [0, 0, 1.8, 4], "texture": "#18"},
				"up": {"uv": [0, 0, 16, 1.8], "texture": "#18"},
				"down": {"uv": [0, 0, 16, 1.8], "texture": "#18"}
			}
		},
		{
			"from": [-6.2, 0.1, 28.3],
			"to": [-4.6, 4.1, 30.1],
			"rotation": {"angle": 45, "axis": "y", "origin": [0, 0, 1.1]},
			"faces": {
				"north": {"uv": [0, 0, 16, 4], "texture": "#4"},
				"east": {"uv": [0, 0, 1.8, 4], "texture": "#4"},
				"south": {"uv": [0, 0, 16, 4], "texture": "#11"},
				"west": {"uv": [0, 0, 1.8, 4], "texture": "#11"},
				"up": {"uv": [0, 0, 16, 1.8], "texture": "#11"},
				"down": {"uv": [0, 0, 16, 1.8], "texture": "#11"}
			}
		},
		{
			"from": [15.8, 4.1, 16.8],
			"to": [17.5, 19.1, 18.8],
			"rotation": {"angle": -45, "axis": "y", "origin": [0, 0, 1.2]},
			"faces": {
				"north": {"uv": [0, 0, 1.8, 4], "texture": "#4"},
				"east": {"uv": [0, 0, 16, 4], "texture": "#18"},
				"south": {"uv": [0, 0, 1.8, 4], "texture": "#18"},
				"west": {"uv": [0, 0, 16, 4], "texture": "#4"},
				"up": {"uv": [0, 0, 16, 1.8], "rotation": 270, "texture": "#18"},
				"down": {"uv": [0, 0, 16, 1.8], "rotation": 90, "texture": "#18"}
			}
		},
		{
			"from": [15.8, 0.1, 16.8],
			"to": [17.5, 4.1, 18.8],
			"rotation": {"angle": -45, "axis": "y", "origin": [0, 0, 1.2]},
			"faces": {
				"north": {"uv": [0, 0, 1.8, 4], "texture": "#4"},
				"east": {"uv": [0, 0, 16, 4], "texture": "#11"},
				"south": {"uv": [0, 0, 1.8, 4], "texture": "#11"},
				"west": {"uv": [0, 0, 16, 4], "texture": "#4"},
				"up": {"uv": [0, 0, 16, 1.8], "rotation": 270, "texture": "#11"},
				"down": {"uv": [0, 0, 16, 1.8], "rotation": 90, "texture": "#11"}
			}
		},
		{
			"from": [16.25, 3.95, 22.2],
			"to": [17.25, 19, 24.8],
			"rotation": {"angle": 0, "axis": "y", "origin": [0, 0, 1.1]},
			"faces": {
				"north": {"uv": [0, 0, 16, 4], "texture": "#4"},
				"east": {"uv": [0, 0, 1.8, 4], "texture": "#18"},
				"south": {"uv": [0, 0, 16, 4], "texture": "#18"},
				"west": {"uv": [0, 0, 1.8, 4], "texture": "#4"},
				"up": {"uv": [0, 0, 16, 1.8], "texture": "#18"},
				"down": {"uv": [0, 0, 16, 1.8], "texture": "#18"}
			}
		},
		{
			"from": [16.25, 8.95, 24.8],
			"to": [17.25, 13.1, 24.9],
			"rotation": {"angle": 0, "axis": "y", "origin": [0, 0, 1.1]},
			"faces": {
				"north": {"uv": [0, 0, 16, 4], "texture": "#4"},
				"east": {"uv": [0, 0, 1.8, 4], "texture": "#18"},
				"south": {"uv": [0, 0, 16, 4], "texture": "#18"},
				"west": {"uv": [0, 0, 1.8, 4], "texture": "#4"},
				"up": {"uv": [0, 0, 16, 1.8], "texture": "#18"},
				"down": {"uv": [0, 0, 16, 1.8], "texture": "#18"}
			}
		},
		{
			"from": [16.25, 0.05, 22.2],
			"to": [17.25, 4, 24.9],
			"rotation": {"angle": 0, "axis": "y", "origin": [0, 0, 1.1]},
			"faces": {
				"north": {"uv": [0, 0, 16, 4], "texture": "#4"},
				"east": {"uv": [0, 0, 1.8, 4], "texture": "#11"},
				"south": {"uv": [0, 0, 16, 4], "texture": "#11"},
				"west": {"uv": [0, 0, 1.8, 4], "texture": "#4"},
				"up": {"uv": [0, 0, 16, 1.8], "texture": "#11"},
				"down": {"uv": [0, 0, 16, 1.8], "texture": "#11"}
			}
		},
		{
			"from": [-1.25, 4.15, 22.2],
			"to": [-0.25, 19, 24.8],
			"rotation": {"angle": 0, "axis": "y", "origin": [0, 0, 1.1]},
			"faces": {
				"north": {"uv": [0, 0, 16, 4], "texture": "#18"},
				"east": {"uv": [0, 0, 1.8, 4], "texture": "#4"},
				"south": {"uv": [0, 0, 16, 4], "texture": "#18"},
				"west": {"uv": [0, 0, 1.8, 4], "texture": "#18"},
				"up": {"uv": [0, 0, 16, 1.8], "texture": "#18"},
				"down": {"uv": [0, 0, 16, 1.8], "texture": "#18"}
			}
		},
		{
			"from": [-1.25, 0.45, 21.95],
			"to": [-0.25, 4.2, 24.8],
			"rotation": {"angle": 0, "axis": "y", "origin": [0, 0, 1.1]},
			"faces": {
				"north": {"uv": [0, 0, 16, 4], "texture": "#11"},
				"east": {"uv": [0, 0, 1.8, 4], "texture": "#4"},
				"south": {"uv": [0, 0, 16, 4], "texture": "#11"},
				"west": {"uv": [0, 0, 1.8, 4], "texture": "#11"},
				"up": {"uv": [0, 0, 16, 1.8], "texture": "#11"},
				"down": {"uv": [0, 0, 16, 1.8], "texture": "#11"}
			}
		},
		{
			"from": [-0.1, 0, 24.4],
			"to": [1.4, 4.1, 26],
			"rotation": {"angle": 0, "axis": "y", "origin": [7, 0, 1.2]},
			"faces": {
				"north": {"uv": [0, 0, 2, 9], "texture": "#4"},
				"east": {"uv": [0, 0, 1.6, 9], "texture": "#4"},
				"south": {"uv": [0, 0, 2, 9], "texture": "#11"},
				"west": {"uv": [0, 0, 1.6, 9], "texture": "#4"},
				"up": {"uv": [0, 0, 2, 1.6], "texture": "#4"},
				"down": {"uv": [0, 0, 2, 1.6], "texture": "#4"}
			}
		},
		{
			"from": [14.4, 0, 24.4],
			"to": [16.1, 4.1, 26],
			"rotation": {"angle": 0, "axis": "y", "origin": [0, 0, 1.2]},
			"faces": {
				"north": {"uv": [0, 0, 2, 9], "texture": "#4"},
				"east": {"uv": [0, 0, 1.6, 9], "texture": "#11"},
				"south": {"uv": [0, 0, 2, 9], "texture": "#11"},
				"west": {"uv": [0, 0, 1.6, 9], "texture": "#4"},
				"up": {"uv": [0, 0, 2, 1.6], "texture": "#4"},
				"down": {"uv": [0, 0, 2, 1.6], "texture": "#4"}
			}
		},
		{
			"from": [1, 0, 24.4],
			"to": [14.4, 4.1, 26],
			"rotation": {"angle": 0, "axis": "y", "origin": [0, 0, 1.2]},
			"faces": {
				"north": {"uv": [0, 0, 13.4, 13], "texture": "#4"},
				"east": {"uv": [0, 0, 1.6, 13], "texture": "#4"},
				"south": {"uv": [0, 0, 13.4, 13], "texture": "#11"},
				"west": {"uv": [0, 0, 1.6, 13], "texture": "#4"},
				"up": {"uv": [0, 0, 13.4, 1.6], "texture": "#4"},
				"down": {"uv": [0, 0, 13.4, 1.6], "texture": "#4"}
			}
		}
	],
	"display": {
		"head": {
			"scale": [4, 4, 4]
		}
	},
	"groups": [
		{
			"name": "group",
			"origin": [8, 12.48964, 6.125],
			"color": 0,
			"children": [0, 1, 2]
		},
		3,
		4,
		5,
		6,
		7,
		8,
		9,
		10,
		11,
		12,
		13,
		14,
		{
			"name": "Coupler2",
			"origin": [0, 17, 0],
			"color": 0,
			"children": []
		},
		15,
		{
			"name": "group",
			"origin": [0, 0, -15],
			"color": 0,
			"children": []
		},
		{
			"name": "group",
			"origin": [8, 15.48964, 6.125],
			"color": 0,
			"children": []
		},
		{
			"name": "group",
			"origin": [8, 15.48964, 6.125],
			"color": 0,
			"children": []
		},
		{
			"name": "group",
			"origin": [8, 15.48964, 6.125],
			"color": 0,
			"children": []
		},
		{
			"name": "group",
			"origin": [8, 15.48964, 6.125],
			"color": 0,
			"children": []
		},
		16,
		17,
		18,
		19,
		20,
		21,
		22,
		23,
		24,
		25,
		26,
		27,
		28,
		29
	]
}