{
	"textures": {
		"0": "block/yellow_concrete",
		"1": "block/black_concrete",
		"2": "block/gray_concrete",
		"3": "block/light_gray_stained_glass",
		"particle": "block/yellow_concrete"
	},
	"elements": [
		{
			"from": [0, -13, -10.1875],
			"to": [18, -12, 28.61],
			"rotation": {"angle": 0, "axis": "y", "origin": [0, -1, 0]},
			"faces": {
				"north": {"uv": [0, 0, 16, 1], "texture": "#0"},
				"east": {"uv": [0, 0, 16, 1], "texture": "#0"},
				"south": {"uv": [0, 0, 16, 1], "texture": "#0"},
				"west": {"uv": [0, 0, 16, 1], "texture": "#0"},
				"up": {"uv": [0, 0, 16, 16], "texture": "#0"},
				"down": {"uv": [0, 0, 16, 16], "texture": "#0"}
			}
		},
		{
			"from": [-1, 12, -9.7975],
			"to": [19, 13.5, 26.4375],
			"rotation": {"angle": 0, "axis": "y", "origin": [0, -1, 0.39]},
			"faces": {
				"north": {"uv": [0, 0, 16, 1], "texture": "#0"},
				"east": {"uv": [0, 0, 16, 1], "texture": "#0"},
				"south": {"uv": [0, 0, 16, 1], "texture": "#0"},
				"west": {"uv": [0, 0, 16, 1], "texture": "#0"},
				"up": {"uv": [0, 0, 16, 16], "texture": "#0"},
				"down": {"uv": [0, 0, 16, 16], "texture": "#0"}
			}
		},
		{
			"from": [-1, 11.26468, 26.09319],
			"to": [19, 12.76468, 29.95319],
			"rotation": {"angle": 22.5, "axis": "x", "origin": [9, 12.26468, 28.05444]},
			"faces": {
				"north": {"uv": [0, 0, 16, 1], "texture": "#0"},
				"east": {"uv": [0, 0, 16, 1], "texture": "#0"},
				"south": {"uv": [0, 0, 16, 1], "texture": "#0"},
				"west": {"uv": [0, 0, 16, 1], "texture": "#0"},
				"up": {"uv": [0, 0, 16, 16], "texture": "#0"},
				"down": {"uv": [0, 0, 16, 16], "texture": "#0"}
			}
		},
		{
			"from": [-0.85356, -12.79289, 15.8125],
			"to": [0.5, -11.79289, 28.61],
			"rotation": {"angle": -45, "axis": "z", "origin": [0, -12.29289, 9.21125]},
			"faces": {
				"north": {"uv": [0, 0, 1, 1], "texture": "#0"},
				"east": {"uv": [0, 0, 12.7975, 1], "texture": "#0"},
				"south": {"uv": [0, 0, 1, 1], "texture": "#0"},
				"west": {"uv": [0, 0, 12.7975, 1], "texture": "#0"},
				"up": {"uv": [0, 0, 1, 12.7975], "texture": "#0"},
				"down": {"uv": [0, 0, 1, 12.7975], "texture": "#0"}
			}
		},
		{
			"from": [-0.95711, -12.04289, 15.8125],
			"to": [0.04289, -11.04289, 28.61],
			"rotation": {"angle": 0, "axis": "z", "origin": [-0.20711, -11.79289, 22.21125]},
			"faces": {
				"north": {"uv": [0, 0, 1, 1], "texture": "#0"},
				"east": {"uv": [0, 0, 12.7975, 1], "texture": "#0"},
				"south": {"uv": [0, 0, 1, 1], "texture": "#0"},
				"west": {"uv": [0, 0, 12.7975, 1], "texture": "#0"},
				"up": {"uv": [0, 0, 1, 12.7975], "texture": "#0"},
				"down": {"uv": [0, 0, 1, 12.7975], "texture": "#0"}
			}
		},
		{
			"from": [17.95711, -12.04289, 15.8125],
			"to": [18.95711, -11.04289, 28.61],
			"rotation": {"angle": 0, "axis": "z", "origin": [0.20711, -11.79289, 22.21125]},
			"faces": {
				"north": {"uv": [0, 0, 1, 1], "texture": "#0"},
				"east": {"uv": [0, 0, 12.7975, 1], "texture": "#0"},
				"south": {"uv": [0, 0, 1, 1], "texture": "#0"},
				"west": {"uv": [0, 0, 12.7975, 1], "texture": "#0"},
				"up": {"uv": [0, 0, 1, 12.7975], "texture": "#0"},
				"down": {"uv": [0, 0, 1, 12.7975], "texture": "#0"}
			}
		},
		{
			"from": [17.95711, 5.95711, 15.8125],
			"to": [18.95711, 11.95711, 28.61],
			"rotation": {"angle": 0, "axis": "z", "origin": [0.20711, -11.79289, 22.21125]},
			"faces": {
				"north": {"uv": [0, 0, 1, 1], "texture": "#0"},
				"east": {"uv": [0, 0, 12.7975, 1], "texture": "#0"},
				"south": {"uv": [0, 0, 1, 1], "texture": "#0"},
				"west": {"uv": [0, 0, 12.7975, 1], "texture": "#0"},
				"up": {"uv": [0, 0, 1, 12.7975], "texture": "#0"},
				"down": {"uv": [0, 0, 1, 12.7975], "texture": "#0"}
			}
		},
		{
			"from": [17.5, -12.79289, 15.8125],
			"to": [18.85356, -11.79289, 28.61],
			"rotation": {"angle": 45, "axis": "z", "origin": [18, -12.29289, 9.21125]},
			"faces": {
				"north": {"uv": [0, 0, 1, 1], "texture": "#0"},
				"east": {"uv": [0, 0, 12.7975, 1], "texture": "#0"},
				"south": {"uv": [0, 0, 1, 1], "texture": "#0"},
				"west": {"uv": [0, 0, 12.7975, 1], "texture": "#0"},
				"up": {"uv": [0, 0, 1, 12.7975], "texture": "#0"},
				"down": {"uv": [0, 0, 1, 12.7975], "texture": "#0"}
			}
		},
		{
			"from": [0, -12.04733, 28.60059],
			"to": [18, -11.04, 31.1875],
			"rotation": {"angle": -22.5, "axis": "x", "origin": [9, -12.5, 31]},
			"faces": {
				"north": {"uv": [0, 0, 16, 1], "texture": "#0"},
				"east": {"uv": [0, 0, 2.5625, 1], "texture": "#0"},
				"south": {"uv": [0, 0, 16, 1], "texture": "#0"},
				"west": {"uv": [0, 0, 2.5625, 1], "texture": "#0"},
				"up": {"uv": [0, 0, 16, 2.5625], "texture": "#0"},
				"down": {"uv": [0, 0, 16, 2.5625], "texture": "#0"}
			}
		},
		{
			"from": [0, -12, 29],
			"to": [18, -7, 31],
			"rotation": {"angle": 0, "axis": "y", "origin": [0, -1, 0]},
			"faces": {
				"north": {"uv": [0, 0, 16, 6], "texture": "#0"},
				"east": {"uv": [0, 0, 2, 6], "texture": "#0"},
				"south": {"uv": [0, 0, 16, 6], "texture": "#0"},
				"west": {"uv": [0, 0, 2, 6], "texture": "#0"},
				"up": {"uv": [0, 0, 16, 2], "texture": "#0"},
				"down": {"uv": [0, 0, 16, 2], "texture": "#0"}
			}
		},
		{
			"from": [0, 6, 29],
			"to": [18, 7, 31],
			"rotation": {"angle": 0, "axis": "y", "origin": [0, -1, 0]},
			"faces": {
				"north": {"uv": [0, 0, 16, 6], "texture": "#0"},
				"east": {"uv": [0, 0, 2, 6], "texture": "#0"},
				"south": {"uv": [0, 0, 16, 6], "texture": "#0"},
				"west": {"uv": [0, 0, 2, 6], "texture": "#0"},
				"up": {"uv": [0, 0, 16, 2], "texture": "#0"},
				"down": {"uv": [0, 0, 16, 2], "texture": "#0"}
			}
		},
		{
			"from": [0, 7, 30],
			"to": [18, 11, 31],
			"rotation": {"angle": 0, "axis": "y", "origin": [0, -1, 0]},
			"faces": {
				"north": {"uv": [0, 0, 16, 6], "texture": "#1"},
				"east": {"uv": [0, 0, 2, 6], "texture": "#1"},
				"south": {"uv": [0, 0, 16, 6], "texture": "#1"},
				"west": {"uv": [0, 0, 2, 6], "texture": "#1"},
				"up": {"uv": [0, 0, 16, 2], "texture": "#1"},
				"down": {"uv": [0, 0, 16, 2], "texture": "#1"}
			}
		},
		{
			"from": [0, 11, 30],
			"to": [18, 12, 31],
			"rotation": {"angle": 0, "axis": "y", "origin": [0, -1, 0]},
			"faces": {
				"north": {"uv": [0, 0, 16, 6], "texture": "#0"},
				"east": {"uv": [0, 0, 2, 6], "texture": "#0"},
				"south": {"uv": [0, 0, 16, 6], "texture": "#0"},
				"west": {"uv": [0, 0, 2, 6], "texture": "#0"},
				"up": {"uv": [0, 0, 16, 2], "texture": "#0"},
				"down": {"uv": [0, 0, 16, 2], "texture": "#0"}
			}
		},
		{
			"from": [0, 7, 29],
			"to": [18, 11, 30],
			"rotation": {"angle": 0, "axis": "y", "origin": [0, -1, 0]},
			"faces": {
				"north": {"uv": [0, 0, 16, 6], "texture": "#0"},
				"east": {"uv": [0, 0, 2, 6], "texture": "#0"},
				"south": {"uv": [0, 0, 16, 6], "texture": "#0"},
				"west": {"uv": [0, 0, 2, 6], "texture": "#0"},
				"up": {"uv": [0, 0, 16, 2], "texture": "#0"},
				"down": {"uv": [0, 0, 16, 2], "texture": "#0"}
			}
		},
		{
			"from": [18, -12, 27],
			"to": [19, 12, 30],
			"rotation": {"angle": 0, "axis": "y", "origin": [0, -1, 0]},
			"faces": {
				"north": {"uv": [0, 0, 1, 16], "texture": "#0"},
				"east": {"uv": [0, 0, 3, 16], "texture": "#0"},
				"south": {"uv": [0, 0, 1, 16], "texture": "#0"},
				"west": {"uv": [0, 0, 3, 16], "texture": "#0"},
				"up": {"uv": [0, 0, 1, 3], "texture": "#0"},
				"down": {"uv": [0, 0, 1, 3], "texture": "#0"}
			}
		},
		{
			"from": [-1, -12, 27],
			"to": [0, 12, 30],
			"rotation": {"angle": 0, "axis": "y", "origin": [0, -1, 0]},
			"faces": {
				"north": {"uv": [0, 0, 1, 16], "texture": "#0"},
				"east": {"uv": [0, 0, 3, 16], "texture": "#0"},
				"south": {"uv": [0, 0, 1, 16], "texture": "#0"},
				"west": {"uv": [0, 0, 3, 16], "texture": "#0"},
				"up": {"uv": [0, 0, 1, 3], "texture": "#0"},
				"down": {"uv": [0, 0, 1, 3], "texture": "#0"}
			}
		},
		{
			"from": [-0.79289, -12, 29.5],
			"to": [0.20711, 12, 30.91421],
			"rotation": {"angle": 45, "axis": "y", "origin": [-0.29289, -2, 30]},
			"faces": {
				"north": {"uv": [0, 0, 1, 16], "texture": "#0"},
				"east": {"uv": [0, 0, 1, 16], "texture": "#0"},
				"south": {"uv": [0, 0, 1, 16], "texture": "#0"},
				"west": {"uv": [0, 0, 1, 16], "texture": "#0"},
				"up": {"uv": [0, 0, 1, 1], "texture": "#0"},
				"down": {"uv": [0, 0, 1, 1], "texture": "#0"}
			}
		},
		{
			"from": [17.79289, -12, 29.5],
			"to": [18.79289, 12, 30.91421],
			"rotation": {"angle": -45, "axis": "y", "origin": [18.29289, -2, 30]},
			"faces": {
				"north": {"uv": [0, 0, 1, 16], "texture": "#0"},
				"east": {"uv": [0, 0, 1, 16], "texture": "#0"},
				"south": {"uv": [0, 0, 1, 16], "texture": "#0"},
				"west": {"uv": [0, 0, 1, 16], "texture": "#0"},
				"up": {"uv": [0, 0, 1, 1], "texture": "#0"},
				"down": {"uv": [0, 0, 1, 1], "texture": "#0"}
			}
		},
		{
			"from": [0, -7, 29.5],
			"to": [18, 6, 30.5],
			"rotation": {"angle": 0, "axis": "y", "origin": [0, -1, 0]},
			"faces": {
				"north": {"uv": [1, 1, 15, 15], "texture": "#3"},
				"east": {"uv": [0, 0, 1, 14], "texture": "#3"},
				"south": {"uv": [1, 1, 15, 15], "texture": "#3"},
				"west": {"uv": [0, 0, 1, 14], "texture": "#3"},
				"up": {"uv": [0, 0, 16, 1], "texture": "#3"},
				"down": {"uv": [0, 0, 16, 1], "texture": "#3"}
			}
		},
		{
			"name": "wheel_shaft",
			"from": [-2.5, -13.41, 10.5975],
			"to": [-2, -11.41, 12.5975],
			"rotation": {"angle": 0, "axis": "x", "origin": [-1, -12.41, 11.5625]},
			"faces": {
				"north": {"uv": [0, 0, 0.5, 2], "rotation": 180, "texture": "#2"},
				"east": {"uv": [0, 0, 2, 2], "rotation": 90, "texture": "#2"},
				"south": {"uv": [0, 0, 0.5, 2], "texture": "#2"},
				"west": {"uv": [0, 0, 2, 2], "rotation": 270, "texture": "#2"},
				"up": {"uv": [0, 0, 0.5, 2], "texture": "#2"},
				"down": {"uv": [0, 0, 0.5, 2], "rotation": 180, "texture": "#2"}
			}
		},
		{
			"name": "wheel",
			"from": [-2, -12.41, 10.9725],
			"to": [0, -9.41, 12.1525],
			"rotation": {"angle": 0, "axis": "x", "origin": [-1, -12.41, 11.5625]},
			"faces": {
				"north": {"uv": [0, 0, 2, 3], "rotation": 180, "texture": "#1"},
				"east": {"uv": [0, 0, 3, 1.18], "rotation": 90, "texture": "#1"},
				"south": {"uv": [0, 0, 2, 3], "texture": "#1"},
				"west": {"uv": [0, 0, 3, 1.18], "rotation": 270, "texture": "#1"},
				"up": {"uv": [0, 0, 2, 1.18], "texture": "#1"},
				"down": {"uv": [0, 0, 2, 1.18], "rotation": 180, "texture": "#1"}
			}
		},
		{
			"name": "wheel",
			"from": [-2, -13, 11.5625],
			"to": [0, -11.82, 14.5625],
			"rotation": {"angle": 0, "axis": "x", "origin": [-1, -12.41, 11.5625]},
			"faces": {
				"north": {"uv": [0, 0, 2, 1.18], "texture": "#1"},
				"east": {"uv": [0, 0, 3, 1.18], "texture": "#1"},
				"south": {"uv": [0, 0, 2, 1.18], "texture": "#1"},
				"west": {"uv": [0, 0, 3, 1.18], "texture": "#1"},
				"up": {"uv": [0, 0, 2, 3], "texture": "#1"},
				"down": {"uv": [0, 0, 2, 3], "texture": "#1"}
			}
		},
		{
			"name": "wheel",
			"from": [-2, -13, 11.5625],
			"to": [0, -11.82, 14.5625],
			"rotation": {"angle": 22.5, "axis": "x", "origin": [-1, -12.41, 11.5625]},
			"faces": {
				"north": {"uv": [0, 0, 2, 1.18], "texture": "#1"},
				"east": {"uv": [0, 0, 3, 1.18], "texture": "#1"},
				"south": {"uv": [0, 0, 2, 1.18], "texture": "#1"},
				"west": {"uv": [0, 0, 3, 1.18], "texture": "#1"},
				"up": {"uv": [0, 0, 2, 3], "texture": "#1"},
				"down": {"uv": [0, 0, 2, 3], "texture": "#1"}
			}
		},
		{
			"name": "wheel",
			"from": [-2, -13, 11.5625],
			"to": [0, -11.82, 14.5625],
			"rotation": {"angle": 45, "axis": "x", "origin": [-1, -12.41, 11.5625]},
			"faces": {
				"north": {"uv": [0, 0, 2, 1.18], "texture": "#1"},
				"east": {"uv": [0, 0, 3, 1.18], "texture": "#1"},
				"south": {"uv": [0, 0, 2, 1.18], "texture": "#1"},
				"west": {"uv": [0, 0, 3, 1.18], "texture": "#1"},
				"up": {"uv": [0, 0, 2, 3], "texture": "#1"},
				"down": {"uv": [0, 0, 2, 3], "texture": "#1"}
			}
		},
		{
			"name": "wheel",
			"from": [-2, -15.41, 10.9725],
			"to": [0, -12.41, 12.1525],
			"rotation": {"angle": -22.5, "axis": "x", "origin": [-1, -12.41, 11.5625]},
			"faces": {
				"north": {"uv": [0, 0, 2, 3], "rotation": 180, "texture": "#1"},
				"east": {"uv": [0, 0, 3, 1.18], "rotation": 270, "texture": "#1"},
				"south": {"uv": [0, 0, 2, 3], "texture": "#1"},
				"west": {"uv": [0, 0, 3, 1.18], "rotation": 90, "texture": "#1"},
				"up": {"uv": [0, 0, 2, 1.18], "rotation": 180, "texture": "#1"},
				"down": {"uv": [0, 0, 2, 1.18], "texture": "#1"}
			}
		},
		{
			"name": "wheel",
			"from": [-2, -15.41, 10.9725],
			"to": [0, -12.41, 12.1525],
			"rotation": {"angle": 0, "axis": "x", "origin": [-1, -12.41, 11.5625]},
			"faces": {
				"north": {"uv": [0, 0, 2, 3], "rotation": 180, "texture": "#1"},
				"east": {"uv": [0, 0, 3, 1.18], "rotation": 270, "texture": "#1"},
				"south": {"uv": [0, 0, 2, 3], "texture": "#1"},
				"west": {"uv": [0, 0, 3, 1.18], "rotation": 90, "texture": "#1"},
				"up": {"uv": [0, 0, 2, 1.18], "rotation": 180, "texture": "#1"},
				"down": {"uv": [0, 0, 2, 1.18], "texture": "#1"}
			}
		},
		{
			"name": "wheel",
			"from": [-2, -15.41, 10.9725],
			"to": [0, -12.41, 12.1525],
			"rotation": {"angle": 22.5, "axis": "x", "origin": [-1, -12.41, 11.5625]},
			"faces": {
				"north": {"uv": [0, 0, 2, 3], "rotation": 180, "texture": "#1"},
				"east": {"uv": [0, 0, 3, 1.18], "rotation": 270, "texture": "#1"},
				"south": {"uv": [0, 0, 2, 3], "texture": "#1"},
				"west": {"uv": [0, 0, 3, 1.18], "rotation": 90, "texture": "#1"},
				"up": {"uv": [0, 0, 2, 1.18], "rotation": 180, "texture": "#1"},
				"down": {"uv": [0, 0, 2, 1.18], "texture": "#1"}
			}
		},
		{
			"name": "wheel",
			"from": [-2, -13, 8.5625],
			"to": [0, -11.82, 11.5625],
			"rotation": {"angle": -45, "axis": "x", "origin": [-1, -12.41, 11.5625]},
			"faces": {
				"north": {"uv": [0, 0, 2, 1.18], "rotation": 180, "texture": "#1"},
				"east": {"uv": [0, 0, 3, 1.18], "rotation": 180, "texture": "#1"},
				"south": {"uv": [0, 0, 2, 1.18], "rotation": 180, "texture": "#1"},
				"west": {"uv": [0, 0, 3, 1.18], "rotation": 180, "texture": "#1"},
				"up": {"uv": [0, 0, 2, 3], "texture": "#1"},
				"down": {"uv": [0, 0, 2, 3], "texture": "#1"}
			}
		},
		{
			"name": "wheel",
			"from": [-2, -13, 8.5625],
			"to": [0, -11.82, 11.5625],
			"rotation": {"angle": -22.5, "axis": "x", "origin": [-1, -12.41, 11.5625]},
			"faces": {
				"north": {"uv": [0, 0, 2, 1.18], "rotation": 180, "texture": "#1"},
				"east": {"uv": [0, 0, 3, 1.18], "rotation": 180, "texture": "#1"},
				"south": {"uv": [0, 0, 2, 1.18], "rotation": 180, "texture": "#1"},
				"west": {"uv": [0, 0, 3, 1.18], "rotation": 180, "texture": "#1"},
				"up": {"uv": [0, 0, 2, 3], "texture": "#1"},
				"down": {"uv": [0, 0, 2, 3], "texture": "#1"}
			}
		},
		{
			"name": "wheel",
			"from": [-2, -13, 8.5625],
			"to": [0, -11.82, 11.5625],
			"rotation": {"angle": 0, "axis": "x", "origin": [-1, -12.41, 11.5625]},
			"faces": {
				"north": {"uv": [0, 0, 2, 1.18], "rotation": 180, "texture": "#1"},
				"east": {"uv": [0, 0, 3, 1.18], "rotation": 180, "texture": "#1"},
				"south": {"uv": [0, 0, 2, 1.18], "rotation": 180, "texture": "#1"},
				"west": {"uv": [0, 0, 3, 1.18], "rotation": 180, "texture": "#1"},
				"up": {"uv": [0, 0, 2, 3], "texture": "#1"},
				"down": {"uv": [0, 0, 2, 3], "texture": "#1"}
			}
		},
		{
			"name": "wheel",
			"from": [-2, -13, 8.5625],
			"to": [0, -11.82, 11.5625],
			"rotation": {"angle": 22.5, "axis": "x", "origin": [-1, -12.41, 11.5625]},
			"faces": {
				"north": {"uv": [0, 0, 2, 1.18], "rotation": 180, "texture": "#1"},
				"east": {"uv": [0, 0, 3, 1.18], "rotation": 180, "texture": "#1"},
				"south": {"uv": [0, 0, 2, 1.18], "rotation": 180, "texture": "#1"},
				"west": {"uv": [0, 0, 3, 1.18], "rotation": 180, "texture": "#1"},
				"up": {"uv": [0, 0, 2, 3], "texture": "#1"},
				"down": {"uv": [0, 0, 2, 3], "texture": "#1"}
			}
		},
		{
			"name": "wheel",
			"from": [-2, -12.41, 10.9725],
			"to": [0, -9.41, 12.1525],
			"rotation": {"angle": -45, "axis": "x", "origin": [-1, -12.41, 11.5625]},
			"faces": {
				"north": {"uv": [0, 0, 2, 3], "rotation": 180, "texture": "#1"},
				"east": {"uv": [0, 0, 3, 1.18], "rotation": 90, "texture": "#1"},
				"south": {"uv": [0, 0, 2, 3], "texture": "#1"},
				"west": {"uv": [0, 0, 3, 1.18], "rotation": 270, "texture": "#1"},
				"up": {"uv": [0, 0, 2, 1.18], "texture": "#1"},
				"down": {"uv": [0, 0, 2, 1.18], "rotation": 180, "texture": "#1"}
			}
		},
		{
			"name": "wheel",
			"from": [-2, -12.41, 10.9725],
			"to": [0, -9.41, 12.1525],
			"rotation": {"angle": -22.5, "axis": "x", "origin": [-1, -12.41, 11.5625]},
			"faces": {
				"north": {"uv": [0, 0, 2, 3], "rotation": 180, "texture": "#1"},
				"east": {"uv": [0, 0, 3, 1.18], "rotation": 90, "texture": "#1"},
				"south": {"uv": [0, 0, 2, 3], "texture": "#1"},
				"west": {"uv": [0, 0, 3, 1.18], "rotation": 270, "texture": "#1"},
				"up": {"uv": [0, 0, 2, 1.18], "texture": "#1"},
				"down": {"uv": [0, 0, 2, 1.18], "rotation": 180, "texture": "#1"}
			}
		},
		{
			"name": "wheel",
			"from": [-2, -13, 11.5625],
			"to": [0, -11.82, 14.5625],
			"rotation": {"angle": -22.5, "axis": "x", "origin": [-1, -12.41, 11.5625]},
			"faces": {
				"north": {"uv": [0, 0, 2, 1.18], "texture": "#1"},
				"east": {"uv": [0, 0, 3, 1.18], "texture": "#1"},
				"south": {"uv": [0, 0, 2, 1.18], "texture": "#1"},
				"west": {"uv": [0, 0, 3, 1.18], "texture": "#1"},
				"up": {"uv": [0, 0, 2, 3], "texture": "#1"},
				"down": {"uv": [0, 0, 2, 3], "texture": "#1"}
			}
		},
		{
			"name": "wheel",
			"from": [-2, -12.41, 10.9725],
			"to": [0, -9.41, 12.1525],
			"rotation": {"angle": 45, "axis": "x", "origin": [-1, -12.41, 11.5625]},
			"faces": {
				"north": {"uv": [0, 0, 2, 3], "rotation": 180, "texture": "#1"},
				"east": {"uv": [0, 0, 3, 1.18], "rotation": 90, "texture": "#1"},
				"south": {"uv": [0, 0, 2, 3], "texture": "#1"},
				"west": {"uv": [0, 0, 3, 1.18], "rotation": 270, "texture": "#1"},
				"up": {"uv": [0, 0, 2, 1.18], "texture": "#1"},
				"down": {"uv": [0, 0, 2, 1.18], "rotation": 180, "texture": "#1"}
			}
		},
		{
			"name": "wheel",
			"from": [-2, -12.41, 10.9725],
			"to": [0, -9.41, 12.1525],
			"rotation": {"angle": 22.5, "axis": "x", "origin": [-1, -12.41, 11.5625]},
			"faces": {
				"north": {"uv": [0, 0, 2, 3], "rotation": 180, "texture": "#1"},
				"east": {"uv": [0, 0, 3, 1.18], "rotation": 90, "texture": "#1"},
				"south": {"uv": [0, 0, 2, 3], "texture": "#1"},
				"west": {"uv": [0, 0, 3, 1.18], "rotation": 270, "texture": "#1"},
				"up": {"uv": [0, 0, 2, 1.18], "texture": "#1"},
				"down": {"uv": [0, 0, 2, 1.18], "rotation": 180, "texture": "#1"}
			}
		},
		{
			"name": "wheel_shaft",
			"from": [20, -13.41, 10.5975],
			"to": [20.5, -11.41, 12.5975],
			"rotation": {"angle": 0, "axis": "x", "origin": [19, -12.41, 11.5625]},
			"faces": {
				"north": {"uv": [0, 0, 0.5, 2], "rotation": 180, "texture": "#2"},
				"east": {"uv": [0, 0, 2, 2], "rotation": 90, "texture": "#2"},
				"south": {"uv": [0, 0, 0.5, 2], "texture": "#2"},
				"west": {"uv": [0, 0, 2, 2], "rotation": 270, "texture": "#2"},
				"up": {"uv": [0, 0, 0.5, 2], "texture": "#2"},
				"down": {"uv": [0, 0, 0.5, 2], "rotation": 180, "texture": "#2"}
			}
		},
		{
			"name": "wheel",
			"from": [18, -12.41, 10.9725],
			"to": [20, -9.41, 12.1525],
			"rotation": {"angle": 0, "axis": "x", "origin": [19, -12.41, 11.5625]},
			"faces": {
				"north": {"uv": [0, 0, 2, 3], "rotation": 180, "texture": "#1"},
				"east": {"uv": [0, 0, 3, 1.18], "rotation": 90, "texture": "#1"},
				"south": {"uv": [0, 0, 2, 3], "texture": "#1"},
				"west": {"uv": [0, 0, 3, 1.18], "rotation": 270, "texture": "#1"},
				"up": {"uv": [0, 0, 2, 1.18], "texture": "#1"},
				"down": {"uv": [0, 0, 2, 1.18], "rotation": 180, "texture": "#1"}
			}
		},
		{
			"name": "wheel",
			"from": [18, -13, 11.5625],
			"to": [20, -11.82, 14.5625],
			"rotation": {"angle": 0, "axis": "x", "origin": [19, -12.41, 11.5625]},
			"faces": {
				"north": {"uv": [0, 0, 2, 1.18], "texture": "#1"},
				"east": {"uv": [0, 0, 3, 1.18], "texture": "#1"},
				"south": {"uv": [0, 0, 2, 1.18], "texture": "#1"},
				"west": {"uv": [0, 0, 3, 1.18], "texture": "#1"},
				"up": {"uv": [0, 0, 2, 3], "texture": "#1"},
				"down": {"uv": [0, 0, 2, 3], "texture": "#1"}
			}
		},
		{
			"name": "wheel",
			"from": [18, -13, 11.5625],
			"to": [20, -11.82, 14.5625],
			"rotation": {"angle": 22.5, "axis": "x", "origin": [19, -12.41, 11.5625]},
			"faces": {
				"north": {"uv": [0, 0, 2, 1.18], "texture": "#1"},
				"east": {"uv": [0, 0, 3, 1.18], "texture": "#1"},
				"south": {"uv": [0, 0, 2, 1.18], "texture": "#1"},
				"west": {"uv": [0, 0, 3, 1.18], "texture": "#1"},
				"up": {"uv": [0, 0, 2, 3], "texture": "#1"},
				"down": {"uv": [0, 0, 2, 3], "texture": "#1"}
			}
		},
		{
			"name": "wheel",
			"from": [18, -13, 11.5625],
			"to": [20, -11.82, 14.5625],
			"rotation": {"angle": 45, "axis": "x", "origin": [19, -12.41, 11.5625]},
			"faces": {
				"north": {"uv": [0, 0, 2, 1.18], "texture": "#1"},
				"east": {"uv": [0, 0, 3, 1.18], "texture": "#1"},
				"south": {"uv": [0, 0, 2, 1.18], "texture": "#1"},
				"west": {"uv": [0, 0, 3, 1.18], "texture": "#1"},
				"up": {"uv": [0, 0, 2, 3], "texture": "#1"},
				"down": {"uv": [0, 0, 2, 3], "texture": "#1"}
			}
		},
		{
			"name": "wheel",
			"from": [18, -15.41, 10.9725],
			"to": [20, -12.41, 12.1525],
			"rotation": {"angle": -22.5, "axis": "x", "origin": [19, -12.41, 11.5625]},
			"faces": {
				"north": {"uv": [0, 0, 2, 3], "rotation": 180, "texture": "#1"},
				"east": {"uv": [0, 0, 3, 1.18], "rotation": 270, "texture": "#1"},
				"south": {"uv": [0, 0, 2, 3], "texture": "#1"},
				"west": {"uv": [0, 0, 3, 1.18], "rotation": 90, "texture": "#1"},
				"up": {"uv": [0, 0, 2, 1.18], "rotation": 180, "texture": "#1"},
				"down": {"uv": [0, 0, 2, 1.18], "texture": "#1"}
			}
		},
		{
			"name": "wheel",
			"from": [18, -15.41, 10.9725],
			"to": [20, -12.41, 12.1525],
			"rotation": {"angle": 0, "axis": "x", "origin": [19, -12.41, 11.5625]},
			"faces": {
				"north": {"uv": [0, 0, 2, 3], "rotation": 180, "texture": "#1"},
				"east": {"uv": [0, 0, 3, 1.18], "rotation": 270, "texture": "#1"},
				"south": {"uv": [0, 0, 2, 3], "texture": "#1"},
				"west": {"uv": [0, 0, 3, 1.18], "rotation": 90, "texture": "#1"},
				"up": {"uv": [0, 0, 2, 1.18], "rotation": 180, "texture": "#1"},
				"down": {"uv": [0, 0, 2, 1.18], "texture": "#1"}
			}
		},
		{
			"name": "wheel",
			"from": [18, -15.41, 10.9725],
			"to": [20, -12.41, 12.1525],
			"rotation": {"angle": 22.5, "axis": "x", "origin": [19, -12.41, 11.5625]},
			"faces": {
				"north": {"uv": [0, 0, 2, 3], "rotation": 180, "texture": "#1"},
				"east": {"uv": [0, 0, 3, 1.18], "rotation": 270, "texture": "#1"},
				"south": {"uv": [0, 0, 2, 3], "texture": "#1"},
				"west": {"uv": [0, 0, 3, 1.18], "rotation": 90, "texture": "#1"},
				"up": {"uv": [0, 0, 2, 1.18], "rotation": 180, "texture": "#1"},
				"down": {"uv": [0, 0, 2, 1.18], "texture": "#1"}
			}
		},
		{
			"name": "wheel",
			"from": [18, -13, 8.5625],
			"to": [20, -11.82, 11.5625],
			"rotation": {"angle": -45, "axis": "x", "origin": [19, -12.41, 11.5625]},
			"faces": {
				"north": {"uv": [0, 0, 2, 1.18], "rotation": 180, "texture": "#1"},
				"east": {"uv": [0, 0, 3, 1.18], "rotation": 180, "texture": "#1"},
				"south": {"uv": [0, 0, 2, 1.18], "rotation": 180, "texture": "#1"},
				"west": {"uv": [0, 0, 3, 1.18], "rotation": 180, "texture": "#1"},
				"up": {"uv": [0, 0, 2, 3], "texture": "#1"},
				"down": {"uv": [0, 0, 2, 3], "texture": "#1"}
			}
		},
		{
			"name": "wheel",
			"from": [18, -13, 8.5625],
			"to": [20, -11.82, 11.5625],
			"rotation": {"angle": -22.5, "axis": "x", "origin": [19, -12.41, 11.5625]},
			"faces": {
				"north": {"uv": [0, 0, 2, 1.18], "rotation": 180, "texture": "#1"},
				"east": {"uv": [0, 0, 3, 1.18], "rotation": 180, "texture": "#1"},
				"south": {"uv": [0, 0, 2, 1.18], "rotation": 180, "texture": "#1"},
				"west": {"uv": [0, 0, 3, 1.18], "rotation": 180, "texture": "#1"},
				"up": {"uv": [0, 0, 2, 3], "texture": "#1"},
				"down": {"uv": [0, 0, 2, 3], "texture": "#1"}
			}
		},
		{
			"name": "wheel",
			"from": [18, -13, 8.5625],
			"to": [20, -11.82, 11.5625],
			"rotation": {"angle": 0, "axis": "x", "origin": [19, -12.41, 11.5625]},
			"faces": {
				"north": {"uv": [0, 0, 2, 1.18], "rotation": 180, "texture": "#1"},
				"east": {"uv": [0, 0, 3, 1.18], "rotation": 180, "texture": "#1"},
				"south": {"uv": [0, 0, 2, 1.18], "rotation": 180, "texture": "#1"},
				"west": {"uv": [0, 0, 3, 1.18], "rotation": 180, "texture": "#1"},
				"up": {"uv": [0, 0, 2, 3], "texture": "#1"},
				"down": {"uv": [0, 0, 2, 3], "texture": "#1"}
			}
		},
		{
			"name": "wheel",
			"from": [18, -13, 8.5625],
			"to": [20, -11.82, 11.5625],
			"rotation": {"angle": 22.5, "axis": "x", "origin": [19, -12.41, 11.5625]},
			"faces": {
				"north": {"uv": [0, 0, 2, 1.18], "rotation": 180, "texture": "#1"},
				"east": {"uv": [0, 0, 3, 1.18], "rotation": 180, "texture": "#1"},
				"south": {"uv": [0, 0, 2, 1.18], "rotation": 180, "texture": "#1"},
				"west": {"uv": [0, 0, 3, 1.18], "rotation": 180, "texture": "#1"},
				"up": {"uv": [0, 0, 2, 3], "texture": "#1"},
				"down": {"uv": [0, 0, 2, 3], "texture": "#1"}
			}
		},
		{
			"name": "wheel",
			"from": [18, -12.41, 10.9725],
			"to": [20, -9.41, 12.1525],
			"rotation": {"angle": -45, "axis": "x", "origin": [19, -12.41, 11.5625]},
			"faces": {
				"north": {"uv": [0, 0, 2, 3], "rotation": 180, "texture": "#1"},
				"east": {"uv": [0, 0, 3, 1.18], "rotation": 90, "texture": "#1"},
				"south": {"uv": [0, 0, 2, 3], "texture": "#1"},
				"west": {"uv": [0, 0, 3, 1.18], "rotation": 270, "texture": "#1"},
				"up": {"uv": [0, 0, 2, 1.18], "texture": "#1"},
				"down": {"uv": [0, 0, 2, 1.18], "rotation": 180, "texture": "#1"}
			}
		},
		{
			"name": "wheel",
			"from": [18, -12.41, 10.9725],
			"to": [20, -9.41, 12.1525],
			"rotation": {"angle": -22.5, "axis": "x", "origin": [19, -12.41, 11.5625]},
			"faces": {
				"north": {"uv": [0, 0, 2, 3], "rotation": 180, "texture": "#1"},
				"east": {"uv": [0, 0, 3, 1.18], "rotation": 90, "texture": "#1"},
				"south": {"uv": [0, 0, 2, 3], "texture": "#1"},
				"west": {"uv": [0, 0, 3, 1.18], "rotation": 270, "texture": "#1"},
				"up": {"uv": [0, 0, 2, 1.18], "texture": "#1"},
				"down": {"uv": [0, 0, 2, 1.18], "rotation": 180, "texture": "#1"}
			}
		},
		{
			"name": "wheel",
			"from": [18, -13, 11.5625],
			"to": [20, -11.82, 14.5625],
			"rotation": {"angle": -22.5, "axis": "x", "origin": [19, -12.41, 11.5625]},
			"faces": {
				"north": {"uv": [0, 0, 2, 1.18], "texture": "#1"},
				"east": {"uv": [0, 0, 3, 1.18], "texture": "#1"},
				"south": {"uv": [0, 0, 2, 1.18], "texture": "#1"},
				"west": {"uv": [0, 0, 3, 1.18], "texture": "#1"},
				"up": {"uv": [0, 0, 2, 3], "texture": "#1"},
				"down": {"uv": [0, 0, 2, 3], "texture": "#1"}
			}
		},
		{
			"name": "wheel",
			"from": [18, -12.41, 10.9725],
			"to": [20, -9.41, 12.1525],
			"rotation": {"angle": 45, "axis": "x", "origin": [19, -12.41, 11.5625]},
			"faces": {
				"north": {"uv": [0, 0, 2, 3], "rotation": 180, "texture": "#1"},
				"east": {"uv": [0, 0, 3, 1.18], "rotation": 90, "texture": "#1"},
				"south": {"uv": [0, 0, 2, 3], "texture": "#1"},
				"west": {"uv": [0, 0, 3, 1.18], "rotation": 270, "texture": "#1"},
				"up": {"uv": [0, 0, 2, 1.18], "texture": "#1"},
				"down": {"uv": [0, 0, 2, 1.18], "rotation": 180, "texture": "#1"}
			}
		},
		{
			"name": "wheel",
			"from": [18, -12.41, 10.9725],
			"to": [20, -9.41, 12.1525],
			"rotation": {"angle": 22.5, "axis": "x", "origin": [19, -12.41, 11.5625]},
			"faces": {
				"north": {"uv": [0, 0, 2, 3], "rotation": 180, "texture": "#1"},
				"east": {"uv": [0, 0, 3, 1.18], "rotation": 90, "texture": "#1"},
				"south": {"uv": [0, 0, 2, 3], "texture": "#1"},
				"west": {"uv": [0, 0, 3, 1.18], "rotation": 270, "texture": "#1"},
				"up": {"uv": [0, 0, 2, 1.18], "texture": "#1"},
				"down": {"uv": [0, 0, 2, 1.18], "rotation": 180, "texture": "#1"}
			}
		},
		{
			"from": [16, -12, 15],
			"to": [19, -9, 16],
			"rotation": {"angle": 0, "axis": "y", "origin": [0, -1, 0]},
			"faces": {
				"north": {"uv": [0, 0, 1, 16], "texture": "#0"},
				"east": {"uv": [0, 0, 3, 16], "texture": "#0"},
				"south": {"uv": [0, 0, 1, 16], "texture": "#0"},
				"west": {"uv": [0, 0, 3, 16], "texture": "#0"},
				"up": {"uv": [0, 0, 1, 3], "texture": "#0"},
				"down": {"uv": [0, 0, 1, 3], "texture": "#0"}
			}
		},
		{
			"from": [16, -12, 8],
			"to": [17, -9, 15],
			"rotation": {"angle": 0, "axis": "y", "origin": [0, -1, 0]},
			"faces": {
				"north": {"uv": [0, 0, 1, 16], "texture": "#0"},
				"east": {"uv": [0, 0, 3, 16], "texture": "#0"},
				"south": {"uv": [0, 0, 1, 16], "texture": "#0"},
				"west": {"uv": [0, 0, 3, 16], "texture": "#0"},
				"up": {"uv": [0, 0, 1, 3], "texture": "#0"},
				"down": {"uv": [0, 0, 1, 3], "texture": "#0"}
			}
		},
		{
			"from": [16, -9, 7],
			"to": [19, -8, 16],
			"rotation": {"angle": 0, "axis": "y", "origin": [0, -1, 0]},
			"faces": {
				"north": {"uv": [0, 0, 1, 16], "texture": "#0"},
				"east": {"uv": [0, 0, 3, 16], "texture": "#0"},
				"south": {"uv": [0, 0, 1, 16], "texture": "#0"},
				"west": {"uv": [0, 0, 3, 16], "texture": "#0"},
				"up": {"uv": [0, 0, 1, 3], "texture": "#0"},
				"down": {"uv": [0, 0, 1, 3], "texture": "#0"}
			}
		},
		{
			"from": [16, -12, 7],
			"to": [19, -9, 8],
			"rotation": {"angle": 0, "axis": "y", "origin": [0, -1, 0]},
			"faces": {
				"north": {"uv": [0, 0, 1, 16], "texture": "#0"},
				"east": {"uv": [0, 0, 3, 16], "texture": "#0"},
				"south": {"uv": [0, 0, 1, 16], "texture": "#0"},
				"west": {"uv": [0, 0, 3, 16], "texture": "#0"},
				"up": {"uv": [0, 0, 1, 3], "texture": "#0"},
				"down": {"uv": [0, 0, 1, 3], "texture": "#0"}
			}
		},
		{
			"from": [-1, -12, 15],
			"to": [2, -9, 16],
			"rotation": {"angle": 0, "axis": "y", "origin": [0, -1, 0]},
			"faces": {
				"north": {"uv": [0, 0, 1, 16], "texture": "#0"},
				"east": {"uv": [0, 0, 3, 16], "texture": "#0"},
				"south": {"uv": [0, 0, 1, 16], "texture": "#0"},
				"west": {"uv": [0, 0, 3, 16], "texture": "#0"},
				"up": {"uv": [0, 0, 1, 3], "texture": "#0"},
				"down": {"uv": [0, 0, 1, 3], "texture": "#0"}
			}
		},
		{
			"from": [1, -12, 8],
			"to": [2, -9, 15],
			"rotation": {"angle": 0, "axis": "y", "origin": [0, -1, 0]},
			"faces": {
				"north": {"uv": [0, 0, 1, 16], "texture": "#0"},
				"east": {"uv": [0, 0, 3, 16], "texture": "#0"},
				"south": {"uv": [0, 0, 1, 16], "texture": "#0"},
				"west": {"uv": [0, 0, 3, 16], "texture": "#0"},
				"up": {"uv": [0, 0, 1, 3], "texture": "#0"},
				"down": {"uv": [0, 0, 1, 3], "texture": "#0"}
			}
		},
		{
			"from": [-1, -9, 7],
			"to": [2, -8, 16],
			"rotation": {"angle": 0, "axis": "y", "origin": [0, -1, 0]},
			"faces": {
				"north": {"uv": [0, 0, 1, 16], "texture": "#0"},
				"east": {"uv": [0, 0, 3, 16], "texture": "#0"},
				"south": {"uv": [0, 0, 1, 16], "texture": "#0"},
				"west": {"uv": [0, 0, 3, 16], "texture": "#0"},
				"up": {"uv": [0, 0, 1, 3], "texture": "#0"},
				"down": {"uv": [0, 0, 1, 3], "texture": "#0"}
			}
		},
		{
			"from": [-1, -12, 7],
			"to": [2, -9, 8],
			"rotation": {"angle": 0, "axis": "y", "origin": [0, -1, 0]},
			"faces": {
				"north": {"uv": [0, 0, 1, 16], "texture": "#0"},
				"east": {"uv": [0, 0, 3, 16], "texture": "#0"},
				"south": {"uv": [0, 0, 1, 16], "texture": "#0"},
				"west": {"uv": [0, 0, 3, 16], "texture": "#0"},
				"up": {"uv": [0, 0, 1, 3], "texture": "#0"},
				"down": {"uv": [0, 0, 1, 3], "texture": "#0"}
			}
		}
	],
	"display": {
		"head": {
			"scale": [4, 4, 4]
		}
	},
	"groups": [
		0,
		1,
		2,
		3,
		4,
		5,
		6,
		7,
		8,
		9,
		10,
		11,
		12,
		13,
		14,
		15,
		16,
		17,
		18,
		{
			"name": "wheel",
			"origin": [-1, 0.59, 29],
			"color": 0,
			"children": [19, 20, 21, 22, 23, 24, 25, 26, 27, 28, 29, 30, 31, 32, 33, 34, 35]
		},
		{
			"name": "wheel",
			"origin": [-1, 0.59, 29],
			"color": 0,
			"children": [36, 37, 38, 39, 40, 41, 42, 43, 44, 45, 46, 47, 48, 49, 50, 51, 52]
		},
		{
			"name": "wheelbox",
			"origin": [0, -1, 0],
			"color": 0,
			"children": [53, 54, 55, 56]
		},
		{
			"name": "wheelbox",
			"origin": [0, -1, 0],
			"color": 0,
			"children": [57, 58, 59, 60]
		}
	]
}