{
	"credit": "Made with Blockbench",
	"textures": {
		"1": "block/iron_bars",
		"particle": "block/rail"
	},
	"elements": [
		{
			"from": [7.5, 0, 0],
			"to": [8.5, 16, 16],
			"faces": {
				"north": {"uv": [12, 0, 13, 16], "texture": "#1"},
				"east": {"uv": [0, 0, 16, 16], "texture": "#1"},
				"south": {"uv": [12, 0, 13, 16], "texture": "#1"},
				"west": {"uv": [0, 0, 16, 16], "texture": "#1"},
				"up": {"uv": [13, 0, 14, 16], "rotation": 180, "texture": "#1"},
				"down": {"uv": [12, 0, 13, 16], "texture": "#1"}
			}
		}
	]
}