{
	"credit": "Made with Blockbench",
	"textures": {
		"0": "block/black_concrete",
		"1": "block/glass",
		"2": "block/terracotta",
		"3": "block/white_terracotta",
		"4": "block/gray_concrete",
		"5": "block/coal_block",
		"6": "block/light_gray_concrete",
		"7": "block/light_gray_concrete_powder",
		"8": "block/white_concrete",
		"9": "block/quartz_block_bottom",
		"10": "block/black_wool",
		"11": "block/yellow_concrete",
		"12": "block/cyan_terracotta",
		"13": "block/red_concrete",
		"14": "block/sea_lantern",
		"15": "block/shroomlight",
		"16": "block/redstone_block",
		"particle": "block/black_concrete"
	},
	"elements": [
		{
			"from": [1.25, 3.75, -14.75],
			"to": [5.25, 4.5, 0],
			"faces": {
				"north": {"uv": [0, 0, 4, 0.75], "texture": "#0"},
				"east": {"uv": [0, 0, 14.75, 0.75], "texture": "#0"},
				"south": {"uv": [0, 0, 4, 0.75], "texture": "#0"},
				"west": {"uv": [0, 0, 14.75, 0.75], "texture": "#0"},
				"up": {"uv": [0, 0, 4, 14.75], "texture": "#7"},
				"down": {"uv": [0, 0, 4, 14.75], "texture": "#0"}
			}
		},
		{
			"from": [1.25, 3.75, 8.25],
			"to": [5.25, 4.5, 30.75],
			"faces": {
				"north": {"uv": [0, 0, 4, 0.75], "texture": "#0"},
				"east": {"uv": [0, 0, 16, 0.75], "texture": "#0"},
				"south": {"uv": [0, 0, 4, 0.75], "texture": "#0"},
				"west": {"uv": [0, 0, 16, 0.75], "texture": "#0"},
				"up": {"uv": [0, 0, 4, 16], "texture": "#7"},
				"down": {"uv": [0, 0, 4, 16], "texture": "#0"}
			}
		},
		{
			"from": [5.5, 4.5, 17.75],
			"to": [5.75, 17.25, 18],
			"faces": {
				"north": {"uv": [0, 0, 0.25, 12.75], "texture": "#4"},
				"east": {"uv": [0, 0, 0.25, 12.75], "texture": "#4"},
				"south": {"uv": [0, 0, 0.25, 12.75], "texture": "#4"},
				"west": {"uv": [0, 0, 0.25, 12.75], "texture": "#4"},
				"up": {"uv": [0, 0, 0.25, 0.25], "texture": "#4"},
				"down": {"uv": [0, 0, 0.25, 0.25], "texture": "#4"}
			}
		},
		{
			"from": [10.25, 4.5, 7.75],
			"to": [10.5, 17.25, 8],
			"faces": {
				"north": {"uv": [0, 0, 0.25, 12.75], "texture": "#4"},
				"east": {"uv": [0, 0, 0.25, 12.75], "texture": "#4"},
				"south": {"uv": [0, 0, 0.25, 12.75], "texture": "#4"},
				"west": {"uv": [0, 0, 0.25, 12.75], "texture": "#4"},
				"up": {"uv": [0, 0, 0.25, 0.25], "texture": "#4"},
				"down": {"uv": [0, 0, 0.25, 0.25], "texture": "#4"}
			}
		},
		{
			"from": [5.5, 4.5, 7.75],
			"to": [5.75, 17.25, 8],
			"faces": {
				"north": {"uv": [0, 0, 0.25, 12.75], "texture": "#4"},
				"east": {"uv": [0, 0, 0.25, 12.75], "texture": "#4"},
				"south": {"uv": [0, 0, 0.25, 12.75], "texture": "#4"},
				"west": {"uv": [0, 0, 0.25, 12.75], "texture": "#4"},
				"up": {"uv": [0, 0, 0.25, 0.25], "texture": "#4"},
				"down": {"uv": [0, 0, 0.25, 0.25], "texture": "#4"}
			}
		},
		{
			"from": [10.25, 4.5, -4.25],
			"to": [10.5, 17.25, -4],
			"faces": {
				"north": {"uv": [0, 0, 0.25, 12.75], "texture": "#4"},
				"east": {"uv": [0, 0, 0.25, 12.75], "texture": "#4"},
				"south": {"uv": [0, 0, 0.25, 12.75], "texture": "#4"},
				"west": {"uv": [0, 0, 0.25, 12.75], "texture": "#4"},
				"up": {"uv": [0, 0, 0.25, 0.25], "texture": "#4"},
				"down": {"uv": [0, 0, 0.25, 0.25], "texture": "#4"}
			}
		},
		{
			"from": [5.5, 4.5, -4.25],
			"to": [5.75, 17.25, -4],
			"faces": {
				"north": {"uv": [0, 0, 0.25, 12.75], "texture": "#4"},
				"east": {"uv": [0, 0, 0.25, 12.75], "texture": "#4"},
				"south": {"uv": [0, 0, 0.25, 12.75], "texture": "#4"},
				"west": {"uv": [0, 0, 0.25, 12.75], "texture": "#4"},
				"up": {"uv": [0, 0, 0.25, 0.25], "texture": "#4"},
				"down": {"uv": [0, 0, 0.25, 0.25], "texture": "#4"}
			}
		},
		{
			"from": [10.25, 4.5, 17.75],
			"to": [10.5, 17.25, 18],
			"faces": {
				"north": {"uv": [0, 0, 0.25, 12.75], "texture": "#4"},
				"east": {"uv": [0, 0, 0.25, 12.75], "texture": "#4"},
				"south": {"uv": [0, 0, 0.25, 12.75], "texture": "#4"},
				"west": {"uv": [0, 0, 0.25, 12.75], "texture": "#4"},
				"up": {"uv": [0, 0, 0.25, 0.25], "texture": "#4"},
				"down": {"uv": [0, 0, 0.25, 0.25], "texture": "#4"}
			}
		},
		{
			"from": [2, 4.5, 8.25],
			"to": [2.25, 8.75, 8.5],
			"faces": {
				"north": {"uv": [0, 0, 0.25, 4.25], "texture": "#4"},
				"east": {"uv": [0, 0, 0.25, 4.25], "texture": "#4"},
				"south": {"uv": [0, 0, 0.25, 4.25], "texture": "#4"},
				"west": {"uv": [0, 0, 0.25, 4.25], "texture": "#4"},
				"up": {"uv": [0, 0, 0.25, 0.25], "texture": "#4"},
				"down": {"uv": [0, 0, 0.25, 0.25], "texture": "#4"}
			}
		},
		{
			"from": [2.25, 8.5, 8.25],
			"to": [5, 8.75, 8.5],
			"faces": {
				"north": {"uv": [0, 0, 2.75, 0.25], "texture": "#4"},
				"east": {"uv": [0, 0, 0.25, 0.25], "texture": "#4"},
				"south": {"uv": [0, 0, 2.75, 0.25], "texture": "#4"},
				"west": {"uv": [0, 0, 0.25, 0.25], "texture": "#4"},
				"up": {"uv": [0, 0, 2.75, 0.25], "texture": "#4"},
				"down": {"uv": [0, 0, 2.75, 0.25], "texture": "#4"}
			}
		},
		{
			"from": [2.25, 6.25, 8.25],
			"to": [5, 6.5, 8.5],
			"faces": {
				"north": {"uv": [0, 0, 2.75, 0.25], "texture": "#4"},
				"east": {"uv": [0, 0, 0.25, 0.25], "texture": "#4"},
				"south": {"uv": [0, 0, 2.75, 0.25], "texture": "#4"},
				"west": {"uv": [0, 0, 0.25, 0.25], "texture": "#4"},
				"up": {"uv": [0, 0, 2.75, 0.25], "texture": "#4"},
				"down": {"uv": [0, 0, 2.75, 0.25], "texture": "#4"}
			}
		},
		{
			"from": [5, 4.5, -0.25],
			"to": [5.25, 8.75, 0],
			"faces": {
				"north": {"uv": [0, 0, 0.25, 4.25], "texture": "#4"},
				"east": {"uv": [0, 0, 0.25, 4.25], "texture": "#4"},
				"south": {"uv": [0, 0, 0.25, 4.25], "texture": "#4"},
				"west": {"uv": [0, 0, 0.25, 4.25], "texture": "#4"},
				"up": {"uv": [0, 0, 0.25, 0.25], "texture": "#4"},
				"down": {"uv": [0, 0, 0.25, 0.25], "texture": "#4"}
			}
		},
		{
			"from": [2.25, 8.5, -0.25],
			"to": [5, 8.75, 0],
			"faces": {
				"north": {"uv": [0, 0, 2.75, 0.25], "texture": "#4"},
				"east": {"uv": [0, 0, 0.25, 0.25], "texture": "#4"},
				"south": {"uv": [0, 0, 2.75, 0.25], "texture": "#4"},
				"west": {"uv": [0, 0, 0.25, 0.25], "texture": "#4"},
				"up": {"uv": [0, 0, 2.75, 0.25], "texture": "#4"},
				"down": {"uv": [0, 0, 2.75, 0.25], "texture": "#4"}
			}
		},
		{
			"from": [2, 4.5, -0.25],
			"to": [2.25, 8.75, 0],
			"faces": {
				"north": {"uv": [0, 0, 0.25, 4.25], "texture": "#4"},
				"east": {"uv": [0, 0, 0.25, 4.25], "texture": "#4"},
				"south": {"uv": [0, 0, 0.25, 4.25], "texture": "#4"},
				"west": {"uv": [0, 0, 0.25, 4.25], "texture": "#4"},
				"up": {"uv": [0, 0, 0.25, 0.25], "texture": "#4"},
				"down": {"uv": [0, 0, 0.25, 0.25], "texture": "#4"}
			}
		},
		{
			"from": [2.25, 6.25, -0.25],
			"to": [5, 6.5, 0],
			"faces": {
				"north": {"uv": [0, 0, 2.75, 0.25], "texture": "#4"},
				"east": {"uv": [0, 0, 0.25, 0.25], "texture": "#4"},
				"south": {"uv": [0, 0, 2.75, 0.25], "texture": "#4"},
				"west": {"uv": [0, 0, 0.25, 0.25], "texture": "#4"},
				"up": {"uv": [0, 0, 2.75, 0.25], "texture": "#4"},
				"down": {"uv": [0, 0, 2.75, 0.25], "texture": "#4"}
			}
		},
		{
			"from": [5, 4.5, 8.25],
			"to": [5.25, 8.75, 8.5],
			"faces": {
				"north": {"uv": [0, 0, 0.25, 4.25], "texture": "#4"},
				"east": {"uv": [0, 0, 0.25, 4.25], "texture": "#4"},
				"south": {"uv": [0, 0, 0.25, 4.25], "texture": "#4"},
				"west": {"uv": [0, 0, 0.25, 4.25], "texture": "#4"},
				"up": {"uv": [0, 0, 0.25, 0.25], "texture": "#4"},
				"down": {"uv": [0, 0, 0.25, 0.25], "texture": "#4"}
			}
		},
		{
			"from": [0.75, 0.75, 8.25],
			"to": [5.25, 3.75, 9],
			"faces": {
				"north": {"uv": [0, 0, 4.5, 3], "texture": "#0"},
				"east": {"uv": [0, 0, 0.75, 3], "texture": "#0"},
				"south": {"uv": [0, 0, 4.5, 3], "texture": "#0"},
				"west": {"uv": [0, 0, 0.75, 3], "texture": "#2"},
				"up": {"uv": [0, 0, 4.5, 0.75], "texture": "#0"},
				"down": {"uv": [0, 0, 4.5, 0.75], "texture": "#0"}
			}
		},
		{
			"from": [0.75, 0.75, -0.75],
			"to": [5.25, 3.75, 0],
			"faces": {
				"north": {"uv": [0, 0, 4.5, 3], "texture": "#0"},
				"east": {"uv": [0, 0, 0.75, 3], "texture": "#0"},
				"south": {"uv": [0, 0, 4.5, 3], "texture": "#0"},
				"west": {"uv": [0, 0, 0.75, 3], "texture": "#2"},
				"up": {"uv": [0, 0, 4.5, 0.75], "texture": "#0"},
				"down": {"uv": [0, 0, 4.5, 0.75], "texture": "#0"}
			}
		},
		{
			"from": [1.25, 0.75, -6.5],
			"to": [5.25, 3.75, -5.75],
			"faces": {
				"north": {"uv": [0, 0, 4, 3], "texture": "#6"},
				"east": {"uv": [0, 0, 0.75, 3], "texture": "#6"},
				"south": {"uv": [0, 0, 4, 3], "texture": "#6"},
				"west": {"uv": [0, 0, 0.75, 3], "texture": "#6"},
				"up": {"uv": [0, 0, 4, 0.75], "texture": "#6"},
				"down": {"uv": [0, 0, 4, 0.75], "texture": "#6"}
			}
		},
		{
			"from": [4.75, 0.75, -9.5],
			"to": [5.25, 2.75, -6.5],
			"faces": {
				"north": {"uv": [0, 0, 0.5, 2], "texture": "#6"},
				"east": {"uv": [0, 0, 3, 2], "texture": "#6"},
				"south": {"uv": [0, 0, 0.5, 2], "texture": "#6"},
				"west": {"uv": [0, 0, 3, 2], "texture": "#6"},
				"up": {"uv": [0, 0, 0.5, 3], "texture": "#6"},
				"down": {"uv": [0, 0, 0.5, 3], "texture": "#6"}
			}
		},
		{
			"from": [10.75, 2.75, -9.5],
			"to": [14.75, 3.75, -6.5],
			"faces": {
				"north": {"uv": [0, 0, 4, 1], "texture": "#6"},
				"east": {"uv": [0, 0, 3, 1], "texture": "#6"},
				"south": {"uv": [0, 0, 4, 1], "texture": "#6"},
				"west": {"uv": [0, 0, 3, 1], "texture": "#6"},
				"up": {"uv": [0, 0, 4, 3], "texture": "#6"},
				"down": {"uv": [0, 0, 4, 3], "texture": "#6"}
			}
		},
		{
			"from": [12, -0.25, -9.25],
			"to": [14.75, 2.25, -6.75],
			"faces": {
				"north": {"uv": [0, 0, 2.75, 2.5], "texture": "#5"},
				"east": {"uv": [0, 0, 2.5, 2.5], "texture": "#5"},
				"south": {"uv": [0, 0, 2.75, 2.5], "texture": "#5"},
				"west": {"uv": [0, 0, 2.5, 2.5], "texture": "#5"},
				"up": {"uv": [0, 0, 2.75, 2.5], "texture": "#5"},
				"down": {"uv": [0, 0, 2.75, 2.5], "texture": "#5"}
			}
		},
		{
			"from": [10.75, 0.75, -6.5],
			"to": [14.75, 3.75, -5.75],
			"faces": {
				"north": {"uv": [0, 0, 4, 3], "texture": "#6"},
				"east": {"uv": [0, 0, 0.75, 3], "texture": "#6"},
				"south": {"uv": [0, 0, 4, 3], "texture": "#6"},
				"west": {"uv": [0, 0, 0.75, 3], "texture": "#6"},
				"up": {"uv": [0, 0, 4, 0.75], "texture": "#6"},
				"down": {"uv": [0, 0, 4, 0.75], "texture": "#6"}
			}
		},
		{
			"from": [10.75, 0.75, -10.25],
			"to": [14.75, 3.75, -9.5],
			"faces": {
				"north": {"uv": [0, 0, 4, 3], "texture": "#6"},
				"east": {"uv": [0, 0, 0.75, 3], "texture": "#6"},
				"south": {"uv": [0, 0, 4, 3], "texture": "#6"},
				"west": {"uv": [0, 0, 0.75, 3], "texture": "#6"},
				"up": {"uv": [0, 0, 4, 0.75], "texture": "#6"},
				"down": {"uv": [0, 0, 4, 0.75], "texture": "#6"}
			}
		},
		{
			"from": [10.75, 0.75, -9.5],
			"to": [11.25, 2.75, -6.5],
			"faces": {
				"north": {"uv": [0, 0, 0.5, 2], "texture": "#6"},
				"east": {"uv": [0, 0, 3, 2], "texture": "#6"},
				"south": {"uv": [0, 0, 0.5, 2], "texture": "#6"},
				"west": {"uv": [0, 0, 3, 2], "texture": "#6"},
				"up": {"uv": [0, 0, 0.5, 3], "texture": "#6"},
				"down": {"uv": [0, 0, 0.5, 3], "texture": "#6"}
			}
		},
		{
			"from": [12, -0.25, 18.75],
			"to": [14.75, 2.25, 21.25],
			"faces": {
				"north": {"uv": [0, 0, 2.75, 2.5], "texture": "#5"},
				"east": {"uv": [0, 0, 2.5, 2.5], "texture": "#5"},
				"south": {"uv": [0, 0, 2.75, 2.5], "texture": "#5"},
				"west": {"uv": [0, 0, 2.5, 2.5], "texture": "#5"},
				"up": {"uv": [0, 0, 2.75, 2.5], "texture": "#5"},
				"down": {"uv": [0, 0, 2.75, 2.5], "texture": "#5"}
			}
		},
		{
			"from": [1.25, -0.25, 18.75],
			"to": [4, 2.25, 21.25],
			"faces": {
				"north": {"uv": [0, 0, 2.75, 2.5], "texture": "#5"},
				"east": {"uv": [0, 0, 2.5, 2.5], "texture": "#5"},
				"south": {"uv": [0, 0, 2.75, 2.5], "texture": "#5"},
				"west": {"uv": [0, 0, 2.5, 2.5], "texture": "#5"},
				"up": {"uv": [0, 0, 2.75, 2.5], "texture": "#5"},
				"down": {"uv": [0, 0, 2.75, 2.5], "texture": "#5"}
			}
		},
		{
			"from": [1.25, 0.75, 21.5],
			"to": [5.25, 3.75, 22.25],
			"faces": {
				"north": {"uv": [0, 0, 4, 3], "texture": "#6"},
				"east": {"uv": [0, 0, 0.75, 3], "texture": "#6"},
				"south": {"uv": [0, 0, 4, 3], "texture": "#6"},
				"west": {"uv": [0, 0, 0.75, 3], "texture": "#6"},
				"up": {"uv": [0, 0, 4, 0.75], "texture": "#6"},
				"down": {"uv": [0, 0, 4, 0.75], "texture": "#6"}
			}
		},
		{
			"from": [1.25, 0.75, 17.75],
			"to": [5.25, 3.75, 18.5],
			"faces": {
				"north": {"uv": [0, 0, 4, 3], "texture": "#6"},
				"east": {"uv": [0, 0, 0.75, 3], "texture": "#6"},
				"south": {"uv": [0, 0, 4, 3], "texture": "#6"},
				"west": {"uv": [0, 0, 0.75, 3], "texture": "#6"},
				"up": {"uv": [0, 0, 4, 0.75], "texture": "#6"},
				"down": {"uv": [0, 0, 4, 0.75], "texture": "#6"}
			}
		},
		{
			"from": [10.75, 0.75, 21.5],
			"to": [14.75, 3.75, 22.25],
			"faces": {
				"north": {"uv": [0, 0, 4, 3], "texture": "#6"},
				"east": {"uv": [0, 0, 0.75, 3], "texture": "#6"},
				"south": {"uv": [0, 0, 4, 3], "texture": "#6"},
				"west": {"uv": [0, 0, 0.75, 3], "texture": "#6"},
				"up": {"uv": [0, 0, 4, 0.75], "texture": "#6"},
				"down": {"uv": [0, 0, 4, 0.75], "texture": "#6"}
			}
		},
		{
			"from": [10.75, 0.75, 17.75],
			"to": [14.75, 3.75, 18.5],
			"faces": {
				"north": {"uv": [0, 0, 4, 3], "texture": "#6"},
				"east": {"uv": [0, 0, 0.75, 3], "texture": "#6"},
				"south": {"uv": [0, 0, 4, 3], "texture": "#6"},
				"west": {"uv": [0, 0, 0.75, 3], "texture": "#6"},
				"up": {"uv": [0, 0, 4, 0.75], "texture": "#6"},
				"down": {"uv": [0, 0, 4, 0.75], "texture": "#6"}
			}
		},
		{
			"from": [10.75, 2.75, 18.5],
			"to": [14.75, 3.75, 21.5],
			"faces": {
				"north": {"uv": [0, 0, 4, 1], "texture": "#6"},
				"east": {"uv": [0, 0, 3, 1], "texture": "#6"},
				"south": {"uv": [0, 0, 4, 1], "texture": "#6"},
				"west": {"uv": [0, 0, 3, 1], "texture": "#6"},
				"up": {"uv": [0, 0, 4, 3], "texture": "#6"},
				"down": {"uv": [0, 0, 4, 3], "texture": "#6"}
			}
		},
		{
			"from": [1.25, 2.75, 18.5],
			"to": [5.25, 3.75, 21.5],
			"faces": {
				"north": {"uv": [0, 0, 4, 1], "texture": "#6"},
				"east": {"uv": [0, 0, 3, 1], "texture": "#6"},
				"south": {"uv": [0, 0, 4, 1], "texture": "#6"},
				"west": {"uv": [0, 0, 3, 1], "texture": "#6"},
				"up": {"uv": [0, 0, 4, 3], "texture": "#6"},
				"down": {"uv": [0, 0, 4, 3], "texture": "#6"}
			}
		},
		{
			"from": [4.75, 0.75, 18.5],
			"to": [5.25, 2.75, 21.5],
			"faces": {
				"north": {"uv": [0, 0, 0.5, 2], "texture": "#6"},
				"east": {"uv": [0, 0, 3, 2], "texture": "#6"},
				"south": {"uv": [0, 0, 0.5, 2], "texture": "#6"},
				"west": {"uv": [0, 0, 3, 2], "texture": "#6"},
				"up": {"uv": [0, 0, 0.5, 3], "texture": "#6"},
				"down": {"uv": [0, 0, 0.5, 3], "texture": "#6"}
			}
		},
		{
			"from": [10.75, 0.75, 18.5],
			"to": [11.25, 2.75, 21.5],
			"faces": {
				"north": {"uv": [0, 0, 0.5, 2], "texture": "#6"},
				"east": {"uv": [0, 0, 3, 2], "texture": "#6"},
				"south": {"uv": [0, 0, 0.5, 2], "texture": "#6"},
				"west": {"uv": [0, 0, 3, 2], "texture": "#6"},
				"up": {"uv": [0, 0, 0.5, 3], "texture": "#6"},
				"down": {"uv": [0, 0, 0.5, 3], "texture": "#6"}
			}
		},
		{
			"from": [1.25, -0.25, -9.25],
			"to": [4, 2.25, -6.75],
			"faces": {
				"north": {"uv": [0, 0, 2.75, 2.5], "texture": "#5"},
				"east": {"uv": [0, 0, 2.5, 2.5], "texture": "#5"},
				"south": {"uv": [0, 0, 2.75, 2.5], "texture": "#5"},
				"west": {"uv": [0, 0, 2.5, 2.5], "texture": "#5"},
				"up": {"uv": [0, 0, 2.75, 2.5], "texture": "#5"},
				"down": {"uv": [0, 0, 2.75, 2.5], "texture": "#5"}
			}
		},
		{
			"from": [1.25, 2.75, -9.5],
			"to": [5.25, 3.75, -6.5],
			"faces": {
				"north": {"uv": [0, 0, 4, 1], "texture": "#6"},
				"east": {"uv": [0, 0, 3, 1], "texture": "#6"},
				"south": {"uv": [0, 0, 4, 1], "texture": "#6"},
				"west": {"uv": [0, 0, 3, 1], "texture": "#6"},
				"up": {"uv": [0, 0, 4, 3], "texture": "#6"},
				"down": {"uv": [0, 0, 4, 3], "texture": "#6"}
			}
		},
		{
			"from": [1.25, 0.75, -10.25],
			"to": [5.25, 3.75, -9.5],
			"faces": {
				"north": {"uv": [0, 0, 4, 3], "texture": "#6"},
				"east": {"uv": [0, 0, 0.75, 3], "texture": "#6"},
				"south": {"uv": [0, 0, 4, 3], "texture": "#6"},
				"west": {"uv": [0, 0, 0.75, 3], "texture": "#6"},
				"up": {"uv": [0, 0, 4, 0.75], "texture": "#6"},
				"down": {"uv": [0, 0, 4, 0.75], "texture": "#6"}
			}
		},
		{
			"from": [4.5, 3, 0],
			"to": [5.75, 3.75, 8.25],
			"faces": {
				"north": {"uv": [0, 0, 1.25, 0.75], "texture": "#0"},
				"east": {"uv": [0, 0, 8.25, 0.75], "texture": "#0"},
				"south": {"uv": [0, 0, 1.25, 0.75], "texture": "#0"},
				"west": {"uv": [0, 0, 8.25, 0.75], "texture": "#7"},
				"up": {"uv": [0, 0, 1.25, 8.25], "texture": "#7"},
				"down": {"uv": [0, 0, 1.25, 8.25], "texture": "#0"}
			}
		},
		{
			"from": [3.75, 2.25, 0],
			"to": [4.75, 3, 8.25],
			"faces": {
				"north": {"uv": [0, 0, 1, 0.75], "texture": "#0"},
				"east": {"uv": [0, 0, 8.25, 0.75], "texture": "#0"},
				"south": {"uv": [0, 0, 1, 0.75], "texture": "#0"},
				"west": {"uv": [0, 0, 8.25, 0.75], "texture": "#7"},
				"up": {"uv": [0, 0, 1, 8.25], "texture": "#7"},
				"down": {"uv": [0, 0, 1, 8.25], "texture": "#0"}
			}
		},
		{
			"from": [0.75, 0.75, 0],
			"to": [2.75, 1.5, 8.25],
			"faces": {
				"north": {"uv": [0, 0, 2, 0.75], "texture": "#0"},
				"east": {"uv": [0, 0, 8.25, 0.75], "texture": "#0"},
				"south": {"uv": [0, 0, 2, 0.75], "texture": "#0"},
				"west": {"uv": [0, 0, 8.25, 0.75], "texture": "#2"},
				"up": {"uv": [0, 0, 2, 8.25], "texture": "#7"},
				"down": {"uv": [0, 0, 2, 8.25], "texture": "#0"}
			}
		},
		{
			"from": [2.75, 1.5, 0],
			"to": [3.75, 2.25, 8.25],
			"faces": {
				"north": {"uv": [0, 0, 1, 0.75], "texture": "#0"},
				"east": {"uv": [0, 0, 8.25, 0.75], "texture": "#0"},
				"south": {"uv": [0, 0, 1, 0.75], "texture": "#0"},
				"west": {"uv": [0, 0, 8.25, 0.75], "texture": "#7"},
				"up": {"uv": [0, 0, 1, 8.25], "texture": "#7"},
				"down": {"uv": [0, 0, 1, 8.25], "texture": "#0"}
			}
		},
		{
			"from": [5.25, 3.75, -14.75],
			"to": [14.75, 4.5, 30.75],
			"faces": {
				"north": {"uv": [0, 0, 9.5, 0.75], "texture": "#0"},
				"east": {"uv": [0, 0, 16, 0.75], "texture": "#0"},
				"south": {"uv": [0, 0, 9.5, 0.75], "texture": "#0"},
				"west": {"uv": [0, 0, 16, 0.75], "texture": "#7"},
				"up": {"uv": [0, 0, 9.5, 16], "texture": "#7"},
				"down": {"uv": [0, 0, 9.5, 16], "texture": "#0"}
			}
		},
		{
			"from": [0.75, 17.25, -15.25],
			"to": [15.25, 18.5, 31.25],
			"faces": {
				"north": {"uv": [0, 0, 14.5, 1.25], "texture": "#2"},
				"east": {"uv": [0, 0, 16, 1.25], "texture": "#2"},
				"south": {"uv": [0, 0, 14.5, 1.25], "texture": "#2"},
				"west": {"uv": [0, 0, 16, 1.25], "texture": "#2"},
				"up": {"uv": [0, 0, 14.5, 16], "texture": "#4"},
				"down": {"uv": [0, 0, 14.5, 16], "texture": "#6"}
			}
		},
		{
			"from": [5.25, 18.5, -8.75],
			"to": [10.75, 19.75, 3.75],
			"faces": {
				"north": {"uv": [0, 0, 5.5, 1.25], "texture": "#6"},
				"east": {"uv": [0, 0, 12.5, 1.25], "texture": "#6"},
				"south": {"uv": [0, 0, 5.5, 1.25], "texture": "#6"},
				"west": {"uv": [0, 0, 12.5, 1.25], "texture": "#6"},
				"up": {"uv": [0, 0, 5.5, 12.5], "texture": "#6"},
				"down": {"uv": [0, 0, 5.5, 12.5], "texture": "#6"}
			}
		},
		{
			"from": [1.25, 16.25, -15.5],
			"to": [14.75, 18, -15],
			"faces": {
				"north": {"uv": [0, 0, 13.5, 1.75], "texture": "#10"},
				"east": {"uv": [0, 0, 0.5, 1.75], "texture": "#10"},
				"south": {"uv": [0, 0, 13.5, 1.75], "texture": "#10"},
				"west": {"uv": [0, 0, 0.5, 1.75], "texture": "#10"},
				"up": {"uv": [0, 0, 13.5, 0.5], "texture": "#10"},
				"down": {"uv": [0, 0, 13.5, 0.5], "texture": "#10"}
			}
		},
		{
			"from": [1.25, 16.25, 31],
			"to": [14.75, 18, 31.5],
			"faces": {
				"north": {"uv": [0, 0, 13.5, 1.75], "texture": "#10"},
				"east": {"uv": [0, 0, 0.5, 1.75], "texture": "#10"},
				"south": {"uv": [0, 0, 13.5, 1.75], "texture": "#10"},
				"west": {"uv": [0, 0, 0.5, 1.75], "texture": "#10"},
				"up": {"uv": [0, 0, 13.5, 0.5], "texture": "#10"},
				"down": {"uv": [0, 0, 13.5, 0.5], "texture": "#10"}
			}
		},
		{
			"from": [5, 2.25, 31],
			"to": [11, 4, 31.5],
			"faces": {
				"north": {"uv": [0, 0, 6, 1.75], "texture": "#11"},
				"east": {"uv": [0, 0, 0.5, 1.75], "texture": "#11"},
				"south": {"uv": [0, 0, 6, 1.75], "texture": "#11"},
				"west": {"uv": [0, 0, 0.5, 1.75], "texture": "#11"},
				"up": {"uv": [0, 0, 6, 0.5], "texture": "#11"},
				"down": {"uv": [0, 0, 6, 0.5], "texture": "#11"}
			}
		},
		{
			"from": [5, 2.25, -15.5],
			"to": [11, 4, -15],
			"faces": {
				"north": {"uv": [0, 0, 6, 1.75], "texture": "#11"},
				"east": {"uv": [0, 0, 0.5, 1.75], "texture": "#11"},
				"south": {"uv": [0, 0, 6, 1.75], "texture": "#11"},
				"west": {"uv": [0, 0, 0.5, 1.75], "texture": "#11"},
				"up": {"uv": [0, 0, 6, 0.5], "texture": "#11"},
				"down": {"uv": [0, 0, 6, 0.5], "texture": "#11"}
			}
		},
		{
			"from": [1.5, 3.5, -15.5],
			"to": [2.5, 4.5, -15],
			"faces": {
				"north": {"uv": [0, 0, 16, 16], "texture": "#15"},
				"east": {"uv": [0, 0, 0.5, 1], "texture": "#2"},
				"south": {"uv": [0, 0, 1, 1], "texture": "#11"},
				"west": {"uv": [0, 0, 0.5, 1], "texture": "#2"},
				"up": {"uv": [0, 0, 1, 0.5], "texture": "#2"},
				"down": {"uv": [0, 0, 1, 0.5], "texture": "#2"}
			}
		},
		{
			"from": [13.5, 3.5, -15.5],
			"to": [14.5, 4.5, -15],
			"faces": {
				"north": {"uv": [0, 0, 16, 16], "texture": "#15"},
				"east": {"uv": [0, 0, 0.5, 1], "texture": "#2"},
				"south": {"uv": [0, 0, 1, 1], "texture": "#11"},
				"west": {"uv": [0, 0, 0.5, 1], "texture": "#2"},
				"up": {"uv": [0, 0, 1, 0.5], "texture": "#2"},
				"down": {"uv": [0, 0, 1, 0.5], "texture": "#2"}
			}
		},
		{
			"from": [1.5, 5, -15.5],
			"to": [2.5, 6, -15],
			"faces": {
				"north": {"uv": [0, 0, 16, 16], "texture": "#14"},
				"east": {"uv": [0, 0, 0.5, 1], "texture": "#2"},
				"south": {"uv": [0, 0, 1, 1], "texture": "#11"},
				"west": {"uv": [0, 0, 0.5, 1], "texture": "#2"},
				"up": {"uv": [0, 0, 1, 0.5], "texture": "#2"},
				"down": {"uv": [0, 0, 1, 0.5], "texture": "#2"}
			}
		},
		{
			"from": [13.5, 5, -15.5],
			"to": [14.5, 6, -15],
			"faces": {
				"north": {"uv": [0, 0, 16, 16], "texture": "#14"},
				"east": {"uv": [0, 0, 0.5, 1], "texture": "#2"},
				"south": {"uv": [0, 0, 1, 1], "texture": "#11"},
				"west": {"uv": [0, 0, 0.5, 1], "texture": "#2"},
				"up": {"uv": [0, 0, 1, 0.5], "texture": "#2"},
				"down": {"uv": [0, 0, 1, 0.5], "texture": "#2"}
			}
		},
		{
			"from": [13.5, 3.5, 31],
			"to": [14.5, 4.5, 31.5],
			"faces": {
				"north": {"uv": [0, 0, 1, 1], "texture": "#11"},
				"east": {"uv": [0, 0, 0.5, 1], "texture": "#2"},
				"south": {"uv": [0, 0, 16, 16], "texture": "#15"},
				"west": {"uv": [0, 0, 0.5, 1], "texture": "#2"},
				"up": {"uv": [0, 0, 1, 0.5], "texture": "#2"},
				"down": {"uv": [0, 0, 1, 0.5], "texture": "#2"}
			}
		},
		{
			"from": [1.5, 3.5, 31],
			"to": [2.5, 4.5, 31.5],
			"faces": {
				"north": {"uv": [0, 0, 1, 1], "texture": "#11"},
				"east": {"uv": [0, 0, 0.5, 1], "texture": "#2"},
				"south": {"uv": [0, 0, 16, 16], "texture": "#15"},
				"west": {"uv": [0, 0, 0.5, 1], "texture": "#2"},
				"up": {"uv": [0, 0, 1, 0.5], "texture": "#2"},
				"down": {"uv": [0, 0, 1, 0.5], "texture": "#2"}
			}
		},
		{
			"from": [1.5, 2, 31],
			"to": [2.5, 3, 31.5],
			"faces": {
				"north": {"uv": [0, 0, 1, 1], "texture": "#11"},
				"east": {"uv": [0, 0, 0.5, 1], "texture": "#2"},
				"south": {"uv": [0, 0, 16, 16], "texture": "#14"},
				"west": {"uv": [0, 0, 0.5, 1], "texture": "#2"},
				"up": {"uv": [0, 0, 1, 0.5], "texture": "#2"},
				"down": {"uv": [0, 0, 1, 0.5], "texture": "#2"}
			}
		},
		{
			"from": [1.5, 5, 31],
			"to": [2.5, 6, 31.5],
			"faces": {
				"north": {"uv": [0, 0, 1, 1], "texture": "#11"},
				"east": {"uv": [0, 0, 0.5, 1], "texture": "#2"},
				"south": {"uv": [0, 0, 16, 16], "texture": "#16"},
				"west": {"uv": [0, 0, 0.5, 1], "texture": "#2"},
				"up": {"uv": [0, 0, 1, 0.5], "texture": "#2"},
				"down": {"uv": [0, 0, 1, 0.5], "texture": "#2"}
			}
		},
		{
			"from": [13.5, 5, 31],
			"to": [14.5, 6, 31.5],
			"faces": {
				"north": {"uv": [0, 0, 1, 1], "texture": "#11"},
				"east": {"uv": [0, 0, 0.5, 1], "texture": "#2"},
				"south": {"uv": [0, 0, 16, 16], "texture": "#16"},
				"west": {"uv": [0, 0, 0.5, 1], "texture": "#2"},
				"up": {"uv": [0, 0, 1, 0.5], "texture": "#2"},
				"down": {"uv": [0, 0, 1, 0.5], "texture": "#2"}
			}
		},
		{
			"from": [4, 4.75, 31],
			"to": [7.5, 5, 31.5],
			"faces": {
				"north": {"uv": [0, 0, 3.5, 0.25], "texture": "#0"},
				"east": {"uv": [0, 0, 0.5, 0.25], "texture": "#0"},
				"south": {"uv": [0, 0, 3.5, 0.25], "texture": "#0"},
				"west": {"uv": [0, 0, 0.5, 0.25], "texture": "#0"},
				"up": {"uv": [0, 0, 3.5, 0.5], "texture": "#0"},
				"down": {"uv": [0, 0, 3.5, 0.5], "texture": "#0"}
			}
		},
		{
			"from": [8.5, 5.25, 31],
			"to": [12, 5.5, 31.5],
			"faces": {
				"north": {"uv": [0, 0, 3.5, 0.25], "texture": "#0"},
				"east": {"uv": [0, 0, 0.5, 0.25], "texture": "#0"},
				"south": {"uv": [0, 0, 3.5, 0.25], "texture": "#0"},
				"west": {"uv": [0, 0, 0.5, 0.25], "texture": "#0"},
				"up": {"uv": [0, 0, 3.5, 0.5], "texture": "#0"},
				"down": {"uv": [0, 0, 3.5, 0.5], "texture": "#0"}
			}
		},
		{
			"from": [4, 5.25, 31],
			"to": [7.5, 5.5, 31.5],
			"faces": {
				"north": {"uv": [0, 0, 3.5, 0.25], "texture": "#0"},
				"east": {"uv": [0, 0, 0.5, 0.25], "texture": "#0"},
				"south": {"uv": [0, 0, 3.5, 0.25], "texture": "#0"},
				"west": {"uv": [0, 0, 0.5, 0.25], "texture": "#0"},
				"up": {"uv": [0, 0, 3.5, 0.5], "texture": "#0"},
				"down": {"uv": [0, 0, 3.5, 0.5], "texture": "#0"}
			}
		},
		{
			"from": [8.5, 5.75, 31],
			"to": [12, 6, 31.5],
			"faces": {
				"north": {"uv": [0, 0, 3.5, 0.25], "texture": "#0"},
				"east": {"uv": [0, 0, 0.5, 0.25], "texture": "#0"},
				"south": {"uv": [0, 0, 3.5, 0.25], "texture": "#0"},
				"west": {"uv": [0, 0, 0.5, 0.25], "texture": "#0"},
				"up": {"uv": [0, 0, 3.5, 0.5], "texture": "#0"},
				"down": {"uv": [0, 0, 3.5, 0.5], "texture": "#0"}
			}
		},
		{
			"from": [4, 5.75, 31],
			"to": [7.5, 6, 31.5],
			"faces": {
				"north": {"uv": [0, 0, 3.5, 0.25], "texture": "#0"},
				"east": {"uv": [0, 0, 0.5, 0.25], "texture": "#0"},
				"south": {"uv": [0, 0, 3.5, 0.25], "texture": "#0"},
				"west": {"uv": [0, 0, 0.5, 0.25], "texture": "#0"},
				"up": {"uv": [0, 0, 3.5, 0.5], "texture": "#0"},
				"down": {"uv": [0, 0, 3.5, 0.5], "texture": "#0"}
			}
		},
		{
			"from": [8.5, 6.25, 31],
			"to": [12, 6.5, 31.5],
			"faces": {
				"north": {"uv": [0, 0, 3.5, 0.25], "texture": "#0"},
				"east": {"uv": [0, 0, 0.5, 0.25], "texture": "#0"},
				"south": {"uv": [0, 0, 3.5, 0.25], "texture": "#0"},
				"west": {"uv": [0, 0, 0.5, 0.25], "texture": "#0"},
				"up": {"uv": [0, 0, 3.5, 0.5], "texture": "#0"},
				"down": {"uv": [0, 0, 3.5, 0.5], "texture": "#0"}
			}
		},
		{
			"from": [4, 6.25, 31],
			"to": [7.5, 6.5, 31.5],
			"faces": {
				"north": {"uv": [0, 0, 3.5, 0.25], "texture": "#0"},
				"east": {"uv": [0, 0, 0.5, 0.25], "texture": "#0"},
				"south": {"uv": [0, 0, 3.5, 0.25], "texture": "#0"},
				"west": {"uv": [0, 0, 0.5, 0.25], "texture": "#0"},
				"up": {"uv": [0, 0, 3.5, 0.5], "texture": "#0"},
				"down": {"uv": [0, 0, 3.5, 0.5], "texture": "#0"}
			}
		},
		{
			"from": [8.5, 4.75, 31],
			"to": [12, 5, 31.5],
			"faces": {
				"north": {"uv": [0, 0, 3.5, 0.25], "texture": "#0"},
				"east": {"uv": [0, 0, 0.5, 0.25], "texture": "#0"},
				"south": {"uv": [0, 0, 3.5, 0.25], "texture": "#0"},
				"west": {"uv": [0, 0, 0.5, 0.25], "texture": "#0"},
				"up": {"uv": [0, 0, 3.5, 0.5], "texture": "#0"},
				"down": {"uv": [0, 0, 3.5, 0.5], "texture": "#0"}
			}
		},
		{
			"from": [4, 4.75, -15.4],
			"to": [7.5, 5, -14.9],
			"faces": {
				"north": {"uv": [0, 0, 3.5, 0.25], "texture": "#0"},
				"east": {"uv": [0, 0, 0.5, 0.25], "texture": "#0"},
				"south": {"uv": [0, 0, 3.5, 0.25], "texture": "#0"},
				"west": {"uv": [0, 0, 0.5, 0.25], "texture": "#0"},
				"up": {"uv": [0, 0, 3.5, 0.5], "texture": "#0"},
				"down": {"uv": [0, 0, 3.5, 0.5], "texture": "#0"}
			}
		},
		{
			"from": [4, 5.25, -15.4],
			"to": [7.5, 5.5, -14.9],
			"faces": {
				"north": {"uv": [0, 0, 3.5, 0.25], "texture": "#0"},
				"east": {"uv": [0, 0, 0.5, 0.25], "texture": "#0"},
				"south": {"uv": [0, 0, 3.5, 0.25], "texture": "#0"},
				"west": {"uv": [0, 0, 0.5, 0.25], "texture": "#0"},
				"up": {"uv": [0, 0, 3.5, 0.5], "texture": "#0"},
				"down": {"uv": [0, 0, 3.5, 0.5], "texture": "#0"}
			}
		},
		{
			"from": [4, 5.75, -15.4],
			"to": [7.5, 6, -14.9],
			"faces": {
				"north": {"uv": [0, 0, 3.5, 0.25], "texture": "#0"},
				"east": {"uv": [0, 0, 0.5, 0.25], "texture": "#0"},
				"south": {"uv": [0, 0, 3.5, 0.25], "texture": "#0"},
				"west": {"uv": [0, 0, 0.5, 0.25], "texture": "#0"},
				"up": {"uv": [0, 0, 3.5, 0.5], "texture": "#0"},
				"down": {"uv": [0, 0, 3.5, 0.5], "texture": "#0"}
			}
		},
		{
			"from": [4, 6.25, -15.4],
			"to": [7.5, 6.5, -14.9],
			"faces": {
				"north": {"uv": [0, 0, 3.5, 0.25], "texture": "#0"},
				"east": {"uv": [0, 0, 0.5, 0.25], "texture": "#0"},
				"south": {"uv": [0, 0, 3.5, 0.25], "texture": "#0"},
				"west": {"uv": [0, 0, 0.5, 0.25], "texture": "#0"},
				"up": {"uv": [0, 0, 3.5, 0.5], "texture": "#0"},
				"down": {"uv": [0, 0, 3.5, 0.5], "texture": "#0"}
			}
		},
		{
			"from": [8.5, 6.25, -15.4],
			"to": [12, 6.5, -14.9],
			"faces": {
				"north": {"uv": [0, 0, 3.5, 0.25], "texture": "#0"},
				"east": {"uv": [0, 0, 0.5, 0.25], "texture": "#0"},
				"south": {"uv": [0, 0, 3.5, 0.25], "texture": "#0"},
				"west": {"uv": [0, 0, 0.5, 0.25], "texture": "#0"},
				"up": {"uv": [0, 0, 3.5, 0.5], "texture": "#0"},
				"down": {"uv": [0, 0, 3.5, 0.5], "texture": "#0"}
			}
		},
		{
			"from": [8.5, 5.75, -15.4],
			"to": [12, 6, -14.9],
			"faces": {
				"north": {"uv": [0, 0, 3.5, 0.25], "texture": "#0"},
				"east": {"uv": [0, 0, 0.5, 0.25], "texture": "#0"},
				"south": {"uv": [0, 0, 3.5, 0.25], "texture": "#0"},
				"west": {"uv": [0, 0, 0.5, 0.25], "texture": "#0"},
				"up": {"uv": [0, 0, 3.5, 0.5], "texture": "#0"},
				"down": {"uv": [0, 0, 3.5, 0.5], "texture": "#0"}
			}
		},
		{
			"from": [8.5, 5.25, -15.4],
			"to": [12, 5.5, -14.9],
			"faces": {
				"north": {"uv": [0, 0, 3.5, 0.25], "texture": "#0"},
				"east": {"uv": [0, 0, 0.5, 0.25], "texture": "#0"},
				"south": {"uv": [0, 0, 3.5, 0.25], "texture": "#0"},
				"west": {"uv": [0, 0, 0.5, 0.25], "texture": "#0"},
				"up": {"uv": [0, 0, 3.5, 0.5], "texture": "#0"},
				"down": {"uv": [0, 0, 3.5, 0.5], "texture": "#0"}
			}
		},
		{
			"from": [8.5, 4.75, -15.4],
			"to": [12, 5, -14.9],
			"faces": {
				"north": {"uv": [0, 0, 3.5, 0.25], "texture": "#0"},
				"east": {"uv": [0, 0, 0.5, 0.25], "texture": "#0"},
				"south": {"uv": [0, 0, 3.5, 0.25], "texture": "#0"},
				"west": {"uv": [0, 0, 0.5, 0.25], "texture": "#0"},
				"up": {"uv": [0, 0, 3.5, 0.5], "texture": "#0"},
				"down": {"uv": [0, 0, 3.5, 0.5], "texture": "#0"}
			}
		},
		{
			"from": [1.25, 4.5, 26.75],
			"to": [14.75, 6.75, 30.75],
			"faces": {
				"north": {"uv": [0, 0, 13.5, 2.25], "texture": "#9"},
				"east": {"uv": [0, 0, 4, 2.25], "texture": "#0"},
				"south": {"uv": [0, 0, 13.5, 2.25], "texture": "#0"},
				"west": {"uv": [0, 0, 4, 2.25], "texture": "#0"},
				"up": {"uv": [0, 0, 13.5, 4], "texture": "#9"},
				"down": {"uv": [0, 0, 13.5, 4], "texture": "#0"}
			}
		},
		{
			"from": [6.75, 7, 26.75],
			"to": [9.25, 7.25, 29],
			"faces": {
				"north": {"uv": [0, 0, 2.5, 0.25], "texture": "#9"},
				"east": {"uv": [0, 0, 2.25, 0.25], "texture": "#9"},
				"south": {"uv": [0, 0, 2.5, 0.25], "texture": "#9"},
				"west": {"uv": [0, 0, 2.25, 0.25], "texture": "#9"},
				"up": {"uv": [0, 0, 2.5, 2.25], "texture": "#12"},
				"down": {"uv": [0, 0, 2.5, 2.25], "texture": "#9"}
			}
		},
		{
			"from": [6.75, 7, 29],
			"to": [9.25, 10, 29.25],
			"faces": {
				"north": {"uv": [0, 0, 2.5, 3], "texture": "#12"},
				"east": {"uv": [0, 0, 0.25, 3], "texture": "#9"},
				"south": {"uv": [0, 0, 2.5, 3], "texture": "#9"},
				"west": {"uv": [0, 0, 0.25, 3], "texture": "#9"},
				"up": {"uv": [0, 0, 2.5, 0.25], "texture": "#9"},
				"down": {"uv": [0, 0, 2.5, 0.25], "texture": "#9"}
			}
		},
		{
			"from": [2.75, 7, 26.75],
			"to": [5.25, 7.25, 29],
			"faces": {
				"north": {"uv": [0, 0, 2.5, 0.25], "texture": "#9"},
				"east": {"uv": [0, 0, 2.25, 0.25], "texture": "#9"},
				"south": {"uv": [0, 0, 2.5, 0.25], "texture": "#9"},
				"west": {"uv": [0, 0, 2.25, 0.25], "texture": "#9"},
				"up": {"uv": [0, 0, 2.5, 2.25], "texture": "#12"},
				"down": {"uv": [0, 0, 2.5, 2.25], "texture": "#9"}
			}
		},
		{
			"from": [2.75, 7, 29],
			"to": [5.25, 10, 29.25],
			"faces": {
				"north": {"uv": [0, 0, 2.5, 3], "texture": "#12"},
				"east": {"uv": [0, 0, 0.25, 3], "texture": "#9"},
				"south": {"uv": [0, 0, 2.5, 3], "texture": "#9"},
				"west": {"uv": [0, 0, 0.25, 3], "texture": "#9"},
				"up": {"uv": [0, 0, 2.5, 0.25], "texture": "#9"},
				"down": {"uv": [0, 0, 2.5, 0.25], "texture": "#9"}
			}
		},
		{
			"from": [10.75, 7, 26.75],
			"to": [13.25, 7.25, 29],
			"faces": {
				"north": {"uv": [0, 0, 2.5, 0.25], "texture": "#9"},
				"east": {"uv": [0, 0, 2.25, 0.25], "texture": "#9"},
				"south": {"uv": [0, 0, 2.5, 0.25], "texture": "#9"},
				"west": {"uv": [0, 0, 2.25, 0.25], "texture": "#9"},
				"up": {"uv": [0, 0, 2.5, 2.25], "texture": "#12"},
				"down": {"uv": [0, 0, 2.5, 2.25], "texture": "#9"}
			}
		},
		{
			"from": [10.75, 7, 29],
			"to": [13.25, 10, 29.25],
			"faces": {
				"north": {"uv": [0, 0, 2.5, 3], "texture": "#12"},
				"east": {"uv": [0, 0, 0.25, 3], "texture": "#9"},
				"south": {"uv": [0, 0, 2.5, 3], "texture": "#9"},
				"west": {"uv": [0, 0, 0.25, 3], "texture": "#9"},
				"up": {"uv": [0, 0, 2.5, 0.25], "texture": "#9"},
				"down": {"uv": [0, 0, 2.5, 0.25], "texture": "#9"}
			}
		},
		{
			"from": [10.75, 7, 19],
			"to": [13.25, 7.25, 21.25],
			"faces": {
				"north": {"uv": [0, 0, 2.5, 0.25], "texture": "#9"},
				"east": {"uv": [0, 0, 2.25, 0.25], "texture": "#9"},
				"south": {"uv": [0, 0, 2.5, 0.25], "texture": "#9"},
				"west": {"uv": [0, 0, 2.25, 0.25], "texture": "#9"},
				"up": {"uv": [0, 0, 2.5, 2.25], "texture": "#12"},
				"down": {"uv": [0, 0, 2.5, 2.25], "texture": "#9"}
			}
		},
		{
			"from": [11.5, 4.5, 19.5],
			"to": [12.5, 7, 20.5],
			"faces": {
				"north": {"uv": [0, 0, 1, 2.5], "texture": "#9"},
				"east": {"uv": [0, 0, 1, 2.5], "texture": "#9"},
				"south": {"uv": [0, 0, 1, 2.5], "texture": "#9"},
				"west": {"uv": [0, 0, 1, 2.5], "texture": "#9"},
				"up": {"uv": [0, 0, 1, 1], "texture": "#9"},
				"down": {"uv": [0, 0, 1, 1], "texture": "#9"}
			}
		},
		{
			"from": [10.75, 7, 16.25],
			"to": [13.25, 10, 16.5],
			"faces": {
				"north": {"uv": [0, 0, 2.5, 3], "texture": "#12"},
				"east": {"uv": [0, 0, 0.25, 3], "texture": "#9"},
				"south": {"uv": [0, 0, 2.5, 3], "texture": "#9"},
				"west": {"uv": [0, 0, 0.25, 3], "texture": "#9"},
				"up": {"uv": [0, 0, 2.5, 0.25], "texture": "#9"},
				"down": {"uv": [0, 0, 2.5, 0.25], "texture": "#9"}
			}
		},
		{
			"from": [10.75, 7, 14],
			"to": [13.25, 7.25, 16.25],
			"faces": {
				"north": {"uv": [0, 0, 2.5, 0.25], "texture": "#9"},
				"east": {"uv": [0, 0, 2.25, 0.25], "texture": "#9"},
				"south": {"uv": [0, 0, 2.5, 0.25], "texture": "#9"},
				"west": {"uv": [0, 0, 2.25, 0.25], "texture": "#9"},
				"up": {"uv": [0, 0, 2.5, 2.25], "texture": "#12"},
				"down": {"uv": [0, 0, 2.5, 2.25], "texture": "#9"}
			}
		},
		{
			"from": [11.5, 4.5, 14.5],
			"to": [12.5, 7, 15.5],
			"faces": {
				"north": {"uv": [0, 0, 1, 2.5], "texture": "#9"},
				"east": {"uv": [0, 0, 1, 2.5], "texture": "#9"},
				"south": {"uv": [0, 0, 1, 2.5], "texture": "#9"},
				"west": {"uv": [0, 0, 1, 2.5], "texture": "#9"},
				"up": {"uv": [0, 0, 1, 1], "texture": "#9"},
				"down": {"uv": [0, 0, 1, 1], "texture": "#9"}
			}
		},
		{
			"from": [10.75, 7, 11.25],
			"to": [13.25, 10, 11.5],
			"faces": {
				"north": {"uv": [0, 0, 2.5, 3], "texture": "#12"},
				"east": {"uv": [0, 0, 0.25, 3], "texture": "#9"},
				"south": {"uv": [0, 0, 2.5, 3], "texture": "#9"},
				"west": {"uv": [0, 0, 0.25, 3], "texture": "#9"},
				"up": {"uv": [0, 0, 2.5, 0.25], "texture": "#9"},
				"down": {"uv": [0, 0, 2.5, 0.25], "texture": "#9"}
			}
		},
		{
			"from": [10.75, 7, 9],
			"to": [13.25, 7.25, 11.25],
			"faces": {
				"north": {"uv": [0, 0, 2.5, 0.25], "texture": "#9"},
				"east": {"uv": [0, 0, 2.25, 0.25], "texture": "#9"},
				"south": {"uv": [0, 0, 2.5, 0.25], "texture": "#9"},
				"west": {"uv": [0, 0, 2.25, 0.25], "texture": "#9"},
				"up": {"uv": [0, 0, 2.5, 2.25], "texture": "#12"},
				"down": {"uv": [0, 0, 2.5, 2.25], "texture": "#9"}
			}
		},
		{
			"from": [11.5, 4.5, 9.5],
			"to": [12.5, 7, 10.5],
			"faces": {
				"north": {"uv": [0, 0, 1, 2.5], "texture": "#9"},
				"east": {"uv": [0, 0, 1, 2.5], "texture": "#9"},
				"south": {"uv": [0, 0, 1, 2.5], "texture": "#9"},
				"west": {"uv": [0, 0, 1, 2.5], "texture": "#9"},
				"up": {"uv": [0, 0, 1, 1], "texture": "#9"},
				"down": {"uv": [0, 0, 1, 1], "texture": "#9"}
			}
		},
		{
			"from": [10.75, 7, 6.25],
			"to": [13.25, 10, 6.5],
			"faces": {
				"north": {"uv": [0, 0, 2.5, 3], "texture": "#12"},
				"east": {"uv": [0, 0, 0.25, 3], "texture": "#9"},
				"south": {"uv": [0, 0, 2.5, 3], "texture": "#9"},
				"west": {"uv": [0, 0, 0.25, 3], "texture": "#9"},
				"up": {"uv": [0, 0, 2.5, 0.25], "texture": "#9"},
				"down": {"uv": [0, 0, 2.5, 0.25], "texture": "#9"}
			}
		},
		{
			"from": [10.75, 7, 4],
			"to": [13.25, 7.25, 6.25],
			"faces": {
				"north": {"uv": [0, 0, 2.5, 0.25], "texture": "#9"},
				"east": {"uv": [0, 0, 2.25, 0.25], "texture": "#9"},
				"south": {"uv": [0, 0, 2.5, 0.25], "texture": "#9"},
				"west": {"uv": [0, 0, 2.25, 0.25], "texture": "#9"},
				"up": {"uv": [0, 0, 2.5, 2.25], "texture": "#12"},
				"down": {"uv": [0, 0, 2.5, 2.25], "texture": "#9"}
			}
		},
		{
			"from": [11.5, 4.5, 4.5],
			"to": [12.5, 7, 5.5],
			"faces": {
				"north": {"uv": [0, 0, 1, 2.5], "texture": "#9"},
				"east": {"uv": [0, 0, 1, 2.5], "texture": "#9"},
				"south": {"uv": [0, 0, 1, 2.5], "texture": "#9"},
				"west": {"uv": [0, 0, 1, 2.5], "texture": "#9"},
				"up": {"uv": [0, 0, 1, 1], "texture": "#9"},
				"down": {"uv": [0, 0, 1, 1], "texture": "#9"}
			}
		},
		{
			"from": [10.75, 7, 1.25],
			"to": [13.25, 10, 1.5],
			"faces": {
				"north": {"uv": [0, 0, 2.5, 3], "texture": "#12"},
				"east": {"uv": [0, 0, 0.25, 3], "texture": "#9"},
				"south": {"uv": [0, 0, 2.5, 3], "texture": "#9"},
				"west": {"uv": [0, 0, 0.25, 3], "texture": "#9"},
				"up": {"uv": [0, 0, 2.5, 0.25], "texture": "#9"},
				"down": {"uv": [0, 0, 2.5, 0.25], "texture": "#9"}
			}
		},
		{
			"from": [10.75, 7, -1],
			"to": [13.25, 7.25, 1.25],
			"faces": {
				"north": {"uv": [0, 0, 2.5, 0.25], "texture": "#9"},
				"east": {"uv": [0, 0, 2.25, 0.25], "texture": "#9"},
				"south": {"uv": [0, 0, 2.5, 0.25], "texture": "#9"},
				"west": {"uv": [0, 0, 2.25, 0.25], "texture": "#9"},
				"up": {"uv": [0, 0, 2.5, 2.25], "texture": "#12"},
				"down": {"uv": [0, 0, 2.5, 2.25], "texture": "#9"}
			}
		},
		{
			"from": [11.5, 4.5, -0.5],
			"to": [12.5, 7, 0.5],
			"faces": {
				"north": {"uv": [0, 0, 1, 2.5], "texture": "#9"},
				"east": {"uv": [0, 0, 1, 2.5], "texture": "#9"},
				"south": {"uv": [0, 0, 1, 2.5], "texture": "#9"},
				"west": {"uv": [0, 0, 1, 2.5], "texture": "#9"},
				"up": {"uv": [0, 0, 1, 1], "texture": "#9"},
				"down": {"uv": [0, 0, 1, 1], "texture": "#9"}
			}
		},
		{
			"from": [10.75, 7, -3.75],
			"to": [13.25, 10, -3.5],
			"faces": {
				"north": {"uv": [0, 0, 2.5, 3], "texture": "#12"},
				"east": {"uv": [0, 0, 0.25, 3], "texture": "#9"},
				"south": {"uv": [0, 0, 2.5, 3], "texture": "#9"},
				"west": {"uv": [0, 0, 0.25, 3], "texture": "#9"},
				"up": {"uv": [0, 0, 2.5, 0.25], "texture": "#9"},
				"down": {"uv": [0, 0, 2.5, 0.25], "texture": "#9"}
			}
		},
		{
			"from": [10.75, 7, -6],
			"to": [13.25, 7.25, -3.75],
			"faces": {
				"north": {"uv": [0, 0, 2.5, 0.25], "texture": "#9"},
				"east": {"uv": [0, 0, 2.25, 0.25], "texture": "#9"},
				"south": {"uv": [0, 0, 2.5, 0.25], "texture": "#9"},
				"west": {"uv": [0, 0, 2.25, 0.25], "texture": "#9"},
				"up": {"uv": [0, 0, 2.5, 2.25], "texture": "#12"},
				"down": {"uv": [0, 0, 2.5, 2.25], "texture": "#9"}
			}
		},
		{
			"from": [11.5, 4.5, -5.5],
			"to": [12.5, 7, -4.5],
			"faces": {
				"north": {"uv": [0, 0, 1, 2.5], "texture": "#9"},
				"east": {"uv": [0, 0, 1, 2.5], "texture": "#9"},
				"south": {"uv": [0, 0, 1, 2.5], "texture": "#9"},
				"west": {"uv": [0, 0, 1, 2.5], "texture": "#9"},
				"up": {"uv": [0, 0, 1, 1], "texture": "#9"},
				"down": {"uv": [0, 0, 1, 1], "texture": "#9"}
			}
		},
		{
			"from": [2.75, 7, -6],
			"to": [5.25, 7.25, -3.75],
			"faces": {
				"north": {"uv": [0, 0, 2.5, 0.25], "texture": "#9"},
				"east": {"uv": [0, 0, 2.25, 0.25], "texture": "#9"},
				"south": {"uv": [0, 0, 2.5, 0.25], "texture": "#9"},
				"west": {"uv": [0, 0, 2.25, 0.25], "texture": "#9"},
				"up": {"uv": [0, 0, 2.5, 2.25], "texture": "#12"},
				"down": {"uv": [0, 0, 2.5, 2.25], "texture": "#9"}
			}
		},
		{
			"from": [2.75, 7, -3.75],
			"to": [5.25, 10, -3.5],
			"faces": {
				"north": {"uv": [0, 0, 2.5, 3], "texture": "#12"},
				"east": {"uv": [0, 0, 0.25, 3], "texture": "#9"},
				"south": {"uv": [0, 0, 2.5, 3], "texture": "#9"},
				"west": {"uv": [0, 0, 0.25, 3], "texture": "#9"},
				"up": {"uv": [0, 0, 2.5, 0.25], "texture": "#9"},
				"down": {"uv": [0, 0, 2.5, 0.25], "texture": "#9"}
			}
		},
		{
			"from": [2.75, 7, -8.75],
			"to": [5.25, 10, -8.5],
			"faces": {
				"north": {"uv": [0, 0, 2.5, 3], "texture": "#12"},
				"east": {"uv": [0, 0, 0.25, 3], "texture": "#9"},
				"south": {"uv": [0, 0, 2.5, 3], "texture": "#9"},
				"west": {"uv": [0, 0, 0.25, 3], "texture": "#9"},
				"up": {"uv": [0, 0, 2.5, 0.25], "texture": "#9"},
				"down": {"uv": [0, 0, 2.5, 0.25], "texture": "#9"}
			}
		},
		{
			"from": [2.75, 7, -11],
			"to": [5.25, 7.25, -8.75],
			"faces": {
				"north": {"uv": [0, 0, 2.5, 0.25], "texture": "#9"},
				"east": {"uv": [0, 0, 2.25, 0.25], "texture": "#9"},
				"south": {"uv": [0, 0, 2.5, 0.25], "texture": "#9"},
				"west": {"uv": [0, 0, 2.25, 0.25], "texture": "#9"},
				"up": {"uv": [0, 0, 2.5, 2.25], "texture": "#12"},
				"down": {"uv": [0, 0, 2.5, 2.25], "texture": "#9"}
			}
		},
		{
			"from": [3.5, 4.5, -10.5],
			"to": [4.5, 7, -9.5],
			"faces": {
				"north": {"uv": [0, 0, 1, 2.5], "texture": "#9"},
				"east": {"uv": [0, 0, 1, 2.5], "texture": "#9"},
				"south": {"uv": [0, 0, 1, 2.5], "texture": "#9"},
				"west": {"uv": [0, 0, 1, 2.5], "texture": "#9"},
				"up": {"uv": [0, 0, 1, 1], "texture": "#9"},
				"down": {"uv": [0, 0, 1, 1], "texture": "#9"}
			}
		},
		{
			"from": [3.5, 4.5, -5.5],
			"to": [4.5, 7, -4.5],
			"faces": {
				"north": {"uv": [0, 0, 1, 2.5], "texture": "#9"},
				"east": {"uv": [0, 0, 1, 2.5], "texture": "#9"},
				"south": {"uv": [0, 0, 1, 2.5], "texture": "#9"},
				"west": {"uv": [0, 0, 1, 2.5], "texture": "#9"},
				"up": {"uv": [0, 0, 1, 1], "texture": "#9"},
				"down": {"uv": [0, 0, 1, 1], "texture": "#9"}
			}
		},
		{
			"from": [10.75, 7, -8.75],
			"to": [13.25, 10, -8.5],
			"faces": {
				"north": {"uv": [0, 0, 2.5, 3], "texture": "#12"},
				"east": {"uv": [0, 0, 0.25, 3], "texture": "#9"},
				"south": {"uv": [0, 0, 2.5, 3], "texture": "#9"},
				"west": {"uv": [0, 0, 0.25, 3], "texture": "#9"},
				"up": {"uv": [0, 0, 2.5, 0.25], "texture": "#9"},
				"down": {"uv": [0, 0, 2.5, 0.25], "texture": "#9"}
			}
		},
		{
			"from": [10.75, 7, -11],
			"to": [13.25, 7.25, -8.75],
			"faces": {
				"north": {"uv": [0, 0, 2.5, 0.25], "texture": "#9"},
				"east": {"uv": [0, 0, 2.25, 0.25], "texture": "#9"},
				"south": {"uv": [0, 0, 2.5, 0.25], "texture": "#9"},
				"west": {"uv": [0, 0, 2.25, 0.25], "texture": "#9"},
				"up": {"uv": [0, 0, 2.5, 2.25], "texture": "#12"},
				"down": {"uv": [0, 0, 2.5, 2.25], "texture": "#9"}
			}
		},
		{
			"from": [11.25, 7, -13.75],
			"to": [12.75, 7.25, -13.5],
			"faces": {
				"north": {"uv": [0, 0, 1.5, 0.25], "texture": "#4"},
				"east": {"uv": [0, 0, 0.25, 0.25], "texture": "#4"},
				"south": {"uv": [0, 0, 1.5, 0.25], "texture": "#4"},
				"west": {"uv": [0, 0, 0.25, 0.25], "texture": "#4"},
				"up": {"uv": [0, 0, 1.5, 0.25], "texture": "#4"},
				"down": {"uv": [0, 0, 1.5, 0.25], "texture": "#4"}
			}
		},
		{
			"from": [11.25, 8.25, -13.75],
			"to": [12.75, 8.5, -13.5],
			"faces": {
				"north": {"uv": [0, 0, 1.5, 0.25], "texture": "#4"},
				"east": {"uv": [0, 0, 0.25, 0.25], "texture": "#4"},
				"south": {"uv": [0, 0, 1.5, 0.25], "texture": "#4"},
				"west": {"uv": [0, 0, 0.25, 0.25], "texture": "#4"},
				"up": {"uv": [0, 0, 1.5, 0.25], "texture": "#4"},
				"down": {"uv": [0, 0, 1.5, 0.25], "texture": "#4"}
			}
		},
		{
			"from": [11.25, 7.25, -13.75],
			"to": [11.5, 8.25, -13.5],
			"faces": {
				"north": {"uv": [0, 0, 0.25, 1], "texture": "#4"},
				"east": {"uv": [0, 0, 0.25, 1], "texture": "#4"},
				"south": {"uv": [0, 0, 0.25, 1], "texture": "#4"},
				"west": {"uv": [0, 0, 0.25, 1], "texture": "#4"},
				"up": {"uv": [0, 0, 0.25, 0.25], "texture": "#4"},
				"down": {"uv": [0, 0, 0.25, 0.25], "texture": "#4"}
			}
		},
		{
			"from": [11.5, 7.5, -13.75],
			"to": [12.5, 7.75, -13.5],
			"faces": {
				"north": {"uv": [0, 0, 1, 0.25], "texture": "#4"},
				"east": {"uv": [0, 0, 0.25, 0.25], "texture": "#4"},
				"south": {"uv": [0, 0, 1, 0.25], "texture": "#4"},
				"west": {"uv": [0, 0, 0.25, 0.25], "texture": "#4"},
				"up": {"uv": [0, 0, 1, 0.25], "texture": "#4"},
				"down": {"uv": [0, 0, 1, 0.25], "texture": "#4"}
			}
		},
		{
			"from": [11.85, 7.5, -14.75],
			"to": [12.15, 7.75, -13.75],
			"faces": {
				"north": {"uv": [0, 0, 0.3, 0.25], "texture": "#4"},
				"east": {"uv": [0, 0, 1, 0.25], "texture": "#4"},
				"south": {"uv": [0, 0, 0.3, 0.25], "texture": "#4"},
				"west": {"uv": [0, 0, 1, 0.25], "texture": "#4"},
				"up": {"uv": [0, 0, 0.3, 1], "texture": "#4"},
				"down": {"uv": [0, 0, 0.3, 1], "texture": "#4"}
			}
		},
		{
			"from": [12.5, 7.25, -13.75],
			"to": [12.75, 8.25, -13.5],
			"faces": {
				"north": {"uv": [0, 0, 0.25, 1], "texture": "#4"},
				"east": {"uv": [0, 0, 0.25, 1], "texture": "#4"},
				"south": {"uv": [0, 0, 0.25, 1], "texture": "#4"},
				"west": {"uv": [0, 0, 0.25, 1], "texture": "#4"},
				"up": {"uv": [0, 0, 0.25, 0.25], "texture": "#4"},
				"down": {"uv": [0, 0, 0.25, 0.25], "texture": "#4"}
			}
		},
		{
			"from": [11.5, 4.5, -10.5],
			"to": [12.5, 7, -9.5],
			"faces": {
				"north": {"uv": [0, 0, 1, 2.5], "texture": "#9"},
				"east": {"uv": [0, 0, 1, 2.5], "texture": "#9"},
				"south": {"uv": [0, 0, 1, 2.5], "texture": "#9"},
				"west": {"uv": [0, 0, 1, 2.5], "texture": "#9"},
				"up": {"uv": [0, 0, 1, 1], "texture": "#9"},
				"down": {"uv": [0, 0, 1, 1], "texture": "#9"}
			}
		},
		{
			"from": [10.75, 7, 21.25],
			"to": [13.25, 10, 21.5],
			"faces": {
				"north": {"uv": [0, 0, 2.5, 3], "texture": "#12"},
				"east": {"uv": [0, 0, 0.25, 3], "texture": "#9"},
				"south": {"uv": [0, 0, 2.5, 3], "texture": "#9"},
				"west": {"uv": [0, 0, 0.25, 3], "texture": "#9"},
				"up": {"uv": [0, 0, 2.5, 0.25], "texture": "#9"},
				"down": {"uv": [0, 0, 2.5, 0.25], "texture": "#9"}
			}
		},
		{
			"from": [2.75, 7, 11.25],
			"to": [5.25, 10, 11.5],
			"faces": {
				"north": {"uv": [0, 0, 2.5, 3], "texture": "#12"},
				"east": {"uv": [0, 0, 0.25, 3], "texture": "#9"},
				"south": {"uv": [0, 0, 2.5, 3], "texture": "#9"},
				"west": {"uv": [0, 0, 0.25, 3], "texture": "#9"},
				"up": {"uv": [0, 0, 2.5, 0.25], "texture": "#9"},
				"down": {"uv": [0, 0, 2.5, 0.25], "texture": "#9"}
			}
		},
		{
			"from": [2.75, 7, 9],
			"to": [5.25, 7.25, 11.25],
			"faces": {
				"north": {"uv": [0, 0, 2.5, 0.25], "texture": "#9"},
				"east": {"uv": [0, 0, 2.25, 0.25], "texture": "#9"},
				"south": {"uv": [0, 0, 2.5, 0.25], "texture": "#9"},
				"west": {"uv": [0, 0, 2.25, 0.25], "texture": "#9"},
				"up": {"uv": [0, 0, 2.5, 2.25], "texture": "#12"},
				"down": {"uv": [0, 0, 2.5, 2.25], "texture": "#9"}
			}
		},
		{
			"from": [3.5, 4.5, 9.5],
			"to": [4.5, 7, 10.5],
			"faces": {
				"north": {"uv": [0, 0, 1, 2.5], "texture": "#9"},
				"east": {"uv": [0, 0, 1, 2.5], "texture": "#9"},
				"south": {"uv": [0, 0, 1, 2.5], "texture": "#9"},
				"west": {"uv": [0, 0, 1, 2.5], "texture": "#9"},
				"up": {"uv": [0, 0, 1, 1], "texture": "#9"},
				"down": {"uv": [0, 0, 1, 1], "texture": "#9"}
			}
		},
		{
			"from": [2.75, 7, 16.25],
			"to": [5.25, 10, 16.5],
			"faces": {
				"north": {"uv": [0, 0, 2.5, 3], "texture": "#12"},
				"east": {"uv": [0, 0, 0.25, 3], "texture": "#9"},
				"south": {"uv": [0, 0, 2.5, 3], "texture": "#9"},
				"west": {"uv": [0, 0, 0.25, 3], "texture": "#9"},
				"up": {"uv": [0, 0, 2.5, 0.25], "texture": "#9"},
				"down": {"uv": [0, 0, 2.5, 0.25], "texture": "#9"}
			}
		},
		{
			"from": [2.75, 7, 14],
			"to": [5.25, 7.25, 16.25],
			"faces": {
				"north": {"uv": [0, 0, 2.5, 0.25], "texture": "#9"},
				"east": {"uv": [0, 0, 2.25, 0.25], "texture": "#9"},
				"south": {"uv": [0, 0, 2.5, 0.25], "texture": "#9"},
				"west": {"uv": [0, 0, 2.25, 0.25], "texture": "#9"},
				"up": {"uv": [0, 0, 2.5, 2.25], "texture": "#12"},
				"down": {"uv": [0, 0, 2.5, 2.25], "texture": "#9"}
			}
		},
		{
			"from": [3.5, 4.5, 14.5],
			"to": [4.5, 7, 15.5],
			"faces": {
				"north": {"uv": [0, 0, 1, 2.5], "texture": "#9"},
				"east": {"uv": [0, 0, 1, 2.5], "texture": "#9"},
				"south": {"uv": [0, 0, 1, 2.5], "texture": "#9"},
				"west": {"uv": [0, 0, 1, 2.5], "texture": "#9"},
				"up": {"uv": [0, 0, 1, 1], "texture": "#9"},
				"down": {"uv": [0, 0, 1, 1], "texture": "#9"}
			}
		},
		{
			"from": [3.5, 4.5, 19.5],
			"to": [4.5, 7, 20.5],
			"faces": {
				"north": {"uv": [0, 0, 1, 2.5], "texture": "#9"},
				"east": {"uv": [0, 0, 1, 2.5], "texture": "#9"},
				"south": {"uv": [0, 0, 1, 2.5], "texture": "#9"},
				"west": {"uv": [0, 0, 1, 2.5], "texture": "#9"},
				"up": {"uv": [0, 0, 1, 1], "texture": "#9"},
				"down": {"uv": [0, 0, 1, 1], "texture": "#9"}
			}
		},
		{
			"from": [2.75, 7, 19],
			"to": [5.25, 7.25, 21.25],
			"faces": {
				"north": {"uv": [0, 0, 2.5, 0.25], "texture": "#9"},
				"east": {"uv": [0, 0, 2.25, 0.25], "texture": "#9"},
				"south": {"uv": [0, 0, 2.5, 0.25], "texture": "#9"},
				"west": {"uv": [0, 0, 2.25, 0.25], "texture": "#9"},
				"up": {"uv": [0, 0, 2.5, 2.25], "texture": "#12"},
				"down": {"uv": [0, 0, 2.5, 2.25], "texture": "#9"}
			}
		},
		{
			"from": [2.75, 7, 21.25],
			"to": [5.25, 10, 21.5],
			"faces": {
				"north": {"uv": [0, 0, 2.5, 3], "texture": "#12"},
				"east": {"uv": [0, 0, 0.25, 3], "texture": "#9"},
				"south": {"uv": [0, 0, 2.5, 3], "texture": "#9"},
				"west": {"uv": [0, 0, 0.25, 3], "texture": "#9"},
				"up": {"uv": [0, 0, 2.5, 0.25], "texture": "#9"},
				"down": {"uv": [0, 0, 2.5, 0.25], "texture": "#9"}
			}
		},
		{
			"from": [1.25, 1.5, 24],
			"to": [14.75, 3.75, 30.75],
			"faces": {
				"north": {"uv": [0, 0, 13.5, 2.25], "texture": "#4"},
				"east": {"uv": [0, 0, 6.75, 2.25], "texture": "#4"},
				"south": {"uv": [0, 0, 13.5, 2.25], "texture": "#4"},
				"west": {"uv": [0, 0, 6.75, 2.25], "texture": "#4"},
				"up": {"uv": [0, 0, 13.5, 6.75], "texture": "#4"},
				"down": {"uv": [0, 0, 13.5, 6.75], "texture": "#4"}
			}
		},
		{
			"from": [1.25, 1.5, 30.75],
			"to": [14.75, 8, 31.25],
			"faces": {
				"north": {"uv": [0, 0, 13.5, 6.5], "texture": "#9"},
				"east": {"uv": [0, 0, 0.5, 6.5], "texture": "#2"},
				"south": {"uv": [0, 0, 13.5, 6.5], "texture": "#2"},
				"west": {"uv": [0, 0, 0.5, 6.5], "texture": "#2"},
				"up": {"uv": [0, 0, 13.5, 0.5], "texture": "#0"},
				"down": {"uv": [0, 0, 13.5, 0.5], "texture": "#0"}
			}
		},
		{
			"from": [0.75, 8, -15.25],
			"to": [1.75, 16, -14.75],
			"faces": {
				"north": {"uv": [0, 0, 1, 8], "texture": "#2"},
				"east": {"uv": [0, 0, 0.5, 8], "texture": "#0"},
				"south": {"uv": [0, 0, 1, 8], "texture": "#9"},
				"west": {"uv": [0, 0, 0.5, 8], "texture": "#2"},
				"up": {"uv": [0, 0, 1, 0.5], "texture": "#0"},
				"down": {"uv": [0, 0, 1, 0.5], "texture": "#0"}
			}
		},
		{
			"from": [0.75, 16, -15.25],
			"to": [15.25, 17.25, -14.75],
			"faces": {
				"north": {"uv": [0, 0, 14.5, 1.25], "texture": "#2"},
				"east": {"uv": [0, 0, 0.5, 1.25], "texture": "#2"},
				"south": {"uv": [0, 0, 14.5, 1.25], "texture": "#9"},
				"west": {"uv": [0, 0, 0.5, 1.25], "texture": "#2"},
				"up": {"uv": [0, 0, 14.5, 0.5], "texture": "#0"},
				"down": {"uv": [0, 0, 14.5, 0.5], "texture": "#0"}
			}
		},
		{
			"from": [14.25, 8, -15.25],
			"to": [15.25, 16, -14.75],
			"faces": {
				"north": {"uv": [0, 0, 1, 8], "texture": "#2"},
				"east": {"uv": [0, 0, 0.5, 8], "texture": "#2"},
				"south": {"uv": [0, 0, 1, 8], "texture": "#9"},
				"west": {"uv": [0, 0, 0.5, 8], "texture": "#0"},
				"up": {"uv": [0, 0, 1, 0.5], "texture": "#0"},
				"down": {"uv": [0, 0, 1, 0.5], "texture": "#0"}
			}
		},
		{
			"from": [1.75, 8, -15.25],
			"to": [14.25, 16, -14.75],
			"faces": {
				"north": {"uv": [0, 0, 16, 16], "texture": "#1"},
				"east": {"uv": [0, 0, 0.5, 5], "texture": "#0"},
				"south": {"uv": [0, 0, 16, 16], "texture": "#1"},
				"west": {"uv": [0, 0, 0.5, 5], "texture": "#0"},
				"up": {"uv": [0, 0, 12.5, 0.5], "texture": "#0"},
				"down": {"uv": [0, 0, 12.5, 0.5], "texture": "#0"}
			}
		},
		{
			"from": [0.75, 1.5, -15.25],
			"to": [15.25, 8, -14.75],
			"faces": {
				"north": {"uv": [0, 0, 14.5, 6.5], "texture": "#2"},
				"east": {"uv": [0, 0, 0.5, 6.5], "texture": "#2"},
				"south": {"uv": [0, 0, 14.5, 6.5], "texture": "#9"},
				"west": {"uv": [0, 0, 0.5, 6.5], "texture": "#2"},
				"up": {"uv": [0, 0, 14.5, 0.5], "texture": "#0"},
				"down": {"uv": [0, 0, 14.5, 0.5], "texture": "#0"}
			}
		},
		{
			"from": [14.75, 3.75, 30],
			"to": [15.25, 17.25, 31.25],
			"faces": {
				"north": {"uv": [0, 0, 0.5, 13.5], "texture": "#0"},
				"east": {"uv": [0, 0, 1.25, 13.5], "texture": "#2"},
				"south": {"uv": [0, 0, 0.5, 13.5], "texture": "#2"},
				"west": {"uv": [0, 0, 1.25, 13.5], "texture": "#9"},
				"up": {"uv": [0, 0, 0.5, 1.25], "texture": "#0"},
				"down": {"uv": [0, 0, 0.5, 1.25], "texture": "#0"}
			}
		},
		{
			"from": [0.75, 3.75, 30],
			"to": [1.25, 17.25, 31.25],
			"faces": {
				"north": {"uv": [0, 0, 0.5, 13.5], "texture": "#0"},
				"east": {"uv": [0, 0, 1.25, 13.5], "texture": "#9"},
				"south": {"uv": [0, 0, 0.5, 13.5], "texture": "#2"},
				"west": {"uv": [0, 0, 1.25, 13.5], "texture": "#2"},
				"up": {"uv": [0, 0, 0.5, 1.25], "texture": "#0"},
				"down": {"uv": [0, 0, 0.5, 1.25], "texture": "#0"}
			}
		},
		{
			"from": [14.75, 3.75, -9.75],
			"to": [15.25, 8, 30],
			"faces": {
				"north": {"uv": [0, 0, 0.5, 4.25], "texture": "#0"},
				"east": {"uv": [0, 0, 16, 4.25], "texture": "#2"},
				"south": {"uv": [0, 0, 0.5, 4.25], "texture": "#0"},
				"west": {"uv": [0, 0, 16, 4.25], "texture": "#9"},
				"up": {"uv": [0, 0, 0.5, 16], "texture": "#0"},
				"down": {"uv": [0, 0, 0.5, 16], "texture": "#0"}
			}
		},
		{
			"from": [0.75, 3.75, 8.25],
			"to": [1.25, 8, 30],
			"faces": {
				"north": {"uv": [0, 0, 0.5, 4.25], "texture": "#0"},
				"east": {"uv": [0, 0, 16, 4.25], "texture": "#9"},
				"south": {"uv": [0, 0, 0.5, 4.25], "texture": "#0"},
				"west": {"uv": [0, 0, 16, 4.25], "texture": "#2"},
				"up": {"uv": [0, 0, 0.5, 16], "texture": "#0"},
				"down": {"uv": [0, 0, 0.5, 16], "texture": "#0"}
			}
		},
		{
			"from": [0.75, 3.75, -14.75],
			"to": [1.25, 8, 0],
			"faces": {
				"north": {"uv": [0, 0, 0.5, 4.25], "texture": "#0"},
				"east": {"uv": [0, 0, 14.75, 4.25], "texture": "#9"},
				"south": {"uv": [0, 0, 0.5, 4.25], "texture": "#0"},
				"west": {"uv": [0, 0, 14.75, 4.25], "texture": "#2"},
				"up": {"uv": [0, 0, 0.5, 14.75], "texture": "#0"},
				"down": {"uv": [0, 0, 0.5, 14.75], "texture": "#0"}
			}
		},
		{
			"from": [14.85, 4, -13.75],
			"to": [15.15, 9.25, -9.75],
			"faces": {
				"north": {"uv": [0, 0, 0.3, 5.25], "texture": "#0"},
				"east": {"uv": [0, 0, 4, 5.25], "texture": "#3"},
				"south": {"uv": [0, 0, 0.3, 5.25], "texture": "#0"},
				"west": {"uv": [0, 0, 4, 5.25], "texture": "#8"},
				"up": {"uv": [0, 0, 0.3, 4], "texture": "#0"},
				"down": {"uv": [0, 0, 0.3, 4], "texture": "#0"}
			}
		},
		{
			"from": [14.6, 6.75, -13.5],
			"to": [15.4, 7, -12.25],
			"faces": {
				"north": {"uv": [0, 0, 0.8, 0.25], "texture": "#4"},
				"east": {"uv": [0, 0, 1.25, 0.25], "texture": "#4"},
				"south": {"uv": [0, 0, 0.8, 0.25], "texture": "#4"},
				"west": {"uv": [0, 0, 1.25, 0.25], "texture": "#4"},
				"up": {"uv": [0, 0, 0.8, 1.25], "texture": "#4"},
				"down": {"uv": [0, 0, 0.8, 1.25], "texture": "#4"}
			}
		},
		{
			"from": [14.6, 6.5, -13.5],
			"to": [15.4, 6.75, -13.25],
			"faces": {
				"north": {"uv": [0, 0, 0.8, 0.25], "texture": "#4"},
				"east": {"uv": [0, 0, 0.25, 0.25], "texture": "#4"},
				"south": {"uv": [0, 0, 0.8, 0.25], "texture": "#4"},
				"west": {"uv": [0, 0, 0.25, 0.25], "texture": "#4"},
				"up": {"uv": [0, 0, 0.8, 0.25], "texture": "#4"},
				"down": {"uv": [0, 0, 0.8, 0.25], "texture": "#4"}
			}
		},
		{
			"from": [14.85, 14.75, -13.75],
			"to": [15.15, 16, -9.75],
			"faces": {
				"north": {"uv": [0, 0, 0.3, 1.25], "texture": "#0"},
				"east": {"uv": [0, 0, 4, 1.25], "texture": "#3"},
				"south": {"uv": [0, 0, 0.3, 1.25], "texture": "#0"},
				"west": {"uv": [0, 0, 4, 1.25], "texture": "#8"},
				"up": {"uv": [0, 0, 0.3, 4], "texture": "#0"},
				"down": {"uv": [0, 0, 0.3, 4], "texture": "#0"}
			}
		},
		{
			"from": [14.85, 9.25, -10.75],
			"to": [15.15, 14.75, -9.75],
			"faces": {
				"north": {"uv": [0, 0, 0.3, 5.5], "texture": "#0"},
				"east": {"uv": [0, 0, 1, 5.5], "texture": "#3"},
				"south": {"uv": [0, 0, 0.3, 5.5], "texture": "#0"},
				"west": {"uv": [0, 0, 1, 5.5], "texture": "#8"},
				"up": {"uv": [0, 0, 0.3, 1], "texture": "#0"},
				"down": {"uv": [0, 0, 0.3, 1], "texture": "#0"}
			}
		},
		{
			"from": [14.85, 9.25, -13.75],
			"to": [15.15, 14.75, -12.75],
			"faces": {
				"north": {"uv": [0, 0, 0.3, 5.5], "texture": "#0"},
				"east": {"uv": [0, 0, 1, 5.5], "texture": "#3"},
				"south": {"uv": [0, 0, 0.3, 5.5], "texture": "#0"},
				"west": {"uv": [0, 0, 1, 5.5], "texture": "#8"},
				"up": {"uv": [0, 0, 0.3, 1], "texture": "#0"},
				"down": {"uv": [0, 0, 0.3, 1], "texture": "#0"}
			}
		},
		{
			"from": [14.85, 9.25, -12.75],
			"to": [15.15, 14.75, -10.75],
			"faces": {
				"north": {"uv": [0, 0, 0.5, 4.5], "texture": "#0"},
				"east": {"uv": [0, 0, 16, 16], "texture": "#1"},
				"south": {"uv": [0, 0, 0.5, 4.5], "texture": "#0"},
				"west": {"uv": [0, 0, 16, 16], "texture": "#1"},
				"up": {"uv": [0, 0, 0.5, 2], "texture": "#0"},
				"down": {"uv": [0, 0, 0.5, 2], "texture": "#0"}
			}
		},
		{
			"from": [14.75, 16, -14.75],
			"to": [15.25, 17.25, 30],
			"faces": {
				"north": {"uv": [0, 0, 0.5, 1.25], "texture": "#0"},
				"east": {"uv": [0, 0, 16, 1.25], "texture": "#2"},
				"south": {"uv": [0, 0, 0.5, 1.25], "texture": "#0"},
				"west": {"uv": [0, 0, 16, 1.25], "texture": "#9"},
				"up": {"uv": [0, 0, 0.5, 16], "texture": "#0"},
				"down": {"uv": [0, 0, 0.5, 16], "texture": "#0"}
			}
		},
		{
			"from": [0.75, 16, -14.75],
			"to": [1.25, 17.25, 30],
			"faces": {
				"north": {"uv": [0, 0, 0.5, 1.25], "texture": "#0"},
				"east": {"uv": [0, 0, 16, 1.25], "texture": "#9"},
				"south": {"uv": [0, 0, 0.5, 1.25], "texture": "#0"},
				"west": {"uv": [0, 0, 16, 1.25], "texture": "#2"},
				"up": {"uv": [0, 0, 0.5, 16], "texture": "#0"},
				"down": {"uv": [0, 0, 0.5, 16], "texture": "#0"}
			}
		},
		{
			"from": [14.75, 8, 19.5],
			"to": [15.25, 16, 30],
			"faces": {
				"north": {"uv": [0, 0, 0.5, 5], "texture": "#0"},
				"east": {"uv": [0, 0, 16, 16], "texture": "#1"},
				"south": {"uv": [0, 0, 0.5, 5], "texture": "#0"},
				"west": {"uv": [0, 0, 16, 16], "texture": "#1"},
				"up": {"uv": [0, 0, 0.5, 10.5], "texture": "#0"},
				"down": {"uv": [0, 0, 0.5, 10.5], "texture": "#0"}
			}
		},
		{
			"from": [0.75, 8, 8.25],
			"to": [1.25, 16, 9.5],
			"faces": {
				"north": {"uv": [0, 0, 0.5, 8], "texture": "#0"},
				"east": {"uv": [0, 0, 1.25, 8], "texture": "#9"},
				"south": {"uv": [0, 0, 0.5, 8], "texture": "#0"},
				"west": {"uv": [0, 0, 1.25, 8], "texture": "#2"},
				"up": {"uv": [0, 0, 0.5, 1.25], "texture": "#0"},
				"down": {"uv": [0, 0, 0.5, 1.25], "texture": "#0"}
			}
		},
		{
			"from": [0.75, 8, -1.25],
			"to": [1.25, 16, 0],
			"faces": {
				"north": {"uv": [0, 0, 0.5, 8], "texture": "#0"},
				"east": {"uv": [0, 0, 1.25, 8], "texture": "#9"},
				"south": {"uv": [0, 0, 0.5, 8], "texture": "#0"},
				"west": {"uv": [0, 0, 1.25, 8], "texture": "#2"},
				"up": {"uv": [0, 0, 0.5, 1.25], "texture": "#0"},
				"down": {"uv": [0, 0, 0.5, 1.25], "texture": "#0"}
			}
		},
		{
			"from": [0.75, 8, -14.75],
			"to": [1.25, 16, -13.5],
			"faces": {
				"north": {"uv": [0, 0, 0.5, 8], "texture": "#0"},
				"east": {"uv": [0, 0, 1.25, 8], "texture": "#9"},
				"south": {"uv": [0, 0, 0.5, 8], "texture": "#0"},
				"west": {"uv": [0, 0, 1.25, 8], "texture": "#2"},
				"up": {"uv": [0, 0, 0.5, 1.25], "texture": "#0"},
				"down": {"uv": [0, 0, 0.5, 1.25], "texture": "#0"}
			}
		},
		{
			"from": [0.75, 8, -11.25],
			"to": [1.25, 16, -10],
			"faces": {
				"north": {"uv": [0, 0, 0.5, 8], "texture": "#0"},
				"east": {"uv": [0, 0, 1.25, 8], "texture": "#9"},
				"south": {"uv": [0, 0, 0.5, 8], "texture": "#0"},
				"west": {"uv": [0, 0, 1.25, 8], "texture": "#2"},
				"up": {"uv": [0, 0, 0.5, 1.25], "texture": "#0"},
				"down": {"uv": [0, 0, 0.5, 1.25], "texture": "#0"}
			}
		},
		{
			"from": [0.75, 8, 9.5],
			"to": [1.25, 16, 18.25],
			"faces": {
				"north": {"uv": [0, 0, 0.5, 5], "texture": "#0"},
				"east": {"uv": [0, 0, 16, 16], "texture": "#1"},
				"south": {"uv": [0, 0, 0.5, 5], "texture": "#0"},
				"west": {"uv": [0, 0, 16, 16], "texture": "#1"},
				"up": {"uv": [0, 0, 0.5, 8.75], "texture": "#0"},
				"down": {"uv": [0, 0, 0.5, 8.75], "texture": "#0"}
			}
		},
		{
			"from": [0.75, 8, -10],
			"to": [1.25, 16, -1.25],
			"faces": {
				"north": {"uv": [0, 0, 0.5, 5], "texture": "#0"},
				"east": {"uv": [0, 0, 16, 16], "texture": "#1"},
				"south": {"uv": [0, 0, 0.5, 5], "texture": "#0"},
				"west": {"uv": [0, 0, 16, 16], "texture": "#1"},
				"up": {"uv": [0, 0, 0.5, 8.75], "texture": "#0"},
				"down": {"uv": [0, 0, 0.5, 8.75], "texture": "#0"}
			}
		},
		{
			"from": [0.75, 8, -13.5],
			"to": [1.25, 16, -11.25],
			"faces": {
				"north": {"uv": [0, 0, 0.5, 5], "texture": "#0"},
				"east": {"uv": [0, 0, 16, 16], "texture": "#1"},
				"south": {"uv": [0, 0, 0.5, 5], "texture": "#0"},
				"west": {"uv": [0, 0, 16, 16], "texture": "#1"},
				"up": {"uv": [0, 0, 0.5, 2.25], "texture": "#0"},
				"down": {"uv": [0, 0, 0.5, 2.25], "texture": "#0"}
			}
		},
		{
			"from": [0.75, 8, 18.25],
			"to": [1.25, 16, 19.5],
			"faces": {
				"north": {"uv": [0, 0, 0.5, 8], "texture": "#0"},
				"east": {"uv": [0, 0, 1.25, 8], "texture": "#9"},
				"south": {"uv": [0, 0, 0.5, 8], "texture": "#0"},
				"west": {"uv": [0, 0, 1.25, 8], "texture": "#2"},
				"up": {"uv": [0, 0, 0.5, 1.25], "texture": "#0"},
				"down": {"uv": [0, 0, 0.5, 1.25], "texture": "#0"}
			}
		},
		{
			"from": [0.75, 8, 19.5],
			"to": [1.25, 16, 30],
			"faces": {
				"north": {"uv": [0, 0, 0.5, 5], "texture": "#0"},
				"east": {"uv": [0, 0, 16, 16], "texture": "#1"},
				"south": {"uv": [0, 0, 0.5, 5], "texture": "#0"},
				"west": {"uv": [0, 0, 16, 16], "texture": "#1"},
				"up": {"uv": [0, 0, 0.5, 10.5], "texture": "#0"},
				"down": {"uv": [0, 0, 0.5, 10.5], "texture": "#0"}
			}
		},
		{
			"from": [14.75, 8, 18.25],
			"to": [15.25, 16, 19.5],
			"faces": {
				"north": {"uv": [0, 0, 0.5, 8], "texture": "#0"},
				"east": {"uv": [0, 0, 1.25, 8], "texture": "#2"},
				"south": {"uv": [0, 0, 0.5, 8], "texture": "#0"},
				"west": {"uv": [0, 0, 1.25, 8], "texture": "#9"},
				"up": {"uv": [0, 0, 0.5, 1.25], "texture": "#0"},
				"down": {"uv": [0, 0, 0.5, 1.25], "texture": "#0"}
			}
		},
		{
			"from": [14.75, 8, 7.75],
			"to": [15.25, 16, 18.25],
			"faces": {
				"north": {"uv": [0, 0, 0.5, 5], "texture": "#0"},
				"east": {"uv": [0, 0, 16, 16], "texture": "#1"},
				"south": {"uv": [0, 0, 0.5, 5], "texture": "#0"},
				"west": {"uv": [0, 0, 16, 16], "texture": "#1"},
				"up": {"uv": [0, 0, 0.5, 10.5], "texture": "#0"},
				"down": {"uv": [0, 0, 0.5, 10.5], "texture": "#0"}
			}
		},
		{
			"from": [14.75, 8, 6.5],
			"to": [15.25, 16, 7.75],
			"faces": {
				"north": {"uv": [0, 0, 0.5, 8], "texture": "#0"},
				"east": {"uv": [0, 0, 1.25, 8], "texture": "#2"},
				"south": {"uv": [0, 0, 0.5, 8], "texture": "#0"},
				"west": {"uv": [0, 0, 1.25, 8], "texture": "#9"},
				"up": {"uv": [0, 0, 0.5, 1.25], "texture": "#0"},
				"down": {"uv": [0, 0, 0.5, 1.25], "texture": "#0"}
			}
		},
		{
			"from": [14.7, 11.5, 6.75],
			"to": [14.75, 12.5, 7.5],
			"faces": {
				"north": {"uv": [0, 0, 0.05, 1], "texture": "#4"},
				"east": {"uv": [0, 0, 0.75, 1], "texture": "#4"},
				"south": {"uv": [0, 0, 0.05, 1], "texture": "#4"},
				"west": {"uv": [0, 0, 0.75, 1], "texture": "#4"},
				"up": {"uv": [0, 0, 0.05, 0.75], "texture": "#4"},
				"down": {"uv": [0, 0, 0.05, 0.75], "texture": "#4"}
			}
		},
		{
			"from": [14.6, 11.75, -4.9],
			"to": [14.75, 12.25, -4.35],
			"faces": {
				"north": {"uv": [0, 0, 0.15, 0.5], "texture": "#13"},
				"east": {"uv": [0, 0, 0.55, 0.5], "texture": "#13"},
				"south": {"uv": [0, 0, 0.15, 0.5], "texture": "#13"},
				"west": {"uv": [0, 0, 0.55, 0.5], "texture": "#13"},
				"up": {"uv": [0, 0, 0.15, 0.55], "texture": "#13"},
				"down": {"uv": [0, 0, 0.15, 0.55], "texture": "#13"}
			}
		},
		{
			"from": [14.7, 11.5, -5],
			"to": [14.75, 12.5, -4.25],
			"faces": {
				"north": {"uv": [0, 0, 0.05, 1], "texture": "#4"},
				"east": {"uv": [0, 0, 0.75, 1], "texture": "#4"},
				"south": {"uv": [0, 0, 0.05, 1], "texture": "#4"},
				"west": {"uv": [0, 0, 0.75, 1], "texture": "#4"},
				"up": {"uv": [0, 0, 0.05, 0.75], "texture": "#4"},
				"down": {"uv": [0, 0, 0.05, 0.75], "texture": "#4"}
			}
		},
		{
			"from": [14.6, 11.75, 6.85],
			"to": [14.75, 12.25, 7.4],
			"faces": {
				"north": {"uv": [0, 0, 0.15, 0.5], "texture": "#13"},
				"east": {"uv": [0, 0, 0.55, 0.5], "texture": "#13"},
				"south": {"uv": [0, 0, 0.15, 0.5], "texture": "#13"},
				"west": {"uv": [0, 0, 0.55, 0.5], "texture": "#13"},
				"up": {"uv": [0, 0, 0.15, 0.55], "texture": "#13"},
				"down": {"uv": [0, 0, 0.15, 0.55], "texture": "#13"}
			}
		},
		{
			"from": [1.3, 11.5, 18.5],
			"to": [1.35, 12.5, 19.25],
			"faces": {
				"north": {"uv": [0, 0, 0.05, 1], "texture": "#4"},
				"east": {"uv": [0, 0, 0.75, 1], "texture": "#4"},
				"south": {"uv": [0, 0, 0.05, 1], "texture": "#4"},
				"west": {"uv": [0, 0, 0.75, 1], "texture": "#4"},
				"up": {"uv": [0, 0, 0.05, 0.75], "texture": "#4"},
				"down": {"uv": [0, 0, 0.05, 0.75], "texture": "#4"}
			}
		},
		{
			"from": [1.3, 11.75, -10.9],
			"to": [1.45, 12.25, -10.35],
			"faces": {
				"north": {"uv": [0, 0, 0.15, 0.5], "texture": "#13"},
				"east": {"uv": [0, 0, 0.55, 0.5], "texture": "#13"},
				"south": {"uv": [0, 0, 0.15, 0.5], "texture": "#13"},
				"west": {"uv": [0, 0, 0.55, 0.5], "texture": "#13"},
				"up": {"uv": [0, 0, 0.15, 0.55], "texture": "#13"},
				"down": {"uv": [0, 0, 0.15, 0.55], "texture": "#13"}
			}
		},
		{
			"from": [1.3, 11.5, -11],
			"to": [1.35, 12.5, -10.25],
			"faces": {
				"north": {"uv": [0, 0, 0.05, 1], "texture": "#4"},
				"east": {"uv": [0, 0, 0.75, 1], "texture": "#4"},
				"south": {"uv": [0, 0, 0.05, 1], "texture": "#4"},
				"west": {"uv": [0, 0, 0.75, 1], "texture": "#4"},
				"up": {"uv": [0, 0, 0.05, 0.75], "texture": "#4"},
				"down": {"uv": [0, 0, 0.05, 0.75], "texture": "#4"}
			}
		},
		{
			"from": [1.3, 11.75, 18.6],
			"to": [1.45, 12.25, 19.15],
			"faces": {
				"north": {"uv": [0, 0, 0.15, 0.5], "texture": "#13"},
				"east": {"uv": [0, 0, 0.55, 0.5], "texture": "#13"},
				"south": {"uv": [0, 0, 0.15, 0.5], "texture": "#13"},
				"west": {"uv": [0, 0, 0.55, 0.5], "texture": "#13"},
				"up": {"uv": [0, 0, 0.15, 0.55], "texture": "#13"},
				"down": {"uv": [0, 0, 0.15, 0.55], "texture": "#13"}
			}
		},
		{
			"from": [14.75, 8, -4],
			"to": [15.25, 16, 6.5],
			"faces": {
				"north": {"uv": [0, 0, 0.5, 5], "texture": "#0"},
				"east": {"uv": [0, 0, 16, 16], "texture": "#1"},
				"south": {"uv": [0, 0, 0.5, 5], "texture": "#0"},
				"west": {"uv": [0, 0, 16, 16], "texture": "#1"},
				"up": {"uv": [0, 0, 0.5, 10.5], "texture": "#0"},
				"down": {"uv": [0, 0, 0.5, 10.5], "texture": "#0"}
			}
		},
		{
			"from": [14.75, 8, -8.5],
			"to": [15.25, 16, -5.25],
			"faces": {
				"north": {"uv": [0, 0, 0.5, 5], "texture": "#0"},
				"east": {"uv": [0, 0, 16, 16], "texture": "#1"},
				"south": {"uv": [0, 0, 0.5, 5], "texture": "#0"},
				"west": {"uv": [0, 0, 16, 16], "texture": "#1"},
				"up": {"uv": [0, 0, 0.5, 3.25], "texture": "#0"},
				"down": {"uv": [0, 0, 0.5, 3.25], "texture": "#0"}
			}
		},
		{
			"from": [14.75, 8, -5.25],
			"to": [15.25, 16, -4],
			"faces": {
				"north": {"uv": [0, 0, 0.5, 8], "texture": "#0"},
				"east": {"uv": [0, 0, 1.25, 8], "texture": "#2"},
				"south": {"uv": [0, 0, 0.5, 8], "texture": "#0"},
				"west": {"uv": [0, 0, 1.25, 8], "texture": "#9"},
				"up": {"uv": [0, 0, 0.5, 1.25], "texture": "#0"},
				"down": {"uv": [0, 0, 0.5, 1.25], "texture": "#0"}
			}
		},
		{
			"from": [14.75, 8, -9.75],
			"to": [15.25, 16, -8.5],
			"faces": {
				"north": {"uv": [0, 0, 0.5, 8], "texture": "#0"},
				"east": {"uv": [0, 0, 1.25, 8], "texture": "#2"},
				"south": {"uv": [0, 0, 0.5, 8], "texture": "#0"},
				"west": {"uv": [0, 0, 1.25, 8], "texture": "#9"},
				"up": {"uv": [0, 0, 0.5, 1.25], "texture": "#0"},
				"down": {"uv": [0, 0, 0.5, 1.25], "texture": "#0"}
			}
		},
		{
			"from": [14.75, 8, -14.75],
			"to": [15.25, 16, -13.75],
			"faces": {
				"north": {"uv": [0, 0, 0.5, 8], "texture": "#0"},
				"east": {"uv": [0, 0, 1, 8], "texture": "#2"},
				"south": {"uv": [0, 0, 0.5, 8], "texture": "#0"},
				"west": {"uv": [0, 0, 1, 8], "texture": "#9"},
				"up": {"uv": [0, 0, 0.5, 1], "texture": "#0"},
				"down": {"uv": [0, 0, 0.5, 1], "texture": "#0"}
			}
		},
		{
			"from": [14.75, 3.75, -13.75],
			"to": [15.25, 4, -9.75],
			"faces": {
				"north": {"uv": [0, 0, 0.5, 0.25], "texture": "#0"},
				"east": {"uv": [0, 0, 4, 0.25], "texture": "#2"},
				"south": {"uv": [0, 0, 0.5, 0.25], "texture": "#0"},
				"west": {"uv": [0, 0, 4, 0.25], "texture": "#0"},
				"up": {"uv": [0, 0, 0.5, 4], "texture": "#0"},
				"down": {"uv": [0, 0, 0.5, 4], "texture": "#0"}
			}
		},
		{
			"from": [14.75, 3, -13.25],
			"to": [15.25, 3.25, -10.25],
			"faces": {
				"north": {"uv": [0, 0, 0.5, 0.25], "texture": "#0"},
				"east": {"uv": [0, 0, 3, 0.25], "texture": "#0"},
				"south": {"uv": [0, 0, 0.5, 0.25], "texture": "#0"},
				"west": {"uv": [0, 0, 3, 0.25], "texture": "#0"},
				"up": {"uv": [0, 0, 0.5, 3], "texture": "#0"},
				"down": {"uv": [0, 0, 0.5, 3], "texture": "#0"}
			}
		},
		{
			"from": [14.75, 2.25, -13.25],
			"to": [15.25, 2.5, -10.25],
			"faces": {
				"north": {"uv": [0, 0, 0.5, 0.25], "texture": "#0"},
				"east": {"uv": [0, 0, 3, 0.25], "texture": "#0"},
				"south": {"uv": [0, 0, 0.5, 0.25], "texture": "#0"},
				"west": {"uv": [0, 0, 3, 0.25], "texture": "#0"},
				"up": {"uv": [0, 0, 0.5, 3], "texture": "#0"},
				"down": {"uv": [0, 0, 0.5, 3], "texture": "#0"}
			}
		},
		{
			"from": [14.75, 1.5, -13.25],
			"to": [15.25, 1.75, -10.25],
			"faces": {
				"north": {"uv": [0, 0, 0.5, 0.25], "texture": "#0"},
				"east": {"uv": [0, 0, 3, 0.25], "texture": "#0"},
				"south": {"uv": [0, 0, 0.5, 0.25], "texture": "#0"},
				"west": {"uv": [0, 0, 3, 0.25], "texture": "#0"},
				"up": {"uv": [0, 0, 0.5, 3], "texture": "#0"},
				"down": {"uv": [0, 0, 0.5, 3], "texture": "#0"}
			}
		},
		{
			"from": [14.75, 1.5, -13.5],
			"to": [15.25, 3.75, -13.25],
			"faces": {
				"north": {"uv": [0, 0, 0.5, 2.25], "texture": "#0"},
				"east": {"uv": [0, 0, 0.25, 2.25], "texture": "#0"},
				"south": {"uv": [0, 0, 0.5, 2.25], "texture": "#0"},
				"west": {"uv": [0, 0, 0.25, 2.25], "texture": "#0"},
				"up": {"uv": [0, 0, 0.5, 0.25], "texture": "#0"},
				"down": {"uv": [0, 0, 0.5, 0.25], "texture": "#0"}
			}
		},
		{
			"from": [14.75, 1.5, -10.25],
			"to": [15.25, 3.75, -10],
			"faces": {
				"north": {"uv": [0, 0, 0.5, 2.25], "texture": "#0"},
				"east": {"uv": [0, 0, 0.25, 2.25], "texture": "#0"},
				"south": {"uv": [0, 0, 0.5, 2.25], "texture": "#0"},
				"west": {"uv": [0, 0, 0.25, 2.25], "texture": "#0"},
				"up": {"uv": [0, 0, 0.5, 0.25], "texture": "#0"},
				"down": {"uv": [0, 0, 0.5, 0.25], "texture": "#0"}
			}
		},
		{
			"from": [14.75, 3.75, -14.75],
			"to": [15.25, 8, -13.75],
			"faces": {
				"north": {"uv": [0, 0, 0.5, 4.25], "texture": "#0"},
				"east": {"uv": [0, 0, 1, 4.25], "texture": "#2"},
				"south": {"uv": [0, 0, 0.5, 4.25], "texture": "#0"},
				"west": {"uv": [0, 0, 1, 4.25], "texture": "#9"},
				"up": {"uv": [0, 0, 0.5, 1], "texture": "#0"},
				"down": {"uv": [0, 0, 0.5, 1], "texture": "#0"}
			}
		},
		{
			"from": [1.25, 8, 30.75],
			"to": [4.75, 16, 31.25],
			"faces": {
				"north": {"uv": [0, 0, 3.5, 8], "texture": "#9"},
				"east": {"uv": [0, 0, 0.5, 8], "texture": "#0"},
				"south": {"uv": [0, 0, 3.5, 8], "texture": "#2"},
				"west": {"uv": [0, 0, 0.5, 8], "texture": "#0"},
				"up": {"uv": [0, 0, 3.5, 0.5], "texture": "#0"},
				"down": {"uv": [0, 0, 3.5, 0.5], "texture": "#0"}
			}
		},
		{
			"from": [4.75, 8, 30.75],
			"to": [11.25, 16, 31.25],
			"faces": {
				"north": {"uv": [0, 0, 16, 16], "texture": "#1"},
				"east": {"uv": [0, 0, 0.5, 5], "texture": "#0"},
				"south": {"uv": [0, 0, 16, 16], "texture": "#1"},
				"west": {"uv": [0, 0, 0.5, 5], "texture": "#0"},
				"up": {"uv": [0, 0, 6.5, 0.5], "texture": "#0"},
				"down": {"uv": [0, 0, 6.5, 0.5], "texture": "#0"}
			}
		},
		{
			"from": [11.25, 8, 30.75],
			"to": [14.75, 16, 31.25],
			"faces": {
				"north": {"uv": [0, 0, 3.5, 8], "texture": "#9"},
				"east": {"uv": [0, 0, 0.5, 8], "texture": "#0"},
				"south": {"uv": [0, 0, 3.5, 8], "texture": "#2"},
				"west": {"uv": [0, 0, 0.5, 8], "texture": "#0"},
				"up": {"uv": [0, 0, 3.5, 0.5], "texture": "#0"},
				"down": {"uv": [0, 0, 3.5, 0.5], "texture": "#0"}
			}
		},
		{
			"from": [1.25, 16, 30.75],
			"to": [14.75, 17.25, 31.25],
			"faces": {
				"north": {"uv": [0, 0, 13.5, 1.25], "texture": "#9"},
				"east": {"uv": [0, 0, 0.5, 1.25], "texture": "#0"},
				"south": {"uv": [0, 0, 13.5, 1.25], "texture": "#2"},
				"west": {"uv": [0, 0, 0.5, 1.25], "texture": "#0"},
				"up": {"uv": [0, 0, 13.5, 0.5], "texture": "#0"},
				"down": {"uv": [0, 0, 13.5, 0.5], "texture": "#0"}
			}
		},
		{
			"from": [1.25, 1.5, 9.75],
			"to": [14.75, 3.75, 16.5],
			"faces": {
				"north": {"uv": [0, 0, 13.5, 2.25], "texture": "#4"},
				"east": {"uv": [0, 0, 6.75, 2.25], "texture": "#4"},
				"south": {"uv": [0, 0, 13.5, 2.25], "texture": "#4"},
				"west": {"uv": [0, 0, 6.75, 2.25], "texture": "#4"},
				"up": {"uv": [0, 0, 13.5, 6.75], "texture": "#4"},
				"down": {"uv": [0, 0, 13.5, 6.75], "texture": "#4"}
			}
		},
		{
			"from": [9.5, 1.5, -1.75],
			"to": [14.75, 3.75, 9.75],
			"faces": {
				"north": {"uv": [0, 0, 5.25, 2.25], "texture": "#4"},
				"east": {"uv": [0, 0, 11.5, 2.25], "texture": "#4"},
				"south": {"uv": [0, 0, 5.25, 2.25], "texture": "#4"},
				"west": {"uv": [0, 0, 11.5, 2.25], "texture": "#4"},
				"up": {"uv": [0, 0, 5.25, 11.5], "texture": "#4"},
				"down": {"uv": [0, 0, 5.25, 11.5], "texture": "#4"}
			}
		},
		{
			"from": [1.25, 1.5, -5],
			"to": [14.75, 3.75, -1.75],
			"faces": {
				"north": {"uv": [0, 0, 13.5, 2.25], "texture": "#4"},
				"east": {"uv": [0, 0, 3.25, 2.25], "texture": "#4"},
				"south": {"uv": [0, 0, 13.5, 2.25], "texture": "#4"},
				"west": {"uv": [0, 0, 3.25, 2.25], "texture": "#4"},
				"up": {"uv": [0, 0, 13.5, 3.25], "texture": "#4"},
				"down": {"uv": [0, 0, 13.5, 3.25], "texture": "#4"}
			}
		},
		{
			"from": [1.25, 1.5, -14.75],
			"to": [14.75, 3.75, -11.5],
			"faces": {
				"north": {"uv": [0, 0, 13.5, 2.25], "texture": "#4"},
				"east": {"uv": [0, 0, 3.25, 2.25], "texture": "#4"},
				"south": {"uv": [0, 0, 13.5, 2.25], "texture": "#4"},
				"west": {"uv": [0, 0, 3.25, 2.25], "texture": "#4"},
				"up": {"uv": [0, 0, 13.5, 3.25], "texture": "#4"},
				"down": {"uv": [0, 0, 13.5, 3.25], "texture": "#4"}
			}
		}
	],
	"display": {
		"head": {
			"scale": [4, 4, 4]
		}
	}
}