{
	"credit": "Made with Blockbench",
	"textures": {
		"0": "block/black_concrete",
		"1": "block/glass",
		"5": "block/coal_block",
		"6": "block/light_gray_concrete",
		"8": "block/white_concrete",
		"9": "block/quartz_block_bottom",
		"11": "block/yellow_concrete",
		"12": "block/cyan_terracotta",
		"13": "block/red_concrete",
		"14": "block/sea_lantern",
		"15": "block/shroomlight",
		"16": "block/redstone_block",
		"17": "block/ktb/konno_transportation_bus",
		"18": "block/ktb/next_minebus",
		"19": "block/ktb/konno_blue",
		"20": "block/ktb/konno_green",
		"21": "block/yellow_concrete_powder",
		"22": "block/gray_concrete",
		"23": "block/black_wool",
		"24": "block/cyan_wool",
		"25": "block/ktb/konno_transportation_bus_mirror",
		"26": "block/blue_concrete",
		"27": "block/ktb/validator",
		"28": "block/ktb/lex_electric_bus",
		"29": "block/ktb/danger_black_concrete",
		"particle": "block/black_concrete"
	},
	"elements": [
		{
			"from": [1.25, 0.75, -3.25],
			"to": [3.25, 3.75, -2.5],
			"faces": {
				"north": {"uv": [0, 0, 4, 3], "texture": "#6"},
				"east": {"uv": [0, 0, 0.75, 3], "texture": "#8"},
				"south": {"uv": [0, 0, 4, 3], "texture": "#8"},
				"west": {"uv": [0, 0, 0.75, 3], "texture": "#19"},
				"up": {"uv": [0, 0, 4, 0.75], "texture": "#8"},
				"down": {"uv": [0, 0, 4, 0.75], "texture": "#0"}
			}
		},
		{
			"from": [2.75, 0.75, -6.25],
			"to": [3.25, 2.75, -3.25],
			"faces": {
				"north": {"uv": [0, 0, 0.5, 2], "texture": "#6"},
				"east": {"uv": [0, 0, 3, 2], "texture": "#8"},
				"south": {"uv": [0, 0, 0.5, 2], "texture": "#6"},
				"west": {"uv": [0, 0, 3, 2], "texture": "#6"},
				"up": {"uv": [0, 0, 0.5, 3], "texture": "#6"},
				"down": {"uv": [0, 0, 0.5, 3], "texture": "#0"}
			}
		},
		{
			"from": [12.75, 2.75, -6.25],
			"to": [14.75, 3.75, -3.25],
			"faces": {
				"north": {"uv": [0, 0, 4, 1], "texture": "#6"},
				"east": {"uv": [0, 0, 3, 1], "texture": "#19"},
				"south": {"uv": [0, 0, 4, 1], "texture": "#6"},
				"west": {"uv": [0, 0, 3, 1], "texture": "#8"},
				"up": {"uv": [0, 0, 4, 3], "texture": "#8"},
				"down": {"uv": [0, 0, 4, 3], "texture": "#6"}
			}
		},
		{
			"from": [14, -0.25, -6],
			"to": [14.75, 2.25, -3.5],
			"faces": {
				"north": {"uv": [0, 0, 2.75, 2.5], "texture": "#5"},
				"east": {"uv": [0, 0, 2.5, 2.5], "texture": "#5"},
				"south": {"uv": [0, 0, 2.75, 2.5], "texture": "#5"},
				"west": {"uv": [0, 0, 2.5, 2.5], "texture": "#5"},
				"up": {"uv": [0, 0, 2.75, 2.5], "texture": "#5"},
				"down": {"uv": [0, 0, 2.75, 2.5], "texture": "#5"}
			}
		},
		{
			"from": [12.75, 0.75, -3.25],
			"to": [14.75, 3.75, -2.5],
			"faces": {
				"north": {"uv": [0, 0, 4, 3], "texture": "#6"},
				"east": {"uv": [0, 0, 0.75, 3], "texture": "#19"},
				"south": {"uv": [0, 0, 4, 3], "texture": "#8"},
				"west": {"uv": [0, 0, 0.75, 3], "texture": "#8"},
				"up": {"uv": [0, 0, 4, 0.75], "texture": "#8"},
				"down": {"uv": [0, 0, 4, 0.75], "texture": "#0"}
			}
		},
		{
			"from": [12.75, 0.75, -7],
			"to": [14.75, 3.75, -6.25],
			"faces": {
				"north": {"uv": [0, 0, 4, 3], "texture": "#8"},
				"east": {"uv": [0, 0, 0.75, 3], "texture": "#19"},
				"south": {"uv": [0, 0, 4, 3], "texture": "#6"},
				"west": {"uv": [0, 0, 0.75, 3], "texture": "#8"},
				"up": {"uv": [0, 0, 4, 0.75], "texture": "#8"},
				"down": {"uv": [0, 0, 4, 0.75], "texture": "#0"}
			}
		},
		{
			"from": [12.75, 0.75, -6.25],
			"to": [13.25, 2.75, -3.25],
			"faces": {
				"north": {"uv": [0, 0, 0.5, 2], "texture": "#6"},
				"east": {"uv": [0, 0, 3, 2], "texture": "#6"},
				"south": {"uv": [0, 0, 0.5, 2], "texture": "#6"},
				"west": {"uv": [0, 0, 3, 2], "texture": "#8"},
				"up": {"uv": [0, 0, 0.5, 3], "texture": "#6"},
				"down": {"uv": [0, 0, 0.5, 3], "texture": "#0"}
			}
		},
		{
			"from": [14, -0.25, 18.75],
			"to": [14.75, 2.25, 21.25],
			"faces": {
				"north": {"uv": [0, 0, 2.75, 2.5], "texture": "#5"},
				"east": {"uv": [0, 0, 2.5, 2.5], "texture": "#5"},
				"south": {"uv": [0, 0, 2.75, 2.5], "texture": "#5"},
				"west": {"uv": [0, 0, 2.5, 2.5], "texture": "#5"},
				"up": {"uv": [0, 0, 2.75, 2.5], "texture": "#5"},
				"down": {"uv": [0, 0, 2.75, 2.5], "texture": "#5"}
			}
		},
		{
			"from": [1.25, -0.25, 18.75],
			"to": [2, 2.25, 21.25],
			"faces": {
				"north": {"uv": [0, 0, 2.75, 2.5], "texture": "#5"},
				"east": {"uv": [0, 0, 2.5, 2.5], "texture": "#5"},
				"south": {"uv": [0, 0, 2.75, 2.5], "texture": "#5"},
				"west": {"uv": [0, 0, 2.5, 2.5], "texture": "#5"},
				"up": {"uv": [0, 0, 2.75, 2.5], "texture": "#5"},
				"down": {"uv": [0, 0, 2.75, 2.5], "texture": "#5"}
			}
		},
		{
			"from": [1.25, 0.75, 21.5],
			"to": [3.25, 3.75, 22.25],
			"faces": {
				"north": {"uv": [0, 0, 4, 3], "texture": "#6"},
				"east": {"uv": [0, 0, 0.75, 3], "texture": "#8"},
				"south": {"uv": [0, 0, 4, 3], "texture": "#8"},
				"west": {"uv": [0, 0, 0.75, 3], "texture": "#19"},
				"up": {"uv": [0, 0, 4, 0.75], "texture": "#8"},
				"down": {"uv": [0, 0, 4, 0.75], "texture": "#0"}
			}
		},
		{
			"from": [1.25, 0.75, 17.75],
			"to": [3.25, 3.75, 18.5],
			"faces": {
				"north": {"uv": [0, 0, 4, 3], "texture": "#8"},
				"east": {"uv": [0, 0, 0.75, 3], "texture": "#8"},
				"south": {"uv": [0, 0, 4, 3], "texture": "#6"},
				"west": {"uv": [0, 0, 0.75, 3], "texture": "#19"},
				"up": {"uv": [0, 0, 4, 0.75], "texture": "#8"},
				"down": {"uv": [0, 0, 4, 0.75], "texture": "#0"}
			}
		},
		{
			"from": [12.75, 0.75, 21.5],
			"to": [14.75, 3.75, 22.25],
			"faces": {
				"north": {"uv": [0, 0, 4, 3], "texture": "#6"},
				"east": {"uv": [0, 0, 0.75, 3], "texture": "#19"},
				"south": {"uv": [0, 0, 4, 3], "texture": "#8"},
				"west": {"uv": [0, 0, 0.75, 3], "texture": "#8"},
				"up": {"uv": [0, 0, 4, 0.75], "texture": "#8"},
				"down": {"uv": [0, 0, 4, 0.75], "texture": "#0"}
			}
		},
		{
			"from": [12.75, 0.75, 17.75],
			"to": [14.75, 3.75, 18.5],
			"faces": {
				"north": {"uv": [0, 0, 4, 3], "texture": "#8"},
				"east": {"uv": [0, 0, 0.75, 3], "texture": "#19"},
				"south": {"uv": [0, 0, 4, 3], "texture": "#6"},
				"west": {"uv": [0, 0, 0.75, 3], "texture": "#8"},
				"up": {"uv": [0, 0, 4, 0.75], "texture": "#8"},
				"down": {"uv": [0, 0, 4, 0.75], "texture": "#0"}
			}
		},
		{
			"from": [12.75, 2.75, 18.5],
			"to": [14.75, 3.75, 21.5],
			"faces": {
				"north": {"uv": [0, 0, 4, 1], "texture": "#6"},
				"east": {"uv": [0, 0, 3, 1], "texture": "#19"},
				"south": {"uv": [0, 0, 4, 1], "texture": "#6"},
				"west": {"uv": [0, 0, 3, 1], "texture": "#8"},
				"up": {"uv": [0, 0, 4, 3], "texture": "#8"},
				"down": {"uv": [0, 0, 4, 3], "texture": "#6"}
			}
		},
		{
			"from": [1.25, 2.75, 18.5],
			"to": [3.25, 3.75, 21.5],
			"faces": {
				"north": {"uv": [0, 0, 4, 1], "texture": "#6"},
				"east": {"uv": [0, 0, 3, 1], "texture": "#8"},
				"south": {"uv": [0, 0, 4, 1], "texture": "#6"},
				"west": {"uv": [0, 0, 3, 1], "texture": "#19"},
				"up": {"uv": [0, 0, 4, 3], "texture": "#8"},
				"down": {"uv": [0, 0, 4, 3], "texture": "#6"}
			}
		},
		{
			"from": [2.75, 0.75, 18.5],
			"to": [3.25, 2.75, 21.5],
			"faces": {
				"north": {"uv": [0, 0, 0.5, 2], "texture": "#6"},
				"east": {"uv": [0, 0, 3, 2], "texture": "#8"},
				"south": {"uv": [0, 0, 0.5, 2], "texture": "#6"},
				"west": {"uv": [0, 0, 3, 2], "texture": "#6"},
				"up": {"uv": [0, 0, 0.5, 3], "texture": "#6"},
				"down": {"uv": [0, 0, 0.5, 3], "texture": "#0"}
			}
		},
		{
			"from": [12.75, 0.75, 18.5],
			"to": [13.25, 2.75, 21.5],
			"faces": {
				"north": {"uv": [0, 0, 0.5, 2], "texture": "#6"},
				"east": {"uv": [0, 0, 3, 2], "texture": "#6"},
				"south": {"uv": [0, 0, 0.5, 2], "texture": "#6"},
				"west": {"uv": [0, 0, 3, 2], "texture": "#8"},
				"up": {"uv": [0, 0, 0.5, 3], "texture": "#6"},
				"down": {"uv": [0, 0, 0.5, 3], "texture": "#0"}
			}
		},
		{
			"from": [1.25, -0.25, -6],
			"to": [2, 2.25, -3.5],
			"faces": {
				"north": {"uv": [0, 0, 2.75, 2.5], "texture": "#5"},
				"east": {"uv": [0, 0, 2.5, 2.5], "texture": "#5"},
				"south": {"uv": [0, 0, 2.75, 2.5], "texture": "#5"},
				"west": {"uv": [0, 0, 2.5, 2.5], "texture": "#5"},
				"up": {"uv": [0, 0, 2.75, 2.5], "texture": "#5"},
				"down": {"uv": [0, 0, 2.75, 2.5], "texture": "#5"}
			}
		},
		{
			"from": [1.25, 2.75, -6.25],
			"to": [3.25, 3.75, -3.25],
			"faces": {
				"north": {"uv": [0, 0, 4, 1], "texture": "#6"},
				"east": {"uv": [0, 0, 3, 1], "texture": "#8"},
				"south": {"uv": [0, 0, 4, 1], "texture": "#6"},
				"west": {"uv": [0, 0, 3, 1], "texture": "#19"},
				"up": {"uv": [0, 0, 4, 3], "texture": "#8"},
				"down": {"uv": [0, 0, 4, 3], "texture": "#6"}
			}
		},
		{
			"from": [1.25, 0.75, -7],
			"to": [3.25, 3.75, -6.25],
			"faces": {
				"north": {"uv": [0, 0, 4, 3], "texture": "#8"},
				"east": {"uv": [0, 0, 0.75, 3], "texture": "#8"},
				"south": {"uv": [0, 0, 4, 3], "texture": "#6"},
				"west": {"uv": [0, 0, 0.75, 3], "texture": "#19"},
				"up": {"uv": [0, 0, 4, 0.75], "texture": "#8"},
				"down": {"uv": [0, 0, 4, 0.75], "texture": "#0"}
			}
		},
		{
			"from": [3.25, 0.75, -15.25],
			"to": [12.75, 1.5, 31.25],
			"faces": {
				"north": {"uv": [0, 0, 9.5, 0.75], "texture": "#19"},
				"east": {"uv": [0, 0, 16, 0.75], "texture": "#6"},
				"south": {"uv": [0, 0, 9.5, 0.75], "texture": "#19"},
				"west": {"uv": [0, 0, 16, 0.75], "texture": "#6"},
				"up": {"uv": [0, 0, 9.5, 16], "texture": "#12"},
				"down": {"uv": [0, 0, 9.5, 16], "texture": "#0"}
			}
		},
		{
			"from": [10.25, 5.5, -11.5],
			"to": [13.25, 6.25, -8.5],
			"faces": {
				"north": {"uv": [0, 0, 9.5, 0.75], "texture": "#23"},
				"east": {"uv": [0, 0, 16, 0.75], "texture": "#23"},
				"south": {"uv": [0, 0, 9.5, 0.75], "texture": "#9"},
				"west": {"uv": [0, 0, 16, 0.75], "texture": "#23"},
				"up": {"uv": [0, 0, 9.5, 16], "texture": "#23"},
				"down": {"uv": [0, 0, 9.5, 16], "texture": "#9"}
			}
		},
		{
			"from": [10.25, 5.5, 18.5],
			"to": [13.25, 9.5, 19.25],
			"faces": {
				"north": {"uv": [0, 0, 9.5, 0.75], "texture": "#24"},
				"east": {"uv": [0, 0, 16, 0.75], "texture": "#24"},
				"south": {"uv": [0, 0, 9.5, 0.75], "texture": "#9"},
				"west": {"uv": [0, 0, 16, 0.75], "texture": "#24"},
				"up": {"uv": [0, 0, 9.5, 16], "texture": "#24"},
				"down": {"uv": [0, 0, 9.5, 16], "texture": "#9"}
			}
		},
		{
			"from": [11, 1.5, 16.75],
			"to": [12.5, 5.5, 18.25],
			"faces": {
				"north": {"uv": [0, 0, 9.5, 0.75], "texture": "#6"},
				"east": {"uv": [0, 0, 16, 0.75], "texture": "#6"},
				"south": {"uv": [0, 0, 9.5, 0.75], "texture": "#6"},
				"west": {"uv": [0, 0, 16, 0.75], "texture": "#6"},
				"up": {"uv": [0, 0, 9.5, 16], "texture": "#6"},
				"down": {"uv": [0, 0, 9.5, 16], "texture": "#6"}
			}
		},
		{
			"from": [2.75, 5.5, 18.5],
			"to": [5.75, 9.5, 19.25],
			"faces": {
				"north": {"uv": [0, 0, 9.5, 0.75], "texture": "#24"},
				"east": {"uv": [0, 0, 16, 0.75], "texture": "#24"},
				"south": {"uv": [0, 0, 9.5, 0.75], "texture": "#9"},
				"west": {"uv": [0, 0, 16, 0.75], "texture": "#24"},
				"up": {"uv": [0, 0, 9.5, 16], "texture": "#24"},
				"down": {"uv": [0, 0, 9.5, 16], "texture": "#9"}
			}
		},
		{
			"from": [2.75, 5.5, 15.75],
			"to": [5.75, 6, 18.5],
			"faces": {
				"north": {"uv": [0, 0, 9.5, 0.75], "texture": "#24"},
				"east": {"uv": [0, 0, 16, 0.75], "texture": "#24"},
				"south": {"uv": [0, 0, 9.5, 0.75], "texture": "#9"},
				"west": {"uv": [0, 0, 16, 0.75], "texture": "#24"},
				"up": {"uv": [0, 0, 9.5, 16], "texture": "#24"},
				"down": {"uv": [0, 0, 9.5, 16], "texture": "#9"}
			}
		},
		{
			"from": [3.5, 1.5, 16.75],
			"to": [5, 5.5, 18.25],
			"faces": {
				"north": {"uv": [0, 0, 9.5, 0.75], "texture": "#6"},
				"east": {"uv": [0, 0, 16, 0.75], "texture": "#6"},
				"south": {"uv": [0, 0, 9.5, 0.75], "texture": "#6"},
				"west": {"uv": [0, 0, 16, 0.75], "texture": "#6"},
				"up": {"uv": [0, 0, 9.5, 16], "texture": "#6"},
				"down": {"uv": [0, 0, 9.5, 16], "texture": "#6"}
			}
		},
		{
			"from": [10.25, 5.5, 23.75],
			"to": [13.25, 9.5, 24.5],
			"faces": {
				"north": {"uv": [0, 0, 9.5, 0.75], "texture": "#24"},
				"east": {"uv": [0, 0, 16, 0.75], "texture": "#24"},
				"south": {"uv": [0, 0, 9.5, 0.75], "texture": "#9"},
				"west": {"uv": [0, 0, 16, 0.75], "texture": "#24"},
				"up": {"uv": [0, 0, 9.5, 16], "texture": "#24"},
				"down": {"uv": [0, 0, 9.5, 16], "texture": "#9"}
			}
		},
		{
			"from": [10.25, 5.5, 21],
			"to": [13.25, 6, 23.75],
			"faces": {
				"north": {"uv": [0, 0, 9.5, 0.75], "texture": "#24"},
				"east": {"uv": [0, 0, 16, 0.75], "texture": "#24"},
				"south": {"uv": [0, 0, 9.5, 0.75], "texture": "#9"},
				"west": {"uv": [0, 0, 16, 0.75], "texture": "#24"},
				"up": {"uv": [0, 0, 9.5, 16], "texture": "#24"},
				"down": {"uv": [0, 0, 9.5, 16], "texture": "#9"}
			}
		},
		{
			"from": [2.75, 5.5, 29.25],
			"to": [5.75, 9.5, 30],
			"faces": {
				"north": {"uv": [0, 0, 9.5, 0.75], "texture": "#24"},
				"east": {"uv": [0, 0, 16, 0.75], "texture": "#24"},
				"south": {"uv": [0, 0, 9.5, 0.75], "texture": "#9"},
				"west": {"uv": [0, 0, 16, 0.75], "texture": "#24"},
				"up": {"uv": [0, 0, 9.5, 16], "texture": "#24"},
				"down": {"uv": [0, 0, 9.5, 16], "texture": "#9"}
			}
		},
		{
			"from": [2.75, 5.5, 26.5],
			"to": [5.75, 6, 29.25],
			"faces": {
				"north": {"uv": [0, 0, 9.5, 0.75], "texture": "#24"},
				"east": {"uv": [0, 0, 16, 0.75], "texture": "#24"},
				"south": {"uv": [0, 0, 9.5, 0.75], "texture": "#9"},
				"west": {"uv": [0, 0, 16, 0.75], "texture": "#24"},
				"up": {"uv": [0, 0, 9.5, 16], "texture": "#24"},
				"down": {"uv": [0, 0, 9.5, 16], "texture": "#9"}
			}
		},
		{
			"from": [10.25, 5.5, 29.25],
			"to": [13.25, 9.5, 30],
			"faces": {
				"north": {"uv": [0, 0, 9.5, 0.75], "texture": "#24"},
				"east": {"uv": [0, 0, 16, 0.75], "texture": "#24"},
				"south": {"uv": [0, 0, 9.5, 0.75], "texture": "#9"},
				"west": {"uv": [0, 0, 16, 0.75], "texture": "#24"},
				"up": {"uv": [0, 0, 9.5, 16], "texture": "#24"},
				"down": {"uv": [0, 0, 9.5, 16], "texture": "#9"}
			}
		},
		{
			"from": [10.25, 5.5, 26.5],
			"to": [13.25, 6, 29.25],
			"faces": {
				"north": {"uv": [0, 0, 9.5, 0.75], "texture": "#24"},
				"east": {"uv": [0, 0, 16, 0.75], "texture": "#24"},
				"south": {"uv": [0, 0, 9.5, 0.75], "texture": "#9"},
				"west": {"uv": [0, 0, 16, 0.75], "texture": "#24"},
				"up": {"uv": [0, 0, 9.5, 16], "texture": "#24"},
				"down": {"uv": [0, 0, 9.5, 16], "texture": "#9"}
			}
		},
		{
			"from": [11, 1.5, 22],
			"to": [12.5, 5.5, 23.5],
			"faces": {
				"north": {"uv": [0, 0, 9.5, 0.75], "texture": "#6"},
				"east": {"uv": [0, 0, 16, 0.75], "texture": "#6"},
				"south": {"uv": [0, 0, 9.5, 0.75], "texture": "#6"},
				"west": {"uv": [0, 0, 16, 0.75], "texture": "#6"},
				"up": {"uv": [0, 0, 9.5, 16], "texture": "#6"},
				"down": {"uv": [0, 0, 9.5, 16], "texture": "#6"}
			}
		},
		{
			"from": [2.75, 5.5, 23.75],
			"to": [5.75, 9.5, 24.5],
			"faces": {
				"north": {"uv": [0, 0, 9.5, 0.75], "texture": "#24"},
				"east": {"uv": [0, 0, 16, 0.75], "texture": "#24"},
				"south": {"uv": [0, 0, 9.5, 0.75], "texture": "#9"},
				"west": {"uv": [0, 0, 16, 0.75], "texture": "#24"},
				"up": {"uv": [0, 0, 9.5, 16], "texture": "#24"},
				"down": {"uv": [0, 0, 9.5, 16], "texture": "#9"}
			}
		},
		{
			"from": [2.75, 5.5, 21],
			"to": [5.75, 6, 23.75],
			"faces": {
				"north": {"uv": [0, 0, 9.5, 0.75], "texture": "#24"},
				"east": {"uv": [0, 0, 16, 0.75], "texture": "#24"},
				"south": {"uv": [0, 0, 9.5, 0.75], "texture": "#9"},
				"west": {"uv": [0, 0, 16, 0.75], "texture": "#24"},
				"up": {"uv": [0, 0, 9.5, 16], "texture": "#24"},
				"down": {"uv": [0, 0, 9.5, 16], "texture": "#9"}
			}
		},
		{
			"from": [3.5, 1.5, 22],
			"to": [5, 5.5, 23.5],
			"faces": {
				"north": {"uv": [0, 0, 9.5, 0.75], "texture": "#6"},
				"east": {"uv": [0, 0, 16, 0.75], "texture": "#6"},
				"south": {"uv": [0, 0, 9.5, 0.75], "texture": "#6"},
				"west": {"uv": [0, 0, 16, 0.75], "texture": "#6"},
				"up": {"uv": [0, 0, 9.5, 16], "texture": "#6"},
				"down": {"uv": [0, 0, 9.5, 16], "texture": "#6"}
			}
		},
		{
			"from": [10.25, 5.5, 15.75],
			"to": [13.25, 6, 18.5],
			"faces": {
				"north": {"uv": [0, 0, 9.5, 0.75], "texture": "#24"},
				"east": {"uv": [0, 0, 16, 0.75], "texture": "#24"},
				"south": {"uv": [0, 0, 9.5, 0.75], "texture": "#9"},
				"west": {"uv": [0, 0, 16, 0.75], "texture": "#24"},
				"up": {"uv": [0, 0, 9.5, 16], "texture": "#24"},
				"down": {"uv": [0, 0, 9.5, 16], "texture": "#9"}
			}
		},
		{
			"from": [10.25, 5.5, -4.25],
			"to": [13.25, 9.5, -3.5],
			"faces": {
				"north": {"uv": [0, 0, 9.5, 0.75], "texture": "#9"},
				"east": {"uv": [0, 0, 16, 0.75], "texture": "#24"},
				"south": {"uv": [0, 0, 9.5, 0.75], "texture": "#24"},
				"west": {"uv": [0, 0, 16, 0.75], "texture": "#24"},
				"up": {"uv": [0, 0, 9.5, 16], "texture": "#24"},
				"down": {"uv": [0, 0, 9.5, 16], "texture": "#9"}
			}
		},
		{
			"from": [10.25, 5.5, -3.5],
			"to": [13.25, 6, -0.75],
			"faces": {
				"north": {"uv": [0, 0, 9.5, 0.75], "texture": "#23"},
				"east": {"uv": [0, 0, 16, 0.75], "texture": "#24"},
				"south": {"uv": [0, 0, 9.5, 0.75], "texture": "#24"},
				"west": {"uv": [0, 0, 16, 0.75], "texture": "#24"},
				"up": {"uv": [0, 0, 9.5, 16], "texture": "#24"},
				"down": {"uv": [0, 0, 9.5, 16], "texture": "#9"}
			}
		},
		{
			"from": [11, 1.5, -10.5],
			"to": [12.5, 5.5, -9],
			"faces": {
				"north": {"uv": [0, 0, 9.5, 0.75], "texture": "#6"},
				"east": {"uv": [0, 0, 16, 0.75], "texture": "#6"},
				"south": {"uv": [0, 0, 9.5, 0.75], "texture": "#6"},
				"west": {"uv": [0, 0, 16, 0.75], "texture": "#6"},
				"up": {"uv": [0, 0, 9.5, 16], "texture": "#6"},
				"down": {"uv": [0, 0, 9.5, 16], "texture": "#6"}
			}
		},
		{
			"from": [2.25, 5.5, -5.5],
			"to": [2.85, 9.25, 4.25],
			"faces": {
				"north": {"uv": [0, 0, 9.5, 0.75], "texture": "#24"},
				"east": {"uv": [0, 0, 16, 0.75], "texture": "#24"},
				"south": {"uv": [0, 0, 9.5, 0.75], "texture": "#24"},
				"west": {"uv": [0, 0, 16, 0.75], "texture": "#9"},
				"up": {"uv": [0, 0, 9.5, 16], "texture": "#24"},
				"down": {"uv": [0, 0, 9.5, 16], "texture": "#9"}
			}
		},
		{
			"from": [2.85, 5.5, -5.5],
			"to": [5.6, 6, 4.25],
			"faces": {
				"north": {"uv": [0, 0, 9.5, 0.75], "texture": "#24"},
				"east": {"uv": [0, 0, 16, 0.75], "texture": "#24"},
				"south": {"uv": [0, 0, 9.5, 0.75], "texture": "#24"},
				"west": {"uv": [0, 0, 16, 0.75], "texture": "#23"},
				"up": {"uv": [0, 0, 9.5, 16], "texture": "#24"},
				"down": {"uv": [0, 0, 9.5, 16], "texture": "#9"}
			}
		},
		{
			"from": [11.85, 7.1, -14.75],
			"to": [12.15, 7.35, -13.75],
			"faces": {
				"north": {"uv": [0, 0, 0.3, 0.25], "texture": "#22"},
				"east": {"uv": [0, 0, 1, 0.25], "texture": "#22"},
				"south": {"uv": [0, 0, 0.3, 0.25], "texture": "#22"},
				"west": {"uv": [0, 0, 1, 0.25], "texture": "#22"},
				"up": {"uv": [0, 0, 0.3, 1], "texture": "#22"},
				"down": {"uv": [0, 0, 0.3, 1], "texture": "#22"}
			}
		},
		{
			"from": [11.5, 7.1, -13.75],
			"to": [12.5, 7.35, -13.5],
			"faces": {
				"north": {"uv": [0, 0, 1, 0.25], "texture": "#22"},
				"east": {"uv": [0, 0, 0.25, 0.25], "texture": "#22"},
				"south": {"uv": [0, 0, 1, 0.25], "texture": "#22"},
				"west": {"uv": [0, 0, 0.25, 0.25], "texture": "#22"},
				"up": {"uv": [0, 0, 1, 0.25], "texture": "#22"},
				"down": {"uv": [0, 0, 1, 0.25], "texture": "#22"}
			}
		},
		{
			"from": [11.25, 6.85, -13.75],
			"to": [11.5, 7.85, -13.5],
			"faces": {
				"north": {"uv": [0, 0, 0.25, 1], "texture": "#22"},
				"east": {"uv": [0, 0, 0.25, 1], "texture": "#22"},
				"south": {"uv": [0, 0, 0.25, 1], "texture": "#22"},
				"west": {"uv": [0, 0, 0.25, 1], "texture": "#22"},
				"up": {"uv": [0, 0, 0.25, 0.25], "texture": "#22"},
				"down": {"uv": [0, 0, 0.25, 0.25], "texture": "#22"}
			}
		},
		{
			"from": [11.25, 7.85, -13.75],
			"to": [12.75, 8.1, -13.5],
			"faces": {
				"north": {"uv": [0, 0, 1.5, 0.25], "texture": "#22"},
				"east": {"uv": [0, 0, 0.25, 0.25], "texture": "#22"},
				"south": {"uv": [0, 0, 1.5, 0.25], "texture": "#22"},
				"west": {"uv": [0, 0, 0.25, 0.25], "texture": "#22"},
				"up": {"uv": [0, 0, 1.5, 0.25], "texture": "#22"},
				"down": {"uv": [0, 0, 1.5, 0.25], "texture": "#22"}
			}
		},
		{
			"from": [12.5, 6.85, -13.75],
			"to": [12.75, 7.85, -13.5],
			"faces": {
				"north": {"uv": [0, 0, 0.25, 1], "texture": "#22"},
				"east": {"uv": [0, 0, 0.25, 1], "texture": "#22"},
				"south": {"uv": [0, 0, 0.25, 1], "texture": "#22"},
				"west": {"uv": [0, 0, 0.25, 1], "texture": "#22"},
				"up": {"uv": [0, 0, 0.25, 0.25], "texture": "#22"},
				"down": {"uv": [0, 0, 0.25, 0.25], "texture": "#22"}
			}
		},
		{
			"from": [11.25, 6.6, -13.75],
			"to": [12.75, 6.85, -13.5],
			"faces": {
				"north": {"uv": [0, 0, 1.5, 0.25], "texture": "#22"},
				"east": {"uv": [0, 0, 0.25, 0.25], "texture": "#22"},
				"south": {"uv": [0, 0, 1.5, 0.25], "texture": "#22"},
				"west": {"uv": [0, 0, 0.25, 0.25], "texture": "#22"},
				"up": {"uv": [0, 0, 1.5, 0.25], "texture": "#22"},
				"down": {"uv": [0, 0, 1.5, 0.25], "texture": "#22"}
			}
		},
		{
			"from": [10.25, 5.5, -8.5],
			"to": [13.25, 9.5, -7.75],
			"faces": {
				"north": {"uv": [0, 0, 9.5, 0.75], "texture": "#23"},
				"east": {"uv": [0, 0, 16, 0.75], "texture": "#23"},
				"south": {"uv": [0, 0, 9.5, 0.75], "texture": "#9"},
				"west": {"uv": [0, 0, 16, 0.75], "texture": "#23"},
				"up": {"uv": [0, 0, 9.5, 16], "texture": "#23"},
				"down": {"uv": [0, 0, 9.5, 16], "texture": "#9"}
			}
		},
		{
			"from": [3.25, 1.5, 16.5],
			"to": [12.75, 3, 30.75],
			"faces": {
				"north": {"uv": [0, 0, 9.5, 0.75], "texture": "#8"},
				"east": {"uv": [0, 0, 16, 0.75], "texture": "#6"},
				"south": {"uv": [0, 0, 9.5, 0.75], "texture": "#19"},
				"west": {"uv": [0, 0, 16, 0.75], "texture": "#6"},
				"up": {"uv": [0, 0, 9.5, 16], "texture": "#12"},
				"down": {"uv": [0, 0, 9.5, 16], "texture": "#0"}
			}
		},
		{
			"from": [2.25, 3, 22.25],
			"to": [13.75, 4.5, 30.75],
			"faces": {
				"north": {"uv": [0, 0, 9.5, 0.75], "texture": "#8"},
				"east": {"uv": [0, 0, 16, 0.75], "texture": "#6"},
				"south": {"uv": [0, 0, 9.5, 0.75], "texture": "#19"},
				"west": {"uv": [0, 0, 16, 0.75], "texture": "#6"},
				"up": {"uv": [0, 0, 9.5, 16], "texture": "#12"},
				"down": {"uv": [0, 0, 9.5, 16], "texture": "#0"}
			}
		},
		{
			"from": [2.25, 4.5, 27.5],
			"to": [13.75, 5.5, 30.75],
			"faces": {
				"north": {"uv": [0, 0, 9.5, 0.75], "texture": "#8"},
				"east": {"uv": [0, 0, 16, 0.75], "texture": "#6"},
				"south": {"uv": [0, 0, 9.5, 0.75], "texture": "#19"},
				"west": {"uv": [0, 0, 16, 0.75], "texture": "#6"},
				"up": {"uv": [0, 0, 9.5, 16], "texture": "#8"},
				"down": {"uv": [0, 0, 9.5, 16], "texture": "#0"}
			}
		},
		{
			"from": [2.25, 1.5, 16.5],
			"to": [3.25, 3, 18],
			"faces": {
				"north": {"uv": [0, 0, 9.5, 0.75], "texture": "#8"},
				"east": {"uv": [0, 0, 16, 0.75], "texture": "#6"},
				"south": {"uv": [0, 0, 9.5, 0.75], "texture": "#19"},
				"west": {"uv": [0, 0, 16, 0.75], "texture": "#6"},
				"up": {"uv": [0, 0, 9.5, 16], "texture": "#12"},
				"down": {"uv": [0, 0, 9.5, 16], "texture": "#0"}
			}
		},
		{
			"from": [12.75, 1.5, 16.5],
			"to": [13.75, 3, 18],
			"faces": {
				"north": {"uv": [0, 0, 9.5, 0.75], "texture": "#8"},
				"east": {"uv": [0, 0, 16, 0.75], "texture": "#6"},
				"south": {"uv": [0, 0, 9.5, 0.75], "texture": "#19"},
				"west": {"uv": [0, 0, 16, 0.75], "texture": "#6"},
				"up": {"uv": [0, 0, 9.5, 16], "texture": "#12"},
				"down": {"uv": [0, 0, 9.5, 16], "texture": "#0"}
			}
		},
		{
			"from": [1.3, 1.511, 4.75],
			"to": [5.55, 1.511, 13.75],
			"faces": {
				"north": {"uv": [0, 0, 9.5, 0.75], "texture": "#19"},
				"east": {"uv": [0, 0, 16, 0.75], "texture": "#6"},
				"south": {"uv": [0, 0, 9.5, 0.75], "texture": "#19"},
				"west": {"uv": [0, 0, 16, 0.75], "texture": "#6"},
				"up": {"uv": [0, 0, 9.5, 16], "texture": "#21"},
				"down": {"uv": [0, 0, 9.5, 16], "texture": "#0"}
			}
		},
		{
			"from": [1.3, 1.511, -14.75],
			"to": [5.55, 1.511, -7],
			"faces": {
				"north": {"uv": [0, 0, 9.5, 0.75], "texture": "#19"},
				"east": {"uv": [0, 0, 16, 0.75], "texture": "#6"},
				"south": {"uv": [0, 0, 9.5, 0.75], "texture": "#19"},
				"west": {"uv": [0, 0, 16, 0.75], "texture": "#6"},
				"up": {"uv": [0, 0, 9.5, 16], "texture": "#21"},
				"down": {"uv": [0, 0, 9.5, 16], "texture": "#0"}
			}
		},
		{
			"from": [12.55, 1.511, 1.25],
			"to": [13.05, 1.511, 4],
			"faces": {
				"north": {"uv": [0, 0, 9.5, 0.75], "texture": "#19"},
				"east": {"uv": [0, 0, 16, 0.75], "texture": "#6"},
				"south": {"uv": [0, 0, 9.5, 0.75], "texture": "#19"},
				"west": {"uv": [0, 0, 16, 0.75], "texture": "#6"},
				"up": {"uv": [0, 0, 9.5, 16], "texture": "#22"},
				"down": {"uv": [0, 0, 9.5, 16], "texture": "#0"}
			}
		},
		{
			"from": [9.55, 1.511, 1.25],
			"to": [10.05, 1.511, 4],
			"faces": {
				"north": {"uv": [0, 0, 9.5, 0.75], "texture": "#19"},
				"east": {"uv": [0, 0, 16, 0.75], "texture": "#6"},
				"south": {"uv": [0, 0, 9.5, 0.75], "texture": "#19"},
				"west": {"uv": [0, 0, 16, 0.75], "texture": "#6"},
				"up": {"uv": [0, 0, 9.5, 16], "texture": "#22"},
				"down": {"uv": [0, 0, 9.5, 16], "texture": "#0"}
			}
		},
		{
			"from": [11.95, 1.511, 8],
			"to": [12.45, 1.511, 10.75],
			"faces": {
				"north": {"uv": [0, 0, 9.5, 0.75], "texture": "#19"},
				"east": {"uv": [0, 0, 16, 0.75], "texture": "#6"},
				"south": {"uv": [0, 0, 9.5, 0.75], "texture": "#19"},
				"west": {"uv": [0, 0, 16, 0.75], "texture": "#6"},
				"up": {"uv": [0, 0, 9.5, 16], "texture": "#22"},
				"down": {"uv": [0, 0, 9.5, 16], "texture": "#0"}
			}
		},
		{
			"from": [10.15, 1.511, 8],
			"to": [10.65, 1.511, 10.75],
			"faces": {
				"north": {"uv": [0, 0, 9.5, 0.75], "texture": "#19"},
				"east": {"uv": [0, 0, 16, 0.75], "texture": "#6"},
				"south": {"uv": [0, 0, 9.5, 0.75], "texture": "#19"},
				"west": {"uv": [0, 0, 16, 0.75], "texture": "#6"},
				"up": {"uv": [0, 0, 9.5, 16], "texture": "#22"},
				"down": {"uv": [0, 0, 9.5, 16], "texture": "#0"}
			}
		},
		{
			"from": [1.25, 0.75, -15.25],
			"to": [3.25, 1.5, -7],
			"faces": {
				"north": {"uv": [0, 0, 9.5, 0.75], "texture": "#19"},
				"east": {"uv": [0, 0, 16, 0.75], "texture": "#6"},
				"south": {"uv": [0, 0, 9.5, 0.75], "texture": "#0"},
				"west": {"uv": [0, 0, 16, 0.75], "texture": "#19"},
				"up": {"uv": [0, 0, 9.5, 16], "texture": "#12"},
				"down": {"uv": [0, 0, 9.5, 16], "texture": "#0"}
			}
		},
		{
			"from": [1.25, 1.5, -15.25],
			"to": [3.25, 17.5, -14.75],
			"faces": {
				"north": {"uv": [0, 0, 9.5, 0.75], "texture": "#19"},
				"east": {"uv": [0, 0, 16, 0.75], "texture": "#0"},
				"south": {"uv": [0, 0, 9.5, 0.75], "texture": "#8"},
				"west": {"uv": [0, 0, 16, 0.75], "texture": "#19"},
				"up": {"uv": [0, 0, 9.5, 16], "texture": "#8"},
				"down": {"uv": [0, 0, 9.5, 16], "texture": "#0"}
			}
		},
		{
			"from": [12.75, 1.5, -15.25],
			"to": [14.75, 17.5, -14.75],
			"faces": {
				"north": {"uv": [0, 0, 9.5, 0.75], "texture": "#19"},
				"east": {"uv": [0, 0, 16, 0.75], "texture": "#19"},
				"south": {"uv": [0, 0, 9.5, 0.75], "texture": "#8"},
				"west": {"uv": [0, 0, 16, 0.75], "texture": "#0"},
				"up": {"uv": [0, 0, 9.5, 16], "texture": "#8"},
				"down": {"uv": [0, 0, 9.5, 16], "texture": "#0"}
			}
		},
		{
			"from": [3.25, 1.5, -15.25],
			"to": [12.75, 7, -14.75],
			"faces": {
				"north": {"uv": [0, 0, 9.5, 0.75], "texture": "#19"},
				"east": {"uv": [0, 0, 16, 0.75], "texture": "#6"},
				"south": {"uv": [0, 0, 9.5, 0.75], "texture": "#8"},
				"west": {"uv": [0, 0, 16, 0.75], "texture": "#19"},
				"up": {"uv": [0, 0, 9.5, 16], "texture": "#0"},
				"down": {"uv": [0, 0, 9.5, 16], "texture": "#0"}
			}
		},
		{
			"from": [3.25, 1.5, -15.25],
			"to": [12.75, 7, -14.75],
			"faces": {
				"north": {"uv": [0, 0, 9.5, 0.75], "texture": "#19"},
				"east": {"uv": [0, 0, 16, 0.75], "texture": "#6"},
				"south": {"uv": [0, 0, 9.5, 0.75], "texture": "#8"},
				"west": {"uv": [0, 0, 16, 0.75], "texture": "#19"},
				"up": {"uv": [0, 0, 9.5, 16], "texture": "#0"},
				"down": {"uv": [0, 0, 9.5, 16], "texture": "#0"}
			}
		},
		{
			"from": [4.75, 2.5, 30.9],
			"to": [7.25, 2.75, 31.5],
			"faces": {
				"north": {"uv": [0, 0, 9.5, 0.75], "texture": "#0"},
				"east": {"uv": [0, 0, 16, 0.75], "texture": "#0"},
				"south": {"uv": [0, 0, 9.5, 0.75], "texture": "#0"},
				"west": {"uv": [0, 0, 16, 0.75], "texture": "#0"},
				"up": {"uv": [0, 0, 9.5, 16], "texture": "#0"},
				"down": {"uv": [0, 0, 9.5, 16], "texture": "#0"}
			}
		},
		{
			"from": [8.75, 2.5, 30.9],
			"to": [11.25, 2.75, 31.5],
			"faces": {
				"north": {"uv": [0, 0, 9.5, 0.75], "texture": "#0"},
				"east": {"uv": [0, 0, 16, 0.75], "texture": "#0"},
				"south": {"uv": [0, 0, 9.5, 0.75], "texture": "#0"},
				"west": {"uv": [0, 0, 16, 0.75], "texture": "#0"},
				"up": {"uv": [0, 0, 9.5, 16], "texture": "#0"},
				"down": {"uv": [0, 0, 9.5, 16], "texture": "#0"}
			}
		},
		{
			"from": [8.75, 3.25, 30.9],
			"to": [11.25, 3.5, 31.5],
			"faces": {
				"north": {"uv": [0, 0, 9.5, 0.75], "texture": "#0"},
				"east": {"uv": [0, 0, 16, 0.75], "texture": "#0"},
				"south": {"uv": [0, 0, 9.5, 0.75], "texture": "#0"},
				"west": {"uv": [0, 0, 16, 0.75], "texture": "#0"},
				"up": {"uv": [0, 0, 9.5, 16], "texture": "#0"},
				"down": {"uv": [0, 0, 9.5, 16], "texture": "#0"}
			}
		},
		{
			"from": [4.75, 3.25, 30.9],
			"to": [7.25, 3.5, 31.5],
			"faces": {
				"north": {"uv": [0, 0, 9.5, 0.75], "texture": "#0"},
				"east": {"uv": [0, 0, 16, 0.75], "texture": "#0"},
				"south": {"uv": [0, 0, 9.5, 0.75], "texture": "#0"},
				"west": {"uv": [0, 0, 16, 0.75], "texture": "#0"},
				"up": {"uv": [0, 0, 9.5, 16], "texture": "#0"},
				"down": {"uv": [0, 0, 9.5, 16], "texture": "#0"}
			}
		},
		{
			"from": [8.75, 4, 30.9],
			"to": [11.25, 4.25, 31.5],
			"faces": {
				"north": {"uv": [0, 0, 9.5, 0.75], "texture": "#0"},
				"east": {"uv": [0, 0, 16, 0.75], "texture": "#0"},
				"south": {"uv": [0, 0, 9.5, 0.75], "texture": "#0"},
				"west": {"uv": [0, 0, 16, 0.75], "texture": "#0"},
				"up": {"uv": [0, 0, 9.5, 16], "texture": "#0"},
				"down": {"uv": [0, 0, 9.5, 16], "texture": "#0"}
			}
		},
		{
			"from": [4.75, 4, 30.9],
			"to": [7.25, 4.25, 31.5],
			"faces": {
				"north": {"uv": [0, 0, 9.5, 0.75], "texture": "#0"},
				"east": {"uv": [0, 0, 16, 0.75], "texture": "#0"},
				"south": {"uv": [0, 0, 9.5, 0.75], "texture": "#0"},
				"west": {"uv": [0, 0, 16, 0.75], "texture": "#0"},
				"up": {"uv": [0, 0, 9.5, 16], "texture": "#0"},
				"down": {"uv": [0, 0, 9.5, 16], "texture": "#0"}
			}
		},
		{
			"from": [4.75, 4, 30.9],
			"to": [7.25, 4.25, 31.5],
			"faces": {
				"north": {"uv": [0, 0, 9.5, 0.75], "texture": "#0"},
				"east": {"uv": [0, 0, 16, 0.75], "texture": "#0"},
				"south": {"uv": [0, 0, 9.5, 0.75], "texture": "#0"},
				"west": {"uv": [0, 0, 16, 0.75], "texture": "#0"},
				"up": {"uv": [0, 0, 9.5, 16], "texture": "#0"},
				"down": {"uv": [0, 0, 9.5, 16], "texture": "#0"}
			}
		},
		{
			"from": [6.25, 2.25, -15.251],
			"to": [9.75, 3.75, -14.751],
			"faces": {
				"north": {"uv": [0, 0, 16, 16], "texture": "#18"},
				"east": {"uv": [0, 0, 16, 0.75], "texture": "#6"},
				"south": {"uv": [0, 0, 9.5, 0.75], "texture": "#8"},
				"west": {"uv": [0, 0, 16, 0.75], "texture": "#19"},
				"up": {"uv": [0, 0, 9.5, 16], "texture": "#0"},
				"down": {"uv": [0, 0, 9.5, 16], "texture": "#0"}
			}
		},
		{
			"from": [3.25, 7, -15.25],
			"to": [12.75, 13.75, -14.75],
			"faces": {
				"north": {"uv": [0, 0, 16, 16], "texture": "#1"},
				"east": {"uv": [0, 0, 16, 0.75], "texture": "#6"},
				"south": {"uv": [0, 0, 16, 16], "texture": "#1"},
				"west": {"uv": [0, 0, 16, 0.75], "texture": "#19"},
				"up": {"uv": [0, 0, 9.5, 16], "texture": "#0"},
				"down": {"uv": [0, 0, 9.5, 16], "texture": "#0"}
			}
		},
		{
			"from": [3.25, 13.75, -15.25],
			"to": [12.75, 17.5, -14.75],
			"faces": {
				"north": {"uv": [0, 0, 9.5, 0.75], "texture": "#19"},
				"east": {"uv": [0, 0, 16, 0.75], "texture": "#6"},
				"south": {"uv": [0, 0, 9.5, 0.75], "texture": "#8"},
				"west": {"uv": [0, 0, 16, 0.75], "texture": "#19"},
				"up": {"uv": [0, 0, 9.5, 16], "texture": "#8"},
				"down": {"uv": [0, 0, 9.5, 16], "texture": "#0"}
			}
		},
		{
			"from": [1.25, 17.5, -15.25],
			"to": [14.75, 18.75, 31.25],
			"faces": {
				"north": {"uv": [0, 0, 9.5, 0.75], "texture": "#19"},
				"east": {"uv": [0, 0, 16, 0.75], "texture": "#19"},
				"south": {"uv": [0, 0, 9.5, 0.75], "texture": "#19"},
				"west": {"uv": [0, 0, 16, 0.75], "texture": "#19"},
				"up": {"uv": [0, 0, 9.5, 16], "texture": "#19"},
				"down": {"uv": [0, 0, 9.5, 16], "texture": "#0"}
			}
		},
		{
			"from": [4, 18.5, -9.5],
			"to": [12, 20, 7],
			"faces": {
				"north": {"uv": [0, 0, 9.5, 0.75], "texture": "#20"},
				"east": {"uv": [0, 0, 16, 0.75], "texture": "#20"},
				"south": {"uv": [0, 0, 9.5, 0.75], "texture": "#20"},
				"west": {"uv": [0, 0, 16, 0.75], "texture": "#20"},
				"up": {"uv": [8.032, 6.304, 11.36, 13.184], "texture": "#29"},
				"down": {"uv": [0, 0, 9.5, 16], "texture": "#20"}
			}
		},
		{
			"from": [5.75, 18.5, 11],
			"to": [10.25, 19.5, 23],
			"faces": {
				"north": {"uv": [0, 0, 9.5, 0.75], "texture": "#20"},
				"east": {"uv": [0, 0, 16, 0.75], "texture": "#20"},
				"south": {"uv": [0, 0, 9.5, 0.75], "texture": "#20"},
				"west": {"uv": [0, 0, 16, 0.75], "texture": "#20"},
				"up": {"uv": [0, 0, 9.5, 16], "texture": "#20"},
				"down": {"uv": [0, 0, 9.5, 16], "texture": "#20"}
			}
		},
		{
			"from": [1.25, 3.75, -7],
			"to": [2.25, 17.5, -6.5],
			"faces": {
				"north": {"uv": [0, 0, 9.5, 0.75], "texture": "#8"},
				"east": {"uv": [0, 0, 16, 0.75], "texture": "#8"},
				"south": {"uv": [0, 0, 9.5, 0.75], "texture": "#0"},
				"west": {"uv": [0, 0, 16, 0.75], "texture": "#19"},
				"up": {"uv": [0, 0, 9.5, 16], "texture": "#8"},
				"down": {"uv": [0, 0, 9.5, 16], "texture": "#0"}
			}
		},
		{
			"from": [1.25, 7.25, 4],
			"to": [2.25, 17.5, 4.75],
			"faces": {
				"north": {"uv": [0, 0, 9.5, 0.75], "texture": "#8"},
				"east": {"uv": [0, 0, 16, 0.75], "texture": "#8"},
				"south": {"uv": [0, 0, 9.5, 0.75], "texture": "#8"},
				"west": {"uv": [0, 0, 16, 0.75], "texture": "#19"},
				"up": {"uv": [0, 0, 9.5, 16], "texture": "#8"},
				"down": {"uv": [0, 0, 9.5, 16], "texture": "#0"}
			}
		},
		{
			"from": [1.25, 3.75, -6.5],
			"to": [2.25, 7.25, -2.5],
			"faces": {
				"north": {"uv": [0, 0, 9.5, 0.75], "texture": "#8"},
				"east": {"uv": [0, 0, 16, 0.75], "texture": "#8"},
				"south": {"uv": [0, 0, 9.5, 0.75], "texture": "#0"},
				"west": {"uv": [0, 0, 16, 0.75], "texture": "#19"},
				"up": {"uv": [0, 0, 9.5, 16], "texture": "#8"},
				"down": {"uv": [0, 0, 9.5, 16], "texture": "#0"}
			}
		},
		{
			"from": [13.75, 3.75, 17.75],
			"to": [14.75, 7.25, 22.25],
			"faces": {
				"north": {"uv": [0, 0, 9.5, 0.75], "texture": "#8"},
				"east": {"uv": [0, 0, 16, 0.75], "texture": "#19"},
				"south": {"uv": [0, 0, 9.5, 0.75], "texture": "#0"},
				"west": {"uv": [0, 0, 16, 0.75], "texture": "#8"},
				"up": {"uv": [0, 0, 9.5, 16], "texture": "#8"},
				"down": {"uv": [0, 0, 9.5, 16], "texture": "#0"}
			}
		},
		{
			"from": [13.75, 3.75, -6.5],
			"to": [14.75, 7.25, -2.5],
			"faces": {
				"north": {"uv": [0, 0, 9.5, 0.75], "texture": "#8"},
				"east": {"uv": [0, 0, 16, 0.75], "texture": "#19"},
				"south": {"uv": [0, 0, 9.5, 0.75], "texture": "#0"},
				"west": {"uv": [0, 0, 16, 0.75], "texture": "#8"},
				"up": {"uv": [0, 0, 9.5, 16], "texture": "#8"},
				"down": {"uv": [0, 0, 9.5, 16], "texture": "#0"}
			}
		},
		{
			"from": [1.25, 3.75, 17.75],
			"to": [2.25, 7.25, 22.25],
			"faces": {
				"north": {"uv": [0, 0, 9.5, 0.75], "texture": "#8"},
				"east": {"uv": [0, 0, 16, 0.75], "texture": "#8"},
				"south": {"uv": [0, 0, 9.5, 0.75], "texture": "#0"},
				"west": {"uv": [0, 0, 16, 0.75], "texture": "#19"},
				"up": {"uv": [0, 0, 9.5, 16], "texture": "#8"},
				"down": {"uv": [0, 0, 9.5, 16], "texture": "#0"}
			}
		},
		{
			"from": [1.25, 1.5, -2.5],
			"to": [2.25, 7.25, 4.75],
			"faces": {
				"north": {"uv": [0, 0, 9.5, 0.75], "texture": "#8"},
				"east": {"uv": [0, 0, 16, 0.75], "texture": "#8"},
				"south": {"uv": [0, 0, 9.5, 0.75], "texture": "#8"},
				"west": {"uv": [0, 0, 16, 0.75], "texture": "#19"},
				"up": {"uv": [0, 0, 9.5, 16], "texture": "#8"},
				"down": {"uv": [0, 0, 9.5, 16], "texture": "#0"}
			}
		},
		{
			"from": [13.75, 1.5, -2.5],
			"to": [14.75, 4.75, 12.75],
			"faces": {
				"north": {"uv": [0, 0, 9.5, 0.75], "texture": "#8"},
				"east": {"uv": [0, 8.608, 16, 11.566], "texture": "#28"},
				"south": {"uv": [0, 0, 9.5, 0.75], "texture": "#8"},
				"west": {"uv": [0, 0, 16, 0.75], "texture": "#8"},
				"up": {"uv": [0, 0, 9.5, 16], "texture": "#8"},
				"down": {"uv": [0, 0, 9.5, 16], "texture": "#0"}
			}
		},
		{
			"from": [13.75, 4.75, -2.5],
			"to": [14.75, 7.25, 12.75],
			"faces": {
				"north": {"uv": [0, 0, 9.5, 0.75], "texture": "#8"},
				"east": {"uv": [0, 8.608, 16, 11.566], "texture": "#19"},
				"south": {"uv": [0, 0, 9.5, 0.75], "texture": "#8"},
				"west": {"uv": [0, 0, 16, 0.75], "texture": "#8"},
				"up": {"uv": [0, 0, 9.5, 16], "texture": "#8"},
				"down": {"uv": [0, 0, 9.5, 16], "texture": "#0"}
			}
		},
		{
			"from": [13.75, 13.5, -6.5],
			"to": [14.75, 17.5, 12.75],
			"faces": {
				"north": {"uv": [0, 0, 9.5, 0.75], "texture": "#8"},
				"east": {"uv": [0, 0, 16, 0.75], "texture": "#19"},
				"south": {"uv": [0, 0, 9.5, 0.75], "texture": "#8"},
				"west": {"uv": [0, 0, 16, 0.75], "texture": "#8"},
				"up": {"uv": [0, 0, 9.5, 16], "texture": "#8"},
				"down": {"uv": [0, 0, 9.5, 16], "texture": "#0"}
			}
		},
		{
			"from": [1.25, 13.5, -6.5],
			"to": [2.25, 17.5, 4],
			"faces": {
				"north": {"uv": [0, 0, 9.5, 0.75], "texture": "#8"},
				"east": {"uv": [0, 0, 16, 0.75], "texture": "#8"},
				"south": {"uv": [0, 0, 9.5, 0.75], "texture": "#8"},
				"west": {"uv": [0, 0, 16, 0.75], "texture": "#19"},
				"up": {"uv": [0, 0, 9.5, 16], "texture": "#8"},
				"down": {"uv": [0, 0, 9.5, 16], "texture": "#0"}
			}
		},
		{
			"from": [1.25, 16, 4.75],
			"to": [2.25, 17.5, 13.75],
			"faces": {
				"north": {"uv": [0, 0, 9.5, 0.75], "texture": "#8"},
				"east": {"uv": [0, 0, 16, 0.75], "texture": "#8"},
				"south": {"uv": [0, 0, 9.5, 0.75], "texture": "#8"},
				"west": {"uv": [0, 0, 16, 0.75], "texture": "#19"},
				"up": {"uv": [0, 0, 9.5, 16], "texture": "#8"},
				"down": {"uv": [0, 0, 9.5, 16], "texture": "#8"}
			}
		},
		{
			"from": [1.25, 14.5, 16.25],
			"to": [2.25, 17.5, 30.25],
			"faces": {
				"north": {"uv": [0, 0, 9.5, 0.75], "texture": "#8"},
				"east": {"uv": [0, 0, 16, 0.75], "texture": "#8"},
				"south": {"uv": [0, 0, 9.5, 0.75], "texture": "#8"},
				"west": {"uv": [0, 0, 16, 0.75], "texture": "#19"},
				"up": {"uv": [0, 0, 9.5, 16], "texture": "#8"},
				"down": {"uv": [0, 0, 9.5, 16], "texture": "#8"}
			}
		},
		{
			"from": [13.75, 14.5, 18],
			"to": [14.75, 17.5, 30.25],
			"faces": {
				"north": {"uv": [0, 0, 9.5, 0.75], "texture": "#8"},
				"east": {"uv": [0, 0, 16, 0.75], "texture": "#19"},
				"south": {"uv": [0, 0, 9.5, 0.75], "texture": "#8"},
				"west": {"uv": [0, 0, 16, 0.75], "texture": "#8"},
				"up": {"uv": [0, 0, 9.5, 16], "texture": "#8"},
				"down": {"uv": [0, 0, 9.5, 16], "texture": "#8"}
			}
		},
		{
			"from": [13.75, 15.5, 12.75],
			"to": [14.75, 17.5, 16.75],
			"faces": {
				"north": {"uv": [0, 0, 9.5, 0.75], "texture": "#8"},
				"east": {"uv": [0, 0, 16, 0.75], "texture": "#19"},
				"south": {"uv": [0, 0, 9.5, 0.75], "texture": "#8"},
				"west": {"uv": [0, 0, 16, 0.75], "texture": "#8"},
				"up": {"uv": [0, 0, 9.5, 16], "texture": "#8"},
				"down": {"uv": [0, 0, 9.5, 16], "texture": "#8"}
			}
		},
		{
			"from": [13.75, 7.25, 11],
			"to": [14.75, 13.5, 12.75],
			"faces": {
				"north": {"uv": [0, 0, 9.5, 0.75], "texture": "#8"},
				"east": {"uv": [0, 0, 16, 0.75], "texture": "#19"},
				"south": {"uv": [0, 0, 9.5, 0.75], "texture": "#8"},
				"west": {"uv": [0, 0, 16, 0.75], "texture": "#8"},
				"up": {"uv": [0, 0, 9.5, 16], "texture": "#8"},
				"down": {"uv": [0, 0, 9.5, 16], "texture": "#0"}
			}
		},
		{
			"from": [13.75, 7.25, 16.75],
			"to": [14.75, 17.5, 18],
			"faces": {
				"north": {"uv": [0, 0, 9.5, 0.75], "texture": "#8"},
				"east": {"uv": [0, 0, 16, 0.75], "texture": "#19"},
				"south": {"uv": [0, 0, 9.5, 0.75], "texture": "#8"},
				"west": {"uv": [0, 0, 16, 0.75], "texture": "#8"},
				"up": {"uv": [0, 0, 9.5, 16], "texture": "#8"},
				"down": {"uv": [0, 0, 9.5, 16], "texture": "#0"}
			}
		},
		{
			"from": [1.25, 7.25, 13.75],
			"to": [2.25, 17.5, 16.25],
			"faces": {
				"north": {"uv": [0, 0, 9.5, 0.75], "texture": "#8"},
				"east": {"uv": [0, 0, 16, 0.75], "texture": "#8"},
				"south": {"uv": [0, 0, 9.5, 0.75], "texture": "#8"},
				"west": {"uv": [0, 0, 16, 0.75], "texture": "#19"},
				"up": {"uv": [0, 0, 9.5, 16], "texture": "#8"},
				"down": {"uv": [0, 0, 9.5, 16], "texture": "#0"}
			}
		},
		{
			"from": [5.4, 9.8, 4.35],
			"to": [6.2, 12.25, 5.15],
			"faces": {
				"north": {"uv": [0, 0, 9.5, 0.75], "texture": "#11"},
				"east": {"uv": [0, 0, 16, 0.75], "texture": "#11"},
				"south": {"uv": [0, 0, 9.5, 0.75], "texture": "#11"},
				"west": {"uv": [0, 0, 16, 0.75], "texture": "#11"},
				"up": {"uv": [0, 0, 9.5, 16], "texture": "#11"},
				"down": {"uv": [0, 0, 9.5, 16], "texture": "#11"}
			}
		},
		{
			"from": [5.8, 10.5, 4.55],
			"to": [6.3, 11.55, 4.95],
			"faces": {
				"north": {"uv": [0, 0, 9.5, 0.75], "texture": "#13"},
				"east": {"uv": [0, 0, 16, 0.75], "texture": "#13"},
				"south": {"uv": [0, 0, 9.5, 0.75], "texture": "#13"},
				"west": {"uv": [0, 0, 16, 0.75], "texture": "#13"},
				"up": {"uv": [0, 0, 9.5, 16], "texture": "#13"},
				"down": {"uv": [0, 0, 9.5, 16], "texture": "#13"}
			}
		},
		{
			"from": [13.75, 7.25, -3.25],
			"to": [14.75, 13.5, 11],
			"faces": {
				"north": {"uv": [0, 0, 9.5, 0.75], "texture": "#1"},
				"east": {"uv": [0, 0, 16, 16], "texture": "#1"},
				"south": {"uv": [0, 0, 9.5, 0.75], "texture": "#1"},
				"west": {"uv": [0, 0, 16, 16], "texture": "#1"},
				"up": {"uv": [0, 0, 9.5, 16], "texture": "#1"},
				"down": {"uv": [0, 0, 9.5, 16], "texture": "#1"}
			}
		},
		{
			"from": [1.25, 7.25, -6.5],
			"to": [2.25, 13.5, 4],
			"faces": {
				"north": {"uv": [0, 0, 9.5, 0.75], "texture": "#1"},
				"east": {"uv": [0, 0, 16, 16], "texture": "#1"},
				"south": {"uv": [0, 0, 9.5, 0.75], "texture": "#1"},
				"west": {"uv": [0, 0, 16, 16], "texture": "#1"},
				"up": {"uv": [0, 0, 9.5, 16], "texture": "#1"},
				"down": {"uv": [0, 0, 9.5, 16], "texture": "#1"}
			}
		},
		{
			"from": [1.25, 7.25, 16.25],
			"to": [2.25, 14.5, 30.25],
			"faces": {
				"north": {"uv": [0, 0, 9.5, 0.75], "texture": "#1"},
				"east": {"uv": [12.36411, 3.1539, 0.34578, 14.07204], "texture": "#25"},
				"south": {"uv": [0, 0, 9.5, 0.75], "texture": "#1"},
				"west": {"uv": [0.34578, 3.1539, 12.36411, 14.07204], "texture": "#17"},
				"up": {"uv": [0, 0, 9.5, 16], "texture": "#1"},
				"down": {"uv": [0, 0, 9.5, 16], "texture": "#1"}
			}
		},
		{
			"from": [13.75, 7.25, 18],
			"to": [14.75, 14.5, 30.25],
			"faces": {
				"north": {"uv": [0, 0, 9.5, 0.75], "texture": "#1"},
				"east": {"uv": [4.80943, 1.65553, 12.57367, 12.91945], "texture": "#17"},
				"south": {"uv": [0, 0, 9.5, 0.75], "texture": "#1"},
				"west": {"uv": [12.57367, 1.65553, 4.80943, 12.91945], "texture": "#25"},
				"up": {"uv": [0, 0, 9.5, 16], "texture": "#1"},
				"down": {"uv": [0, 0, 9.5, 16], "texture": "#1"}
			}
		},
		{
			"from": [13.75, 7.25, -6.5],
			"to": [14.75, 13.5, -3.25],
			"faces": {
				"north": {"uv": [0, 0, 9.5, 0.75], "texture": "#8"},
				"east": {"uv": [0, 0, 16, 0.75], "texture": "#19"},
				"south": {"uv": [0, 0, 9.5, 0.75], "texture": "#8"},
				"west": {"uv": [0, 0, 16, 0.75], "texture": "#8"},
				"up": {"uv": [0, 0, 9.5, 16], "texture": "#8"},
				"down": {"uv": [0, 0, 9.5, 16], "texture": "#0"}
			}
		},
		{
			"from": [12.75, 3.75, -5.5],
			"to": [13.75, 17.5, -4.25],
			"faces": {
				"north": {"uv": [0, 0, 9.5, 0.75], "texture": "#8"},
				"east": {"uv": [0, 0, 16, 0.75], "texture": "#19"},
				"south": {"uv": [0, 0, 9.5, 0.75], "texture": "#8"},
				"west": {"uv": [0, 0, 16, 0.75], "texture": "#8"},
				"up": {"uv": [0, 0, 9.5, 16], "texture": "#8"},
				"down": {"uv": [0, 0, 9.5, 16], "texture": "#0"}
			}
		},
		{
			"from": [9.25, 1.5, -5.5],
			"to": [12.75, 17.5, -4.25],
			"faces": {
				"north": {"uv": [0, 0, 9.5, 0.75], "texture": "#8"},
				"east": {"uv": [0, 0, 16, 0.75], "texture": "#19"},
				"south": {"uv": [0, 0, 9.5, 0.75], "texture": "#8"},
				"west": {"uv": [0, 0, 16, 0.75], "texture": "#8"},
				"up": {"uv": [0, 0, 9.5, 16], "texture": "#8"},
				"down": {"uv": [0, 0, 9.5, 16], "texture": "#0"}
			}
		},
		{
			"from": [9.25, 1.5, -8.25],
			"to": [9.5, 12.75, -5.5],
			"faces": {
				"north": {"uv": [0, 0, 9.5, 0.75], "texture": "#8"},
				"east": {"uv": [0, 0, 16, 0.75], "texture": "#8"},
				"south": {"uv": [0, 0, 9.5, 0.75], "texture": "#8"},
				"west": {"uv": [0, 0, 16, 0.75], "texture": "#8"},
				"up": {"uv": [0, 0, 9.5, 16], "texture": "#8"},
				"down": {"uv": [0, 0, 9.5, 16], "texture": "#0"}
			}
		},
		{
			"from": [9.25, 1.5, -14.75],
			"to": [9.5, 7, -8.25],
			"faces": {
				"north": {"uv": [0, 0, 9.5, 0.75], "texture": "#8"},
				"east": {"uv": [0, 0, 16, 0.75], "texture": "#8"},
				"south": {"uv": [0, 0, 9.5, 0.75], "texture": "#8"},
				"west": {"uv": [0, 0, 16, 0.75], "texture": "#8"},
				"up": {"uv": [0, 0, 9.5, 16], "texture": "#8"},
				"down": {"uv": [0, 0, 9.5, 16], "texture": "#0"}
			}
		},
		{
			"from": [13.75, 1.5, 22.25],
			"to": [14.75, 7.25, 31.25],
			"faces": {
				"north": {"uv": [0, 0, 9.5, 0.75], "texture": "#8"},
				"east": {"uv": [0, 0, 16, 0.75], "texture": "#19"},
				"south": {"uv": [0, 0, 9.5, 0.75], "texture": "#19"},
				"west": {"uv": [0, 0, 16, 0.75], "texture": "#8"},
				"up": {"uv": [0, 0, 9.5, 16], "texture": "#8"},
				"down": {"uv": [0, 0, 9.5, 16], "texture": "#0"}
			}
		},
		{
			"from": [1.25, 1.5, 13.75],
			"to": [2.25, 7.25, 17.75],
			"faces": {
				"north": {"uv": [0, 0, 9.5, 0.75], "texture": "#8"},
				"east": {"uv": [0, 0, 16, 0.75], "texture": "#8"},
				"south": {"uv": [0, 0, 9.5, 0.75], "texture": "#8"},
				"west": {"uv": [0, 0, 16, 0.75], "texture": "#19"},
				"up": {"uv": [0, 0, 9.5, 16], "texture": "#8"},
				"down": {"uv": [0, 0, 9.5, 16], "texture": "#0"}
			}
		},
		{
			"from": [1.25, 1.5, 22.25],
			"to": [2.25, 7.25, 31.25],
			"faces": {
				"north": {"uv": [0, 0, 9.5, 0.75], "texture": "#8"},
				"east": {"uv": [0, 0, 16, 0.75], "texture": "#8"},
				"south": {"uv": [0, 0, 9.5, 0.75], "texture": "#19"},
				"west": {"uv": [0, 0, 16, 0.75], "texture": "#19"},
				"up": {"uv": [0, 0, 9.5, 16], "texture": "#8"},
				"down": {"uv": [0, 0, 9.5, 16], "texture": "#0"}
			}
		},
		{
			"from": [2.25, 1.5, 30.25],
			"to": [13.75, 7.25, 31.25],
			"faces": {
				"north": {"uv": [0, 0, 9.5, 0.75], "texture": "#8"},
				"east": {"uv": [0, 0, 16, 0.75], "texture": "#8"},
				"south": {"uv": [0, 0, 9.5, 0.75], "texture": "#19"},
				"west": {"uv": [0, 0, 16, 0.75], "texture": "#19"},
				"up": {"uv": [0, 0, 9.5, 16], "texture": "#8"},
				"down": {"uv": [0, 0, 9.5, 16], "texture": "#0"}
			}
		},
		{
			"from": [1.25, 7.25, 30.25],
			"to": [14.75, 10.75, 31.25],
			"faces": {
				"north": {"uv": [0, 0, 9.5, 0.75], "texture": "#8"},
				"east": {"uv": [0, 0, 16, 0.75], "texture": "#19"},
				"south": {"uv": [0, 0, 9.5, 0.75], "texture": "#19"},
				"west": {"uv": [0, 0, 16, 0.75], "texture": "#19"},
				"up": {"uv": [0, 0, 9.5, 16], "texture": "#8"},
				"down": {"uv": [0, 0, 9.5, 16], "texture": "#0"}
			}
		},
		{
			"from": [3.5, 7.75, 31.251],
			"to": [12.5, 10.25, 31.251],
			"faces": {
				"north": {"uv": [0, 0, 9.5, 0.75], "texture": "#8"},
				"east": {"uv": [0, 0, 16, 0.75], "texture": "#19"},
				"south": {"uv": [3.22724, 6.95138, 12.51768, 10.44663], "texture": "#17"},
				"west": {"uv": [0, 0, 16, 0.75], "texture": "#19"},
				"up": {"uv": [0, 0, 9.5, 16], "texture": "#8"},
				"down": {"uv": [0, 0, 9.5, 16], "texture": "#0"}
			}
		},
		{
			"from": [9.5, 5.75, 31.251],
			"to": [11.75, 6.75, 31.251],
			"faces": {
				"north": {"uv": [0, 0, 9.5, 0.75], "texture": "#8"},
				"east": {"uv": [0, 0, 16, 0.75], "texture": "#19"},
				"south": {"uv": [0, 0, 16, 16], "texture": "#18"},
				"west": {"uv": [0, 0, 16, 0.75], "texture": "#19"},
				"up": {"uv": [0, 0, 9.5, 16], "texture": "#8"},
				"down": {"uv": [0, 0, 9.5, 16], "texture": "#0"}
			}
		},
		{
			"from": [3.75, 10.75, 30.25],
			"to": [12.25, 14.75, 31.25],
			"faces": {
				"north": {"uv": [9.00065, 0, 0, 6.80026], "texture": "#25"},
				"east": {"uv": [0, 0, 16, 0.75], "texture": "#19"},
				"south": {"uv": [0, 0, 9.00065, 6.80026], "texture": "#17"},
				"west": {"uv": [0, 0, 16, 0.75], "texture": "#19"},
				"up": {"uv": [0, 0, 9.5, 16], "texture": "#8"},
				"down": {"uv": [0, 0, 9.5, 16], "texture": "#0"}
			}
		},
		{
			"from": [1.25, 14.75, 30.25],
			"to": [14.75, 17.5, 31.25],
			"faces": {
				"north": {"uv": [0, 0, 9.5, 0.75], "texture": "#8"},
				"east": {"uv": [0, 0, 16, 0.75], "texture": "#19"},
				"south": {"uv": [0, 0, 9.5, 0.75], "texture": "#19"},
				"west": {"uv": [0, 0, 16, 0.75], "texture": "#19"},
				"up": {"uv": [0, 0, 9.5, 16], "texture": "#8"},
				"down": {"uv": [0, 0, 9.5, 16], "texture": "#0"}
			}
		},
		{
			"from": [1.5, 15.75, 31.1],
			"to": [14.5, 18, 31.35],
			"faces": {
				"north": {"uv": [0, 0, 9.5, 0.75], "texture": "#19"},
				"east": {"uv": [0, 0, 16, 0.75], "texture": "#19"},
				"south": {"uv": [0, 0, 16, 16], "texture": "#23"},
				"west": {"uv": [0, 0, 16, 0.75], "texture": "#19"},
				"up": {"uv": [0, 0, 9.5, 16], "texture": "#19"},
				"down": {"uv": [0, 0, 9.5, 16], "texture": "#19"}
			}
		},
		{
			"from": [1.5, 15.75, -15.4],
			"to": [14.5, 18, -15.15],
			"faces": {
				"north": {"uv": [0, 0, 16, 16], "texture": "#23"},
				"east": {"uv": [0, 0, 16, 0.75], "texture": "#19"},
				"south": {"uv": [0, 0, 16, 16], "texture": "#23"},
				"west": {"uv": [0, 0, 16, 0.75], "texture": "#19"},
				"up": {"uv": [0, 0, 9.5, 16], "texture": "#19"},
				"down": {"uv": [0, 0, 9.5, 16], "texture": "#19"}
			}
		},
		{
			"from": [1, 15.5, -6.15],
			"to": [1.75, 17.75, 3.35],
			"faces": {
				"north": {"uv": [0, 0, 16, 16], "texture": "#23"},
				"east": {"uv": [0, 0, 16, 16], "texture": "#23"},
				"south": {"uv": [0, 0, 16, 16], "texture": "#23"},
				"west": {"uv": [0, 0, 16, 16], "texture": "#23"},
				"up": {"uv": [0, 0, 9.5, 16], "texture": "#23"},
				"down": {"uv": [0, 0, 9.5, 16], "texture": "#23"}
			}
		},
		{
			"from": [1.25, 10.75, 30.25],
			"to": [3.75, 14.75, 31.25],
			"faces": {
				"north": {"uv": [0, 0, 9.5, 0.75], "texture": "#8"},
				"east": {"uv": [0, 0, 16, 0.75], "texture": "#8"},
				"south": {"uv": [0, 0, 9.5, 0.75], "texture": "#19"},
				"west": {"uv": [0, 0, 16, 0.75], "texture": "#19"},
				"up": {"uv": [0, 0, 9.5, 16], "texture": "#8"},
				"down": {"uv": [0, 0, 9.5, 16], "texture": "#0"}
			}
		},
		{
			"from": [12.25, 10.75, 30.25],
			"to": [14.75, 14.75, 31.25],
			"faces": {
				"north": {"uv": [0, 0, 9.5, 0.75], "texture": "#8"},
				"east": {"uv": [0, 0, 16, 0.75], "texture": "#19"},
				"south": {"uv": [0, 0, 9.5, 0.75], "texture": "#19"},
				"west": {"uv": [0, 0, 16, 0.75], "texture": "#8"},
				"up": {"uv": [0, 0, 9.5, 16], "texture": "#8"},
				"down": {"uv": [0, 0, 9.5, 16], "texture": "#0"}
			}
		},
		{
			"from": [13.75, 3.75, -7],
			"to": [14.75, 17.5, -6.5],
			"faces": {
				"north": {"uv": [0, 0, 9.5, 0.75], "texture": "#8"},
				"east": {"uv": [0, 0, 16, 0.75], "texture": "#19"},
				"south": {"uv": [0, 0, 9.5, 0.75], "texture": "#0"},
				"west": {"uv": [0, 0, 16, 0.75], "texture": "#8"},
				"up": {"uv": [0, 0, 9.5, 16], "texture": "#8"},
				"down": {"uv": [0, 0, 9.5, 16], "texture": "#0"}
			}
		},
		{
			"from": [13.75, 1.5, -9],
			"to": [14.75, 17.5, -7],
			"faces": {
				"north": {"uv": [0, 0, 9.5, 0.75], "texture": "#8"},
				"east": {"uv": [0, 0, 16, 0.75], "texture": "#19"},
				"south": {"uv": [0, 0, 9.5, 0.75], "texture": "#0"},
				"west": {"uv": [0, 0, 16, 0.75], "texture": "#8"},
				"up": {"uv": [0, 0, 9.5, 16], "texture": "#8"},
				"down": {"uv": [0, 0, 9.5, 16], "texture": "#0"}
			}
		},
		{
			"from": [13.75, 1.5, 16.75],
			"to": [14.75, 7.25, 17.75],
			"faces": {
				"north": {"uv": [0, 0, 9.5, 0.75], "texture": "#8"},
				"east": {"uv": [0, 0, 16, 0.75], "texture": "#19"},
				"south": {"uv": [0, 0, 9.5, 0.75], "texture": "#0"},
				"west": {"uv": [0, 0, 16, 0.75], "texture": "#8"},
				"up": {"uv": [0, 0, 9.5, 16], "texture": "#8"},
				"down": {"uv": [0, 0, 9.5, 16], "texture": "#0"}
			}
		},
		{
			"from": [13.75, 1.5, -14.75],
			"to": [14.75, 17.5, -13],
			"faces": {
				"north": {"uv": [0, 0, 9.5, 0.75], "texture": "#8"},
				"east": {"uv": [0, 0, 16, 0.75], "texture": "#19"},
				"south": {"uv": [0, 0, 9.5, 0.75], "texture": "#8"},
				"west": {"uv": [0, 0, 16, 0.75], "texture": "#8"},
				"up": {"uv": [0, 0, 9.5, 16], "texture": "#8"},
				"down": {"uv": [0, 0, 9.5, 16], "texture": "#0"}
			}
		},
		{
			"from": [1.25, 16, -14.75],
			"to": [2.25, 17.5, -7],
			"faces": {
				"north": {"uv": [0, 0, 9.5, 0.75], "texture": "#0"},
				"east": {"uv": [0, 0, 16, 0.75], "texture": "#8"},
				"south": {"uv": [0, 0, 9.5, 0.75], "texture": "#0"},
				"west": {"uv": [0, 0, 16, 0.75], "texture": "#19"},
				"up": {"uv": [0, 0, 9.5, 16], "texture": "#8"},
				"down": {"uv": [0, 0, 9.5, 16], "texture": "#8"}
			}
		},
		{
			"from": [13.75, 15.5, -13],
			"to": [14.75, 17.5, -9],
			"faces": {
				"north": {"uv": [0, 0, 9.5, 0.75], "texture": "#0"},
				"east": {"uv": [0, 0, 16, 0.75], "texture": "#19"},
				"south": {"uv": [0, 0, 9.5, 0.75], "texture": "#0"},
				"west": {"uv": [0, 0, 16, 0.75], "texture": "#8"},
				"up": {"uv": [0, 0, 9.5, 16], "texture": "#8"},
				"down": {"uv": [0, 0, 9.5, 16], "texture": "#8"}
			}
		},
		{
			"from": [13.95, 1.5, -13],
			"to": [14.55, 8, -9],
			"faces": {
				"north": {"uv": [0, 0, 9.5, 0.75], "texture": "#0"},
				"east": {"uv": [0, 0, 16, 0.75], "texture": "#19"},
				"south": {"uv": [0, 0, 9.5, 0.75], "texture": "#0"},
				"west": {"uv": [0, 0, 16, 0.75], "texture": "#8"},
				"up": {"uv": [0, 0, 9.5, 16], "texture": "#0"},
				"down": {"uv": [0, 0, 9.5, 16], "texture": "#0"}
			}
		},
		{
			"from": [13.7, 5.95, 13.25],
			"to": [14.8, 6.95, 14.25],
			"faces": {
				"north": {"uv": [0, 0, 9.5, 0.75], "texture": "#11"},
				"east": {"uv": [0, 0, 16, 0.75], "texture": "#11"},
				"south": {"uv": [0, 0, 9.5, 0.75], "texture": "#11"},
				"west": {"uv": [0, 0, 16, 0.75], "texture": "#11"},
				"up": {"uv": [0, 0, 9.5, 16], "texture": "#11"},
				"down": {"uv": [0, 0, 9.5, 16], "texture": "#11"}
			}
		},
		{
			"from": [13.6, 6.05, 13.35],
			"to": [14.9, 6.85, 14.15],
			"faces": {
				"north": {"uv": [0, 0, 9.5, 0.75], "texture": "#13"},
				"east": {"uv": [0, 0, 16, 0.75], "texture": "#13"},
				"south": {"uv": [0, 0, 9.5, 0.75], "texture": "#13"},
				"west": {"uv": [0, 0, 16, 0.75], "texture": "#13"},
				"up": {"uv": [0, 0, 9.5, 16], "texture": "#13"},
				"down": {"uv": [0, 0, 9.5, 16], "texture": "#13"}
			}
		},
		{
			"from": [13.95, 13.5, 13.5],
			"to": [14.55, 15.5, 16],
			"faces": {
				"north": {"uv": [0, 0, 9.5, 0.75], "texture": "#0"},
				"east": {"uv": [0, 0, 16, 0.75], "texture": "#19"},
				"south": {"uv": [0, 0, 9.5, 0.75], "texture": "#0"},
				"west": {"uv": [0, 0, 16, 0.75], "texture": "#8"},
				"up": {"uv": [0, 0, 9.5, 16], "texture": "#8"},
				"down": {"uv": [0, 0, 9.5, 16], "texture": "#0"}
			}
		},
		{
			"from": [13.95, 8, 16],
			"to": [14.55, 15.5, 16.75],
			"faces": {
				"north": {"uv": [0, 0, 9.5, 0.75], "texture": "#0"},
				"east": {"uv": [0, 0, 16, 0.75], "texture": "#19"},
				"south": {"uv": [0, 0, 9.5, 0.75], "texture": "#0"},
				"west": {"uv": [0, 0, 16, 0.75], "texture": "#8"},
				"up": {"uv": [0, 0, 9.5, 16], "texture": "#8"},
				"down": {"uv": [0, 0, 9.5, 16], "texture": "#0"}
			}
		},
		{
			"from": [13.95, 8, 13.5],
			"to": [14.55, 13.5, 16],
			"faces": {
				"north": {"uv": [0, 0, 9.5, 0.75], "texture": "#0"},
				"east": {"uv": [0, 0, 16, 16], "texture": "#1"},
				"south": {"uv": [0, 0, 9.5, 0.75], "texture": "#0"},
				"west": {"uv": [0, 0, 16, 16], "texture": "#1"},
				"up": {"uv": [0, 0, 9.5, 16], "texture": "#0"},
				"down": {"uv": [0, 0, 9.5, 16], "texture": "#0"}
			}
		},
		{
			"from": [13.95, 8, 12.75],
			"to": [14.55, 15.5, 13.5],
			"faces": {
				"north": {"uv": [0, 0, 9.5, 0.75], "texture": "#0"},
				"east": {"uv": [0, 0, 16, 0.75], "texture": "#19"},
				"south": {"uv": [0, 0, 9.5, 0.75], "texture": "#0"},
				"west": {"uv": [0, 0, 16, 0.75], "texture": "#8"},
				"up": {"uv": [0, 0, 9.5, 16], "texture": "#8"},
				"down": {"uv": [0, 0, 9.5, 16], "texture": "#0"}
			}
		},
		{
			"from": [13.95, 1.5, 12.75],
			"to": [14.55, 8, 16.75],
			"faces": {
				"north": {"uv": [0, 0, 9.5, 0.75], "texture": "#0"},
				"east": {"uv": [0, 0, 16, 0.75], "texture": "#19"},
				"south": {"uv": [0, 0, 9.5, 0.75], "texture": "#0"},
				"west": {"uv": [0, 0, 16, 0.75], "texture": "#8"},
				"up": {"uv": [0, 0, 9.5, 16], "texture": "#0"},
				"down": {"uv": [0, 0, 9.5, 16], "texture": "#0"}
			}
		},
		{
			"from": [13.7, 6.55, -12.5],
			"to": [14.8, 7, -11.25],
			"faces": {
				"north": {"uv": [0, 0, 9.5, 0.75], "texture": "#22"},
				"east": {"uv": [0, 0, 16, 0.75], "texture": "#22"},
				"south": {"uv": [0, 0, 9.5, 0.75], "texture": "#22"},
				"west": {"uv": [0, 0, 16, 0.75], "texture": "#22"},
				"up": {"uv": [0, 0, 9.5, 16], "texture": "#22"},
				"down": {"uv": [0, 0, 9.5, 16], "texture": "#22"}
			}
		},
		{
			"from": [13.7, 6.3, -12.5],
			"to": [14.8, 6.55, -12],
			"faces": {
				"north": {"uv": [0, 0, 9.5, 0.75], "texture": "#22"},
				"east": {"uv": [0, 0, 16, 0.75], "texture": "#22"},
				"south": {"uv": [0, 0, 9.5, 0.75], "texture": "#22"},
				"west": {"uv": [0, 0, 16, 0.75], "texture": "#22"},
				"up": {"uv": [0, 0, 9.5, 16], "texture": "#22"},
				"down": {"uv": [0, 0, 9.5, 16], "texture": "#22"}
			}
		},
		{
			"from": [9.05, 6.05, -10.75],
			"to": [9.65, 6.5, -9.5],
			"faces": {
				"north": {"uv": [0, 0, 9.5, 0.75], "texture": "#22"},
				"east": {"uv": [0, 0, 16, 0.75], "texture": "#22"},
				"south": {"uv": [0, 0, 9.5, 0.75], "texture": "#22"},
				"west": {"uv": [0, 0, 16, 0.75], "texture": "#22"},
				"up": {"uv": [0, 0, 9.5, 16], "texture": "#22"},
				"down": {"uv": [0, 0, 9.5, 16], "texture": "#22"}
			}
		},
		{
			"from": [9.5, 1.3, -3.55],
			"to": [10.1, 17.75, -2.95],
			"faces": {
				"north": {"uv": [0, 0, 9.5, 0.75], "texture": "#6"},
				"east": {"uv": [0, 0, 16, 0.75], "texture": "#6"},
				"south": {"uv": [0, 0, 9.5, 0.75], "texture": "#6"},
				"west": {"uv": [0, 0, 16, 0.75], "texture": "#6"},
				"up": {"uv": [0, 0, 9.5, 16], "texture": "#6"},
				"down": {"uv": [0, 0, 9.5, 16], "texture": "#6"}
			}
		},
		{
			"from": [9.4, 9.8, -3.65],
			"to": [10.2, 12.25, -2.85],
			"faces": {
				"north": {"uv": [0, 0, 9.5, 0.75], "texture": "#11"},
				"east": {"uv": [0, 0, 16, 0.75], "texture": "#11"},
				"south": {"uv": [0, 0, 9.5, 0.75], "texture": "#11"},
				"west": {"uv": [0, 0, 16, 0.75], "texture": "#11"},
				"up": {"uv": [0, 0, 9.5, 16], "texture": "#11"},
				"down": {"uv": [0, 0, 9.5, 16], "texture": "#11"}
			}
		},
		{
			"from": [9.3, 10.5, -3.45],
			"to": [9.8, 11.55, -3.05],
			"faces": {
				"north": {"uv": [0, 0, 9.5, 0.75], "texture": "#13"},
				"east": {"uv": [0, 0, 16, 0.75], "texture": "#13"},
				"south": {"uv": [0, 0, 9.5, 0.75], "texture": "#13"},
				"west": {"uv": [0, 0, 16, 0.75], "texture": "#13"},
				"up": {"uv": [0, 0, 9.5, 16], "texture": "#13"},
				"down": {"uv": [0, 0, 9.5, 16], "texture": "#13"}
			}
		},
		{
			"from": [9.4, 9.8, 13.35],
			"to": [10.2, 12.25, 14.15],
			"faces": {
				"north": {"uv": [0, 0, 9.5, 0.75], "texture": "#11"},
				"east": {"uv": [0, 0, 16, 0.75], "texture": "#11"},
				"south": {"uv": [0, 0, 9.5, 0.75], "texture": "#11"},
				"west": {"uv": [0, 0, 16, 0.75], "texture": "#11"},
				"up": {"uv": [0, 0, 9.5, 16], "texture": "#11"},
				"down": {"uv": [0, 0, 9.5, 16], "texture": "#11"}
			}
		},
		{
			"from": [9.3, 10.5, 13.55],
			"to": [9.8, 11.55, 13.95],
			"faces": {
				"north": {"uv": [0, 0, 9.5, 0.75], "texture": "#13"},
				"east": {"uv": [0, 0, 16, 0.75], "texture": "#13"},
				"south": {"uv": [0, 0, 9.5, 0.75], "texture": "#13"},
				"west": {"uv": [0, 0, 16, 0.75], "texture": "#13"},
				"up": {"uv": [0, 0, 9.5, 16], "texture": "#13"},
				"down": {"uv": [0, 0, 9.5, 16], "texture": "#13"}
			}
		},
		{
			"from": [9.4, 9.8, 13.35],
			"to": [10.2, 12.25, 14.15],
			"faces": {
				"north": {"uv": [0, 0, 9.5, 0.75], "texture": "#11"},
				"east": {"uv": [0, 0, 16, 0.75], "texture": "#11"},
				"south": {"uv": [0, 0, 9.5, 0.75], "texture": "#11"},
				"west": {"uv": [0, 0, 16, 0.75], "texture": "#11"},
				"up": {"uv": [0, 0, 9.5, 16], "texture": "#11"},
				"down": {"uv": [0, 0, 9.5, 16], "texture": "#11"}
			}
		},
		{
			"from": [9.3, 10.5, 13.55],
			"to": [9.7, 11.55, 13.95],
			"faces": {
				"north": {"uv": [0, 0, 9.5, 0.75], "texture": "#13"},
				"east": {"uv": [0, 0, 16, 0.75], "texture": "#13"},
				"south": {"uv": [0, 0, 9.5, 0.75], "texture": "#13"},
				"west": {"uv": [0, 0, 16, 0.75], "texture": "#13"},
				"up": {"uv": [0, 0, 9.5, 16], "texture": "#13"},
				"down": {"uv": [0, 0, 9.5, 16], "texture": "#13"}
			}
		},
		{
			"from": [9.5, 1.3, 13.45],
			"to": [10.1, 17.75, 14.05],
			"faces": {
				"north": {"uv": [0, 0, 9.5, 0.75], "texture": "#6"},
				"east": {"uv": [0, 0, 16, 0.75], "texture": "#6"},
				"south": {"uv": [0, 0, 9.5, 0.75], "texture": "#6"},
				"west": {"uv": [0, 0, 16, 0.75], "texture": "#6"},
				"up": {"uv": [0, 0, 9.5, 16], "texture": "#6"},
				"down": {"uv": [0, 0, 9.5, 16], "texture": "#6"}
			}
		},
		{
			"from": [5.5, 1.3, 13.45],
			"to": [6.1, 17.75, 14.05],
			"faces": {
				"north": {"uv": [0, 0, 9.5, 0.75], "texture": "#6"},
				"east": {"uv": [0, 0, 16, 0.75], "texture": "#6"},
				"south": {"uv": [0, 0, 9.5, 0.75], "texture": "#6"},
				"west": {"uv": [0, 0, 16, 0.75], "texture": "#6"},
				"up": {"uv": [0, 0, 9.5, 16], "texture": "#6"},
				"down": {"uv": [0, 0, 9.5, 16], "texture": "#6"}
			}
		},
		{
			"from": [4.5, 7.55, 13.2],
			"to": [6.6, 11.25, 14.3],
			"faces": {
				"north": {"uv": [0, 0, 16, 16], "texture": "#27"},
				"east": {"uv": [0, 0, 16, 0.75], "texture": "#26"},
				"south": {"uv": [0, 0, 9.5, 0.75], "texture": "#8"},
				"west": {"uv": [0, 0, 16, 0.75], "texture": "#26"},
				"up": {"uv": [0, 0, 9.5, 16], "texture": "#26"},
				"down": {"uv": [0, 0, 9.5, 16], "texture": "#26"}
			}
		},
		{
			"from": [4.5, 7.55, -7.3],
			"to": [6.6, 11.25, -6.2],
			"faces": {
				"north": {"uv": [0, 0, 16, 16], "texture": "#27"},
				"east": {"uv": [0, 0, 16, 0.75], "texture": "#26"},
				"south": {"uv": [0, 0, 9.5, 0.75], "texture": "#8"},
				"west": {"uv": [0, 0, 16, 0.75], "texture": "#26"},
				"up": {"uv": [0, 0, 9.5, 16], "texture": "#26"},
				"down": {"uv": [0, 0, 9.5, 16], "texture": "#26"}
			}
		},
		{
			"from": [5.5, 15.05, -14.8],
			"to": [6.1, 15.75, 30.3],
			"faces": {
				"north": {"uv": [0, 0, 9.5, 0.75], "texture": "#6"},
				"east": {"uv": [0, 0, 16, 0.75], "texture": "#6"},
				"south": {"uv": [0, 0, 9.5, 0.75], "texture": "#6"},
				"west": {"uv": [0, 0, 16, 0.75], "texture": "#6"},
				"up": {"uv": [0, 0, 9.5, 16], "texture": "#6"},
				"down": {"uv": [0, 0, 9.5, 16], "texture": "#6"}
			}
		},
		{
			"from": [9.5, 15.05, -5.3],
			"to": [10.1, 15.75, 30.3],
			"faces": {
				"north": {"uv": [0, 0, 9.5, 0.75], "texture": "#6"},
				"east": {"uv": [0, 0, 16, 0.75], "texture": "#6"},
				"south": {"uv": [0, 0, 9.5, 0.75], "texture": "#6"},
				"west": {"uv": [0, 0, 16, 0.75], "texture": "#6"},
				"up": {"uv": [0, 0, 9.5, 16], "texture": "#6"},
				"down": {"uv": [0, 0, 9.5, 16], "texture": "#6"}
			}
		},
		{
			"from": [5.5, 1.3, -7.05],
			"to": [6.1, 17.75, -6.45],
			"faces": {
				"north": {"uv": [0, 0, 9.5, 0.75], "texture": "#6"},
				"east": {"uv": [0, 0, 16, 0.75], "texture": "#6"},
				"south": {"uv": [0, 0, 9.5, 0.75], "texture": "#6"},
				"west": {"uv": [0, 0, 16, 0.75], "texture": "#6"},
				"up": {"uv": [0, 0, 9.5, 16], "texture": "#6"},
				"down": {"uv": [0, 0, 9.5, 16], "texture": "#6"}
			}
		},
		{
			"from": [5.5, 1.3, 4.45],
			"to": [6.1, 17.75, 5.05],
			"faces": {
				"north": {"uv": [0, 0, 9.5, 0.75], "texture": "#6"},
				"east": {"uv": [0, 0, 16, 0.75], "texture": "#6"},
				"south": {"uv": [0, 0, 9.5, 0.75], "texture": "#6"},
				"west": {"uv": [0, 0, 16, 0.75], "texture": "#6"},
				"up": {"uv": [0, 0, 9.5, 16], "texture": "#6"},
				"down": {"uv": [0, 0, 9.5, 16], "texture": "#6"}
			}
		},
		{
			"from": [9.05, 5.8, -10.75],
			"to": [9.65, 6.05, -10.25],
			"faces": {
				"north": {"uv": [0, 0, 9.5, 0.75], "texture": "#22"},
				"east": {"uv": [0, 0, 16, 0.75], "texture": "#22"},
				"south": {"uv": [0, 0, 9.5, 0.75], "texture": "#22"},
				"west": {"uv": [0, 0, 16, 0.75], "texture": "#22"},
				"up": {"uv": [0, 0, 9.5, 16], "texture": "#22"},
				"down": {"uv": [0, 0, 9.5, 16], "texture": "#22"}
			}
		},
		{
			"from": [13.95, 8, -9.75],
			"to": [14.55, 15.5, -9],
			"faces": {
				"north": {"uv": [0, 0, 9.5, 0.75], "texture": "#0"},
				"east": {"uv": [0, 0, 16, 0.75], "texture": "#19"},
				"south": {"uv": [0, 0, 9.5, 0.75], "texture": "#0"},
				"west": {"uv": [0, 0, 16, 0.75], "texture": "#8"},
				"up": {"uv": [0, 0, 9.5, 16], "texture": "#8"},
				"down": {"uv": [0, 0, 9.5, 16], "texture": "#0"}
			}
		},
		{
			"from": [13.95, 13.5, -12.25],
			"to": [14.55, 15.5, -9.75],
			"faces": {
				"north": {"uv": [0, 0, 9.5, 0.75], "texture": "#0"},
				"east": {"uv": [0, 0, 16, 0.75], "texture": "#19"},
				"south": {"uv": [0, 0, 9.5, 0.75], "texture": "#0"},
				"west": {"uv": [0, 0, 16, 0.75], "texture": "#8"},
				"up": {"uv": [0, 0, 9.5, 16], "texture": "#8"},
				"down": {"uv": [0, 0, 9.5, 16], "texture": "#0"}
			}
		},
		{
			"from": [13.95, 8, -13],
			"to": [14.55, 15.5, -12.25],
			"faces": {
				"north": {"uv": [0, 0, 9.5, 0.75], "texture": "#0"},
				"east": {"uv": [0, 0, 16, 0.75], "texture": "#19"},
				"south": {"uv": [0, 0, 9.5, 0.75], "texture": "#0"},
				"west": {"uv": [0, 0, 16, 0.75], "texture": "#8"},
				"up": {"uv": [0, 0, 9.5, 16], "texture": "#8"},
				"down": {"uv": [0, 0, 9.5, 16], "texture": "#0"}
			}
		},
		{
			"from": [13.95, 8, -12.25],
			"to": [14.55, 13.5, -9.75],
			"faces": {
				"north": {"uv": [0, 0, 9.5, 0.75], "texture": "#0"},
				"east": {"uv": [0, 0, 16, 16], "texture": "#1"},
				"south": {"uv": [0, 0, 9.5, 0.75], "texture": "#0"},
				"west": {"uv": [0, 0, 16, 16], "texture": "#1"},
				"up": {"uv": [0, 0, 9.5, 16], "texture": "#0"},
				"down": {"uv": [0, 0, 9.5, 16], "texture": "#0"}
			}
		},
		{
			"from": [12.75, 0.75, 22.25],
			"to": [14.75, 1.5, 31.25],
			"faces": {
				"north": {"uv": [0, 0, 9.5, 0.75], "texture": "#0"},
				"east": {"uv": [0, 0, 16, 0.75], "texture": "#19"},
				"south": {"uv": [0, 0, 9.5, 0.75], "texture": "#19"},
				"west": {"uv": [0, 0, 16, 0.75], "texture": "#6"},
				"up": {"uv": [0, 0, 9.5, 16], "texture": "#12"},
				"down": {"uv": [0, 0, 9.5, 16], "texture": "#0"}
			}
		},
		{
			"from": [1.25, 0.75, 22.25],
			"to": [3.25, 1.5, 31.25],
			"faces": {
				"north": {"uv": [0, 0, 9.5, 0.75], "texture": "#0"},
				"east": {"uv": [0, 0, 16, 0.75], "texture": "#6"},
				"south": {"uv": [0, 0, 9.5, 0.75], "texture": "#19"},
				"west": {"uv": [0, 0, 16, 0.75], "texture": "#19"},
				"up": {"uv": [0, 0, 9.5, 16], "texture": "#12"},
				"down": {"uv": [0, 0, 9.5, 16], "texture": "#0"}
			}
		},
		{
			"from": [12.75, 0.75, -15.25],
			"to": [14.75, 1.5, -7],
			"faces": {
				"north": {"uv": [0, 0, 9.5, 0.75], "texture": "#19"},
				"east": {"uv": [0, 0, 16, 0.75], "texture": "#19"},
				"south": {"uv": [0, 0, 9.5, 0.75], "texture": "#0"},
				"west": {"uv": [0, 0, 16, 0.75], "texture": "#6"},
				"up": {"uv": [0, 0, 9.5, 16], "texture": "#12"},
				"down": {"uv": [0, 0, 9.5, 16], "texture": "#0"}
			}
		},
		{
			"from": [1.25, 0.75, -2.5],
			"to": [3.25, 1.5, 17.75],
			"faces": {
				"north": {"uv": [0, 0, 9.5, 0.75], "texture": "#0"},
				"east": {"uv": [0, 0, 16, 0.75], "texture": "#6"},
				"south": {"uv": [0, 0, 9.5, 0.75], "texture": "#0"},
				"west": {"uv": [0, 0, 16, 0.75], "texture": "#19"},
				"up": {"uv": [0, 0, 9.5, 16], "texture": "#12"},
				"down": {"uv": [0, 0, 9.5, 16], "texture": "#0"}
			}
		},
		{
			"from": [12.75, 0.75, -2.5],
			"to": [14.75, 1.5, 17.75],
			"faces": {
				"north": {"uv": [0, 0, 9.5, 0.75], "texture": "#0"},
				"east": {"uv": [0, 0, 16, 0.75], "texture": "#19"},
				"south": {"uv": [0, 0, 9.5, 0.75], "texture": "#0"},
				"west": {"uv": [0, 0, 16, 0.75], "texture": "#6"},
				"up": {"uv": [0, 0, 9.5, 16], "texture": "#12"},
				"down": {"uv": [0, 0, 9.5, 16], "texture": "#0"}
			}
		},
		{
			"from": [3.5, 2.25, -15.4],
			"to": [4.5, 3.25, -14.9],
			"faces": {
				"north": {"uv": [0, 0, 16, 16], "texture": "#15"},
				"east": {"uv": [0, 0, 0.5, 1], "texture": "#19"},
				"south": {"uv": [0, 0, 16, 16], "texture": "#19"},
				"west": {"uv": [0, 0, 0.5, 1], "texture": "#19"},
				"up": {"uv": [0, 0, 1, 0.5], "texture": "#19"},
				"down": {"uv": [0, 0, 1, 0.5], "texture": "#19"}
			}
		},
		{
			"from": [11.5, 2.25, 30.85],
			"to": [12.5, 3.25, 31.35],
			"faces": {
				"north": {"uv": [0, 0, 16, 16], "texture": "#19"},
				"east": {"uv": [0, 0, 0.5, 1], "texture": "#19"},
				"south": {"uv": [0, 0, 16, 16], "texture": "#16"},
				"west": {"uv": [0, 0, 0.5, 1], "texture": "#19"},
				"up": {"uv": [0, 0, 1, 0.5], "texture": "#19"},
				"down": {"uv": [0, 0, 1, 0.5], "texture": "#19"}
			}
		},
		{
			"from": [11.5, 3.75, 30.85],
			"to": [12.5, 4.75, 31.35],
			"faces": {
				"north": {"uv": [0, 0, 16, 16], "texture": "#19"},
				"east": {"uv": [0, 0, 0.5, 1], "texture": "#19"},
				"south": {"uv": [0, 0, 16, 16], "texture": "#15"},
				"west": {"uv": [0, 0, 0.5, 1], "texture": "#19"},
				"up": {"uv": [0, 0, 1, 0.5], "texture": "#19"},
				"down": {"uv": [0, 0, 1, 0.5], "texture": "#19"}
			}
		},
		{
			"from": [3.5, 3.75, 30.85],
			"to": [4.5, 4.75, 31.35],
			"faces": {
				"north": {"uv": [0, 0, 16, 16], "texture": "#19"},
				"east": {"uv": [0, 0, 0.5, 1], "texture": "#19"},
				"south": {"uv": [0, 0, 16, 16], "texture": "#15"},
				"west": {"uv": [0, 0, 0.5, 1], "texture": "#19"},
				"up": {"uv": [0, 0, 1, 0.5], "texture": "#19"},
				"down": {"uv": [0, 0, 1, 0.5], "texture": "#19"}
			}
		},
		{
			"from": [3.5, 2.25, 30.85],
			"to": [4.5, 3.25, 31.35],
			"faces": {
				"north": {"uv": [0, 0, 16, 16], "texture": "#19"},
				"east": {"uv": [0, 0, 0.5, 1], "texture": "#19"},
				"south": {"uv": [0, 0, 16, 16], "texture": "#16"},
				"west": {"uv": [0, 0, 0.5, 1], "texture": "#19"},
				"up": {"uv": [0, 0, 1, 0.5], "texture": "#19"},
				"down": {"uv": [0, 0, 1, 0.5], "texture": "#19"}
			}
		},
		{
			"from": [3.5, 5.75, 30.85],
			"to": [4.5, 6.75, 31.35],
			"faces": {
				"north": {"uv": [0, 0, 16, 16], "texture": "#19"},
				"east": {"uv": [0, 0, 0.5, 1], "texture": "#19"},
				"south": {"uv": [0, 0, 16, 16], "texture": "#14"},
				"west": {"uv": [0, 0, 0.5, 1], "texture": "#19"},
				"up": {"uv": [0, 0, 1, 0.5], "texture": "#19"},
				"down": {"uv": [0, 0, 1, 0.5], "texture": "#19"}
			}
		},
		{
			"from": [3.5, 3.75, -15.4],
			"to": [4.5, 4.75, -14.9],
			"faces": {
				"north": {"uv": [0, 0, 16, 16], "texture": "#14"},
				"east": {"uv": [0, 0, 0.5, 1], "texture": "#19"},
				"south": {"uv": [0, 0, 16, 16], "texture": "#19"},
				"west": {"uv": [0, 0, 0.5, 1], "texture": "#19"},
				"up": {"uv": [0, 0, 1, 0.5], "texture": "#19"},
				"down": {"uv": [0, 0, 1, 0.5], "texture": "#19"}
			}
		},
		{
			"from": [11.5, 2.25, -15.4],
			"to": [12.5, 3.25, -14.9],
			"faces": {
				"north": {"uv": [0, 0, 16, 16], "texture": "#15"},
				"east": {"uv": [0, 0, 0.5, 1], "texture": "#19"},
				"south": {"uv": [0, 0, 16, 16], "texture": "#19"},
				"west": {"uv": [0, 0, 0.5, 1], "texture": "#19"},
				"up": {"uv": [0, 0, 1, 0.5], "texture": "#19"},
				"down": {"uv": [0, 0, 1, 0.5], "texture": "#19"}
			}
		},
		{
			"from": [11.5, 3.75, -15.4],
			"to": [12.5, 4.75, -14.9],
			"faces": {
				"north": {"uv": [0, 0, 16, 16], "texture": "#14"},
				"east": {"uv": [0, 0, 0.5, 1], "texture": "#19"},
				"south": {"uv": [0, 0, 16, 16], "texture": "#19"},
				"west": {"uv": [0, 0, 0.5, 1], "texture": "#19"},
				"up": {"uv": [0, 0, 1, 0.5], "texture": "#19"},
				"down": {"uv": [0, 0, 1, 0.5], "texture": "#19"}
			}
		}
	],
	"display": {
		"head": {
			"scale": [4, 4, 4]
		}
	}
}