{
	"credit": "Made with Blockbench",
	"textures": {
		"31": "block/siemens/metal_gangway",
		"particle": "block/siemens/window"
	},
	"elements": [
		{
			"from": [14.5, 9.75, 22.5],
			"to": [15.5, 10.75, 32],
			"rotation": {"angle": 0, "axis": "y", "origin": [0, 0, 2]},
			"faces": {
				"north": {"uv": [0, 0, 0.75, 13.75], "texture": "#31"},
				"east": {"uv": [0, 0, 2, 13.75], "texture": "#31"},
				"south": {"uv": [0, 0, 0.75, 13.75], "texture": "#31"},
				"west": {"uv": [0, 0, 2, 13.75], "texture": "#31"},
				"up": {"uv": [0, 0, 0.75, 2], "texture": "#31"},
				"down": {"uv": [0, 0, 0.75, 2], "texture": "#31"}
			}
		},
		{
			"from": [0.5, 6.75, 22.5],
			"to": [1.5, 7.75, 32],
			"rotation": {"angle": 0, "axis": "y", "origin": [0, 0, 2]},
			"faces": {
				"north": {"uv": [0, 0, 0.75, 13.75], "texture": "#31"},
				"east": {"uv": [0, 0, 2, 13.75], "texture": "#31"},
				"south": {"uv": [0, 0, 0.75, 13.75], "texture": "#31"},
				"west": {"uv": [0, 0, 2, 13.75], "texture": "#31"},
				"up": {"uv": [0, 0, 0.75, 2], "texture": "#31"},
				"down": {"uv": [0, 0, 0.75, 2], "texture": "#31"}
			}
		},
		{
			"from": [14.5, 6.75, 22.5],
			"to": [15.5, 7.75, 32],
			"rotation": {"angle": 0, "axis": "y", "origin": [0, 0, 2]},
			"faces": {
				"north": {"uv": [0, 0, 0.75, 13.75], "texture": "#31"},
				"east": {"uv": [0, 0, 2, 13.75], "texture": "#31"},
				"south": {"uv": [0, 0, 0.75, 13.75], "texture": "#31"},
				"west": {"uv": [0, 0, 2, 13.75], "texture": "#31"},
				"up": {"uv": [0, 0, 0.75, 2], "texture": "#31"},
				"down": {"uv": [0, 0, 0.75, 2], "texture": "#31"}
			}
		},
		{
			"from": [0.5, 3.75, 22.5],
			"to": [1.5, 4.75, 32],
			"rotation": {"angle": 0, "axis": "y", "origin": [0, 0, 2]},
			"faces": {
				"north": {"uv": [0, 0, 0.75, 13.75], "texture": "#31"},
				"east": {"uv": [0, 0, 2, 13.75], "texture": "#31"},
				"south": {"uv": [0, 0, 0.75, 13.75], "texture": "#31"},
				"west": {"uv": [0, 0, 2, 13.75], "texture": "#31"},
				"up": {"uv": [0, 0, 0.75, 2], "texture": "#31"},
				"down": {"uv": [0, 0, 0.75, 2], "texture": "#31"}
			}
		},
		{
			"from": [14.5, 3.75, 22.5],
			"to": [15.5, 4.75, 32],
			"rotation": {"angle": 0, "axis": "y", "origin": [0, 0, 2]},
			"faces": {
				"north": {"uv": [0, 0, 0.75, 13.75], "texture": "#31"},
				"east": {"uv": [0, 0, 2, 13.75], "texture": "#31"},
				"south": {"uv": [0, 0, 0.75, 13.75], "texture": "#31"},
				"west": {"uv": [0, 0, 2, 13.75], "texture": "#31"},
				"up": {"uv": [0, 0, 0.75, 2], "texture": "#31"},
				"down": {"uv": [0, 0, 0.75, 2], "texture": "#31"}
			}
		},
		{
			"from": [0.5, 9.75, 22.5],
			"to": [1.5, 10.75, 32],
			"rotation": {"angle": 0, "axis": "y", "origin": [0, 0, 2]},
			"faces": {
				"north": {"uv": [0, 0, 0.75, 13.75], "texture": "#31"},
				"east": {"uv": [0, 0, 2, 13.75], "texture": "#31"},
				"south": {"uv": [0, 0, 0.75, 13.75], "texture": "#31"},
				"west": {"uv": [0, 0, 2, 13.75], "texture": "#31"},
				"up": {"uv": [0, 0, 0.75, 2], "texture": "#31"},
				"down": {"uv": [0, 0, 0.75, 2], "texture": "#31"}
			}
		}
	],
	"display": {
		"thirdperson_righthand": {
			"scale": [4, 4, 4]
		},
		"head": {
			"scale": [4, 4, 4]
		}
	}
}