{
	"credit": "Made with Blockbench",
	"textures": {
		"0": "block/mec/light_gray_concrete",
		"2": "block/mec/gray_concrete",
		"3": "block/mec/red_concrete",
		"5": "block/mec/yellow_concrete",
		"particle": "block/mec/light_gray_concrete"
	},
	"elements": [
		{
			"from": [1.45, 1.9, 1.15],
			"to": [2.1, 3.6, 2.85],
			"rotation": {"angle": 0, "axis": "y", "origin": [1.775, 2.75, 2]},
			"faces": {
				"north": {"uv": [0, 0, 1, 1], "texture": "#2"},
				"east": {"uv": [0, 0, 1, 1], "texture": "#2"},
				"south": {"uv": [0, 0, 1, 1], "texture": "#2"},
				"west": {"uv": [0, 0, 1, 1], "texture": "#2"},
				"up": {"uv": [0, 0, 1, 1], "texture": "#2"},
				"down": {"uv": [0, 0, 1, 1], "texture": "#2"}
			}
		},
		{
			"from": [1.25, 1.9, 0],
			"to": [1.75, 4.1, 0.5],
			"rotation": {"angle": 0, "axis": "y", "origin": [1.775, 3, 2]},
			"faces": {
				"north": {"uv": [0, 8, 2, 16], "texture": "#3"},
				"east": {"uv": [0, 8, 2, 16], "texture": "#3"},
				"south": {"uv": [0, 8, 2, 16], "texture": "#3"},
				"west": {"uv": [0, 8, 2, 16], "texture": "#3"},
				"up": {"uv": [0, 6, 2, 8], "texture": "#3"},
				"down": {"uv": [0, 14, 2, 16], "texture": "#3"}
			}
		},
		{
			"from": [14.25, 1.9, 0],
			"to": [14.75, 4.1, 0.5],
			"rotation": {"angle": 0, "axis": "y", "origin": [14.225, 3, 2]},
			"faces": {
				"north": {"uv": [2, 8, 0, 16], "texture": "#3"},
				"east": {"uv": [2, 8, 0, 16], "texture": "#3"},
				"south": {"uv": [2, 8, 0, 16], "texture": "#3"},
				"west": {"uv": [2, 8, 0, 16], "texture": "#3"},
				"up": {"uv": [2, 6, 0, 8], "texture": "#3"},
				"down": {"uv": [2, 14, 0, 16], "texture": "#3"}
			}
		},
		{
			"from": [14.25, 1.9, 15.5],
			"to": [14.75, 4.1, 16],
			"rotation": {"angle": 0, "axis": "y", "origin": [14.225, 3, 14]},
			"faces": {
				"north": {"uv": [0, 8, 2, 16], "texture": "#3"},
				"east": {"uv": [0, 8, 2, 16], "texture": "#3"},
				"south": {"uv": [0, 8, 2, 16], "texture": "#3"},
				"west": {"uv": [0, 8, 2, 16], "texture": "#3"},
				"up": {"uv": [2, 8, 0, 6], "texture": "#3"},
				"down": {"uv": [2, 16, 0, 14], "texture": "#3"}
			}
		},
		{
			"from": [1.25, 1.9, 15.5],
			"to": [1.75, 4.1, 16],
			"rotation": {"angle": 0, "axis": "y", "origin": [1.775, 3, 14]},
			"faces": {
				"north": {"uv": [2, 8, 0, 16], "texture": "#3"},
				"east": {"uv": [2, 8, 0, 16], "texture": "#3"},
				"south": {"uv": [2, 8, 0, 16], "texture": "#3"},
				"west": {"uv": [2, 8, 0, 16], "texture": "#3"},
				"up": {"uv": [0, 8, 2, 6], "texture": "#3"},
				"down": {"uv": [0, 16, 2, 14], "texture": "#3"}
			}
		},
		{
			"from": [1.55, 1.9, -0.75],
			"to": [2, 2.1, 0.95],
			"rotation": {"angle": 22.5, "axis": "x", "origin": [1.775, 2, 0.1]},
			"faces": {
				"north": {"uv": [0, 0, 1, 1], "texture": "#5"},
				"east": {"uv": [0, 0, 1, 1], "texture": "#5"},
				"south": {"uv": [0, 0, 1, 1], "texture": "#5"},
				"west": {"uv": [0, 0, 1, 1], "texture": "#5"},
				"up": {"uv": [0, 0, 1, 1], "texture": "#5"},
				"down": {"uv": [0, 0, 1, 1], "texture": "#5"}
			}
		},
		{
			"from": [1.55, 1.9, 3.05],
			"to": [2, 2.1, 4.75],
			"rotation": {"angle": -22.5, "axis": "x", "origin": [1.775, 2, 3.9]},
			"faces": {
				"north": {"uv": [0, 0, 1, 1], "texture": "#5"},
				"east": {"uv": [0, 0, 1, 1], "texture": "#5"},
				"south": {"uv": [0, 0, 1, 1], "texture": "#5"},
				"west": {"uv": [0, 0, 1, 1], "texture": "#5"},
				"up": {"uv": [0, 0, 1, 1], "texture": "#5"},
				"down": {"uv": [0, 0, 1, 1], "texture": "#5"}
			}
		},
		{
			"from": [1.55, 2.3, -0.75],
			"to": [2, 2.5, 0.95],
			"rotation": {"angle": 22.5, "axis": "x", "origin": [1.775, 2.4, 0.1]},
			"faces": {
				"north": {"uv": [0, 0, 1, 1], "texture": "#5"},
				"east": {"uv": [0, 0, 1, 1], "texture": "#5"},
				"south": {"uv": [0, 0, 1, 1], "texture": "#5"},
				"west": {"uv": [0, 0, 1, 1], "texture": "#5"},
				"up": {"uv": [0, 0, 1, 1], "texture": "#5"},
				"down": {"uv": [0, 0, 1, 1], "texture": "#5"}
			}
		},
		{
			"from": [1.55, 2.3, 3.05],
			"to": [2, 2.5, 4.75],
			"rotation": {"angle": -22.5, "axis": "x", "origin": [1.775, 2.4, 3.9]},
			"faces": {
				"north": {"uv": [0, 0, 1, 1], "texture": "#5"},
				"east": {"uv": [0, 0, 1, 1], "texture": "#5"},
				"south": {"uv": [0, 0, 1, 1], "texture": "#5"},
				"west": {"uv": [0, 0, 1, 1], "texture": "#5"},
				"up": {"uv": [0, 0, 1, 1], "texture": "#5"},
				"down": {"uv": [0, 0, 1, 1], "texture": "#5"}
			}
		},
		{
			"from": [1.55, 2.7, -0.75],
			"to": [2, 2.9, 0.95],
			"rotation": {"angle": 22.5, "axis": "x", "origin": [1.775, 2.8, 0.1]},
			"faces": {
				"north": {"uv": [0, 0, 1, 1], "texture": "#5"},
				"east": {"uv": [0, 0, 1, 1], "texture": "#5"},
				"south": {"uv": [0, 0, 1, 1], "texture": "#5"},
				"west": {"uv": [0, 0, 1, 1], "texture": "#5"},
				"up": {"uv": [0, 0, 1, 1], "texture": "#5"},
				"down": {"uv": [0, 0, 1, 1], "texture": "#5"}
			}
		},
		{
			"from": [1.55, 2.7, 3.05],
			"to": [2, 2.9, 4.75],
			"rotation": {"angle": -22.5, "axis": "x", "origin": [1.775, 2.8, 3.9]},
			"faces": {
				"north": {"uv": [0, 0, 1, 1], "texture": "#5"},
				"east": {"uv": [0, 0, 1, 1], "texture": "#5"},
				"south": {"uv": [0, 0, 1, 1], "texture": "#5"},
				"west": {"uv": [0, 0, 1, 1], "texture": "#5"},
				"up": {"uv": [0, 0, 1, 1], "texture": "#5"},
				"down": {"uv": [0, 0, 1, 1], "texture": "#5"}
			}
		},
		{
			"from": [1.55, 3.1, -0.75],
			"to": [2, 3.3, 0.95],
			"rotation": {"angle": 22.5, "axis": "x", "origin": [1.775, 3.2, 0.1]},
			"faces": {
				"north": {"uv": [0, 0, 1, 1], "texture": "#5"},
				"east": {"uv": [0, 0, 1, 1], "texture": "#5"},
				"south": {"uv": [0, 0, 1, 1], "texture": "#5"},
				"west": {"uv": [0, 0, 1, 1], "texture": "#5"},
				"up": {"uv": [0, 0, 1, 1], "texture": "#5"},
				"down": {"uv": [0, 0, 1, 1], "texture": "#5"}
			}
		},
		{
			"from": [1.55, 3.1, 3.05],
			"to": [2, 3.3, 4.75],
			"rotation": {"angle": -22.5, "axis": "x", "origin": [1.775, 3.2, 3.9]},
			"faces": {
				"north": {"uv": [0, 0, 1, 1], "texture": "#5"},
				"east": {"uv": [0, 0, 1, 1], "texture": "#5"},
				"south": {"uv": [0, 0, 1, 1], "texture": "#5"},
				"west": {"uv": [0, 0, 1, 1], "texture": "#5"},
				"up": {"uv": [0, 0, 1, 1], "texture": "#5"},
				"down": {"uv": [0, 0, 1, 1], "texture": "#5"}
			}
		},
		{
			"from": [1.55, 3.5, -0.75],
			"to": [2, 3.7, 0.95],
			"rotation": {"angle": 22.5, "axis": "x", "origin": [1.775, 3.6, 0.1]},
			"faces": {
				"north": {"uv": [0, 0, 1, 1], "texture": "#5"},
				"east": {"uv": [0, 0, 1, 1], "texture": "#5"},
				"south": {"uv": [0, 0, 1, 1], "texture": "#5"},
				"west": {"uv": [0, 0, 1, 1], "texture": "#5"},
				"up": {"uv": [0, 0, 1, 1], "texture": "#5"},
				"down": {"uv": [0, 0, 1, 1], "texture": "#5"}
			}
		},
		{
			"from": [1.55, 3.9, -0.75],
			"to": [2, 4.1, 0.95],
			"rotation": {"angle": 22.5, "axis": "x", "origin": [1.775, 4, 0.1]},
			"faces": {
				"north": {"uv": [0, 0, 1, 1], "texture": "#5"},
				"east": {"uv": [0, 0, 1, 1], "texture": "#5"},
				"south": {"uv": [0, 0, 1, 1], "texture": "#5"},
				"west": {"uv": [0, 0, 1, 1], "texture": "#5"},
				"up": {"uv": [0, 0, 1, 1], "texture": "#5"},
				"down": {"uv": [0, 0, 1, 1], "texture": "#5"}
			}
		},
		{
			"from": [1.55, 3.5, 3.05],
			"to": [2, 3.7, 4.75],
			"rotation": {"angle": -22.5, "axis": "x", "origin": [1.775, 3.6, 3.9]},
			"faces": {
				"north": {"uv": [0, 0, 1, 1], "texture": "#5"},
				"east": {"uv": [0, 0, 1, 1], "texture": "#5"},
				"south": {"uv": [0, 0, 1, 1], "texture": "#5"},
				"west": {"uv": [0, 0, 1, 1], "texture": "#5"},
				"up": {"uv": [0, 0, 1, 1], "texture": "#5"},
				"down": {"uv": [0, 0, 1, 1], "texture": "#5"}
			}
		},
		{
			"from": [1.55, 3.9, 3.05],
			"to": [2, 4.1, 4.75],
			"rotation": {"angle": -22.5, "axis": "x", "origin": [1.775, 4, 3.9]},
			"faces": {
				"north": {"uv": [0, 0, 1, 1], "texture": "#5"},
				"east": {"uv": [0, 0, 1, 1], "texture": "#5"},
				"south": {"uv": [0, 0, 1, 1], "texture": "#5"},
				"west": {"uv": [0, 0, 1, 1], "texture": "#5"},
				"up": {"uv": [0, 0, 1, 1], "texture": "#5"},
				"down": {"uv": [0, 0, 1, 1], "texture": "#5"}
			}
		},
		{
			"from": [1.55, 3.1, 11.25],
			"to": [2, 3.3, 12.95],
			"rotation": {"angle": 22.5, "axis": "x", "origin": [1.775, 3.2, 12.1]},
			"faces": {
				"north": {"uv": [1, 0, 0, 1], "texture": "#5"},
				"east": {"uv": [1, 0, 0, 1], "texture": "#5"},
				"south": {"uv": [1, 0, 0, 1], "texture": "#5"},
				"west": {"uv": [1, 0, 0, 1], "texture": "#5"},
				"up": {"uv": [0, 1, 1, 0], "texture": "#5"},
				"down": {"uv": [0, 1, 1, 0], "texture": "#5"}
			}
		},
		{
			"from": [1.55, 3.5, 11.25],
			"to": [2, 3.7, 12.95],
			"rotation": {"angle": 22.5, "axis": "x", "origin": [1.775, 3.6, 12.1]},
			"faces": {
				"north": {"uv": [1, 0, 0, 1], "texture": "#5"},
				"east": {"uv": [1, 0, 0, 1], "texture": "#5"},
				"south": {"uv": [1, 0, 0, 1], "texture": "#5"},
				"west": {"uv": [1, 0, 0, 1], "texture": "#5"},
				"up": {"uv": [0, 1, 1, 0], "texture": "#5"},
				"down": {"uv": [0, 1, 1, 0], "texture": "#5"}
			}
		},
		{
			"from": [1.55, 3.9, 11.25],
			"to": [2, 4.1, 12.95],
			"rotation": {"angle": 22.5, "axis": "x", "origin": [1.775, 4, 12.1]},
			"faces": {
				"north": {"uv": [1, 0, 0, 1], "texture": "#5"},
				"east": {"uv": [1, 0, 0, 1], "texture": "#5"},
				"south": {"uv": [1, 0, 0, 1], "texture": "#5"},
				"west": {"uv": [1, 0, 0, 1], "texture": "#5"},
				"up": {"uv": [0, 1, 1, 0], "texture": "#5"},
				"down": {"uv": [0, 1, 1, 0], "texture": "#5"}
			}
		},
		{
			"from": [1.55, 2.7, 11.25],
			"to": [2, 2.9, 12.95],
			"rotation": {"angle": 22.5, "axis": "x", "origin": [1.775, 2.8, 12.1]},
			"faces": {
				"north": {"uv": [1, 0, 0, 1], "texture": "#5"},
				"east": {"uv": [1, 0, 0, 1], "texture": "#5"},
				"south": {"uv": [1, 0, 0, 1], "texture": "#5"},
				"west": {"uv": [1, 0, 0, 1], "texture": "#5"},
				"up": {"uv": [0, 1, 1, 0], "texture": "#5"},
				"down": {"uv": [0, 1, 1, 0], "texture": "#5"}
			}
		},
		{
			"from": [1.55, 2.3, 11.25],
			"to": [2, 2.5, 12.95],
			"rotation": {"angle": 22.5, "axis": "x", "origin": [1.775, 2.4, 12.1]},
			"faces": {
				"north": {"uv": [1, 0, 0, 1], "texture": "#5"},
				"east": {"uv": [1, 0, 0, 1], "texture": "#5"},
				"south": {"uv": [1, 0, 0, 1], "texture": "#5"},
				"west": {"uv": [1, 0, 0, 1], "texture": "#5"},
				"up": {"uv": [0, 1, 1, 0], "texture": "#5"},
				"down": {"uv": [0, 1, 1, 0], "texture": "#5"}
			}
		},
		{
			"from": [1.55, 1.9, 11.25],
			"to": [2, 2.1, 12.95],
			"rotation": {"angle": 22.5, "axis": "x", "origin": [1.775, 2, 12.1]},
			"faces": {
				"north": {"uv": [1, 0, 0, 1], "texture": "#5"},
				"east": {"uv": [1, 0, 0, 1], "texture": "#5"},
				"south": {"uv": [1, 0, 0, 1], "texture": "#5"},
				"west": {"uv": [1, 0, 0, 1], "texture": "#5"},
				"up": {"uv": [0, 1, 1, 0], "texture": "#5"},
				"down": {"uv": [0, 1, 1, 0], "texture": "#5"}
			}
		},
		{
			"from": [1.55, 1.9, 15.05],
			"to": [2, 2.1, 16.75],
			"rotation": {"angle": -22.5, "axis": "x", "origin": [1.775, 2, 15.9]},
			"faces": {
				"north": {"uv": [1, 0, 0, 1], "texture": "#5"},
				"east": {"uv": [1, 0, 0, 1], "texture": "#5"},
				"south": {"uv": [1, 0, 0, 1], "texture": "#5"},
				"west": {"uv": [1, 0, 0, 1], "texture": "#5"},
				"up": {"uv": [0, 1, 1, 0], "texture": "#5"},
				"down": {"uv": [0, 1, 1, 0], "texture": "#5"}
			}
		},
		{
			"from": [1.55, 2.3, 15.05],
			"to": [2, 2.5, 16.75],
			"rotation": {"angle": -22.5, "axis": "x", "origin": [1.775, 2.4, 15.9]},
			"faces": {
				"north": {"uv": [1, 0, 0, 1], "texture": "#5"},
				"east": {"uv": [1, 0, 0, 1], "texture": "#5"},
				"south": {"uv": [1, 0, 0, 1], "texture": "#5"},
				"west": {"uv": [1, 0, 0, 1], "texture": "#5"},
				"up": {"uv": [0, 1, 1, 0], "texture": "#5"},
				"down": {"uv": [0, 1, 1, 0], "texture": "#5"}
			}
		},
		{
			"from": [1.55, 2.7, 15.05],
			"to": [2, 2.9, 16.75],
			"rotation": {"angle": -22.5, "axis": "x", "origin": [1.775, 2.8, 15.9]},
			"faces": {
				"north": {"uv": [1, 0, 0, 1], "texture": "#5"},
				"east": {"uv": [1, 0, 0, 1], "texture": "#5"},
				"south": {"uv": [1, 0, 0, 1], "texture": "#5"},
				"west": {"uv": [1, 0, 0, 1], "texture": "#5"},
				"up": {"uv": [0, 1, 1, 0], "texture": "#5"},
				"down": {"uv": [0, 1, 1, 0], "texture": "#5"}
			}
		},
		{
			"from": [1.55, 3.1, 15.05],
			"to": [2, 3.3, 16.75],
			"rotation": {"angle": -22.5, "axis": "x", "origin": [1.775, 3.2, 15.9]},
			"faces": {
				"north": {"uv": [1, 0, 0, 1], "texture": "#5"},
				"east": {"uv": [1, 0, 0, 1], "texture": "#5"},
				"south": {"uv": [1, 0, 0, 1], "texture": "#5"},
				"west": {"uv": [1, 0, 0, 1], "texture": "#5"},
				"up": {"uv": [0, 1, 1, 0], "texture": "#5"},
				"down": {"uv": [0, 1, 1, 0], "texture": "#5"}
			}
		},
		{
			"from": [1.55, 3.5, 15.05],
			"to": [2, 3.7, 16.75],
			"rotation": {"angle": -22.5, "axis": "x", "origin": [1.775, 3.6, 15.9]},
			"faces": {
				"north": {"uv": [1, 0, 0, 1], "texture": "#5"},
				"east": {"uv": [1, 0, 0, 1], "texture": "#5"},
				"south": {"uv": [1, 0, 0, 1], "texture": "#5"},
				"west": {"uv": [1, 0, 0, 1], "texture": "#5"},
				"up": {"uv": [0, 1, 1, 0], "texture": "#5"},
				"down": {"uv": [0, 1, 1, 0], "texture": "#5"}
			}
		},
		{
			"from": [1.55, 3.9, 15.05],
			"to": [2, 4.1, 16.75],
			"rotation": {"angle": -22.5, "axis": "x", "origin": [1.775, 4, 15.9]},
			"faces": {
				"north": {"uv": [1, 0, 0, 1], "texture": "#5"},
				"east": {"uv": [1, 0, 0, 1], "texture": "#5"},
				"south": {"uv": [1, 0, 0, 1], "texture": "#5"},
				"west": {"uv": [1, 0, 0, 1], "texture": "#5"},
				"up": {"uv": [0, 1, 1, 0], "texture": "#5"},
				"down": {"uv": [0, 1, 1, 0], "texture": "#5"}
			}
		},
		{
			"from": [14, 3.1, 11.25],
			"to": [14.45, 3.3, 12.95],
			"rotation": {"angle": 22.5, "axis": "x", "origin": [14.225, 3.2, 12.1]},
			"faces": {
				"north": {"uv": [0, 0, 1, 1], "texture": "#5"},
				"east": {"uv": [0, 0, 1, 1], "texture": "#5"},
				"south": {"uv": [0, 0, 1, 1], "texture": "#5"},
				"west": {"uv": [0, 0, 1, 1], "texture": "#5"},
				"up": {"uv": [1, 1, 0, 0], "texture": "#5"},
				"down": {"uv": [1, 1, 0, 0], "texture": "#5"}
			}
		},
		{
			"from": [14, 3.5, 11.25],
			"to": [14.45, 3.7, 12.95],
			"rotation": {"angle": 22.5, "axis": "x", "origin": [14.225, 3.6, 12.1]},
			"faces": {
				"north": {"uv": [0, 0, 1, 1], "texture": "#5"},
				"east": {"uv": [0, 0, 1, 1], "texture": "#5"},
				"south": {"uv": [0, 0, 1, 1], "texture": "#5"},
				"west": {"uv": [0, 0, 1, 1], "texture": "#5"},
				"up": {"uv": [1, 1, 0, 0], "texture": "#5"},
				"down": {"uv": [1, 1, 0, 0], "texture": "#5"}
			}
		},
		{
			"from": [14, 3.9, 11.25],
			"to": [14.45, 4.1, 12.95],
			"rotation": {"angle": 22.5, "axis": "x", "origin": [14.225, 4, 12.1]},
			"faces": {
				"north": {"uv": [0, 0, 1, 1], "texture": "#5"},
				"east": {"uv": [0, 0, 1, 1], "texture": "#5"},
				"south": {"uv": [0, 0, 1, 1], "texture": "#5"},
				"west": {"uv": [0, 0, 1, 1], "texture": "#5"},
				"up": {"uv": [1, 1, 0, 0], "texture": "#5"},
				"down": {"uv": [1, 1, 0, 0], "texture": "#5"}
			}
		},
		{
			"from": [14, 2.7, 11.25],
			"to": [14.45, 2.9, 12.95],
			"rotation": {"angle": 22.5, "axis": "x", "origin": [14.225, 2.8, 12.1]},
			"faces": {
				"north": {"uv": [0, 0, 1, 1], "texture": "#5"},
				"east": {"uv": [0, 0, 1, 1], "texture": "#5"},
				"south": {"uv": [0, 0, 1, 1], "texture": "#5"},
				"west": {"uv": [0, 0, 1, 1], "texture": "#5"},
				"up": {"uv": [1, 1, 0, 0], "texture": "#5"},
				"down": {"uv": [1, 1, 0, 0], "texture": "#5"}
			}
		},
		{
			"from": [14, 2.3, 11.25],
			"to": [14.45, 2.5, 12.95],
			"rotation": {"angle": 22.5, "axis": "x", "origin": [14.225, 2.4, 12.1]},
			"faces": {
				"north": {"uv": [0, 0, 1, 1], "texture": "#5"},
				"east": {"uv": [0, 0, 1, 1], "texture": "#5"},
				"south": {"uv": [0, 0, 1, 1], "texture": "#5"},
				"west": {"uv": [0, 0, 1, 1], "texture": "#5"},
				"up": {"uv": [1, 1, 0, 0], "texture": "#5"},
				"down": {"uv": [1, 1, 0, 0], "texture": "#5"}
			}
		},
		{
			"from": [14, 1.9, 11.25],
			"to": [14.45, 2.1, 12.95],
			"rotation": {"angle": 22.5, "axis": "x", "origin": [14.225, 2, 12.1]},
			"faces": {
				"north": {"uv": [0, 0, 1, 1], "texture": "#5"},
				"east": {"uv": [0, 0, 1, 1], "texture": "#5"},
				"south": {"uv": [0, 0, 1, 1], "texture": "#5"},
				"west": {"uv": [0, 0, 1, 1], "texture": "#5"},
				"up": {"uv": [1, 1, 0, 0], "texture": "#5"},
				"down": {"uv": [1, 1, 0, 0], "texture": "#5"}
			}
		},
		{
			"from": [14, 1.9, 15.05],
			"to": [14.45, 2.1, 16.75],
			"rotation": {"angle": -22.5, "axis": "x", "origin": [14.225, 2, 15.9]},
			"faces": {
				"north": {"uv": [0, 0, 1, 1], "texture": "#5"},
				"east": {"uv": [0, 0, 1, 1], "texture": "#5"},
				"south": {"uv": [0, 0, 1, 1], "texture": "#5"},
				"west": {"uv": [0, 0, 1, 1], "texture": "#5"},
				"up": {"uv": [1, 1, 0, 0], "texture": "#5"},
				"down": {"uv": [1, 1, 0, 0], "texture": "#5"}
			}
		},
		{
			"from": [14, 2.3, 15.05],
			"to": [14.45, 2.5, 16.75],
			"rotation": {"angle": -22.5, "axis": "x", "origin": [14.225, 2.4, 15.9]},
			"faces": {
				"north": {"uv": [0, 0, 1, 1], "texture": "#5"},
				"east": {"uv": [0, 0, 1, 1], "texture": "#5"},
				"south": {"uv": [0, 0, 1, 1], "texture": "#5"},
				"west": {"uv": [0, 0, 1, 1], "texture": "#5"},
				"up": {"uv": [1, 1, 0, 0], "texture": "#5"},
				"down": {"uv": [1, 1, 0, 0], "texture": "#5"}
			}
		},
		{
			"from": [14, 2.7, 15.05],
			"to": [14.45, 2.9, 16.75],
			"rotation": {"angle": -22.5, "axis": "x", "origin": [14.225, 2.8, 15.9]},
			"faces": {
				"north": {"uv": [0, 0, 1, 1], "texture": "#5"},
				"east": {"uv": [0, 0, 1, 1], "texture": "#5"},
				"south": {"uv": [0, 0, 1, 1], "texture": "#5"},
				"west": {"uv": [0, 0, 1, 1], "texture": "#5"},
				"up": {"uv": [1, 1, 0, 0], "texture": "#5"},
				"down": {"uv": [1, 1, 0, 0], "texture": "#5"}
			}
		},
		{
			"from": [14, 3.1, 15.05],
			"to": [14.45, 3.3, 16.75],
			"rotation": {"angle": -22.5, "axis": "x", "origin": [14.225, 3.2, 15.9]},
			"faces": {
				"north": {"uv": [0, 0, 1, 1], "texture": "#5"},
				"east": {"uv": [0, 0, 1, 1], "texture": "#5"},
				"south": {"uv": [0, 0, 1, 1], "texture": "#5"},
				"west": {"uv": [0, 0, 1, 1], "texture": "#5"},
				"up": {"uv": [1, 1, 0, 0], "texture": "#5"},
				"down": {"uv": [1, 1, 0, 0], "texture": "#5"}
			}
		},
		{
			"from": [14, 3.5, 15.05],
			"to": [14.45, 3.7, 16.75],
			"rotation": {"angle": -22.5, "axis": "x", "origin": [14.225, 3.6, 15.9]},
			"faces": {
				"north": {"uv": [0, 0, 1, 1], "texture": "#5"},
				"east": {"uv": [0, 0, 1, 1], "texture": "#5"},
				"south": {"uv": [0, 0, 1, 1], "texture": "#5"},
				"west": {"uv": [0, 0, 1, 1], "texture": "#5"},
				"up": {"uv": [1, 1, 0, 0], "texture": "#5"},
				"down": {"uv": [1, 1, 0, 0], "texture": "#5"}
			}
		},
		{
			"from": [14, 3.9, 15.05],
			"to": [14.45, 4.1, 16.75],
			"rotation": {"angle": -22.5, "axis": "x", "origin": [14.225, 4, 15.9]},
			"faces": {
				"north": {"uv": [0, 0, 1, 1], "texture": "#5"},
				"east": {"uv": [0, 0, 1, 1], "texture": "#5"},
				"south": {"uv": [0, 0, 1, 1], "texture": "#5"},
				"west": {"uv": [0, 0, 1, 1], "texture": "#5"},
				"up": {"uv": [1, 1, 0, 0], "texture": "#5"},
				"down": {"uv": [1, 1, 0, 0], "texture": "#5"}
			}
		},
		{
			"from": [14, 3.9, 3.05],
			"to": [14.45, 4.1, 4.75],
			"rotation": {"angle": -22.5, "axis": "x", "origin": [14.225, 4, 3.9]},
			"faces": {
				"north": {"uv": [1, 0, 0, 1], "texture": "#5"},
				"east": {"uv": [1, 0, 0, 1], "texture": "#5"},
				"south": {"uv": [1, 0, 0, 1], "texture": "#5"},
				"west": {"uv": [1, 0, 0, 1], "texture": "#5"},
				"up": {"uv": [1, 0, 0, 1], "texture": "#5"},
				"down": {"uv": [1, 0, 0, 1], "texture": "#5"}
			}
		},
		{
			"from": [14, 3.5, 3.05],
			"to": [14.45, 3.7, 4.75],
			"rotation": {"angle": -22.5, "axis": "x", "origin": [14.225, 3.6, 3.9]},
			"faces": {
				"north": {"uv": [1, 0, 0, 1], "texture": "#5"},
				"east": {"uv": [1, 0, 0, 1], "texture": "#5"},
				"south": {"uv": [1, 0, 0, 1], "texture": "#5"},
				"west": {"uv": [1, 0, 0, 1], "texture": "#5"},
				"up": {"uv": [1, 0, 0, 1], "texture": "#5"},
				"down": {"uv": [1, 0, 0, 1], "texture": "#5"}
			}
		},
		{
			"from": [14, 3.1, 3.05],
			"to": [14.45, 3.3, 4.75],
			"rotation": {"angle": -22.5, "axis": "x", "origin": [14.225, 3.2, 3.9]},
			"faces": {
				"north": {"uv": [1, 0, 0, 1], "texture": "#5"},
				"east": {"uv": [1, 0, 0, 1], "texture": "#5"},
				"south": {"uv": [1, 0, 0, 1], "texture": "#5"},
				"west": {"uv": [1, 0, 0, 1], "texture": "#5"},
				"up": {"uv": [1, 0, 0, 1], "texture": "#5"},
				"down": {"uv": [1, 0, 0, 1], "texture": "#5"}
			}
		},
		{
			"from": [14, 2.7, 3.05],
			"to": [14.45, 2.9, 4.75],
			"rotation": {"angle": -22.5, "axis": "x", "origin": [14.225, 2.8, 3.9]},
			"faces": {
				"north": {"uv": [1, 0, 0, 1], "texture": "#5"},
				"east": {"uv": [1, 0, 0, 1], "texture": "#5"},
				"south": {"uv": [1, 0, 0, 1], "texture": "#5"},
				"west": {"uv": [1, 0, 0, 1], "texture": "#5"},
				"up": {"uv": [1, 0, 0, 1], "texture": "#5"},
				"down": {"uv": [1, 0, 0, 1], "texture": "#5"}
			}
		},
		{
			"from": [14, 2.3, 3.05],
			"to": [14.45, 2.5, 4.75],
			"rotation": {"angle": -22.5, "axis": "x", "origin": [14.225, 2.4, 3.9]},
			"faces": {
				"north": {"uv": [1, 0, 0, 1], "texture": "#5"},
				"east": {"uv": [1, 0, 0, 1], "texture": "#5"},
				"south": {"uv": [1, 0, 0, 1], "texture": "#5"},
				"west": {"uv": [1, 0, 0, 1], "texture": "#5"},
				"up": {"uv": [1, 0, 0, 1], "texture": "#5"},
				"down": {"uv": [1, 0, 0, 1], "texture": "#5"}
			}
		},
		{
			"from": [14, 1.9, 3.05],
			"to": [14.45, 2.1, 4.75],
			"rotation": {"angle": -22.5, "axis": "x", "origin": [14.225, 2, 3.9]},
			"faces": {
				"north": {"uv": [1, 0, 0, 1], "texture": "#5"},
				"east": {"uv": [1, 0, 0, 1], "texture": "#5"},
				"south": {"uv": [1, 0, 0, 1], "texture": "#5"},
				"west": {"uv": [1, 0, 0, 1], "texture": "#5"},
				"up": {"uv": [1, 0, 0, 1], "texture": "#5"},
				"down": {"uv": [1, 0, 0, 1], "texture": "#5"}
			}
		},
		{
			"from": [14, 1.9, -0.75],
			"to": [14.45, 2.1, 0.95],
			"rotation": {"angle": 22.5, "axis": "x", "origin": [14.225, 2, 0.1]},
			"faces": {
				"north": {"uv": [1, 0, 0, 1], "texture": "#5"},
				"east": {"uv": [1, 0, 0, 1], "texture": "#5"},
				"south": {"uv": [1, 0, 0, 1], "texture": "#5"},
				"west": {"uv": [1, 0, 0, 1], "texture": "#5"},
				"up": {"uv": [1, 0, 0, 1], "texture": "#5"},
				"down": {"uv": [1, 0, 0, 1], "texture": "#5"}
			}
		},
		{
			"from": [14, 2.3, -0.75],
			"to": [14.45, 2.5, 0.95],
			"rotation": {"angle": 22.5, "axis": "x", "origin": [14.225, 2.4, 0.1]},
			"faces": {
				"north": {"uv": [1, 0, 0, 1], "texture": "#5"},
				"east": {"uv": [1, 0, 0, 1], "texture": "#5"},
				"south": {"uv": [1, 0, 0, 1], "texture": "#5"},
				"west": {"uv": [1, 0, 0, 1], "texture": "#5"},
				"up": {"uv": [1, 0, 0, 1], "texture": "#5"},
				"down": {"uv": [1, 0, 0, 1], "texture": "#5"}
			}
		},
		{
			"from": [14, 2.7, -0.75],
			"to": [14.45, 2.9, 0.95],
			"rotation": {"angle": 22.5, "axis": "x", "origin": [14.225, 2.8, 0.1]},
			"faces": {
				"north": {"uv": [1, 0, 0, 1], "texture": "#5"},
				"east": {"uv": [1, 0, 0, 1], "texture": "#5"},
				"south": {"uv": [1, 0, 0, 1], "texture": "#5"},
				"west": {"uv": [1, 0, 0, 1], "texture": "#5"},
				"up": {"uv": [1, 0, 0, 1], "texture": "#5"},
				"down": {"uv": [1, 0, 0, 1], "texture": "#5"}
			}
		},
		{
			"from": [14, 3.1, -0.75],
			"to": [14.45, 3.3, 0.95],
			"rotation": {"angle": 22.5, "axis": "x", "origin": [14.225, 3.2, 0.1]},
			"faces": {
				"north": {"uv": [1, 0, 0, 1], "texture": "#5"},
				"east": {"uv": [1, 0, 0, 1], "texture": "#5"},
				"south": {"uv": [1, 0, 0, 1], "texture": "#5"},
				"west": {"uv": [1, 0, 0, 1], "texture": "#5"},
				"up": {"uv": [1, 0, 0, 1], "texture": "#5"},
				"down": {"uv": [1, 0, 0, 1], "texture": "#5"}
			}
		},
		{
			"from": [14, 3.5, -0.75],
			"to": [14.45, 3.7, 0.95],
			"rotation": {"angle": 22.5, "axis": "x", "origin": [14.225, 3.6, 0.1]},
			"faces": {
				"north": {"uv": [1, 0, 0, 1], "texture": "#5"},
				"east": {"uv": [1, 0, 0, 1], "texture": "#5"},
				"south": {"uv": [1, 0, 0, 1], "texture": "#5"},
				"west": {"uv": [1, 0, 0, 1], "texture": "#5"},
				"up": {"uv": [1, 0, 0, 1], "texture": "#5"},
				"down": {"uv": [1, 0, 0, 1], "texture": "#5"}
			}
		},
		{
			"from": [14, 3.9, -0.75],
			"to": [14.45, 4.1, 0.95],
			"rotation": {"angle": 22.5, "axis": "x", "origin": [14.225, 4, 0.1]},
			"faces": {
				"north": {"uv": [1, 0, 0, 1], "texture": "#5"},
				"east": {"uv": [1, 0, 0, 1], "texture": "#5"},
				"south": {"uv": [1, 0, 0, 1], "texture": "#5"},
				"west": {"uv": [1, 0, 0, 1], "texture": "#5"},
				"up": {"uv": [1, 0, 0, 1], "texture": "#5"},
				"down": {"uv": [1, 0, 0, 1], "texture": "#5"}
			}
		},
		{
			"from": [1.45, 4, -0.85],
			"to": [2.1, 4.45, 16.85],
			"faces": {
				"north": {"uv": [0, 0, 1, 1], "texture": "#2"},
				"east": {"uv": [0, 0, 1, 1], "texture": "#2"},
				"south": {"uv": [0, 0, 1, 1], "texture": "#2"},
				"west": {"uv": [0, 0, 1, 1], "texture": "#2"},
				"up": {"uv": [0, 0, 1, 1], "texture": "#2"},
				"down": {"uv": [0, 0, 1, 1], "texture": "#2"}
			}
		},
		{
			"from": [13.95, 4, -0.85],
			"to": [14.6, 4.45, 16.85],
			"faces": {
				"north": {"uv": [0, 0, 1, 1], "texture": "#2"},
				"east": {"uv": [0, 0, 1, 1], "texture": "#2"},
				"south": {"uv": [0, 0, 1, 1], "texture": "#2"},
				"west": {"uv": [0, 0, 1, 1], "texture": "#2"},
				"up": {"uv": [0, 0, 1, 1], "texture": "#2"},
				"down": {"uv": [0, 0, 1, 1], "texture": "#2"}
			}
		},
		{
			"from": [1.45, 1.45, -0.85],
			"to": [2.1, 1.9, 16.85],
			"faces": {
				"north": {"uv": [0, 0, 1, 1], "texture": "#2"},
				"east": {"uv": [0, 0, 1, 1], "texture": "#2"},
				"south": {"uv": [0, 0, 1, 1], "texture": "#2"},
				"west": {"uv": [0, 0, 1, 1], "texture": "#2"},
				"up": {"uv": [0, 0, 1, 1], "texture": "#2"},
				"down": {"uv": [0, 0, 1, 1], "texture": "#2"}
			}
		},
		{
			"from": [13.95, 1.45, -0.85],
			"to": [14.6, 1.9, 16.85],
			"faces": {
				"north": {"uv": [0, 0, 1, 1], "texture": "#2"},
				"east": {"uv": [0, 0, 1, 1], "texture": "#2"},
				"south": {"uv": [0, 0, 1, 1], "texture": "#2"},
				"west": {"uv": [0, 0, 1, 1], "texture": "#2"},
				"up": {"uv": [0, 0, 1, 1], "texture": "#2"},
				"down": {"uv": [0, 0, 1, 1], "texture": "#2"}
			}
		},
		{
			"from": [13.95, 1.9, 1.15],
			"to": [14.6, 3.6, 2.85],
			"rotation": {"angle": 0, "axis": "y", "origin": [14.275, 2.75, 2]},
			"faces": {
				"north": {"uv": [0, 0, 1, 1], "texture": "#2"},
				"east": {"uv": [0, 0, 1, 1], "texture": "#2"},
				"south": {"uv": [0, 0, 1, 1], "texture": "#2"},
				"west": {"uv": [0, 0, 1, 1], "texture": "#2"},
				"up": {"uv": [0, 0, 1, 1], "texture": "#2"},
				"down": {"uv": [0, 0, 1, 1], "texture": "#2"}
			}
		},
		{
			"from": [13.95, 1.9, 13.15],
			"to": [14.6, 3.6, 14.85],
			"rotation": {"angle": 0, "axis": "y", "origin": [14.275, 2.75, 14]},
			"faces": {
				"north": {"uv": [1, 0, 0, 1], "texture": "#2"},
				"east": {"uv": [1, 0, 0, 1], "texture": "#2"},
				"south": {"uv": [1, 0, 0, 1], "texture": "#2"},
				"west": {"uv": [1, 0, 0, 1], "texture": "#2"},
				"up": {"uv": [0, 1, 1, 0], "texture": "#2"},
				"down": {"uv": [0, 1, 1, 0], "texture": "#2"}
			}
		},
		{
			"from": [1.5, 2, 5],
			"to": [14.5, 4.4, 11],
			"faces": {
				"north": {"uv": [0, 0, 1, 1], "texture": "#2"},
				"east": {"uv": [0, 0, 1, 1], "texture": "#2"},
				"south": {"uv": [0, 0, 1, 1], "texture": "#2"},
				"west": {"uv": [0, 0, 1, 1], "texture": "#2"},
				"up": {"uv": [0, 0, 1, 1], "texture": "#2"},
				"down": {"uv": [0, 0, 1, 1], "texture": "#2"}
			}
		},
		{
			"from": [2.5, 6, 0],
			"to": [13.5, 9.4, 16],
			"faces": {
				"north": {"uv": [0, 0, 1, 1], "texture": "#2"},
				"east": {"uv": [0, 0, 1, 1], "texture": "#2"},
				"south": {"uv": [0, 0, 1, 1], "texture": "#2"},
				"west": {"uv": [0, 0, 1, 1], "texture": "#2"},
				"up": {"uv": [0, 0, 1, 1], "texture": "#2"},
				"down": {"uv": [0, 0, 1, 1], "texture": "#2"}
			}
		},
		{
			"from": [14.5, 2, 3],
			"to": [15.5, 3.45, 13],
			"faces": {
				"north": {"uv": [0, 0, 1, 1], "texture": "#2"},
				"east": {"uv": [0, 0, 10, 1.45], "texture": "#2"},
				"south": {"uv": [0, 0, 1, 1], "texture": "#2"},
				"west": {"uv": [0, 0, 1, 1], "texture": "#2"},
				"up": {"uv": [0, 0, 1, 1], "texture": "#2"},
				"down": {"uv": [0, 0, 1, 1], "texture": "#2"}
			}
		},
		{
			"from": [0.5, 2, 3],
			"to": [1.5, 3.45, 13],
			"faces": {
				"north": {"uv": [0, 0, 1, 1], "texture": "#2"},
				"east": {"uv": [0, 0, 1, 1], "texture": "#2"},
				"south": {"uv": [0, 0, 1, 1], "texture": "#2"},
				"west": {"uv": [0, 0, 10, 1.45], "texture": "#2"},
				"up": {"uv": [0, 0, 1, 1], "texture": "#2"},
				"down": {"uv": [0, 0, 1, 1], "texture": "#2"}
			}
		},
		{
			"from": [1.75, 1.5, -1.05],
			"to": [14.25, 4.4, -0.8],
			"faces": {
				"north": {"uv": [0, 0, 1, 1], "texture": "#2"},
				"east": {"uv": [0, 0, 1, 1], "texture": "#2"},
				"south": {"uv": [0, 0, 1, 1], "texture": "#2"},
				"west": {"uv": [0, 0, 1, 1], "texture": "#2"},
				"up": {"uv": [0, 0, 1, 1], "texture": "#2"},
				"down": {"uv": [0, 0, 1, 1], "texture": "#2"}
			}
		},
		{
			"from": [1.45, 1.9, 13.15],
			"to": [2.1, 3.6, 14.85],
			"rotation": {"angle": 0, "axis": "y", "origin": [1.775, 2.75, 8]},
			"faces": {
				"north": {"uv": [1, 0, 0, 1], "texture": "#2"},
				"east": {"uv": [1, 0, 0, 1], "texture": "#2"},
				"south": {"uv": [1, 0, 0, 1], "texture": "#2"},
				"west": {"uv": [1, 0, 0, 1], "texture": "#2"},
				"up": {"uv": [0, 1, 1, 0], "texture": "#2"},
				"down": {"uv": [0, 1, 1, 0], "texture": "#2"}
			}
		},
		{
			"from": [1.75, 1.5, 16.8],
			"to": [14.25, 4.4, 17.05],
			"rotation": {"angle": 0, "axis": "y", "origin": [0, 0, 16]},
			"faces": {
				"north": {"uv": [1, 0, 0, 1], "texture": "#2"},
				"east": {"uv": [1, 0, 0, 1], "texture": "#2"},
				"south": {"uv": [1, 0, 0, 1], "texture": "#2"},
				"west": {"uv": [1, 0, 0, 1], "texture": "#2"},
				"up": {"uv": [0, 1, 1, 0], "texture": "#2"},
				"down": {"uv": [0, 1, 1, 0], "texture": "#2"}
			}
		},
		{
			"from": [6, 1.75, 7],
			"to": [10, 9.75, 9],
			"faces": {
				"north": {"uv": [0, 0, 1, 1], "texture": "#2"},
				"east": {"uv": [0, 0, 1, 1], "texture": "#2"},
				"south": {"uv": [0, 0, 1, 1], "texture": "#2"},
				"west": {"uv": [0, 0, 1, 1], "texture": "#2"},
				"up": {"uv": [0, 0, 1, 1], "texture": "#2"},
				"down": {"uv": [0, 0, 1, 1], "texture": "#2"}
			}
		},
		{
			"from": [7, 1.75, 6],
			"to": [9, 9.75, 10],
			"faces": {
				"north": {"uv": [0, 0, 1, 1], "texture": "#2"},
				"east": {"uv": [0, 0, 1, 1], "texture": "#2"},
				"south": {"uv": [0, 0, 1, 1], "texture": "#2"},
				"west": {"uv": [0, 0, 1, 1], "texture": "#2"},
				"up": {"uv": [0, 0, 1, 1], "texture": "#2"},
				"down": {"uv": [0, 0, 1, 1], "texture": "#2"}
			}
		},
		{
			"from": [5, 9.75, 5],
			"to": [11, 10.75, 11],
			"faces": {
				"north": {"uv": [0, 0, 1, 1], "texture": "#2"},
				"east": {"uv": [0, 0, 1, 1], "texture": "#2"},
				"south": {"uv": [0, 0, 1, 1], "texture": "#2"},
				"west": {"uv": [0, 0, 1, 1], "texture": "#2"},
				"up": {"uv": [0, 0, 1, 1], "texture": "#2"},
				"down": {"uv": [0, 0, 1, 1], "texture": "#2"}
			}
		},
		{
			"name": "hexadecagon",
			"from": [13.25, 2.25272, 11.5],
			"to": [13.75, 3.24728, 16.5],
			"rotation": {"angle": -45, "axis": "x", "origin": [13.5, 2.75, 14]},
			"faces": {
				"north": {"uv": [0, 0, 16, 16], "texture": "#0"},
				"east": {"uv": [0, 0, 16, 16], "texture": "#0"},
				"south": {"uv": [0, 0, 16, 16], "texture": "#0"},
				"west": {"uv": [0, 0, 16, 16], "texture": "#0"},
				"up": {"uv": [0, 0, 16, 16], "texture": "#0"},
				"down": {"uv": [0, 0, 15, 16], "texture": "#0"}
			}
		},
		{
			"name": "hexadecagon",
			"from": [13.25, 2.25272, 11.5],
			"to": [13.75, 3.24728, 16.5],
			"rotation": {"angle": -22.5, "axis": "x", "origin": [13.5, 2.75, 14]},
			"faces": {
				"north": {"uv": [0, 0, 16, 16], "texture": "#0"},
				"east": {"uv": [0, 0, 16, 16], "texture": "#0"},
				"south": {"uv": [0, 0, 16, 16], "texture": "#0"},
				"west": {"uv": [0, 0, 16, 16], "texture": "#0"},
				"up": {"uv": [0, 0, 16, 16], "texture": "#0"},
				"down": {"uv": [0, 0, 15, 16], "texture": "#0"}
			}
		},
		{
			"name": "hexadecagon",
			"from": [13.25, 2.25272, 11.5],
			"to": [13.75, 3.24728, 16.5],
			"rotation": {"angle": 0, "axis": "x", "origin": [13.5, 2.75, 14]},
			"faces": {
				"north": {"uv": [0, 0, 16, 16], "texture": "#0"},
				"east": {"uv": [0, 0, 16, 16], "texture": "#0"},
				"south": {"uv": [0, 0, 16, 16], "texture": "#0"},
				"west": {"uv": [0, 0, 16, 16], "texture": "#0"},
				"up": {"uv": [0, 0, 16, 16], "texture": "#0"},
				"down": {"uv": [0, 0, 15, 16], "texture": "#0"}
			}
		},
		{
			"name": "hexadecagon",
			"from": [13.25, 2.25272, 11.5],
			"to": [13.75, 3.24728, 16.5],
			"rotation": {"angle": 22.5, "axis": "x", "origin": [13.5, 2.75, 14]},
			"faces": {
				"north": {"uv": [0, 0, 16, 16], "texture": "#0"},
				"east": {"uv": [0, 0, 16, 16], "texture": "#0"},
				"south": {"uv": [0, 0, 16, 16], "texture": "#0"},
				"west": {"uv": [0, 0, 16, 16], "texture": "#0"},
				"up": {"uv": [0, 0, 16, 16], "texture": "#0"},
				"down": {"uv": [0, 0, 15, 16], "texture": "#0"}
			}
		},
		{
			"name": "hexadecagon",
			"from": [13.25, 2.25272, 11.5],
			"to": [13.75, 3.24728, 16.5],
			"rotation": {"angle": 45, "axis": "x", "origin": [13.5, 2.75, 14]},
			"faces": {
				"north": {"uv": [0, 0, 16, 16], "texture": "#0"},
				"east": {"uv": [0, 0, 16, 16], "texture": "#0"},
				"south": {"uv": [0, 0, 16, 16], "texture": "#0"},
				"west": {"uv": [0, 0, 16, 16], "texture": "#0"},
				"up": {"uv": [0, 0, 16, 16], "texture": "#0"},
				"down": {"uv": [0, 0, 15, 16], "texture": "#0"}
			}
		},
		{
			"name": "hexadecagon",
			"from": [13.25, 0.25, 13.50272],
			"to": [13.75, 5.25, 14.49728],
			"rotation": {"angle": -22.5, "axis": "x", "origin": [13.5, 2.75, 14]},
			"faces": {
				"north": {"uv": [0, 0, 16, 16], "texture": "#0"},
				"east": {"uv": [0, 0, 16, 16], "texture": "#0"},
				"south": {"uv": [0, 0, 16, 16], "texture": "#0"},
				"west": {"uv": [0, 0, 16, 16], "texture": "#0"},
				"up": {"uv": [0, 0, 16, 16], "texture": "#0"},
				"down": {"uv": [0, 0, 15, 16], "texture": "#0"}
			}
		},
		{
			"name": "hexadecagon",
			"from": [13.25, 0.25, 13.50272],
			"to": [13.75, 5.25, 14.49728],
			"rotation": {"angle": 0, "axis": "x", "origin": [13.5, 2.75, 14]},
			"faces": {
				"north": {"uv": [0, 0, 16, 16], "texture": "#0"},
				"east": {"uv": [0, 0, 16, 16], "texture": "#0"},
				"south": {"uv": [0, 0, 16, 16], "texture": "#0"},
				"west": {"uv": [0, 0, 16, 16], "texture": "#0"},
				"up": {"uv": [0, 0, 16, 16], "texture": "#0"},
				"down": {"uv": [0, 0, 15, 16], "texture": "#0"}
			}
		},
		{
			"name": "hexadecagon",
			"from": [13.25, 0.25, 13.50272],
			"to": [13.75, 5.25, 14.49728],
			"rotation": {"angle": 22.5, "axis": "x", "origin": [13.5, 2.75, 14]},
			"faces": {
				"north": {"uv": [0, 0, 16, 16], "texture": "#0"},
				"east": {"uv": [0, 0, 16, 16], "texture": "#0"},
				"south": {"uv": [0, 0, 16, 16], "texture": "#0"},
				"west": {"uv": [0, 0, 16, 16], "texture": "#0"},
				"up": {"uv": [0, 0, 16, 16], "texture": "#0"},
				"down": {"uv": [0, 0, 15, 16], "texture": "#0"}
			}
		},
		{
			"name": "hexadecagon",
			"from": [2.25, 2.25272, 11.5],
			"to": [2.75, 3.24728, 16.5],
			"rotation": {"angle": -45, "axis": "x", "origin": [2.5, 2.75, 14]},
			"faces": {
				"north": {"uv": [16, 0, 0, 16], "texture": "#0"},
				"east": {"uv": [16, 0, 0, 16], "texture": "#0"},
				"south": {"uv": [16, 0, 0, 16], "texture": "#0"},
				"west": {"uv": [16, 0, 0, 16], "texture": "#0"},
				"up": {"uv": [16, 0, 0, 16], "texture": "#0"},
				"down": {"uv": [15, 0, 0, 16], "texture": "#0"}
			}
		},
		{
			"name": "hexadecagon",
			"from": [2.25, 2.25272, 11.5],
			"to": [2.75, 3.24728, 16.5],
			"rotation": {"angle": -22.5, "axis": "x", "origin": [2.5, 2.75, 14]},
			"faces": {
				"north": {"uv": [16, 0, 0, 16], "texture": "#0"},
				"east": {"uv": [16, 0, 0, 16], "texture": "#0"},
				"south": {"uv": [16, 0, 0, 16], "texture": "#0"},
				"west": {"uv": [16, 0, 0, 16], "texture": "#0"},
				"up": {"uv": [16, 0, 0, 16], "texture": "#0"},
				"down": {"uv": [15, 0, 0, 16], "texture": "#0"}
			}
		},
		{
			"name": "hexadecagon",
			"from": [2.25, 2.25272, 11.5],
			"to": [2.75, 3.24728, 16.5],
			"rotation": {"angle": 0, "axis": "x", "origin": [2.5, 2.75, 14]},
			"faces": {
				"north": {"uv": [16, 0, 0, 16], "texture": "#0"},
				"east": {"uv": [16, 0, 0, 16], "texture": "#0"},
				"south": {"uv": [16, 0, 0, 16], "texture": "#0"},
				"west": {"uv": [16, 0, 0, 16], "texture": "#0"},
				"up": {"uv": [16, 0, 0, 16], "texture": "#0"},
				"down": {"uv": [15, 0, 0, 16], "texture": "#0"}
			}
		},
		{
			"name": "hexadecagon",
			"from": [2.25, 2.25272, 11.5],
			"to": [2.75, 3.24728, 16.5],
			"rotation": {"angle": 22.5, "axis": "x", "origin": [2.5, 2.75, 14]},
			"faces": {
				"north": {"uv": [16, 0, 0, 16], "texture": "#0"},
				"east": {"uv": [16, 0, 0, 16], "texture": "#0"},
				"south": {"uv": [16, 0, 0, 16], "texture": "#0"},
				"west": {"uv": [16, 0, 0, 16], "texture": "#0"},
				"up": {"uv": [16, 0, 0, 16], "texture": "#0"},
				"down": {"uv": [15, 0, 0, 16], "texture": "#0"}
			}
		},
		{
			"name": "hexadecagon",
			"from": [2.25, 2.25272, 11.5],
			"to": [2.75, 3.24728, 16.5],
			"rotation": {"angle": 45, "axis": "x", "origin": [2.5, 2.75, 14]},
			"faces": {
				"north": {"uv": [16, 0, 0, 16], "texture": "#0"},
				"east": {"uv": [16, 0, 0, 16], "texture": "#0"},
				"south": {"uv": [16, 0, 0, 16], "texture": "#0"},
				"west": {"uv": [16, 0, 0, 16], "texture": "#0"},
				"up": {"uv": [16, 0, 0, 16], "texture": "#0"},
				"down": {"uv": [15, 0, 0, 16], "texture": "#0"}
			}
		},
		{
			"name": "hexadecagon",
			"from": [2.25, 0.25, 13.50272],
			"to": [2.75, 5.25, 14.49728],
			"rotation": {"angle": -22.5, "axis": "x", "origin": [2.5, 2.75, 14]},
			"faces": {
				"north": {"uv": [16, 0, 0, 16], "texture": "#0"},
				"east": {"uv": [16, 0, 0, 16], "texture": "#0"},
				"south": {"uv": [16, 0, 0, 16], "texture": "#0"},
				"west": {"uv": [16, 0, 0, 16], "texture": "#0"},
				"up": {"uv": [16, 0, 0, 16], "texture": "#0"},
				"down": {"uv": [15, 0, 0, 16], "texture": "#0"}
			}
		},
		{
			"name": "hexadecagon",
			"from": [2.25, 0.25, 13.50272],
			"to": [2.75, 5.25, 14.49728],
			"rotation": {"angle": 0, "axis": "x", "origin": [2.5, 2.75, 14]},
			"faces": {
				"north": {"uv": [16, 0, 0, 16], "texture": "#0"},
				"east": {"uv": [16, 0, 0, 16], "texture": "#0"},
				"south": {"uv": [16, 0, 0, 16], "texture": "#0"},
				"west": {"uv": [16, 0, 0, 16], "texture": "#0"},
				"up": {"uv": [16, 0, 0, 16], "texture": "#0"},
				"down": {"uv": [15, 0, 0, 16], "texture": "#0"}
			}
		},
		{
			"name": "hexadecagon",
			"from": [2.25, 0.25, 13.50272],
			"to": [2.75, 5.25, 14.49728],
			"rotation": {"angle": 22.5, "axis": "x", "origin": [2.5, 2.75, 14]},
			"faces": {
				"north": {"uv": [16, 0, 0, 16], "texture": "#0"},
				"east": {"uv": [16, 0, 0, 16], "texture": "#0"},
				"south": {"uv": [16, 0, 0, 16], "texture": "#0"},
				"west": {"uv": [16, 0, 0, 16], "texture": "#0"},
				"up": {"uv": [16, 0, 0, 16], "texture": "#0"},
				"down": {"uv": [15, 0, 0, 16], "texture": "#0"}
			}
		},
		{
			"name": "hexadecagon",
			"from": [13.25, 2.25272, -0.5],
			"to": [13.75, 3.24728, 4.5],
			"rotation": {"angle": 45, "axis": "x", "origin": [13.5, 2.75, 2]},
			"faces": {
				"north": {"uv": [16, 0, 0, 16], "texture": "#0"},
				"east": {"uv": [16, 0, 0, 16], "texture": "#0"},
				"south": {"uv": [16, 0, 0, 16], "texture": "#0"},
				"west": {"uv": [16, 0, 0, 16], "texture": "#0"},
				"up": {"uv": [0, 16, 16, 0], "texture": "#0"},
				"down": {"uv": [0, 16, 15, 0], "texture": "#0"}
			}
		},
		{
			"name": "hexadecagon",
			"from": [13.25, 2.25272, -0.5],
			"to": [13.75, 3.24728, 4.5],
			"rotation": {"angle": 22.5, "axis": "x", "origin": [13.5, 2.75, 2]},
			"faces": {
				"north": {"uv": [16, 0, 0, 16], "texture": "#0"},
				"east": {"uv": [16, 0, 0, 16], "texture": "#0"},
				"south": {"uv": [16, 0, 0, 16], "texture": "#0"},
				"west": {"uv": [16, 0, 0, 16], "texture": "#0"},
				"up": {"uv": [0, 16, 16, 0], "texture": "#0"},
				"down": {"uv": [0, 16, 15, 0], "texture": "#0"}
			}
		},
		{
			"name": "hexadecagon",
			"from": [13.25, 2.25272, -0.5],
			"to": [13.75, 3.24728, 4.5],
			"rotation": {"angle": 0, "axis": "x", "origin": [13.5, 2.75, 2]},
			"faces": {
				"north": {"uv": [16, 0, 0, 16], "texture": "#0"},
				"east": {"uv": [16, 0, 0, 16], "texture": "#0"},
				"south": {"uv": [16, 0, 0, 16], "texture": "#0"},
				"west": {"uv": [16, 0, 0, 16], "texture": "#0"},
				"up": {"uv": [0, 16, 16, 0], "texture": "#0"},
				"down": {"uv": [0, 16, 15, 0], "texture": "#0"}
			}
		},
		{
			"name": "hexadecagon",
			"from": [13.25, 2.25272, -0.5],
			"to": [13.75, 3.24728, 4.5],
			"rotation": {"angle": -22.5, "axis": "x", "origin": [13.5, 2.75, 2]},
			"faces": {
				"north": {"uv": [16, 0, 0, 16], "texture": "#0"},
				"east": {"uv": [16, 0, 0, 16], "texture": "#0"},
				"south": {"uv": [16, 0, 0, 16], "texture": "#0"},
				"west": {"uv": [16, 0, 0, 16], "texture": "#0"},
				"up": {"uv": [0, 16, 16, 0], "texture": "#0"},
				"down": {"uv": [0, 16, 15, 0], "texture": "#0"}
			}
		},
		{
			"name": "hexadecagon",
			"from": [13.25, 2.25272, -0.5],
			"to": [13.75, 3.24728, 4.5],
			"rotation": {"angle": -45, "axis": "x", "origin": [13.5, 2.75, 2]},
			"faces": {
				"north": {"uv": [16, 0, 0, 16], "texture": "#0"},
				"east": {"uv": [16, 0, 0, 16], "texture": "#0"},
				"south": {"uv": [16, 0, 0, 16], "texture": "#0"},
				"west": {"uv": [16, 0, 0, 16], "texture": "#0"},
				"up": {"uv": [0, 16, 16, 0], "texture": "#0"},
				"down": {"uv": [0, 16, 15, 0], "texture": "#0"}
			}
		},
		{
			"name": "hexadecagon",
			"from": [13.25, 0.25, 1.50272],
			"to": [13.75, 5.25, 2.49728],
			"rotation": {"angle": 22.5, "axis": "x", "origin": [13.5, 2.75, 2]},
			"faces": {
				"north": {"uv": [16, 0, 0, 16], "texture": "#0"},
				"east": {"uv": [16, 0, 0, 16], "texture": "#0"},
				"south": {"uv": [16, 0, 0, 16], "texture": "#0"},
				"west": {"uv": [16, 0, 0, 16], "texture": "#0"},
				"up": {"uv": [0, 16, 16, 0], "texture": "#0"},
				"down": {"uv": [0, 16, 15, 0], "texture": "#0"}
			}
		},
		{
			"name": "hexadecagon",
			"from": [13.25, 0.25, 1.50272],
			"to": [13.75, 5.25, 2.49728],
			"rotation": {"angle": 0, "axis": "x", "origin": [13.5, 2.75, 2]},
			"faces": {
				"north": {"uv": [16, 0, 0, 16], "texture": "#0"},
				"east": {"uv": [16, 0, 0, 16], "texture": "#0"},
				"south": {"uv": [16, 0, 0, 16], "texture": "#0"},
				"west": {"uv": [16, 0, 0, 16], "texture": "#0"},
				"up": {"uv": [0, 16, 16, 0], "texture": "#0"},
				"down": {"uv": [0, 16, 15, 0], "texture": "#0"}
			}
		},
		{
			"name": "hexadecagon",
			"from": [13.25, 0.25, 1.50272],
			"to": [13.75, 5.25, 2.49728],
			"rotation": {"angle": -22.5, "axis": "x", "origin": [13.5, 2.75, 2]},
			"faces": {
				"north": {"uv": [16, 0, 0, 16], "texture": "#0"},
				"east": {"uv": [16, 0, 0, 16], "texture": "#0"},
				"south": {"uv": [16, 0, 0, 16], "texture": "#0"},
				"west": {"uv": [16, 0, 0, 16], "texture": "#0"},
				"up": {"uv": [0, 16, 16, 0], "texture": "#0"},
				"down": {"uv": [0, 16, 15, 0], "texture": "#0"}
			}
		},
		{
			"name": "hexadecagon",
			"from": [2.25, 2.25272, -0.5],
			"to": [2.75, 3.24728, 4.5],
			"rotation": {"angle": 45, "axis": "x", "origin": [2.5, 2.75, 2]},
			"faces": {
				"north": {"uv": [0, 0, 16, 16], "texture": "#0"},
				"east": {"uv": [0, 0, 16, 16], "texture": "#0"},
				"south": {"uv": [0, 0, 16, 16], "texture": "#0"},
				"west": {"uv": [0, 0, 16, 16], "texture": "#0"},
				"up": {"uv": [16, 16, 0, 0], "texture": "#0"},
				"down": {"uv": [15, 16, 0, 0], "texture": "#0"}
			}
		},
		{
			"name": "hexadecagon",
			"from": [2.25, 2.25272, -0.5],
			"to": [2.75, 3.24728, 4.5],
			"rotation": {"angle": 22.5, "axis": "x", "origin": [2.5, 2.75, 2]},
			"faces": {
				"north": {"uv": [0, 0, 16, 16], "texture": "#0"},
				"east": {"uv": [0, 0, 16, 16], "texture": "#0"},
				"south": {"uv": [0, 0, 16, 16], "texture": "#0"},
				"west": {"uv": [0, 0, 16, 16], "texture": "#0"},
				"up": {"uv": [16, 16, 0, 0], "texture": "#0"},
				"down": {"uv": [15, 16, 0, 0], "texture": "#0"}
			}
		},
		{
			"name": "hexadecagon",
			"from": [2.25, 2.25272, -0.5],
			"to": [2.75, 3.24728, 4.5],
			"rotation": {"angle": 0, "axis": "x", "origin": [2.5, 2.75, 2]},
			"faces": {
				"north": {"uv": [0, 0, 16, 16], "texture": "#0"},
				"east": {"uv": [0, 0, 16, 16], "texture": "#0"},
				"south": {"uv": [0, 0, 16, 16], "texture": "#0"},
				"west": {"uv": [0, 0, 16, 16], "texture": "#0"},
				"up": {"uv": [16, 16, 0, 0], "texture": "#0"},
				"down": {"uv": [15, 16, 0, 0], "texture": "#0"}
			}
		},
		{
			"name": "hexadecagon",
			"from": [2.25, 2.25272, -0.5],
			"to": [2.75, 3.24728, 4.5],
			"rotation": {"angle": -22.5, "axis": "x", "origin": [2.5, 2.75, 2]},
			"faces": {
				"north": {"uv": [0, 0, 16, 16], "texture": "#0"},
				"east": {"uv": [0, 0, 16, 16], "texture": "#0"},
				"south": {"uv": [0, 0, 16, 16], "texture": "#0"},
				"west": {"uv": [0, 0, 16, 16], "texture": "#0"},
				"up": {"uv": [16, 16, 0, 0], "texture": "#0"},
				"down": {"uv": [15, 16, 0, 0], "texture": "#0"}
			}
		},
		{
			"name": "hexadecagon",
			"from": [2.25, 2.25272, -0.5],
			"to": [2.75, 3.24728, 4.5],
			"rotation": {"angle": -45, "axis": "x", "origin": [2.5, 2.75, 2]},
			"faces": {
				"north": {"uv": [0, 0, 16, 16], "texture": "#0"},
				"east": {"uv": [0, 0, 16, 16], "texture": "#0"},
				"south": {"uv": [0, 0, 16, 16], "texture": "#0"},
				"west": {"uv": [0, 0, 16, 16], "texture": "#0"},
				"up": {"uv": [16, 16, 0, 0], "texture": "#0"},
				"down": {"uv": [15, 16, 0, 0], "texture": "#0"}
			}
		},
		{
			"name": "hexadecagon",
			"from": [2.25, 0.25, 1.50272],
			"to": [2.75, 5.25, 2.49728],
			"rotation": {"angle": 22.5, "axis": "x", "origin": [2.5, 2.75, 2]},
			"faces": {
				"north": {"uv": [0, 0, 16, 16], "texture": "#0"},
				"east": {"uv": [0, 0, 16, 16], "texture": "#0"},
				"south": {"uv": [0, 0, 16, 16], "texture": "#0"},
				"west": {"uv": [0, 0, 16, 16], "texture": "#0"},
				"up": {"uv": [16, 16, 0, 0], "texture": "#0"},
				"down": {"uv": [15, 16, 0, 0], "texture": "#0"}
			}
		},
		{
			"name": "hexadecagon",
			"from": [2.25, 0.25, 1.50272],
			"to": [2.75, 5.25, 2.49728],
			"rotation": {"angle": 0, "axis": "x", "origin": [2.5, 2.75, 2]},
			"faces": {
				"north": {"uv": [0, 0, 16, 16], "texture": "#0"},
				"east": {"uv": [0, 0, 16, 16], "texture": "#0"},
				"south": {"uv": [0, 0, 16, 16], "texture": "#0"},
				"west": {"uv": [0, 0, 16, 16], "texture": "#0"},
				"up": {"uv": [16, 16, 0, 0], "texture": "#0"},
				"down": {"uv": [15, 16, 0, 0], "texture": "#0"}
			}
		},
		{
			"name": "hexadecagon",
			"from": [2.25, 0.25, 1.50272],
			"to": [2.75, 5.25, 2.49728],
			"rotation": {"angle": -22.5, "axis": "x", "origin": [2.5, 2.75, 2]},
			"faces": {
				"north": {"uv": [0, 0, 16, 16], "texture": "#0"},
				"east": {"uv": [0, 0, 16, 16], "texture": "#0"},
				"south": {"uv": [0, 0, 16, 16], "texture": "#0"},
				"west": {"uv": [0, 0, 16, 16], "texture": "#0"},
				"up": {"uv": [16, 16, 0, 0], "texture": "#0"},
				"down": {"uv": [15, 16, 0, 0], "texture": "#0"}
			}
		},
		{
			"name": "hexadecagon",
			"from": [13.125, 2.23283, 11.4],
			"to": [13.375, 3.26717, 16.6],
			"rotation": {"angle": -45, "axis": "x", "origin": [13.25, 2.75, 14]},
			"faces": {
				"north": {"uv": [0, 0, 16, 16], "texture": "#0"},
				"east": {"uv": [0, 0, 16, 16], "texture": "#0"},
				"south": {"uv": [0, 0, 16, 16], "texture": "#0"},
				"west": {"uv": [0, 0, 16, 16], "texture": "#0"},
				"up": {"uv": [0, 0, 16, 16], "texture": "#0"},
				"down": {"uv": [0, 0, 15, 16], "texture": "#0"}
			}
		},
		{
			"name": "hexadecagon",
			"from": [13.125, 2.23283, 11.4],
			"to": [13.375, 3.26717, 16.6],
			"rotation": {"angle": -22.5, "axis": "x", "origin": [13.25, 2.75, 14]},
			"faces": {
				"north": {"uv": [0, 0, 16, 16], "texture": "#0"},
				"east": {"uv": [0, 0, 16, 16], "texture": "#0"},
				"south": {"uv": [0, 0, 16, 16], "texture": "#0"},
				"west": {"uv": [0, 0, 16, 16], "texture": "#0"},
				"up": {"uv": [0, 0, 16, 16], "texture": "#0"},
				"down": {"uv": [0, 0, 15, 16], "texture": "#0"}
			}
		},
		{
			"name": "hexadecagon",
			"from": [13.125, 2.23283, 11.4],
			"to": [13.375, 3.26717, 16.6],
			"rotation": {"angle": 0, "axis": "x", "origin": [13.25, 2.75, 14]},
			"faces": {
				"north": {"uv": [0, 0, 16, 16], "texture": "#0"},
				"east": {"uv": [0, 0, 16, 16], "texture": "#0"},
				"south": {"uv": [0, 0, 16, 16], "texture": "#0"},
				"west": {"uv": [0, 0, 16, 16], "texture": "#0"},
				"up": {"uv": [0, 0, 16, 16], "texture": "#0"},
				"down": {"uv": [0, 0, 15, 16], "texture": "#0"}
			}
		},
		{
			"name": "hexadecagon",
			"from": [13.125, 2.23283, 11.4],
			"to": [13.375, 3.26717, 16.6],
			"rotation": {"angle": 22.5, "axis": "x", "origin": [13.25, 2.75, 14]},
			"faces": {
				"north": {"uv": [0, 0, 16, 16], "texture": "#0"},
				"east": {"uv": [0, 0, 16, 16], "texture": "#0"},
				"south": {"uv": [0, 0, 16, 16], "texture": "#0"},
				"west": {"uv": [0, 0, 16, 16], "texture": "#0"},
				"up": {"uv": [0, 0, 16, 16], "texture": "#0"},
				"down": {"uv": [0, 0, 15, 16], "texture": "#0"}
			}
		},
		{
			"name": "hexadecagon",
			"from": [13.125, 2.23283, 11.4],
			"to": [13.375, 3.26717, 16.6],
			"rotation": {"angle": 45, "axis": "x", "origin": [13.25, 2.75, 14]},
			"faces": {
				"north": {"uv": [0, 0, 16, 16], "texture": "#0"},
				"east": {"uv": [0, 0, 16, 16], "texture": "#0"},
				"south": {"uv": [0, 0, 16, 16], "texture": "#0"},
				"west": {"uv": [0, 0, 16, 16], "texture": "#0"},
				"up": {"uv": [0, 0, 16, 16], "texture": "#0"},
				"down": {"uv": [0, 0, 15, 16], "texture": "#0"}
			}
		},
		{
			"name": "hexadecagon",
			"from": [13.125, 0.15, 13.48283],
			"to": [13.375, 5.35, 14.51717],
			"rotation": {"angle": -22.5, "axis": "x", "origin": [13.25, 2.75, 14]},
			"faces": {
				"north": {"uv": [0, 0, 16, 16], "texture": "#0"},
				"east": {"uv": [0, 0, 16, 16], "texture": "#0"},
				"south": {"uv": [0, 0, 16, 16], "texture": "#0"},
				"west": {"uv": [0, 0, 16, 16], "texture": "#0"},
				"up": {"uv": [0, 0, 16, 16], "texture": "#0"},
				"down": {"uv": [0, 0, 15, 16], "texture": "#0"}
			}
		},
		{
			"name": "hexadecagon",
			"from": [13.125, 0.15, 13.48283],
			"to": [13.375, 5.35, 14.51717],
			"rotation": {"angle": 0, "axis": "x", "origin": [13.25, 2.75, 14]},
			"faces": {
				"north": {"uv": [0, 0, 16, 16], "texture": "#0"},
				"east": {"uv": [0, 0, 16, 16], "texture": "#0"},
				"south": {"uv": [0, 0, 16, 16], "texture": "#0"},
				"west": {"uv": [0, 0, 16, 16], "texture": "#0"},
				"up": {"uv": [0, 0, 16, 16], "texture": "#0"},
				"down": {"uv": [0, 0, 15, 16], "texture": "#0"}
			}
		},
		{
			"name": "hexadecagon",
			"from": [13.125, 0.15, 13.48283],
			"to": [13.375, 5.35, 14.51717],
			"rotation": {"angle": 22.5, "axis": "x", "origin": [13.25, 2.75, 14]},
			"faces": {
				"north": {"uv": [0, 0, 16, 16], "texture": "#0"},
				"east": {"uv": [0, 0, 16, 16], "texture": "#0"},
				"south": {"uv": [0, 0, 16, 16], "texture": "#0"},
				"west": {"uv": [0, 0, 16, 16], "texture": "#0"},
				"up": {"uv": [0, 0, 16, 16], "texture": "#0"},
				"down": {"uv": [0, 0, 15, 16], "texture": "#0"}
			}
		},
		{
			"name": "hexadecagon",
			"from": [13.125, 2.23283, -0.6],
			"to": [13.375, 3.26717, 4.6],
			"rotation": {"angle": 45, "axis": "x", "origin": [13.25, 2.75, 2]},
			"faces": {
				"north": {"uv": [16, 0, 0, 16], "texture": "#0"},
				"east": {"uv": [16, 0, 0, 16], "texture": "#0"},
				"south": {"uv": [16, 0, 0, 16], "texture": "#0"},
				"west": {"uv": [16, 0, 0, 16], "texture": "#0"},
				"up": {"uv": [0, 16, 16, 0], "texture": "#0"},
				"down": {"uv": [0, 16, 15, 0], "texture": "#0"}
			}
		},
		{
			"name": "hexadecagon",
			"from": [13.125, 2.23283, -0.6],
			"to": [13.375, 3.26717, 4.6],
			"rotation": {"angle": 22.5, "axis": "x", "origin": [13.25, 2.75, 2]},
			"faces": {
				"north": {"uv": [16, 0, 0, 16], "texture": "#0"},
				"east": {"uv": [16, 0, 0, 16], "texture": "#0"},
				"south": {"uv": [16, 0, 0, 16], "texture": "#0"},
				"west": {"uv": [16, 0, 0, 16], "texture": "#0"},
				"up": {"uv": [0, 16, 16, 0], "texture": "#0"},
				"down": {"uv": [0, 16, 15, 0], "texture": "#0"}
			}
		},
		{
			"name": "hexadecagon",
			"from": [13.125, 2.23283, -0.6],
			"to": [13.375, 3.26717, 4.6],
			"rotation": {"angle": 0, "axis": "x", "origin": [13.25, 2.75, 2]},
			"faces": {
				"north": {"uv": [16, 0, 0, 16], "texture": "#0"},
				"east": {"uv": [16, 0, 0, 16], "texture": "#0"},
				"south": {"uv": [16, 0, 0, 16], "texture": "#0"},
				"west": {"uv": [16, 0, 0, 16], "texture": "#0"},
				"up": {"uv": [0, 16, 16, 0], "texture": "#0"},
				"down": {"uv": [0, 16, 15, 0], "texture": "#0"}
			}
		},
		{
			"name": "hexadecagon",
			"from": [13.125, 2.23283, -0.6],
			"to": [13.375, 3.26717, 4.6],
			"rotation": {"angle": -22.5, "axis": "x", "origin": [13.25, 2.75, 2]},
			"faces": {
				"north": {"uv": [16, 0, 0, 16], "texture": "#0"},
				"east": {"uv": [16, 0, 0, 16], "texture": "#0"},
				"south": {"uv": [16, 0, 0, 16], "texture": "#0"},
				"west": {"uv": [16, 0, 0, 16], "texture": "#0"},
				"up": {"uv": [0, 16, 16, 0], "texture": "#0"},
				"down": {"uv": [0, 16, 15, 0], "texture": "#0"}
			}
		},
		{
			"name": "hexadecagon",
			"from": [13.125, 2.23283, -0.6],
			"to": [13.375, 3.26717, 4.6],
			"rotation": {"angle": -45, "axis": "x", "origin": [13.25, 2.75, 2]},
			"faces": {
				"north": {"uv": [16, 0, 0, 16], "texture": "#0"},
				"east": {"uv": [16, 0, 0, 16], "texture": "#0"},
				"south": {"uv": [16, 0, 0, 16], "texture": "#0"},
				"west": {"uv": [16, 0, 0, 16], "texture": "#0"},
				"up": {"uv": [0, 16, 16, 0], "texture": "#0"},
				"down": {"uv": [0, 16, 15, 0], "texture": "#0"}
			}
		},
		{
			"name": "hexadecagon",
			"from": [13.125, 0.15, 1.48283],
			"to": [13.375, 5.35, 2.51717],
			"rotation": {"angle": 22.5, "axis": "x", "origin": [13.25, 2.75, 2]},
			"faces": {
				"north": {"uv": [16, 0, 0, 16], "texture": "#0"},
				"east": {"uv": [16, 0, 0, 16], "texture": "#0"},
				"south": {"uv": [16, 0, 0, 16], "texture": "#0"},
				"west": {"uv": [16, 0, 0, 16], "texture": "#0"},
				"up": {"uv": [0, 16, 16, 0], "texture": "#0"},
				"down": {"uv": [0, 16, 15, 0], "texture": "#0"}
			}
		},
		{
			"name": "hexadecagon",
			"from": [13.125, 0.15, 1.48283],
			"to": [13.375, 5.35, 2.51717],
			"rotation": {"angle": 0, "axis": "x", "origin": [13.25, 2.75, 2]},
			"faces": {
				"north": {"uv": [16, 0, 0, 16], "texture": "#0"},
				"east": {"uv": [16, 0, 0, 16], "texture": "#0"},
				"south": {"uv": [16, 0, 0, 16], "texture": "#0"},
				"west": {"uv": [16, 0, 0, 16], "texture": "#0"},
				"up": {"uv": [0, 16, 16, 0], "texture": "#0"},
				"down": {"uv": [0, 16, 15, 0], "texture": "#0"}
			}
		},
		{
			"name": "hexadecagon",
			"from": [13.125, 0.15, 1.48283],
			"to": [13.375, 5.35, 2.51717],
			"rotation": {"angle": -22.5, "axis": "x", "origin": [13.25, 2.75, 2]},
			"faces": {
				"north": {"uv": [16, 0, 0, 16], "texture": "#0"},
				"east": {"uv": [16, 0, 0, 16], "texture": "#0"},
				"south": {"uv": [16, 0, 0, 16], "texture": "#0"},
				"west": {"uv": [16, 0, 0, 16], "texture": "#0"},
				"up": {"uv": [0, 16, 16, 0], "texture": "#0"},
				"down": {"uv": [0, 16, 15, 0], "texture": "#0"}
			}
		},
		{
			"name": "hexadecagon",
			"from": [2.625, 2.23283, 11.4],
			"to": [2.875, 3.26717, 16.6],
			"rotation": {"angle": -45, "axis": "x", "origin": [2.75, 2.75, 14]},
			"faces": {
				"north": {"uv": [16, 0, 0, 16], "texture": "#0"},
				"east": {"uv": [16, 0, 0, 16], "texture": "#0"},
				"south": {"uv": [16, 0, 0, 16], "texture": "#0"},
				"west": {"uv": [16, 0, 0, 16], "texture": "#0"},
				"up": {"uv": [16, 0, 0, 16], "texture": "#0"},
				"down": {"uv": [15, 0, 0, 16], "texture": "#0"}
			}
		},
		{
			"name": "hexadecagon",
			"from": [2.625, 2.23283, 11.4],
			"to": [2.875, 3.26717, 16.6],
			"rotation": {"angle": -22.5, "axis": "x", "origin": [2.75, 2.75, 14]},
			"faces": {
				"north": {"uv": [16, 0, 0, 16], "texture": "#0"},
				"east": {"uv": [16, 0, 0, 16], "texture": "#0"},
				"south": {"uv": [16, 0, 0, 16], "texture": "#0"},
				"west": {"uv": [16, 0, 0, 16], "texture": "#0"},
				"up": {"uv": [16, 0, 0, 16], "texture": "#0"},
				"down": {"uv": [15, 0, 0, 16], "texture": "#0"}
			}
		},
		{
			"name": "hexadecagon",
			"from": [2.625, 2.23283, 11.4],
			"to": [2.875, 3.26717, 16.6],
			"rotation": {"angle": 0, "axis": "x", "origin": [2.75, 2.75, 14]},
			"faces": {
				"north": {"uv": [16, 0, 0, 16], "texture": "#0"},
				"east": {"uv": [16, 0, 0, 16], "texture": "#0"},
				"south": {"uv": [16, 0, 0, 16], "texture": "#0"},
				"west": {"uv": [16, 0, 0, 16], "texture": "#0"},
				"up": {"uv": [16, 0, 0, 16], "texture": "#0"},
				"down": {"uv": [15, 0, 0, 16], "texture": "#0"}
			}
		},
		{
			"name": "hexadecagon",
			"from": [2.625, 2.23283, 11.4],
			"to": [2.875, 3.26717, 16.6],
			"rotation": {"angle": 22.5, "axis": "x", "origin": [2.75, 2.75, 14]},
			"faces": {
				"north": {"uv": [16, 0, 0, 16], "texture": "#0"},
				"east": {"uv": [16, 0, 0, 16], "texture": "#0"},
				"south": {"uv": [16, 0, 0, 16], "texture": "#0"},
				"west": {"uv": [16, 0, 0, 16], "texture": "#0"},
				"up": {"uv": [16, 0, 0, 16], "texture": "#0"},
				"down": {"uv": [15, 0, 0, 16], "texture": "#0"}
			}
		},
		{
			"name": "hexadecagon",
			"from": [2.625, 2.23283, 11.4],
			"to": [2.875, 3.26717, 16.6],
			"rotation": {"angle": 45, "axis": "x", "origin": [2.75, 2.75, 14]},
			"faces": {
				"north": {"uv": [16, 0, 0, 16], "texture": "#0"},
				"east": {"uv": [16, 0, 0, 16], "texture": "#0"},
				"south": {"uv": [16, 0, 0, 16], "texture": "#0"},
				"west": {"uv": [16, 0, 0, 16], "texture": "#0"},
				"up": {"uv": [16, 0, 0, 16], "texture": "#0"},
				"down": {"uv": [15, 0, 0, 16], "texture": "#0"}
			}
		},
		{
			"name": "hexadecagon",
			"from": [2.625, 0.15, 13.48283],
			"to": [2.875, 5.35, 14.51717],
			"rotation": {"angle": -22.5, "axis": "x", "origin": [2.75, 2.75, 14]},
			"faces": {
				"north": {"uv": [16, 0, 0, 16], "texture": "#0"},
				"east": {"uv": [16, 0, 0, 16], "texture": "#0"},
				"south": {"uv": [16, 0, 0, 16], "texture": "#0"},
				"west": {"uv": [16, 0, 0, 16], "texture": "#0"},
				"up": {"uv": [16, 0, 0, 16], "texture": "#0"},
				"down": {"uv": [15, 0, 0, 16], "texture": "#0"}
			}
		},
		{
			"name": "hexadecagon",
			"from": [2.625, 0.15, 13.48283],
			"to": [2.875, 5.35, 14.51717],
			"rotation": {"angle": 0, "axis": "x", "origin": [2.75, 2.75, 14]},
			"faces": {
				"north": {"uv": [16, 0, 0, 16], "texture": "#0"},
				"east": {"uv": [16, 0, 0, 16], "texture": "#0"},
				"south": {"uv": [16, 0, 0, 16], "texture": "#0"},
				"west": {"uv": [16, 0, 0, 16], "texture": "#0"},
				"up": {"uv": [16, 0, 0, 16], "texture": "#0"},
				"down": {"uv": [15, 0, 0, 16], "texture": "#0"}
			}
		},
		{
			"name": "hexadecagon",
			"from": [2.625, 0.15, 13.48283],
			"to": [2.875, 5.35, 14.51717],
			"rotation": {"angle": 22.5, "axis": "x", "origin": [2.75, 2.75, 14]},
			"faces": {
				"north": {"uv": [16, 0, 0, 16], "texture": "#0"},
				"east": {"uv": [16, 0, 0, 16], "texture": "#0"},
				"south": {"uv": [16, 0, 0, 16], "texture": "#0"},
				"west": {"uv": [16, 0, 0, 16], "texture": "#0"},
				"up": {"uv": [16, 0, 0, 16], "texture": "#0"},
				"down": {"uv": [15, 0, 0, 16], "texture": "#0"}
			}
		},
		{
			"name": "hexadecagon",
			"from": [2.625, 2.23283, -0.6],
			"to": [2.875, 3.26717, 4.6],
			"rotation": {"angle": 45, "axis": "x", "origin": [2.75, 2.75, 2]},
			"faces": {
				"north": {"uv": [0, 0, 16, 16], "texture": "#0"},
				"east": {"uv": [0, 0, 16, 16], "texture": "#0"},
				"south": {"uv": [0, 0, 16, 16], "texture": "#0"},
				"west": {"uv": [0, 0, 16, 16], "texture": "#0"},
				"up": {"uv": [16, 16, 0, 0], "texture": "#0"},
				"down": {"uv": [15, 16, 0, 0], "texture": "#0"}
			}
		},
		{
			"name": "hexadecagon",
			"from": [2.625, 2.23283, -0.6],
			"to": [2.875, 3.26717, 4.6],
			"rotation": {"angle": 22.5, "axis": "x", "origin": [2.75, 2.75, 2]},
			"faces": {
				"north": {"uv": [0, 0, 16, 16], "texture": "#0"},
				"east": {"uv": [0, 0, 16, 16], "texture": "#0"},
				"south": {"uv": [0, 0, 16, 16], "texture": "#0"},
				"west": {"uv": [0, 0, 16, 16], "texture": "#0"},
				"up": {"uv": [16, 16, 0, 0], "texture": "#0"},
				"down": {"uv": [15, 16, 0, 0], "texture": "#0"}
			}
		},
		{
			"name": "hexadecagon",
			"from": [2.625, 2.23283, -0.6],
			"to": [2.875, 3.26717, 4.6],
			"rotation": {"angle": 0, "axis": "x", "origin": [2.75, 2.75, 2]},
			"faces": {
				"north": {"uv": [0, 0, 16, 16], "texture": "#0"},
				"east": {"uv": [0, 0, 16, 16], "texture": "#0"},
				"south": {"uv": [0, 0, 16, 16], "texture": "#0"},
				"west": {"uv": [0, 0, 16, 16], "texture": "#0"},
				"up": {"uv": [16, 16, 0, 0], "texture": "#0"},
				"down": {"uv": [15, 16, 0, 0], "texture": "#0"}
			}
		},
		{
			"name": "hexadecagon",
			"from": [2.625, 2.23283, -0.6],
			"to": [2.875, 3.26717, 4.6],
			"rotation": {"angle": -22.5, "axis": "x", "origin": [2.75, 2.75, 2]},
			"faces": {
				"north": {"uv": [0, 0, 16, 16], "texture": "#0"},
				"east": {"uv": [0, 0, 16, 16], "texture": "#0"},
				"south": {"uv": [0, 0, 16, 16], "texture": "#0"},
				"west": {"uv": [0, 0, 16, 16], "texture": "#0"},
				"up": {"uv": [16, 16, 0, 0], "texture": "#0"},
				"down": {"uv": [15, 16, 0, 0], "texture": "#0"}
			}
		},
		{
			"name": "hexadecagon",
			"from": [2.625, 2.23283, -0.6],
			"to": [2.875, 3.26717, 4.6],
			"rotation": {"angle": -45, "axis": "x", "origin": [2.75, 2.75, 2]},
			"faces": {
				"north": {"uv": [0, 0, 16, 16], "texture": "#0"},
				"east": {"uv": [0, 0, 16, 16], "texture": "#0"},
				"south": {"uv": [0, 0, 16, 16], "texture": "#0"},
				"west": {"uv": [0, 0, 16, 16], "texture": "#0"},
				"up": {"uv": [16, 16, 0, 0], "texture": "#0"},
				"down": {"uv": [15, 16, 0, 0], "texture": "#0"}
			}
		},
		{
			"name": "hexadecagon",
			"from": [2.625, 0.15, 1.48283],
			"to": [2.875, 5.35, 2.51717],
			"rotation": {"angle": 22.5, "axis": "x", "origin": [2.75, 2.75, 2]},
			"faces": {
				"north": {"uv": [0, 0, 16, 16], "texture": "#0"},
				"east": {"uv": [0, 0, 16, 16], "texture": "#0"},
				"south": {"uv": [0, 0, 16, 16], "texture": "#0"},
				"west": {"uv": [0, 0, 16, 16], "texture": "#0"},
				"up": {"uv": [16, 16, 0, 0], "texture": "#0"},
				"down": {"uv": [15, 16, 0, 0], "texture": "#0"}
			}
		},
		{
			"name": "hexadecagon",
			"from": [2.625, 0.15, 1.48283],
			"to": [2.875, 5.35, 2.51717],
			"rotation": {"angle": 0, "axis": "x", "origin": [2.75, 2.75, 2]},
			"faces": {
				"north": {"uv": [0, 0, 16, 16], "texture": "#0"},
				"east": {"uv": [0, 0, 16, 16], "texture": "#0"},
				"south": {"uv": [0, 0, 16, 16], "texture": "#0"},
				"west": {"uv": [0, 0, 16, 16], "texture": "#0"},
				"up": {"uv": [16, 16, 0, 0], "texture": "#0"},
				"down": {"uv": [15, 16, 0, 0], "texture": "#0"}
			}
		},
		{
			"name": "hexadecagon",
			"from": [2.625, 0.15, 1.48283],
			"to": [2.875, 5.35, 2.51717],
			"rotation": {"angle": -22.5, "axis": "x", "origin": [2.75, 2.75, 2]},
			"faces": {
				"north": {"uv": [0, 0, 16, 16], "texture": "#0"},
				"east": {"uv": [0, 0, 16, 16], "texture": "#0"},
				"south": {"uv": [0, 0, 16, 16], "texture": "#0"},
				"west": {"uv": [0, 0, 16, 16], "texture": "#0"},
				"up": {"uv": [16, 16, 0, 0], "texture": "#0"},
				"down": {"uv": [15, 16, 0, 0], "texture": "#0"}
			}
		},
		{
			"name": "octagon",
			"from": [1, 2.54289, 13.5],
			"to": [15, 2.95711, 14.5],
			"rotation": {"angle": 45, "axis": "x", "origin": [8, 2.75, 14]},
			"faces": {
				"north": {"uv": [0, 0, 16, 16], "texture": "#0"},
				"east": {"uv": [0, 0, 16, 16], "texture": "#0"},
				"south": {"uv": [0, 0, 16, 16], "texture": "#0"},
				"west": {"uv": [0, 0, 16, 16], "texture": "#0"},
				"up": {"uv": [0, 0, 16, 16], "texture": "#0"},
				"down": {"uv": [0, 0, 16, 16], "texture": "#0"}
			}
		},
		{
			"name": "octagon",
			"from": [1, 2.54289, 13.5],
			"to": [15, 2.95711, 14.5],
			"rotation": {"angle": 0, "axis": "x", "origin": [8, 2.75, 14]},
			"faces": {
				"north": {"uv": [0, 0, 16, 16], "texture": "#0"},
				"east": {"uv": [0, 0, 16, 16], "texture": "#0"},
				"south": {"uv": [0, 0, 16, 16], "texture": "#0"},
				"west": {"uv": [0, 0, 16, 16], "texture": "#0"},
				"up": {"uv": [0, 0, 16, 16], "texture": "#0"},
				"down": {"uv": [0, 0, 16, 16], "texture": "#0"}
			}
		},
		{
			"name": "octagon",
			"from": [1, 2.25, 13.79289],
			"to": [15, 3.25, 14.20711],
			"rotation": {"angle": 45, "axis": "x", "origin": [8, 2.75, 14]},
			"faces": {
				"north": {"uv": [0, 0, 16, 16], "texture": "#0"},
				"east": {"uv": [0, 0, 16, 16], "texture": "#0"},
				"south": {"uv": [0, 0, 16, 16], "texture": "#0"},
				"west": {"uv": [0, 0, 16, 16], "texture": "#0"},
				"up": {"uv": [0, 0, 16, 16], "texture": "#0"},
				"down": {"uv": [0, 0, 16, 16], "texture": "#0"}
			}
		},
		{
			"name": "octagon",
			"from": [1, 2.25, 13.79289],
			"to": [15, 3.25, 14.20711],
			"rotation": {"angle": 0, "axis": "x", "origin": [8, 2.75, 14]},
			"faces": {
				"north": {"uv": [0, 0, 16, 16], "texture": "#0"},
				"east": {"uv": [0, 0, 16, 16], "texture": "#0"},
				"south": {"uv": [0, 0, 16, 16], "texture": "#0"},
				"west": {"uv": [0, 0, 16, 16], "texture": "#0"},
				"up": {"uv": [0, 0, 16, 16], "texture": "#0"},
				"down": {"uv": [0, 0, 16, 16], "texture": "#0"}
			}
		},
		{
			"name": "octagon",
			"from": [1, 2.54289, 1.5],
			"to": [15, 2.95711, 2.5],
			"rotation": {"angle": -45, "axis": "x", "origin": [8, 2.75, 2]},
			"faces": {
				"north": {"uv": [16, 0, 0, 16], "texture": "#0"},
				"east": {"uv": [16, 0, 0, 16], "texture": "#0"},
				"south": {"uv": [16, 0, 0, 16], "texture": "#0"},
				"west": {"uv": [16, 0, 0, 16], "texture": "#0"},
				"up": {"uv": [0, 16, 16, 0], "texture": "#0"},
				"down": {"uv": [0, 16, 16, 0], "texture": "#0"}
			}
		},
		{
			"name": "octagon",
			"from": [1, 2.54289, 1.5],
			"to": [15, 2.95711, 2.5],
			"rotation": {"angle": 0, "axis": "x", "origin": [8, 2.75, 2]},
			"faces": {
				"north": {"uv": [16, 0, 0, 16], "texture": "#0"},
				"east": {"uv": [16, 0, 0, 16], "texture": "#0"},
				"south": {"uv": [16, 0, 0, 16], "texture": "#0"},
				"west": {"uv": [16, 0, 0, 16], "texture": "#0"},
				"up": {"uv": [0, 16, 16, 0], "texture": "#0"},
				"down": {"uv": [0, 16, 16, 0], "texture": "#0"}
			}
		},
		{
			"name": "octagon",
			"from": [1, 2.25, 1.79289],
			"to": [15, 3.25, 2.20711],
			"rotation": {"angle": -45, "axis": "x", "origin": [8, 2.75, 2]},
			"faces": {
				"north": {"uv": [16, 0, 0, 16], "texture": "#0"},
				"east": {"uv": [16, 0, 0, 16], "texture": "#0"},
				"south": {"uv": [16, 0, 0, 16], "texture": "#0"},
				"west": {"uv": [16, 0, 0, 16], "texture": "#0"},
				"up": {"uv": [0, 16, 16, 0], "texture": "#0"},
				"down": {"uv": [0, 16, 16, 0], "texture": "#0"}
			}
		},
		{
			"name": "octagon",
			"from": [1, 2.25, 1.79289],
			"to": [15, 3.25, 2.20711],
			"rotation": {"angle": 0, "axis": "x", "origin": [8, 2.75, 2]},
			"faces": {
				"north": {"uv": [16, 0, 0, 16], "texture": "#0"},
				"east": {"uv": [16, 0, 0, 16], "texture": "#0"},
				"south": {"uv": [16, 0, 0, 16], "texture": "#0"},
				"west": {"uv": [16, 0, 0, 16], "texture": "#0"},
				"up": {"uv": [0, 16, 16, 0], "texture": "#0"},
				"down": {"uv": [0, 16, 16, 0], "texture": "#0"}
			}
		}
	],
	"display": {
		"head": {
			"scale": [2, 2, 2]
		}
	},
	"groups": [
		0,
		1,
		2,
		3,
		4,
		5,
		6,
		7,
		8,
		9,
		10,
		11,
		12,
		13,
		14,
		15,
		16,
		17,
		18,
		19,
		20,
		21,
		22,
		23,
		24,
		25,
		26,
		27,
		28,
		29,
		30,
		31,
		32,
		33,
		34,
		35,
		36,
		37,
		38,
		39,
		40,
		41,
		42,
		43,
		44,
		45,
		46,
		47,
		48,
		49,
		50,
		51,
		52,
		53,
		54,
		55,
		56,
		57,
		58,
		59,
		60,
		61,
		62,
		63,
		64,
		65,
		66,
		67,
		68,
		{
			"name": "hexadecagon",
			"origin": [8, 8, 8],
			"color": 0,
			"children": [69, 70, 71, 72, 73, 74, 75, 76, 77, 78, 79, 80, 81, 82, 83, 84]
		},
		{
			"name": "hexadecagon",
			"origin": [8, 8, 8],
			"color": 0,
			"children": [85, 86, 87, 88, 89, 90, 91, 92, 93, 94, 95, 96, 97, 98, 99, 100]
		},
		{
			"name": "hexadecagon",
			"origin": [8, 8, 8],
			"color": 0,
			"children": [101, 102, 103, 104, 105, 106, 107, 108, 109, 110, 111, 112, 113, 114, 115, 116]
		},
		{
			"name": "hexadecagon",
			"origin": [8, 8, 8],
			"color": 0,
			"children": [117, 118, 119, 120, 121, 122, 123, 124, 125, 126, 127, 128, 129, 130, 131, 132]
		},
		{
			"name": "octagon",
			"origin": [8, 8, 8],
			"color": 0,
			"children": [133, 134, 135, 136]
		},
		{
			"name": "octagon",
			"origin": [8, 8, 8],
			"color": 0,
			"children": [137, 138, 139, 140]
		},
		{
			"name": "Coupler2",
			"origin": [0, 17, 0],
			"color": 0,
			"children": []
		}
	]
}