{
	"credit": "Made with Blockbench",
	"textures": {
		"4": "block/mec/light_gray_concrete",
		"11": "block/mec/white_concrete",
		"12": "block/mec/sea_lantern",
		"13": "block/mec/floor",
		"14": "block/mec/black_concrete",
		"15": "block/mec/glass",
		"16": "block/mrt/danger_black_concrete",
		"17": "block/mec/BuriXpress",
		"18": "block/black_stained_glass",
		"19": "block/mec/green_wool",
		"22": "block/mec/light_blue_concrete",
		"23": "block/mec/quartz_block_bottom",
		"particle": "block/mec/floor"
	},
	"elements": [
		{
			"from": [16.25, -7.63536, 12.43536],
			"to": [17.25, -3.38536, 14.43536],
			"rotation": {"angle": -45, "axis": "x", "origin": [25.5, 15.48964, -6.875]},
			"faces": {
				"north": {"uv": [0, 0, 1, 16], "rotation": 180, "texture": "#14"},
				"east": {"uv": [0, 0, 1, 16], "rotation": 270, "texture": "#11"},
				"south": {"uv": [0, 0, 1, 2], "texture": "#11"},
				"west": {"uv": [0, 0, 1, 16], "rotation": 90, "texture": "#23"},
				"up": {"uv": [0, 0, 1, 16], "rotation": 180, "texture": "#11"},
				"down": {"uv": [0, 0, 1, 16], "texture": "#11"}
			}
		},
		{
			"from": [1.8, -10.4, 29.3],
			"to": [2.8, -9.4, 30.1],
			"rotation": {"angle": -22.5, "axis": "x", "origin": [0, 0, -3.9]},
			"faces": {
				"north": {"uv": [0, 0, 16, 4], "texture": "#missing"},
				"east": {"uv": [0, 0, 1.8, 4], "texture": "#missing"},
				"south": {"uv": [0, 0, 16, 16], "texture": "#12"},
				"west": {"uv": [0, 0, 1.8, 4], "texture": "#missing"},
				"up": {"uv": [0, 0, 16, 1.8], "texture": "#22"},
				"down": {"uv": [0, 0, 16, 1.8], "texture": "#22"}
			}
		},
		{
			"from": [2.8, -10.4, 29.3],
			"to": [3.8, -9.4, 30.1],
			"rotation": {"angle": -22.5, "axis": "x", "origin": [0, 0, -3.9]},
			"faces": {
				"north": {"uv": [0, 0, 16, 4], "texture": "#missing"},
				"east": {"uv": [0, 0, 1.8, 4], "texture": "#missing"},
				"south": {"uv": [0, 0, 16, 16], "texture": "#12"},
				"west": {"uv": [0, 0, 1.8, 4], "texture": "#missing"},
				"up": {"uv": [0, 0, 16, 1.8], "texture": "#22"},
				"down": {"uv": [0, 0, 16, 1.8], "texture": "#22"}
			}
		},
		{
			"from": [13.2, -10.4, 29.3],
			"to": [14.2, -9.4, 30.1],
			"rotation": {"angle": -22.5, "axis": "x", "origin": [0, 0, -3.9]},
			"faces": {
				"north": {"uv": [0, 0, 16, 4], "texture": "#missing"},
				"east": {"uv": [0, 0, 1.8, 4], "texture": "#missing"},
				"south": {"uv": [0, 0, 16, 16], "texture": "#12"},
				"west": {"uv": [0, 0, 1.8, 4], "texture": "#missing"},
				"up": {"uv": [0, 0, 16, 1.8], "texture": "#22"},
				"down": {"uv": [0, 0, 16, 1.8], "texture": "#22"}
			}
		},
		{
			"from": [12.2, -10.4, 29.3],
			"to": [13.2, -9.4, 30.1],
			"rotation": {"angle": -22.5, "axis": "x", "origin": [0, 0, -3.9]},
			"faces": {
				"north": {"uv": [0, 0, 16, 4], "texture": "#missing"},
				"east": {"uv": [0, 0, 1.8, 4], "texture": "#missing"},
				"south": {"uv": [0, 0, 16, 16], "texture": "#12"},
				"west": {"uv": [0, 0, 1.8, 4], "texture": "#missing"},
				"up": {"uv": [0, 0, 16, 1.8], "texture": "#22"},
				"down": {"uv": [0, 0, 16, 1.8], "texture": "#22"}
			}
		},
		{
			"name": "roof",
			"from": [0.25, 18, 10],
			"to": [15.75, 19, 17.2],
			"rotation": {"angle": 0, "axis": "y", "origin": [8, 3.48964, 1.125]},
			"faces": {
				"north": {"uv": [5, 0, 11, 16], "texture": "#4"},
				"east": {"uv": [5, 0, 11, 16], "texture": "#4"},
				"south": {"uv": [5, 0, 11, 16], "texture": "#4"},
				"west": {"uv": [5, 0, 11, 16], "texture": "#4"},
				"up": {"uv": [5, 0, 11, 16], "texture": "#22"},
				"down": {"uv": [5, 0, 11, 16], "texture": "#23"}
			}
		},
		{
			"name": "roof",
			"from": [2.50891, 18.9372, 10],
			"to": [4.63391, 19.9372, 22.2],
			"rotation": {"angle": -45, "axis": "z", "origin": [8, 3.48964, 1.125]},
			"faces": {
				"north": {"uv": [6, 0, 0, 16], "texture": "#4"},
				"east": {"uv": [6, 0, 0, 16], "texture": "#4"},
				"south": {"uv": [6, 0, 0, 16], "texture": "#11"},
				"west": {"uv": [6, 0, 0, 16], "texture": "#4"},
				"up": {"uv": [2, 0, 0, 16], "texture": "#4"},
				"down": {"uv": [6, 0, 0, 16], "texture": "#23"}
			}
		},
		{
			"name": "roof",
			"from": [11.36609, 18.9372, 10],
			"to": [13.49109, 19.9372, 22.2],
			"rotation": {"angle": 45, "axis": "z", "origin": [8, 3.48964, 1.125]},
			"faces": {
				"north": {"uv": [0, 0, 6, 16], "texture": "#4"},
				"east": {"uv": [0, 0, 6, 16], "texture": "#4"},
				"south": {"uv": [0, 0, 6, 16], "texture": "#11"},
				"west": {"uv": [0, 0, 6, 16], "texture": "#4"},
				"up": {"uv": [0, 0, 2, 16], "texture": "#4"},
				"down": {"uv": [0, 0, 6, 16], "texture": "#23"}
			}
		},
		{
			"from": [16.25, 0.8, 25.9],
			"to": [17.25, 11.7, 27.95],
			"rotation": {"angle": 0, "axis": "y", "origin": [8, 15.48964, -25.875]},
			"faces": {
				"north": {"uv": [0, 0, 1, 16], "texture": "#4"},
				"east": {"uv": [0, 0, 1, 16], "texture": "#11"},
				"south": {"uv": [0, 0, 1, 16], "texture": "#14"},
				"west": {"uv": [0, 0, 1, 16], "texture": "#23"},
				"up": {"uv": [0, 0, 1, 2], "texture": "#4"},
				"down": {"uv": [0, 0, 1, 16], "texture": "#4"}
			}
		},
		{
			"from": [16.25, 0.8, 27.9],
			"to": [17.25, 7.5, 29.65],
			"rotation": {"angle": 0, "axis": "y", "origin": [8, 15.48964, -25.875]},
			"faces": {
				"north": {"uv": [0, 0, 1, 16], "texture": "#4"},
				"east": {"uv": [0, 0, 1, 16], "texture": "#11"},
				"south": {"uv": [0, 0, 1, 16], "texture": "#14"},
				"west": {"uv": [0, 0, 1, 16], "texture": "#23"},
				"up": {"uv": [0, 0, 1, 2], "texture": "#4"},
				"down": {"uv": [0, 0, 1, 16], "texture": "#4"}
			}
		},
		{
			"from": [-1.25, 0.8, 23],
			"to": [-0.25, 15.5, 26.25],
			"rotation": {"angle": 0, "axis": "y", "origin": [8, 15.48964, -25.875]},
			"faces": {
				"north": {"uv": [0, 0, 1, 16], "texture": "#14"},
				"east": {"uv": [0, 0, 1, 16], "texture": "#23"},
				"south": {"uv": [0, 0, 1, 16], "texture": "#14"},
				"west": {"uv": [0, 0, 1, 16], "texture": "#11"},
				"up": {"uv": [0, 0, 1, 2], "texture": "#4"},
				"down": {"uv": [0, 0, 1, 16], "texture": "#4"}
			}
		},
		{
			"from": [-1.25, 0.8, 26.2],
			"to": [-0.25, 12.1, 27.65],
			"rotation": {"angle": 0, "axis": "y", "origin": [8, 15.48964, -25.875]},
			"faces": {
				"north": {"uv": [0, 0, 1, 16], "texture": "#4"},
				"east": {"uv": [0, 0, 1, 16], "texture": "#23"},
				"south": {"uv": [0, 0, 1, 16], "texture": "#14"},
				"west": {"uv": [0, 0, 1, 16], "texture": "#11"},
				"up": {"uv": [0, 0, 1, 2], "texture": "#4"},
				"down": {"uv": [0, 0, 1, 16], "texture": "#4"}
			}
		},
		{
			"from": [-1.25, 0.8, 27.6],
			"to": [-0.25, 7.7, 29.65],
			"rotation": {"angle": 0, "axis": "y", "origin": [8, 15.48964, -25.875]},
			"faces": {
				"north": {"uv": [0, 0, 1, 16], "texture": "#4"},
				"east": {"uv": [0, 0, 1, 16], "texture": "#23"},
				"south": {"uv": [0, 0, 1, 16], "texture": "#14"},
				"west": {"uv": [0, 0, 1, 16], "texture": "#11"},
				"up": {"uv": [0, 0, 1, 2], "texture": "#4"},
				"down": {"uv": [0, 0, 1, 16], "texture": "#4"}
			}
		},
		{
			"from": [-1.35, 17.5, 14.2],
			"to": [17.35, 19.4, 21.1],
			"rotation": {"angle": 0, "axis": "y", "origin": [0, 0, -3.9]},
			"faces": {
				"north": {"uv": [0, 0, 16, 4], "texture": "#22"},
				"east": {"uv": [0, 0, 1.8, 4], "texture": "#22"},
				"south": {"uv": [0, 0, 16, 4], "texture": "#22"},
				"west": {"uv": [0, 0, 1.8, 4], "texture": "#22"},
				"up": {"uv": [0, 0, 16, 1.8], "texture": "#22"},
				"down": {"uv": [0, 0, 16, 1.8], "texture": "#23"}
			}
		},
		{
			"name": "roof",
			"from": [0.25, 18, -15.1],
			"to": [15.75, 19, 10.05],
			"rotation": {"angle": 0, "axis": "y", "origin": [8, 3.48964, 12.025]},
			"faces": {
				"north": {"uv": [5, 0, 11, 16], "texture": "#22"},
				"east": {"uv": [5, 0, 11, 16], "texture": "#22"},
				"south": {"uv": [5, 0, 11, 16], "texture": "#22"},
				"west": {"uv": [5, 0, 11, 16], "texture": "#22"},
				"up": {"uv": [5, 0, 11, 16], "texture": "#22"},
				"down": {"uv": [0, 0, 16, 16], "texture": "#23"}
			}
		},
		{
			"name": "roof",
			"from": [11.36609, 18.9372, -15.1],
			"to": [13.49109, 19.9372, 10.05],
			"rotation": {"angle": 45, "axis": "z", "origin": [8, 3.48964, 12.025]},
			"faces": {
				"north": {"uv": [0, 0, 6, 16], "texture": "#23"},
				"east": {"uv": [0, 0, 6, 16], "texture": "#23"},
				"south": {"uv": [0, 0, 6, 16], "texture": "#23"},
				"west": {"uv": [0, 0, 6, 16], "texture": "#23"},
				"up": {"uv": [0, 0, 2, 16], "texture": "#23"},
				"down": {"uv": [0, 0, 6, 16], "texture": "#23"}
			}
		},
		{
			"name": "roof",
			"from": [2.50891, 18.9372, -15.15],
			"to": [4.63391, 19.9372, 10.05],
			"rotation": {"angle": -45, "axis": "z", "origin": [8, 3.48964, 12.025]},
			"faces": {
				"north": {"uv": [6, 0, 0, 16], "texture": "#23"},
				"east": {"uv": [6, 0, 0, 16], "texture": "#11"},
				"south": {"uv": [6, 0, 0, 16], "texture": "#11"},
				"west": {"uv": [6, 0, 0, 16], "texture": "#11"},
				"up": {"uv": [2, 0, 0, 16], "texture": "#11"},
				"down": {"uv": [6, 0, 0, 16], "texture": "#23"}
			}
		},
		{
			"from": [-1.25, 0.8, -15.1],
			"to": [-0.25, 3.5, 1.05],
			"rotation": {"angle": 0, "axis": "y", "origin": [8, 15.48964, -14.975]},
			"faces": {
				"north": {"uv": [0, 0, 1, 16], "texture": "#23"},
				"east": {"uv": [0, 0, 16, 2], "texture": "#23"},
				"south": {"uv": [0, 0, 1, 16], "texture": "#11"},
				"west": {"uv": [0, 0, 1, 16], "texture": "#11"},
				"up": {"uv": [0, 0, 1, 2], "texture": "#23"},
				"down": {"uv": [0, 0, 1, 16], "texture": "#23"}
			}
		},
		{
			"from": [-1.25, 0.8, 6.9],
			"to": [-0.25, 5.5, 10.05],
			"rotation": {"angle": 0, "axis": "y", "origin": [8, 15.48964, -14.975]},
			"faces": {
				"north": {"uv": [0, 0, 1, 16], "texture": "#11"},
				"east": {"uv": [0, 0, 9.5, 16], "texture": "#23"},
				"south": {"uv": [0, 0, 1, 16], "texture": "#missing"},
				"west": {"uv": [0, 0, 1, 16], "texture": "#11"},
				"up": {"uv": [0, 0, 1, 2], "texture": "#missing"},
				"down": {"uv": [0, 0, 1, 16], "texture": "#missing"}
			}
		},
		{
			"from": [-1.25, 3.5, -15.1],
			"to": [-0.25, 5.5, 1.05],
			"rotation": {"angle": 0, "axis": "y", "origin": [8, 15.48964, -14.975]},
			"faces": {
				"north": {"uv": [0, 0, 1, 16], "texture": "#23"},
				"east": {"uv": [0, 0, 16, 2], "texture": "#23"},
				"south": {"uv": [0, 0, 1, 16], "texture": "#11"},
				"west": {"uv": [0, 0, 1, 16], "texture": "#11"},
				"up": {"uv": [0, 0, 1, 2], "texture": "#23"},
				"down": {"uv": [0, 0, 1, 16], "texture": "#23"}
			}
		},
		{
			"from": [-1.25, 15.5, -15.1],
			"to": [-0.25, 17.5, 10.05],
			"rotation": {"angle": 0, "axis": "y", "origin": [8, 15.48964, 4.025]},
			"faces": {
				"north": {"uv": [0, 0, 1, 16], "texture": "#23"},
				"east": {"uv": [0, 0, 16, 2], "texture": "#23"},
				"south": {"uv": [0, 0, 1, 16], "texture": "#23"},
				"west": {"uv": [0, 0, 1, 16], "texture": "#11"},
				"up": {"uv": [0, 0, 1, 2], "texture": "#23"},
				"down": {"uv": [0, 0, 1, 16], "texture": "#11"}
			}
		},
		{
			"from": [-0.25, 1, -1.1],
			"to": [4.25, 18.4, 0.05],
			"rotation": {"angle": 0, "axis": "y", "origin": [8, 15.48964, -14.975]},
			"faces": {
				"north": {"uv": [0, 0, 16, 16], "texture": "#23"},
				"east": {"uv": [0, 0, 1, 16], "texture": "#11"},
				"south": {"uv": [0, 0, 16, 16], "texture": "#23"},
				"west": {"uv": [0, 0, 1, 16], "texture": "#11"},
				"up": {"uv": [0, 0, 1, 2], "texture": "#23"},
				"down": {"uv": [0, 0, 1, 16], "texture": "#23"}
			}
		},
		{
			"from": [-1.25, 6.5, -15.1],
			"to": [-0.25, 13.5, 1.05],
			"rotation": {"angle": 0, "axis": "y", "origin": [8, 15.48964, -14.975]},
			"faces": {
				"north": {"uv": [0, 0, 1, 16], "texture": "#23"},
				"east": {"uv": [0, 0, 1, 16], "texture": "#23"},
				"south": {"uv": [0, 0, 1, 16], "texture": "#14"},
				"west": {"uv": [0, 0, 1, 16], "texture": "#14"},
				"up": {"uv": [0, 0, 1, 2], "texture": "#23"},
				"down": {"uv": [0, 0, 1, 16], "texture": "#23"}
			}
		},
		{
			"from": [-1.45, 7.5, -13.7],
			"to": [-0.45, 13.2, -0.55],
			"rotation": {"angle": 0, "axis": "y", "origin": [8, 15.48964, -14.975]},
			"faces": {
				"north": {"uv": [0, 0, 1, 16], "texture": "#17"},
				"east": {"uv": [0, 0, 1, 16], "texture": "#17"},
				"south": {"uv": [0, 0, 1, 16], "texture": "#17"},
				"west": {"uv": [0, 4.992, 15.232, 11.04], "texture": "#17"},
				"up": {"uv": [0, 0, 1, 2], "texture": "#17"},
				"down": {"uv": [0, 0, 1, 16], "texture": "#17"}
			}
		},
		{
			"from": [16.45, 7.5, -13.7],
			"to": [17.45, 13.2, -0.55],
			"rotation": {"angle": 0, "axis": "y", "origin": [8, 15.48964, -14.975]},
			"faces": {
				"north": {"uv": [0, 0, 1, 16], "texture": "#17"},
				"east": {"uv": [0, 5.056, 15.208, 11.04], "texture": "#17"},
				"south": {"uv": [0, 0, 1, 16], "texture": "#17"},
				"west": {"uv": [0, 4.992, 15.232, 11.04], "texture": "#17"},
				"up": {"uv": [0, 0, 1, 2], "texture": "#17"},
				"down": {"uv": [0, 0, 1, 16], "texture": "#17"}
			}
		},
		{
			"from": [-1.25, 13.5, -15.1],
			"to": [-0.25, 15.5, 1.05],
			"rotation": {"angle": 0, "axis": "y", "origin": [8, 15.48964, -14.975]},
			"faces": {
				"north": {"uv": [0, 0, 1, 16], "texture": "#23"},
				"east": {"uv": [0, 0, 16, 2], "texture": "#23"},
				"south": {"uv": [0, 0, 1, 16], "texture": "#14"},
				"west": {"uv": [0, 0, 1, 16], "texture": "#14"},
				"up": {"uv": [0, 0, 1, 2], "texture": "#23"},
				"down": {"uv": [0, 0, 1, 16], "texture": "#23"}
			}
		},
		{
			"from": [-1.25, 5.5, -15.1],
			"to": [-0.25, 6.5, 1.05],
			"rotation": {"angle": 0, "axis": "y", "origin": [8, 15.48964, -14.975]},
			"faces": {
				"north": {"uv": [0, 0, 1, 16], "texture": "#23"},
				"east": {"uv": [0, 0, 16, 2], "texture": "#23"},
				"south": {"uv": [0, 0, 1, 16], "texture": "#14"},
				"west": {"uv": [0, 0, 1, 16], "texture": "#14"},
				"up": {"uv": [0, 0, 1, 2], "texture": "#23"},
				"down": {"uv": [0, 0, 1, 16], "texture": "#23"}
			}
		},
		{
			"from": [16.25, 0.8, -15.1],
			"to": [17.25, 3.5, 1.05],
			"rotation": {"angle": 0, "axis": "y", "origin": [8, 15.48964, -14.975]},
			"faces": {
				"north": {"uv": [0, 0, 1, 16], "texture": "#23"},
				"east": {"uv": [0, 0, 16, 2.5], "texture": "#11"},
				"south": {"uv": [0, 0, 1, 16], "texture": "#11"},
				"west": {"uv": [0, 0, 16, 2], "texture": "#23"},
				"up": {"uv": [0, 0, 1, 2], "texture": "#23"},
				"down": {"uv": [0, 0, 1, 16], "texture": "#23"}
			}
		},
		{
			"from": [16.25, 6.5, -15.1],
			"to": [17.25, 13.5, 1.05],
			"rotation": {"angle": 0, "axis": "y", "origin": [8, 15.48964, -14.975]},
			"faces": {
				"north": {"uv": [0, 0, 1, 16], "texture": "#23"},
				"east": {"uv": [0, 0, 16, 2.5], "texture": "#14"},
				"south": {"uv": [0, 0, 1, 16], "texture": "#14"},
				"west": {"uv": [0, 0, 1, 16], "texture": "#23"},
				"up": {"uv": [0, 0, 1, 2], "texture": "#14"},
				"down": {"uv": [0, 0, 1, 16], "texture": "#14"}
			}
		},
		{
			"from": [16.25, 13.5, -15.1],
			"to": [17.25, 15.5, 1.05],
			"rotation": {"angle": 0, "axis": "y", "origin": [8, 15.48964, -14.975]},
			"faces": {
				"north": {"uv": [0, 0, 1, 16], "texture": "#23"},
				"east": {"uv": [0, 0, 16, 2.5], "texture": "#14"},
				"south": {"uv": [0, 0, 1, 16], "texture": "#14"},
				"west": {"uv": [0, 0, 16, 2], "texture": "#23"},
				"up": {"uv": [0, 0, 1, 2], "texture": "#14"},
				"down": {"uv": [0, 0, 1, 16], "texture": "#14"}
			}
		},
		{
			"from": [16.25, 5.5, -15.1],
			"to": [17.25, 6.5, 1.05],
			"rotation": {"angle": 0, "axis": "y", "origin": [8, 15.48964, -14.975]},
			"faces": {
				"north": {"uv": [0, 0, 1, 16], "texture": "#23"},
				"east": {"uv": [0, 0, 16, 2.5], "texture": "#14"},
				"south": {"uv": [0, 0, 1, 16], "texture": "#14"},
				"west": {"uv": [0, 0, 16, 2], "texture": "#23"},
				"up": {"uv": [0, 0, 1, 2], "texture": "#14"},
				"down": {"uv": [0, 0, 1, 16], "texture": "#14"}
			}
		},
		{
			"from": [16.25, 15.5, -15.1],
			"to": [17.25, 17.5, 10.05],
			"rotation": {"angle": 0, "axis": "y", "origin": [8, 15.48964, 4.025]},
			"faces": {
				"north": {"uv": [0, 0, 1, 16], "texture": "#23"},
				"east": {"uv": [0, 0, 1, 16], "texture": "#11"},
				"south": {"uv": [0, 0, 1, 16], "texture": "#11"},
				"west": {"uv": [0, 0, 16, 2], "texture": "#23"},
				"up": {"uv": [0, 0, 1, 2], "texture": "#11"},
				"down": {"uv": [0, 0, 1, 16], "texture": "#11"}
			}
		},
		{
			"from": [16.25, 0.8, 6.9],
			"to": [17.25, 5.5, 10.05],
			"rotation": {"angle": 0, "axis": "y", "origin": [8, 15.48964, -14.975]},
			"faces": {
				"north": {"uv": [0, 0, 1, 16], "texture": "#11"},
				"east": {"uv": [0, 0, 1, 16], "texture": "#11"},
				"south": {"uv": [0, 0, 1, 16], "texture": "#23"},
				"west": {"uv": [0, 0, 16, 16], "texture": "#23"},
				"up": {"uv": [0, 0, 1, 2], "texture": "#23"},
				"down": {"uv": [0, 0, 1, 16], "texture": "#23"}
			}
		},
		{
			"from": [16.25, 3.5, -15.1],
			"to": [17.25, 5.5, 1.05],
			"rotation": {"angle": 0, "axis": "y", "origin": [8, 15.48964, -14.975]},
			"faces": {
				"north": {"uv": [0, 0, 1, 16], "texture": "#23"},
				"east": {"uv": [0, 0, 16, 2.5], "texture": "#11"},
				"south": {"uv": [0, 0, 1, 16], "texture": "#11"},
				"west": {"uv": [0, 0, 16, 2], "texture": "#23"},
				"up": {"uv": [0, 0, 1, 2], "texture": "#23"},
				"down": {"uv": [0, 0, 1, 16], "texture": "#23"}
			}
		},
		{
			"from": [-0.25, 15.8, -15.3],
			"to": [3.15, 17, -0.95],
			"rotation": {"angle": 0, "axis": "y", "origin": [-2.1, 12.48964, -11.975]},
			"faces": {
				"north": {"uv": [0, 0, 16, 16], "texture": "#4"},
				"east": {"uv": [0, 0, 1, 16], "texture": "#4"},
				"south": {"uv": [0, 0, 1, 16], "texture": "#4"},
				"west": {"uv": [0, 0, 1, 16], "texture": "#4"},
				"up": {"uv": [0, 0, 16, 16], "texture": "#4"},
				"down": {"uv": [0, 0, 16, 16], "texture": "#4"}
			}
		},
		{
			"from": [3.15, 16.1, -0.9],
			"to": [3.25, 16.8, -0.75],
			"rotation": {"angle": 0, "axis": "y", "origin": [-2.1, 12.48964, -11.975]},
			"faces": {
				"north": {"uv": [0, 0, 16, 16], "texture": "#11"},
				"east": {"uv": [0, 0, 1, 16], "texture": "#11"},
				"south": {"uv": [0, 0, 1, 16], "texture": "#11"},
				"west": {"uv": [0, 0, 1, 16], "texture": "#11"},
				"up": {"uv": [0, 0, 16, 16], "texture": "#11"},
				"down": {"uv": [0, 0, 16, 16], "texture": "#11"}
			}
		},
		{
			"from": [12.85, 15.8, -15.2],
			"to": [16.25, 17, -0.95],
			"rotation": {"angle": 0, "axis": "y", "origin": [-2.1, 12.48964, -11.975]},
			"faces": {
				"north": {"uv": [0, 0, 16, 16], "texture": "#4"},
				"east": {"uv": [0, 0, 1, 16], "texture": "#4"},
				"south": {"uv": [0, 0, 1, 16], "texture": "#4"},
				"west": {"uv": [0, 0, 1, 16], "texture": "#4"},
				"up": {"uv": [0, 0, 16, 16], "texture": "#4"},
				"down": {"uv": [0, 0, 16, 16], "texture": "#4"}
			}
		},
		{
			"from": [11.75, 1, -1.1],
			"to": [16.25, 18.4, 0.05],
			"rotation": {"angle": 0, "axis": "y", "origin": [8, 15.48964, -14.975]},
			"faces": {
				"north": {"uv": [0, 0, 16, 16], "texture": "#23"},
				"east": {"uv": [0, 0, 1, 16], "texture": "#11"},
				"south": {"uv": [0, 0, 16, 16], "texture": "#23"},
				"west": {"uv": [0, 0, 1, 16], "texture": "#11"},
				"up": {"uv": [0, 0, 1, 2], "texture": "#23"},
				"down": {"uv": [0, 0, 1, 16], "texture": "#23"}
			}
		},
		{
			"from": [5.875, 0.5, -0.675],
			"to": [10.025, 2.5, -0.175],
			"rotation": {"angle": 0, "axis": "y", "origin": [8, 15.48964, -14.975]},
			"faces": {
				"north": {"uv": [0, 0, 1, 16], "texture": "#4"},
				"east": {"uv": [0, 0, 1, 16], "texture": "#4"},
				"south": {"uv": [0, 0, 1, 16], "texture": "#4"},
				"west": {"uv": [0, 0, 1, 16], "texture": "#4"},
				"up": {"uv": [0, 0, 1, 2], "rotation": 270, "texture": "#4"},
				"down": {"uv": [0, 0, 1, 16], "rotation": 90, "texture": "#4"}
			}
		},
		{
			"from": [4.175, 0.5, -0.675],
			"to": [6.025, 15.5, -0.175],
			"rotation": {"angle": 0, "axis": "y", "origin": [8, 15.48964, -14.975]},
			"faces": {
				"north": {"uv": [0, 0, 1, 16], "texture": "#4"},
				"east": {"uv": [0, 0, 1, 16], "texture": "#4"},
				"south": {"uv": [0, 0, 1, 16], "texture": "#4"},
				"west": {"uv": [0, 0, 1, 16], "texture": "#4"},
				"up": {"uv": [0, 0, 1, 2], "rotation": 270, "texture": "#4"},
				"down": {"uv": [0, 0, 1, 16], "rotation": 90, "texture": "#4"}
			}
		},
		{
			"from": [5.875, 13.5, -0.675],
			"to": [10.025, 15.5, -0.175],
			"rotation": {"angle": 0, "axis": "y", "origin": [8, 15.48964, -14.975]},
			"faces": {
				"north": {"uv": [0, 0, 1, 16], "texture": "#4"},
				"east": {"uv": [0, 0, 1, 16], "texture": "#4"},
				"south": {"uv": [0, 0, 1, 16], "texture": "#4"},
				"west": {"uv": [0, 0, 1, 16], "texture": "#4"},
				"up": {"uv": [0, 0, 1, 2], "rotation": 270, "texture": "#4"},
				"down": {"uv": [0, 0, 1, 16], "rotation": 90, "texture": "#4"}
			}
		},
		{
			"from": [4.875, 2.5, -0.425],
			"to": [11.025, 13.5, -0.425],
			"rotation": {"angle": 0, "axis": "y", "origin": [8, 15.48964, -14.975]},
			"faces": {
				"north": {"uv": [0, 0, 16, 16], "texture": "#15"},
				"east": {"uv": [0, 0, 1, 16], "texture": "#missing"},
				"south": {"uv": [0, 0, 16, 16], "texture": "#15"},
				"west": {"uv": [0, 0, 1, 16], "texture": "#missing"},
				"up": {"uv": [0, 0, 1, 2], "rotation": 270, "texture": "#missing"},
				"down": {"uv": [0, 0, 1, 16], "rotation": 90, "texture": "#missing"}
			}
		},
		{
			"from": [4.25, 15, -1.1],
			"to": [12.15, 18.4, 0.05],
			"rotation": {"angle": 0, "axis": "y", "origin": [8, 15.48964, -14.975]},
			"faces": {
				"north": {"uv": [0, 0, 16, 16], "rotation": 90, "texture": "#23"},
				"east": {"uv": [0, 0, 1, 16], "texture": "#11"},
				"south": {"uv": [0, 0, 16, 16], "rotation": 90, "texture": "#23"},
				"west": {"uv": [0, 0, 1, 16], "texture": "#11"},
				"up": {"uv": [0, 0, 1, 2], "texture": "#23"},
				"down": {"uv": [0, 0, 1, 16], "texture": "#23"}
			}
		},
		{
			"from": [3.55, 16.2, -0.2],
			"to": [3.85, 16.9, 0.25],
			"rotation": {"angle": 0, "axis": "y", "origin": [8, 15.48964, -14.975]},
			"faces": {
				"north": {"uv": [0, 0, 16, 16], "texture": "#23"},
				"east": {"uv": [0, 0, 1, 16], "texture": "#11"},
				"south": {"uv": [0, 0, 16, 16], "texture": "#23"},
				"west": {"uv": [0, 0, 1, 16], "texture": "#11"},
				"up": {"uv": [0, 0, 1, 2], "texture": "#23"},
				"down": {"uv": [0, 0, 1, 16], "texture": "#23"}
			}
		},
		{
			"from": [-0.05, 16, -0.2],
			"to": [3.85, 16.2, 0.25],
			"rotation": {"angle": 0, "axis": "y", "origin": [8, 15.48964, -14.975]},
			"faces": {
				"north": {"uv": [0, 0, 16, 16], "texture": "#23"},
				"east": {"uv": [0, 0, 1, 16], "texture": "#11"},
				"south": {"uv": [0, 0, 16, 16], "texture": "#23"},
				"west": {"uv": [0, 0, 1, 16], "texture": "#11"},
				"up": {"uv": [0, 0, 1, 2], "texture": "#23"},
				"down": {"uv": [0, 0, 1, 16], "texture": "#23"}
			}
		},
		{
			"from": [-0.05, 16.2, -0.2],
			"to": [0.25, 16.9, 0.25],
			"rotation": {"angle": 0, "axis": "y", "origin": [8, 15.48964, -14.975]},
			"faces": {
				"north": {"uv": [0, 0, 16, 16], "texture": "#23"},
				"east": {"uv": [0, 0, 1, 16], "texture": "#11"},
				"south": {"uv": [0, 0, 16, 16], "texture": "#23"},
				"west": {"uv": [0, 0, 1, 16], "texture": "#11"},
				"up": {"uv": [0, 0, 1, 2], "texture": "#23"},
				"down": {"uv": [0, 0, 1, 16], "texture": "#23"}
			}
		},
		{
			"from": [-0.05, 16.7, -0.2],
			"to": [3.85, 16.9, 0.25],
			"rotation": {"angle": 0, "axis": "y", "origin": [8, 15.48964, -14.975]},
			"faces": {
				"north": {"uv": [0, 0, 16, 16], "texture": "#23"},
				"east": {"uv": [0, 0, 1, 16], "texture": "#11"},
				"south": {"uv": [0, 0, 16, 16], "texture": "#23"},
				"west": {"uv": [0, 0, 1, 16], "texture": "#11"},
				"up": {"uv": [0, 0, 1, 2], "texture": "#23"},
				"down": {"uv": [0, 0, 1, 16], "texture": "#23"}
			}
		},
		{
			"from": [-0.05, 16.35, -0.2],
			"to": [3.85, 16.55, 0.25],
			"rotation": {"angle": 0, "axis": "y", "origin": [8, 15.48964, -14.975]},
			"faces": {
				"north": {"uv": [0, 0, 16, 16], "texture": "#23"},
				"east": {"uv": [0, 0, 1, 16], "texture": "#11"},
				"south": {"uv": [0, 0, 16, 16], "texture": "#23"},
				"west": {"uv": [0, 0, 1, 16], "texture": "#11"},
				"up": {"uv": [0, 0, 1, 2], "texture": "#23"},
				"down": {"uv": [0, 0, 1, 16], "texture": "#23"}
			}
		},
		{
			"from": [0.15, 16.2, -0.2],
			"to": [3.55, 16.7, 0.15],
			"rotation": {"angle": 0, "axis": "y", "origin": [8, 15.48964, -14.975]},
			"faces": {
				"north": {"uv": [0, 0, 16, 16], "texture": "#14"},
				"east": {"uv": [0, 0, 1, 16], "texture": "#14"},
				"south": {"uv": [0, 0, 16, 16], "texture": "#14"},
				"west": {"uv": [0, 0, 1, 16], "texture": "#14"},
				"up": {"uv": [0, 0, 1, 2], "texture": "#14"},
				"down": {"uv": [0, 0, 1, 16], "texture": "#14"}
			}
		},
		{
			"from": [12.775, 16.1, -1.1],
			"to": [12.875, 16.7, -0.95],
			"rotation": {"angle": 0, "axis": "y", "origin": [-2.1, 12.48964, -11.975]},
			"faces": {
				"north": {"uv": [0, 0, 1, 16], "texture": "#11"},
				"east": {"uv": [0, 0, 1, 16], "texture": "#11"},
				"south": {"uv": [0, 0, 16, 16], "texture": "#11"},
				"west": {"uv": [0, 0, 1, 16], "texture": "#11"},
				"up": {"uv": [0, 0, 16, 16], "rotation": 180, "texture": "#11"},
				"down": {"uv": [0, 0, 16, 16], "rotation": 180, "texture": "#11"}
			}
		},
		{
			"from": [0.75, -3, -15.1],
			"to": [15.25, 0, 9.05],
			"rotation": {"angle": 0, "axis": "y", "origin": [8, 15.48964, 12.025]},
			"faces": {
				"north": {"uv": [0, 0, 14, 16], "texture": "#4"},
				"east": {"uv": [0, 0, 15.328, 3.648], "texture": "#4"},
				"south": {"uv": [0, 0, 14, 16], "texture": "#4"},
				"west": {"uv": [0, 0, 14, 16], "texture": "#4"},
				"up": {"uv": [0, 0, 14, 16], "texture": "#4"},
				"down": {"uv": [0, 0, 14, 16], "texture": "#4"}
			}
		},
		{
			"name": "roof",
			"from": [5.6, 17.9, -15.1],
			"to": [10.4, 18.3, 14],
			"rotation": {"angle": 0, "axis": "y", "origin": [8, 3.48964, 12.025]},
			"faces": {
				"north": {"uv": [5, 0, 11, 16], "texture": "#4"},
				"east": {"uv": [5, 0, 11, 16], "texture": "#4"},
				"south": {"uv": [5, 0, 11, 16], "texture": "#4"},
				"west": {"uv": [5, 0, 11, 16], "texture": "#4"},
				"up": {"uv": [5, 0, 11, 16], "texture": "#4"},
				"down": {"uv": [7, 6.5, 9, 10], "texture": "#4"}
			}
		},
		{
			"name": "roof",
			"from": [10.5, 17.9, -15.1],
			"to": [11, 18.3, 14],
			"rotation": {"angle": 0, "axis": "y", "origin": [8, 3.48964, 12.025]},
			"faces": {
				"north": {"uv": [5, 0, 11, 16], "texture": "#4"},
				"east": {"uv": [5, 0, 11, 16], "texture": "#4"},
				"south": {"uv": [5, 0, 11, 16], "texture": "#4"},
				"west": {"uv": [5, 0, 11, 16], "texture": "#4"},
				"up": {"uv": [5, 0, 11, 16], "texture": "#4"},
				"down": {"uv": [7, 6.5, 9, 10], "texture": "#12"}
			}
		},
		{
			"name": "roof",
			"from": [5, 17.9, -15.1],
			"to": [5.5, 18.3, 14],
			"rotation": {"angle": 0, "axis": "y", "origin": [8, 3.48964, 12.025]},
			"faces": {
				"north": {"uv": [5, 0, 11, 16], "texture": "#4"},
				"east": {"uv": [5, 0, 11, 16], "texture": "#4"},
				"south": {"uv": [5, 0, 11, 16], "texture": "#4"},
				"west": {"uv": [5, 0, 11, 16], "texture": "#4"},
				"up": {"uv": [5, 0, 11, 16], "texture": "#4"},
				"down": {"uv": [7, 6.5, 9, 10], "texture": "#12"}
			}
		},
		{
			"from": [13.85, -0.625, -15.1],
			"to": [15, 0.575, 10.05],
			"rotation": {"angle": -45, "axis": "z", "origin": [8, 15.48964, 10.025]},
			"faces": {
				"north": {"uv": [0, 0, 14, 16], "texture": "#11"},
				"east": {"uv": [0, 0, 14, 16], "texture": "#11"},
				"south": {"uv": [0, 0, 14, 16], "texture": "#missing"},
				"west": {"uv": [0, 0, 14, 16], "texture": "#11"},
				"up": {"uv": [0, 0, 14, 16], "texture": "#11"},
				"down": {"uv": [0, 0, 14, 16], "texture": "#11"}
			}
		},
		{
			"from": [11.85, -1.425, -15.1],
			"to": [15, -0.625, 10.05],
			"rotation": {"angle": -45, "axis": "z", "origin": [8, 15.48964, 10.025]},
			"faces": {
				"north": {"uv": [0, 0, 14, 16], "texture": "#11"},
				"east": {"uv": [0, 0, 14, 16], "texture": "#11"},
				"south": {"uv": [0, 0, 14, 16], "texture": "#missing"},
				"west": {"uv": [0, 0, 14, 16], "texture": "#11"},
				"up": {"uv": [0, 0, 14, 16], "texture": "#11"},
				"down": {"uv": [0, 0, 14, 16], "texture": "#11"}
			}
		},
		{
			"from": [22.81036, 8.48964, -15.1],
			"to": [24.11036, 9.63964, 10.05],
			"rotation": {"angle": -45, "axis": "z", "origin": [8, 15.48964, 10.025]},
			"faces": {
				"north": {"uv": [0, 0, 14, 16], "rotation": 270, "texture": "#11"},
				"east": {"uv": [0, 0, 14, 16], "rotation": 90, "texture": "#11"},
				"south": {"uv": [0, 0, 14, 16], "rotation": 90, "texture": "#missing"},
				"west": {"uv": [0, 0, 14, 16], "rotation": 90, "texture": "#11"},
				"up": {"uv": [0, 0, 14, 16], "rotation": 90, "texture": "#11"},
				"down": {"uv": [0, 0, 14, 16], "rotation": 90, "texture": "#11"}
			}
		},
		{
			"from": [24.11036, 8.48964, -15.1],
			"to": [24.91036, 11.63964, 10.05],
			"rotation": {"angle": -45, "axis": "z", "origin": [8, 15.48964, 10.025]},
			"faces": {
				"north": {"uv": [0, 0, 14, 16], "rotation": 270, "texture": "#11"},
				"east": {"uv": [0, 0, 16, 14], "texture": "#11"},
				"south": {"uv": [0, 0, 14, 16], "rotation": 90, "texture": "#missing"},
				"west": {"uv": [0, 0, 14, 16], "rotation": 90, "texture": "#11"},
				"up": {"uv": [0, 0, 14, 16], "rotation": 90, "texture": "#11"},
				"down": {"uv": [0, 0, 14, 16], "rotation": 90, "texture": "#11"}
			}
		},
		{
			"from": [-1.35, 17.5, -15.3],
			"to": [0.35, 19.4, 10.15],
			"rotation": {"angle": 0, "axis": "y", "origin": [0, 0, -12.2]},
			"faces": {
				"north": {"uv": [0, 0, 16, 4], "texture": "#22"},
				"east": {"uv": [0, 0, 1.8, 4], "texture": "#22"},
				"south": {"uv": [0, 0, 16, 4], "texture": "#22"},
				"west": {"uv": [0, 0, 1.8, 4], "texture": "#22"},
				"up": {"uv": [0, 0, 16, 1.8], "texture": "#22"},
				"down": {"uv": [0, 0, 16, 1.8], "texture": "#22"}
			}
		},
		{
			"from": [15.65, 17.5, -15.3],
			"to": [17.35, 19.4, 10.15],
			"rotation": {"angle": 0, "axis": "y", "origin": [0, 0, -12.2]},
			"faces": {
				"north": {"uv": [0, 0, 16, 4], "texture": "#22"},
				"east": {"uv": [0, 0, 1.8, 4], "texture": "#22"},
				"south": {"uv": [0, 0, 16, 4], "texture": "#22"},
				"west": {"uv": [0, 0, 1.8, 4], "texture": "#22"},
				"up": {"uv": [0, 0, 16, 1.8], "texture": "#22"},
				"down": {"uv": [0, 0, 16, 1.8], "texture": "#22"}
			}
		},
		{
			"from": [-1.25, 5.5, 6.9],
			"to": [-0.25, 15.5, 10.05],
			"rotation": {"angle": 0, "axis": "y", "origin": [8, 15.48964, -14.975]},
			"faces": {
				"north": {"uv": [0, 0, 1, 16], "texture": "#14"},
				"east": {"uv": [0, 0, 8.5, 16], "texture": "#23"},
				"south": {"uv": [0, 0, 1, 16], "texture": "#missing"},
				"west": {"uv": [0, 0, 1, 16], "texture": "#14"},
				"up": {"uv": [0, 0, 1, 2], "texture": "#missing"},
				"down": {"uv": [0, 0, 1, 16], "texture": "#missing"}
			}
		},
		{
			"from": [16.25, 5.5, 6.9],
			"to": [17.25, 15.5, 10.05],
			"rotation": {"angle": 0, "axis": "y", "origin": [8, 15.48964, -14.975]},
			"faces": {
				"north": {"uv": [0, 0, 1, 16], "texture": "#14"},
				"east": {"uv": [0, 0, 1, 16], "texture": "#14"},
				"south": {"uv": [0, 0, 1, 16], "texture": "#14"},
				"west": {"uv": [0, 0, 16, 16], "texture": "#23"},
				"up": {"uv": [0, 0, 1, 2], "texture": "#14"},
				"down": {"uv": [0, 0, 1, 16], "texture": "#14"}
			}
		},
		{
			"from": [9.875, 0.5, -0.675],
			"to": [11.725, 15.5, -0.175],
			"rotation": {"angle": 0, "axis": "y", "origin": [8, 15.48964, -14.975]},
			"faces": {
				"north": {"uv": [0, 0, 1, 16], "texture": "#4"},
				"east": {"uv": [0, 0, 1, 16], "texture": "#4"},
				"south": {"uv": [0, 0, 1, 16], "texture": "#4"},
				"west": {"uv": [0, 0, 1, 16], "texture": "#4"},
				"up": {"uv": [0, 0, 1, 2], "rotation": 270, "texture": "#4"},
				"down": {"uv": [0, 0, 1, 16], "rotation": 90, "texture": "#4"}
			}
		},
		{
			"from": [4.875, 2.5, -14.425],
			"to": [11.025, 13.5, -14.425],
			"rotation": {"angle": 0, "axis": "y", "origin": [8, 15.48964, -14.975]},
			"faces": {
				"north": {"uv": [0, 0, 16, 16], "texture": "#15"},
				"east": {"uv": [0, 0, 1, 16], "texture": "#missing"},
				"south": {"uv": [0, 0, 16, 16], "texture": "#15"},
				"west": {"uv": [0, 0, 1, 16], "texture": "#missing"},
				"up": {"uv": [0, 0, 1, 2], "rotation": 270, "texture": "#missing"},
				"down": {"uv": [0, 0, 1, 16], "rotation": 90, "texture": "#missing"}
			}
		},
		{
			"from": [5.975, 13.5, -14.675],
			"to": [9.925, 15.5, -14.175],
			"rotation": {"angle": 0, "axis": "y", "origin": [8, 15.48964, -14.975]},
			"faces": {
				"north": {"uv": [0, 0, 1, 16], "texture": "#4"},
				"east": {"uv": [0, 0, 1, 16], "texture": "#4"},
				"south": {"uv": [0, 0, 1, 16], "texture": "#4"},
				"west": {"uv": [0, 0, 1, 16], "texture": "#4"},
				"up": {"uv": [0, 0, 1, 2], "rotation": 270, "texture": "#4"},
				"down": {"uv": [0, 0, 1, 16], "rotation": 90, "texture": "#4"}
			}
		},
		{
			"from": [4.175, 0.5, -14.675],
			"to": [6.025, 15.5, -14.175],
			"rotation": {"angle": 0, "axis": "y", "origin": [8, 15.48964, -14.975]},
			"faces": {
				"north": {"uv": [0, 0, 1, 16], "texture": "#4"},
				"east": {"uv": [0, 0, 1, 16], "texture": "#4"},
				"south": {"uv": [0, 0, 1, 16], "texture": "#4"},
				"west": {"uv": [0, 0, 1, 16], "texture": "#4"},
				"up": {"uv": [0, 0, 1, 2], "rotation": 270, "texture": "#4"},
				"down": {"uv": [0, 0, 1, 16], "rotation": 90, "texture": "#4"}
			}
		},
		{
			"from": [9.875, 0.5, -14.675],
			"to": [11.725, 15.5, -14.175],
			"rotation": {"angle": 0, "axis": "y", "origin": [8, 15.48964, -14.975]},
			"faces": {
				"north": {"uv": [0, 0, 1, 16], "texture": "#4"},
				"east": {"uv": [0, 0, 1, 16], "texture": "#4"},
				"south": {"uv": [0, 0, 1, 16], "texture": "#4"},
				"west": {"uv": [0, 0, 1, 16], "texture": "#4"},
				"up": {"uv": [0, 0, 1, 2], "rotation": 270, "texture": "#4"},
				"down": {"uv": [0, 0, 1, 16], "rotation": 90, "texture": "#4"}
			}
		},
		{
			"from": [5.875, 0.5, -14.675],
			"to": [10.025, 2.5, -14.175],
			"rotation": {"angle": 0, "axis": "y", "origin": [8, 15.48964, -14.975]},
			"faces": {
				"north": {"uv": [0, 0, 1, 16], "texture": "#4"},
				"east": {"uv": [0, 0, 1, 16], "texture": "#4"},
				"south": {"uv": [0, 0, 1, 16], "texture": "#4"},
				"west": {"uv": [0, 0, 1, 16], "texture": "#4"},
				"up": {"uv": [0, 0, 1, 2], "rotation": 270, "texture": "#4"},
				"down": {"uv": [0, 0, 1, 16], "rotation": 90, "texture": "#4"}
			}
		},
		{
			"from": [-0.25, 1, -15.1],
			"to": [4.25, 18.4, -13.95],
			"rotation": {"angle": 0, "axis": "y", "origin": [8, 15.48964, -14.975]},
			"faces": {
				"north": {"uv": [0, 0, 16, 16], "texture": "#23"},
				"east": {"uv": [0, 0, 1, 16], "texture": "#11"},
				"south": {"uv": [0, 0, 16, 16], "texture": "#23"},
				"west": {"uv": [0, 0, 1, 16], "texture": "#11"},
				"up": {"uv": [0, 0, 1, 2], "texture": "#23"},
				"down": {"uv": [0, 0, 1, 16], "texture": "#23"}
			}
		},
		{
			"from": [4.25, 15, -15.1],
			"to": [12.05, 18.4, -13.95],
			"rotation": {"angle": 0, "axis": "y", "origin": [8, 15.48964, -14.975]},
			"faces": {
				"north": {"uv": [4, 0, 10.5, 16], "rotation": 90, "texture": "#23"},
				"east": {"uv": [0, 0, 1, 16], "texture": "#11"},
				"south": {"uv": [0, 0, 16, 16], "rotation": 90, "texture": "#23"},
				"west": {"uv": [0, 0, 1, 16], "texture": "#11"},
				"up": {"uv": [0, 0, 1, 2], "texture": "#23"},
				"down": {"uv": [0, 0, 1, 16], "texture": "#23"}
			}
		},
		{
			"from": [11.75, 1, -15.1],
			"to": [16.25, 18.4, -13.95],
			"rotation": {"angle": 0, "axis": "y", "origin": [8, 15.48964, -14.975]},
			"faces": {
				"north": {"uv": [0, 0, 16, 16], "texture": "#23"},
				"east": {"uv": [0, 0, 1, 16], "texture": "#11"},
				"south": {"uv": [0, 0, 16, 16], "texture": "#23"},
				"west": {"uv": [0, 0, 1, 16], "texture": "#11"},
				"up": {"uv": [0, 0, 1, 2], "texture": "#23"},
				"down": {"uv": [0, 0, 1, 16], "texture": "#23"}
			}
		},
		{
			"from": [-1.35, 17.5, 10],
			"to": [0.35, 19.4, 15.1],
			"rotation": {"angle": 0, "axis": "y", "origin": [0, 0, -3.9]},
			"faces": {
				"north": {"uv": [0, 0, 16, 4], "texture": "#22"},
				"east": {"uv": [0, 0, 1.8, 4], "texture": "#22"},
				"south": {"uv": [0, 0, 16, 4], "texture": "#22"},
				"west": {"uv": [0, 0, 1.8, 4], "texture": "#22"},
				"up": {"uv": [0, 0, 16, 1.8], "texture": "#22"},
				"down": {"uv": [0, 0, 16, 1.8], "texture": "#23"}
			}
		},
		{
			"from": [15.65, 17.5, 10],
			"to": [17.35, 19.4, 15.1],
			"rotation": {"angle": 0, "axis": "y", "origin": [0, 0, -3.9]},
			"faces": {
				"north": {"uv": [0, 0, 16, 4], "texture": "#22"},
				"east": {"uv": [0, 0, 1.8, 4], "texture": "#22"},
				"south": {"uv": [0, 0, 16, 4], "texture": "#22"},
				"west": {"uv": [0, 0, 1.8, 4], "texture": "#22"},
				"up": {"uv": [0, 0, 16, 1.8], "texture": "#22"},
				"down": {"uv": [0, 0, 16, 1.8], "texture": "#23"}
			}
		},
		{
			"from": [-0.35, 17.5, 13.2],
			"to": [16.35, 19.4, 15],
			"rotation": {"angle": 0, "axis": "y", "origin": [0, 0, -3.9]},
			"faces": {
				"north": {"uv": [0, 0, 16, 4], "texture": "#22"},
				"east": {"uv": [0, 0, 1.8, 4], "texture": "#22"},
				"south": {"uv": [0, 0, 16, 4], "texture": "#22"},
				"west": {"uv": [0, 0, 1.8, 4], "texture": "#22"},
				"up": {"uv": [0, 0, 16, 1.8], "texture": "#22"},
				"down": {"uv": [0, 0, 16, 1.8], "texture": "#23"}
			}
		},
		{
			"from": [-11.85, 17.5, 7.7],
			"to": [-11.15, 19.4, 9.2],
			"rotation": {"angle": 45, "axis": "y", "origin": [0, 0, -3.9]},
			"faces": {
				"north": {"uv": [0, 0, 16, 4], "texture": "#22"},
				"east": {"uv": [0, 0, 1.8, 4], "texture": "#22"},
				"south": {"uv": [0, 0, 16, 4], "texture": "#22"},
				"west": {"uv": [0, 0, 1.8, 4], "texture": "#22"},
				"up": {"uv": [0, 0, 16, 1.8], "texture": "#22"},
				"down": {"uv": [0, 0, 16, 1.8], "texture": "#23"}
			}
		},
		{
			"from": [-1.75, 17.5, 18.65],
			"to": [-0.35, 19.4, 19.35],
			"rotation": {"angle": 45, "axis": "y", "origin": [0, 0, -3.9]},
			"faces": {
				"north": {"uv": [0, 0, 1.8, 4], "texture": "#22"},
				"east": {"uv": [0, 0, 16, 4], "texture": "#22"},
				"south": {"uv": [0, 0, 1.8, 4], "texture": "#22"},
				"west": {"uv": [0, 0, 16, 4], "texture": "#22"},
				"up": {"uv": [0, 0, 16, 1.8], "rotation": 270, "texture": "#22"},
				"down": {"uv": [0, 0, 16, 1.8], "rotation": 90, "texture": "#23"}
			}
		},
		{
			"from": [-1.35, 10.475, 27.325],
			"to": [17.35, 12.275, 29.225],
			"rotation": {"angle": 22.5, "axis": "x", "origin": [0, 0, -1.9]},
			"faces": {
				"north": {"uv": [0, 0, 16, 1.8], "rotation": 180, "texture": "#22"},
				"east": {"uv": [0, 0, 1.8, 4], "rotation": 270, "texture": "#22"},
				"south": {"uv": [0, 0, 16, 1.8], "texture": "#22"},
				"west": {"uv": [0, 0, 1.8, 4], "rotation": 90, "texture": "#22"},
				"up": {"uv": [0, 0, 16, 4], "rotation": 180, "texture": "#22"},
				"down": {"uv": [0, 0, 16, 4], "texture": "#22"}
			}
		},
		{
			"from": [-0.75, -0.625, 29.625],
			"to": [16.75, 3.175, 31.525],
			"rotation": {"angle": 0, "axis": "y", "origin": [0, 0, -1.9]},
			"faces": {
				"north": {"uv": [0, 0, 16, 1.8], "rotation": 180, "texture": "#23"},
				"east": {"uv": [0, 0, 1.8, 4], "rotation": 270, "texture": "#22"},
				"south": {"uv": [0, 0, 16, 1.8], "texture": "#22"},
				"west": {"uv": [0, 0, 1.8, 4], "rotation": 90, "texture": "#22"},
				"up": {"uv": [0, 0, 16, 4], "rotation": 180, "texture": "#22"},
				"down": {"uv": [0, 0, 16, 4], "texture": "#22"}
			}
		},
		{
			"from": [16.75, -0.625, 29.625],
			"to": [17.35, 3.175, 31.525],
			"rotation": {"angle": 0, "axis": "y", "origin": [0, 0, -1.9]},
			"faces": {
				"north": {"uv": [0, 0, 16, 1.8], "rotation": 180, "texture": "#22"},
				"east": {"uv": [0, 0, 1.8, 4], "rotation": 270, "texture": "#22"},
				"south": {"uv": [0, 0, 16, 1.8], "texture": "#22"},
				"west": {"uv": [0, 0, 1.8, 4], "rotation": 90, "texture": "#22"},
				"up": {"uv": [0, 0, 16, 4], "rotation": 180, "texture": "#22"},
				"down": {"uv": [0, 0, 16, 4], "texture": "#22"}
			}
		},
		{
			"from": [-1.35, -0.625, 29.625],
			"to": [-0.75, 3.175, 31.525],
			"rotation": {"angle": 0, "axis": "y", "origin": [0, 0, -1.9]},
			"faces": {
				"north": {"uv": [0, 0, 16, 1.8], "rotation": 180, "texture": "#22"},
				"east": {"uv": [0, 0, 1.8, 4], "rotation": 270, "texture": "#22"},
				"south": {"uv": [0, 0, 16, 1.8], "texture": "#22"},
				"west": {"uv": [0, 0, 1.8, 4], "rotation": 90, "texture": "#22"},
				"up": {"uv": [0, 0, 16, 4], "rotation": 180, "texture": "#22"},
				"down": {"uv": [0, 0, 16, 4], "texture": "#22"}
			}
		},
		{
			"from": [16.75, -9.9, 28.3],
			"to": [17.35, 3.775, 30.2],
			"rotation": {"angle": -22.5, "axis": "x", "origin": [0, 0, -1.9]},
			"faces": {
				"north": {"uv": [0, 0, 16, 1.8], "rotation": 180, "texture": "#22"},
				"east": {"uv": [0, 0, 1.8, 4], "rotation": 270, "texture": "#22"},
				"south": {"uv": [0, 0, 16, 1.8], "texture": "#22"},
				"west": {"uv": [0, 0, 1.8, 4], "rotation": 90, "texture": "#22"},
				"up": {"uv": [0, 0, 16, 4], "rotation": 180, "texture": "#22"},
				"down": {"uv": [0, 0, 16, 4], "texture": "#22"}
			}
		},
		{
			"from": [1.75, -7.3, 28.3],
			"to": [13.75, -6.225, 30.2],
			"rotation": {"angle": -22.5, "axis": "x", "origin": [0, 0, -1.9]},
			"faces": {
				"north": {"uv": [0, 0, 16, 1.8], "rotation": 180, "texture": "#23"},
				"east": {"uv": [0, 0, 1.8, 4], "rotation": 270, "texture": "#14"},
				"south": {"uv": [0, 0, 16, 1.8], "texture": "#14"},
				"west": {"uv": [0, 0, 1.8, 4], "rotation": 90, "texture": "#14"},
				"up": {"uv": [0, 0, 16, 4], "rotation": 180, "texture": "#14"},
				"down": {"uv": [0, 0, 16, 4], "texture": "#14"}
			}
		},
		{
			"name": "glass",
			"from": [2.75, -6.3, 28.3],
			"to": [13.25, 3.775, 30.2],
			"rotation": {"angle": -22.5, "axis": "x", "origin": [0, 0, -1.9]},
			"faces": {
				"north": {"uv": [0, 0, 16, 16], "rotation": 180, "texture": "#15"},
				"east": {"uv": [0, 0, 1.8, 4], "rotation": 270, "texture": "#14"},
				"south": {"uv": [0, 0, 16, 16], "texture": "#18"},
				"west": {"uv": [0, 0, 1.8, 4], "rotation": 90, "texture": "#14"},
				"up": {"uv": [0, 0, 16, 4], "rotation": 180, "texture": "#14"},
				"down": {"uv": [0, 0, 16, 4], "texture": "#14"}
			}
		},
		{
			"from": [0.75, -7.3, 28.3],
			"to": [2.75, 3.775, 30.2],
			"rotation": {"angle": -22.5, "axis": "x", "origin": [0, 0, -1.9]},
			"faces": {
				"north": {"uv": [0, 0, 16, 1.8], "rotation": 180, "texture": "#23"},
				"east": {"uv": [0, 0, 1.8, 4], "rotation": 270, "texture": "#14"},
				"south": {"uv": [0, 0, 16, 1.8], "texture": "#14"},
				"west": {"uv": [0, 0, 1.8, 4], "rotation": 90, "texture": "#14"},
				"up": {"uv": [0, 0, 16, 4], "rotation": 180, "texture": "#14"},
				"down": {"uv": [0, 0, 16, 4], "texture": "#14"}
			}
		},
		{
			"from": [13.25, -7.3, 28.3],
			"to": [15.25, 3.775, 30.2],
			"rotation": {"angle": -22.5, "axis": "x", "origin": [0, 0, -1.9]},
			"faces": {
				"north": {"uv": [0, 0, 16, 1.8], "rotation": 180, "texture": "#23"},
				"east": {"uv": [0, 0, 1.8, 4], "rotation": 270, "texture": "#14"},
				"south": {"uv": [0, 0, 16, 1.8], "texture": "#14"},
				"west": {"uv": [0, 0, 1.8, 4], "rotation": 90, "texture": "#14"},
				"up": {"uv": [0, 0, 16, 4], "rotation": 180, "texture": "#14"},
				"down": {"uv": [0, 0, 16, 4], "texture": "#14"}
			}
		},
		{
			"from": [4.25, -5.1, 30.3],
			"to": [11.45, -4.9, 30.8],
			"rotation": {"angle": -22.5, "axis": "x", "origin": [-1, 0, -1.9]},
			"faces": {
				"north": {"uv": [0, 0, 16, 1.8], "rotation": 180, "texture": "#14"},
				"east": {"uv": [0, 0, 1.8, 4], "rotation": 270, "texture": "#14"},
				"south": {"uv": [0, 0, 16, 1.8], "texture": "#14"},
				"west": {"uv": [0, 0, 1.8, 4], "rotation": 90, "texture": "#14"},
				"up": {"uv": [0, 0, 16, 4], "rotation": 180, "texture": "#14"},
				"down": {"uv": [0, 0, 16, 4], "texture": "#14"}
			}
		},
		{
			"from": [4.25, 10.5, 29.8],
			"to": [8.45, 10.7, 30.3],
			"rotation": {"angle": -22.5, "axis": "z", "origin": [-1, 0, -1.9]},
			"faces": {
				"north": {"uv": [0, 0, 16, 1.8], "rotation": 180, "texture": "#14"},
				"east": {"uv": [0, 0, 1.8, 4], "rotation": 270, "texture": "#14"},
				"south": {"uv": [0, 0, 16, 1.8], "texture": "#14"},
				"west": {"uv": [0, 0, 1.8, 4], "rotation": 90, "texture": "#14"},
				"up": {"uv": [0, 0, 16, 4], "rotation": 180, "texture": "#14"},
				"down": {"uv": [0, 0, 16, 4], "texture": "#14"}
			}
		},
		{
			"from": [15.25, -7.9, 28.3],
			"to": [16.75, 3.775, 30.2],
			"rotation": {"angle": -22.5, "axis": "x", "origin": [0, 0, -1.9]},
			"faces": {
				"north": {"uv": [0, 0, 16, 1.8], "rotation": 180, "texture": "#23"},
				"east": {"uv": [0, 0, 1.8, 4], "rotation": 270, "texture": "#22"},
				"south": {"uv": [0, 0, 16, 1.8], "texture": "#22"},
				"west": {"uv": [0, 0, 1.8, 4], "rotation": 90, "texture": "#22"},
				"up": {"uv": [0, 0, 16, 4], "rotation": 180, "texture": "#22"},
				"down": {"uv": [0, 0, 16, 4], "texture": "#22"}
			}
		},
		{
			"from": [0.75, -9.9, 28.3],
			"to": [15.25, -7.225, 30.2],
			"rotation": {"angle": -22.5, "axis": "x", "origin": [0, 0, -1.9]},
			"faces": {
				"north": {"uv": [0, 0, 16, 1.8], "rotation": 180, "texture": "#23"},
				"east": {"uv": [0, 0, 1.8, 4], "rotation": 270, "texture": "#14"},
				"south": {"uv": [0, 0, 16, 1.8], "texture": "#14"},
				"west": {"uv": [0, 0, 1.8, 4], "rotation": 90, "texture": "#14"},
				"up": {"uv": [0, 0, 16, 4], "rotation": 180, "texture": "#14"},
				"down": {"uv": [0, 0, 16, 4], "texture": "#14"}
			}
		},
		{
			"from": [15.25, -9.9, 28.3],
			"to": [16.75, -7.225, 30.2],
			"rotation": {"angle": -22.5, "axis": "x", "origin": [0, 0, -1.9]},
			"faces": {
				"north": {"uv": [0, 0, 16, 1.8], "rotation": 180, "texture": "#23"},
				"east": {"uv": [0, 0, 1.8, 4], "rotation": 270, "texture": "#22"},
				"south": {"uv": [0, 0, 16, 1.8], "texture": "#22"},
				"west": {"uv": [0, 0, 1.8, 4], "rotation": 90, "texture": "#22"},
				"up": {"uv": [0, 0, 16, 4], "rotation": 180, "texture": "#22"},
				"down": {"uv": [0, 0, 16, 4], "texture": "#22"}
			}
		},
		{
			"from": [-0.75, -9.9, 28.3],
			"to": [0.75, -7.225, 30.2],
			"rotation": {"angle": -22.5, "axis": "x", "origin": [0, 0, -1.9]},
			"faces": {
				"north": {"uv": [0, 0, 16, 1.8], "rotation": 180, "texture": "#23"},
				"east": {"uv": [0, 0, 1.8, 4], "rotation": 270, "texture": "#22"},
				"south": {"uv": [0, 0, 16, 1.8], "texture": "#22"},
				"west": {"uv": [0, 0, 1.8, 4], "rotation": 90, "texture": "#22"},
				"up": {"uv": [0, 0, 16, 4], "rotation": 180, "texture": "#22"},
				"down": {"uv": [0, 0, 16, 4], "texture": "#22"}
			}
		},
		{
			"from": [-0.75, -7.9, 28.3],
			"to": [0.75, 3.775, 30.2],
			"rotation": {"angle": -22.5, "axis": "x", "origin": [0, 0, -1.9]},
			"faces": {
				"north": {"uv": [0, 0, 16, 1.8], "rotation": 180, "texture": "#23"},
				"east": {"uv": [0, 0, 1.8, 4], "rotation": 270, "texture": "#22"},
				"south": {"uv": [0, 0, 16, 1.8], "texture": "#22"},
				"west": {"uv": [0, 0, 1.8, 4], "rotation": 90, "texture": "#22"},
				"up": {"uv": [0, 0, 16, 4], "rotation": 180, "texture": "#22"},
				"down": {"uv": [0, 0, 16, 4], "texture": "#22"}
			}
		},
		{
			"from": [-1.35, -9.9, 28.3],
			"to": [-0.75, 3.775, 30.2],
			"rotation": {"angle": -22.5, "axis": "x", "origin": [0, 0, -1.9]},
			"faces": {
				"north": {"uv": [0, 0, 16, 1.8], "rotation": 180, "texture": "#22"},
				"east": {"uv": [0, 0, 1.8, 4], "rotation": 270, "texture": "#22"},
				"south": {"uv": [0, 0, 16, 1.8], "texture": "#22"},
				"west": {"uv": [0, 0, 1.8, 4], "rotation": 90, "texture": "#22"},
				"up": {"uv": [0, 0, 16, 4], "rotation": 180, "texture": "#22"},
				"down": {"uv": [0, 0, 16, 4], "texture": "#22"}
			}
		},
		{
			"from": [-1.35, 29.2, 3.325],
			"to": [-0.75, 31.1, 6.9],
			"rotation": {"angle": 45, "axis": "x", "origin": [0, 0, -1.9]},
			"faces": {
				"north": {"uv": [0, 0, 16, 4], "texture": "#22"},
				"east": {"uv": [0, 0, 1.8, 4], "texture": "#22"},
				"south": {"uv": [0, 0, 16, 4], "texture": "#22"},
				"west": {"uv": [0, 0, 1.8, 4], "texture": "#22"},
				"up": {"uv": [0, 0, 16, 1.8], "texture": "#22"},
				"down": {"uv": [0, 0, 16, 1.8], "texture": "#22"}
			}
		},
		{
			"from": [15.25, 29.2, 3.325],
			"to": [16.75, 31.1, 6.9],
			"rotation": {"angle": 45, "axis": "x", "origin": [0, 0, -1.9]},
			"faces": {
				"north": {"uv": [0, 0, 16, 4], "texture": "#22"},
				"east": {"uv": [0, 0, 1.8, 4], "texture": "#22"},
				"south": {"uv": [0, 0, 16, 4], "texture": "#22"},
				"west": {"uv": [0, 0, 1.8, 4], "texture": "#22"},
				"up": {"uv": [0, 0, 16, 1.8], "texture": "#22"},
				"down": {"uv": [0, 0, 16, 1.8], "texture": "#23"}
			}
		},
		{
			"from": [-0.75, 29.2, 3.325],
			"to": [0.75, 31.1, 6.9],
			"rotation": {"angle": 45, "axis": "x", "origin": [0, 0, -1.9]},
			"faces": {
				"north": {"uv": [0, 0, 16, 4], "texture": "#22"},
				"east": {"uv": [0, 0, 1.8, 4], "texture": "#22"},
				"south": {"uv": [0, 0, 16, 4], "texture": "#22"},
				"west": {"uv": [0, 0, 1.8, 4], "texture": "#22"},
				"up": {"uv": [0, 0, 16, 1.8], "texture": "#22"},
				"down": {"uv": [0, 0, 16, 1.8], "texture": "#23"}
			}
		},
		{
			"from": [0.75, 29.2, 3.325],
			"to": [15.25, 31.1, 6.9],
			"rotation": {"angle": 45, "axis": "x", "origin": [0, 0, -1.9]},
			"faces": {
				"north": {"uv": [0, 0, 16, 4], "texture": "#14"},
				"east": {"uv": [0, 0, 1.8, 4], "texture": "#14"},
				"south": {"uv": [0, 0, 16, 4], "texture": "#14"},
				"west": {"uv": [0, 0, 1.8, 4], "texture": "#14"},
				"up": {"uv": [0, 0, 16, 1.8], "texture": "#14"},
				"down": {"uv": [0, 0, 16, 1.8], "texture": "#23"}
			}
		},
		{
			"from": [16.75, 29.2, 3.325],
			"to": [17.35, 31.1, 6.9],
			"rotation": {"angle": 45, "axis": "x", "origin": [0, 0, -1.9]},
			"faces": {
				"north": {"uv": [0, 0, 16, 4], "texture": "#22"},
				"east": {"uv": [0, 0, 1.8, 4], "texture": "#22"},
				"south": {"uv": [0, 0, 16, 4], "texture": "#22"},
				"west": {"uv": [0, 0, 1.8, 4], "texture": "#22"},
				"up": {"uv": [0, 0, 16, 1.8], "texture": "#22"},
				"down": {"uv": [0, 0, 16, 1.8], "texture": "#22"}
			}
		},
		{
			"from": [0.75, 25.6, 11.775],
			"to": [15.25, 27.5, 14.675],
			"rotation": {"angle": 22.5, "axis": "x", "origin": [0, 0, -3.9]},
			"faces": {
				"north": {"uv": [0, 0, 16, 4], "texture": "#14"},
				"east": {"uv": [0, 0, 1.8, 4], "texture": "#14"},
				"south": {"uv": [0, 0, 16, 4], "texture": "#14"},
				"west": {"uv": [0, 0, 1.8, 4], "texture": "#14"},
				"up": {"uv": [0, 0, 16, 1.8], "texture": "#14"},
				"down": {"uv": [0, 0, 16, 1.8], "texture": "#23"}
			}
		},
		{
			"from": [15.25, 25.6, 11.775],
			"to": [17.35, 27.5, 14.675],
			"rotation": {"angle": 22.5, "axis": "x", "origin": [0, 0, -3.9]},
			"faces": {
				"north": {"uv": [0, 0, 16, 4], "texture": "#22"},
				"east": {"uv": [0, 0, 1.8, 4], "texture": "#22"},
				"south": {"uv": [0, 0, 16, 4], "texture": "#22"},
				"west": {"uv": [0, 0, 1.8, 4], "texture": "#22"},
				"up": {"uv": [0, 0, 16, 1.8], "texture": "#22"},
				"down": {"uv": [0, 0, 16, 1.8], "texture": "#23"}
			}
		},
		{
			"from": [-1.35, 25.6, 11.775],
			"to": [0.75, 27.5, 14.675],
			"rotation": {"angle": 22.5, "axis": "x", "origin": [0, 0, -3.9]},
			"faces": {
				"north": {"uv": [0, 0, 16, 4], "texture": "#22"},
				"east": {"uv": [0, 0, 1.8, 4], "texture": "#22"},
				"south": {"uv": [0, 0, 16, 4], "texture": "#22"},
				"west": {"uv": [0, 0, 1.8, 4], "texture": "#22"},
				"up": {"uv": [0, 0, 16, 1.8], "texture": "#22"},
				"down": {"uv": [0, 0, 16, 1.8], "texture": "#23"}
			}
		},
		{
			"from": [1.75, -4, 28.9],
			"to": [14.25, -1.6, 31.05],
			"rotation": {"angle": 0, "axis": "y", "origin": [8, 15.48964, 18.325]},
			"faces": {
				"north": {"uv": [0, 0, 14, 16], "texture": "#22"},
				"east": {"uv": [0, 0, 15.328, 3.648], "texture": "#22"},
				"south": {"uv": [0, 0, 14, 16], "texture": "#22"},
				"west": {"uv": [0, 0, 14, 16], "texture": "#22"},
				"up": {"uv": [0, 0, 14, 16], "texture": "#22"},
				"down": {"uv": [0, 0, 14, 16], "texture": "#22"}
			}
		},
		{
			"from": [-10.2, 6.125, 28.9],
			"to": [-8.6, 9.125, 31.05],
			"rotation": {"angle": 45, "axis": "z", "origin": [8, 15.48964, 18.325]},
			"faces": {
				"north": {"uv": [0, 0, 14, 16], "texture": "#22"},
				"east": {"uv": [0, 0, 15.328, 3.648], "texture": "#22"},
				"south": {"uv": [0, 0, 14, 16], "texture": "#22"},
				"west": {"uv": [0, 0, 14, 16], "texture": "#22"},
				"up": {"uv": [0, 0, 14, 16], "texture": "#22"},
				"down": {"uv": [0, 0, 14, 16], "texture": "#22"}
			}
		},
		{
			"from": [24.5, 6.125, 28.9],
			"to": [26.2, 9.125, 31.05],
			"rotation": {"angle": -45, "axis": "z", "origin": [8, 15.48964, 18.325]},
			"faces": {
				"north": {"uv": [0, 0, 14, 16], "texture": "#22"},
				"east": {"uv": [0, 0, 15.328, 3.648], "texture": "#22"},
				"south": {"uv": [0, 0, 14, 16], "texture": "#22"},
				"west": {"uv": [0, 0, 14, 16], "texture": "#22"},
				"up": {"uv": [0, 0, 14, 16], "texture": "#22"},
				"down": {"uv": [0, 0, 14, 16], "texture": "#22"}
			}
		},
		{
			"from": [16.25, 0.8, 18.1],
			"to": [17.25, 5.5, 23.05],
			"rotation": {"angle": 0, "axis": "y", "origin": [8, 15.48964, -25.875]},
			"faces": {
				"north": {"uv": [0, 0, 1, 16], "texture": "#4"},
				"east": {"uv": [0, 0, 1, 16], "texture": "#11"},
				"south": {"uv": [0, 0, 1, 16], "texture": "#4"},
				"west": {"uv": [0, 0, 12, 16], "texture": "#23"},
				"up": {"uv": [0, 0, 1, 2], "texture": "#14"},
				"down": {"uv": [0, 0, 1, 16], "texture": "#4"}
			}
		},
		{
			"from": [16.25, 0.8, 10],
			"to": [17.25, 5.5, 18.15],
			"rotation": {"angle": 0, "axis": "y", "origin": [8, 15.48964, -25.875]},
			"faces": {
				"north": {"uv": [0, 0, 1, 16], "texture": "#4"},
				"east": {"uv": [0, 0, 1, 16], "texture": "#11"},
				"south": {"uv": [0, 0, 1, 16], "texture": "#4"},
				"west": {"uv": [0, 0, 12, 16], "texture": "#23"},
				"up": {"uv": [0, 0, 1, 2], "texture": "#4"},
				"down": {"uv": [0, 0, 1, 16], "texture": "#4"}
			}
		},
		{
			"from": [16.25, 5.5, 10],
			"to": [17.25, 15.5, 18.35],
			"rotation": {"angle": 0, "axis": "y", "origin": [8, 15.48964, -6.675]},
			"faces": {
				"north": {"uv": [0, 0, 1, 16], "texture": "#14"},
				"east": {"uv": [0, 0, 1, 16], "texture": "#14"},
				"south": {"uv": [0, 0, 1, 16], "texture": "#14"},
				"west": {"uv": [0, 0, 15, 16], "texture": "#23"},
				"up": {"uv": [0, 0, 1, 2], "texture": "#14"},
				"down": {"uv": [0, 0, 1, 16], "texture": "#14"}
			}
		},
		{
			"from": [16.25, 15.5, 10],
			"to": [17.25, 17.5, 24.25],
			"rotation": {"angle": 0, "axis": "y", "origin": [8, 15.48964, -6.875]},
			"faces": {
				"north": {"uv": [0, 0, 1, 16], "texture": "#4"},
				"east": {"uv": [0, 0, 1, 16], "texture": "#11"},
				"south": {"uv": [0, 0, 1, 16], "texture": "#14"},
				"west": {"uv": [0, 0, 16, 4], "texture": "#23"},
				"up": {"uv": [0, 0, 1, 2], "texture": "#4"},
				"down": {"uv": [0, 0, 1, 16], "texture": "#14"}
			}
		},
		{
			"from": [16.25, 0.36464, 19.43536],
			"to": [17.25, 4.61464, 21.43536],
			"rotation": {"angle": -22.5, "axis": "x", "origin": [25.5, 15.48964, -6.875]},
			"faces": {
				"north": {"uv": [0, 0, 1, 16], "rotation": 180, "texture": "#14"},
				"east": {"uv": [0, 0, 1, 16], "rotation": 270, "texture": "#11"},
				"south": {"uv": [0, 0, 1, 2], "texture": "#11"},
				"west": {"uv": [0, 0, 1, 16], "rotation": 90, "texture": "#23"},
				"up": {"uv": [0, 0, 1, 16], "rotation": 180, "texture": "#11"},
				"down": {"uv": [0, 0, 1, 16], "texture": "#11"}
			}
		},
		{
			"from": [16.25, 0.8, 23],
			"to": [17.25, 16, 25.95],
			"rotation": {"angle": 0, "axis": "y", "origin": [8, 15.48964, -25.875]},
			"faces": {
				"north": {"uv": [0, 0, 1, 16], "texture": "#14"},
				"east": {"uv": [0, 0, 1, 16], "texture": "#11"},
				"south": {"uv": [0, 0, 1, 16], "texture": "#14"},
				"west": {"uv": [0, 0, 1, 16], "texture": "#23"},
				"up": {"uv": [0, 0, 1, 2], "texture": "#4"},
				"down": {"uv": [0, 0, 1, 16], "texture": "#4"}
			}
		},
		{
			"from": [16.95, 4.9, 18],
			"to": [16.95, 15.9, 23.15],
			"rotation": {"angle": 0, "axis": "y", "origin": [7.1, 14.88964, -7.675]},
			"faces": {
				"north": {"uv": [0, 0, 1, 16], "texture": "#18"},
				"east": {"uv": [0, 0, 16, 16], "texture": "#18"},
				"south": {"uv": [0, 0, 1, 16], "texture": "#18"},
				"west": {"uv": [0, 0, 16, 16], "texture": "#15"},
				"up": {"uv": [0, 0, 1, 2], "texture": "#18"},
				"down": {"uv": [0, 0, 1, 16], "texture": "#18"}
			}
		},
		{
			"from": [-1.25, 5.5, 10],
			"to": [-0.25, 15.5, 18.35],
			"rotation": {"angle": 0, "axis": "y", "origin": [8, 15.48964, -6.675]},
			"faces": {
				"north": {"uv": [0, 0, 1, 16], "texture": "#14"},
				"east": {"uv": [0, 0, 16, 16], "texture": "#23"},
				"south": {"uv": [0, 0, 1, 16], "texture": "#14"},
				"west": {"uv": [0, 0, 1, 16], "texture": "#14"},
				"up": {"uv": [0, 0, 1, 2], "texture": "#14"},
				"down": {"uv": [0, 0, 1, 16], "texture": "#14"}
			}
		},
		{
			"from": [-1.25, 0.8, 10],
			"to": [-0.25, 5.5, 18.15],
			"rotation": {"angle": 0, "axis": "y", "origin": [8, 15.48964, -25.875]},
			"faces": {
				"north": {"uv": [0, 0, 1, 16], "texture": "#4"},
				"east": {"uv": [0, 0, 16, 16], "texture": "#23"},
				"south": {"uv": [0, 0, 1, 16], "texture": "#14"},
				"west": {"uv": [0, 0, 1, 16], "texture": "#11"},
				"up": {"uv": [0, 0, 1, 2], "texture": "#4"},
				"down": {"uv": [0, 0, 1, 16], "texture": "#4"}
			}
		},
		{
			"from": [-1.25, 0.8, 18.1],
			"to": [-0.25, 5.5, 23.05],
			"rotation": {"angle": 0, "axis": "y", "origin": [8, 15.48964, -25.875]},
			"faces": {
				"north": {"uv": [0, 0, 1, 16], "texture": "#4"},
				"east": {"uv": [0, 0, 1, 16], "texture": "#23"},
				"south": {"uv": [0, 0, 1, 16], "texture": "#4"},
				"west": {"uv": [0, 0, 1, 16], "texture": "#11"},
				"up": {"uv": [0, 0, 1, 2], "texture": "#14"},
				"down": {"uv": [0, 0, 1, 16], "texture": "#4"}
			}
		},
		{
			"from": [-1.25, 15.5, 10],
			"to": [-0.25, 17.5, 24.25],
			"rotation": {"angle": 0, "axis": "y", "origin": [8, 15.48964, -6.875]},
			"faces": {
				"north": {"uv": [0, 0, 1, 16], "texture": "#4"},
				"east": {"uv": [0, 0, 14, 4], "texture": "#23"},
				"south": {"uv": [0, 0, 1, 16], "texture": "#14"},
				"west": {"uv": [0, 0, 1, 16], "texture": "#11"},
				"up": {"uv": [0, 0, 1, 2], "texture": "#4"},
				"down": {"uv": [0, 0, 1, 16], "texture": "#14"}
			}
		},
		{
			"from": [-1.25, 0.36464, 19.43536],
			"to": [-0.25, 4.61464, 21.43536],
			"rotation": {"angle": -22.5, "axis": "x", "origin": [8, 15.48964, -6.875]},
			"faces": {
				"north": {"uv": [0, 0, 1, 16], "rotation": 180, "texture": "#14"},
				"east": {"uv": [0, 0, 1, 16], "rotation": 270, "texture": "#23"},
				"south": {"uv": [0, 0, 1, 2], "texture": "#4"},
				"west": {"uv": [0, 0, 1, 16], "rotation": 90, "texture": "#11"},
				"up": {"uv": [0, 0, 1, 16], "rotation": 180, "texture": "#4"},
				"down": {"uv": [0, 0, 1, 16], "texture": "#14"}
			}
		},
		{
			"from": [-1.25, -7.63536, 12.43536],
			"to": [-0.25, -3.38536, 14.43536],
			"rotation": {"angle": -45, "axis": "x", "origin": [8, 15.48964, -6.875]},
			"faces": {
				"north": {"uv": [0, 0, 1, 16], "rotation": 180, "texture": "#14"},
				"east": {"uv": [0, 0, 1, 16], "rotation": 270, "texture": "#23"},
				"south": {"uv": [0, 0, 1, 2], "texture": "#4"},
				"west": {"uv": [0, 0, 1, 16], "rotation": 90, "texture": "#11"},
				"up": {"uv": [0, 0, 1, 16], "rotation": 180, "texture": "#4"},
				"down": {"uv": [0, 0, 1, 16], "texture": "#14"}
			}
		},
		{
			"from": [-1.05, 4.9, 18],
			"to": [-1.05, 15.9, 23.15],
			"rotation": {"angle": 0, "axis": "y", "origin": [7.1, 14.88964, -7.675]},
			"faces": {
				"north": {"uv": [0, 0, 1, 16], "texture": "#18"},
				"east": {"uv": [0, 0, 16, 16], "texture": "#15"},
				"south": {"uv": [0, 0, 1, 16], "texture": "#18"},
				"west": {"uv": [0, 0, 16, 16], "texture": "#18"},
				"up": {"uv": [0, 0, 1, 2], "texture": "#18"},
				"down": {"uv": [0, 0, 1, 16], "texture": "#18"}
			}
		},
		{
			"from": [11.85, -1.425, 10],
			"to": [15, -0.625, 30.25],
			"rotation": {"angle": -45, "axis": "z", "origin": [8, 15.48964, 18.325]},
			"faces": {
				"north": {"uv": [0, 0, 14, 16], "texture": "#11"},
				"east": {"uv": [0, 0, 14, 16], "texture": "#11"},
				"south": {"uv": [0, 0, 14, 16], "texture": "#11"},
				"west": {"uv": [0, 0, 14, 16], "texture": "#11"},
				"up": {"uv": [0, 0, 14, 16], "texture": "#11"},
				"down": {"uv": [0, 0, 14, 16], "texture": "#11"}
			}
		},
		{
			"from": [24.11036, 8.48964, 10],
			"to": [24.91036, 11.63964, 30.25],
			"rotation": {"angle": -45, "axis": "z", "origin": [8, 15.48964, 18.325]},
			"faces": {
				"north": {"uv": [0, 0, 14, 16], "rotation": 270, "texture": "#11"},
				"east": {"uv": [0, 0, 16, 14], "texture": "#11"},
				"south": {"uv": [0, 0, 14, 16], "rotation": 90, "texture": "#11"},
				"west": {"uv": [0, 0, 14, 16], "rotation": 90, "texture": "#11"},
				"up": {"uv": [0, 0, 14, 16], "rotation": 90, "texture": "#11"},
				"down": {"uv": [0, 0, 14, 16], "rotation": 90, "texture": "#11"}
			}
		},
		{
			"from": [22.81036, 8.48964, 10],
			"to": [24.11036, 9.63964, 30.25],
			"rotation": {"angle": -45, "axis": "z", "origin": [8, 15.48964, 18.325]},
			"faces": {
				"north": {"uv": [0, 0, 14, 16], "rotation": 270, "texture": "#11"},
				"east": {"uv": [0, 0, 14, 16], "rotation": 90, "texture": "#11"},
				"south": {"uv": [0, 0, 14, 16], "rotation": 90, "texture": "#11"},
				"west": {"uv": [0, 0, 14, 16], "rotation": 90, "texture": "#11"},
				"up": {"uv": [0, 0, 14, 16], "rotation": 90, "texture": "#11"},
				"down": {"uv": [0, 0, 14, 16], "rotation": 90, "texture": "#11"}
			}
		},
		{
			"from": [13.85, -0.625, 10],
			"to": [15, 0.575, 30.25],
			"rotation": {"angle": -45, "axis": "z", "origin": [8, 15.48964, 18.325]},
			"faces": {
				"north": {"uv": [0, 0, 14, 16], "texture": "#11"},
				"east": {"uv": [0, 0, 14, 16], "texture": "#11"},
				"south": {"uv": [0, 0, 14, 16], "texture": "#11"},
				"west": {"uv": [0, 0, 14, 16], "texture": "#11"},
				"up": {"uv": [0, 0, 14, 16], "texture": "#11"},
				"down": {"uv": [0, 0, 14, 16], "texture": "#11"}
			}
		},
		{
			"from": [16.7, 0.8, 1.9],
			"to": [17.2, 5.8, 6.05],
			"rotation": {"angle": 0, "axis": "y", "origin": [8, 15.48964, -15.675]},
			"faces": {
				"north": {"uv": [0, 0, 1, 16], "texture": "#4"},
				"east": {"uv": [0, 0, 1, 16], "texture": "#4"},
				"south": {"uv": [0, 0, 1, 16], "texture": "#4"},
				"west": {"uv": [0, 0, 1, 16], "texture": "#4"},
				"up": {"uv": [0, 0, 1, 2], "texture": "#4"},
				"down": {"uv": [0, 0, 1, 16], "texture": "#4"}
			}
		},
		{
			"from": [16.7, 0.8, 0.9],
			"to": [17.2, 15.8, 2.05],
			"rotation": {"angle": 0, "axis": "y", "origin": [8, 15.48964, -15.675]},
			"faces": {
				"north": {"uv": [0, 0, 1, 16], "texture": "#4"},
				"east": {"uv": [0, 0, 1, 16], "texture": "#4"},
				"south": {"uv": [0, 0, 1, 16], "texture": "#4"},
				"west": {"uv": [0, 0, 1, 16], "texture": "#4"},
				"up": {"uv": [0, 0, 1, 2], "texture": "#4"},
				"down": {"uv": [0, 0, 1, 16], "texture": "#4"}
			}
		},
		{
			"from": [16.7, 13.8, 1.9],
			"to": [17.2, 15.8, 6.05],
			"rotation": {"angle": 0, "axis": "y", "origin": [8, 15.48964, -15.675]},
			"faces": {
				"north": {"uv": [0, 0, 1, 16], "texture": "#4"},
				"east": {"uv": [0, 0, 1, 16], "texture": "#4"},
				"south": {"uv": [0, 0, 1, 16], "texture": "#4"},
				"west": {"uv": [0, 0, 1, 16], "texture": "#4"},
				"up": {"uv": [0, 0, 1, 2], "texture": "#4"},
				"down": {"uv": [0, 0, 1, 16], "texture": "#4"}
			}
		},
		{
			"from": [16.7, 0.8, 5.9],
			"to": [17.2, 15.8, 7.05],
			"rotation": {"angle": 0, "axis": "y", "origin": [8, 15.48964, -15.675]},
			"faces": {
				"north": {"uv": [0, 0, 1, 16], "texture": "#4"},
				"east": {"uv": [0, 0, 1, 16], "texture": "#4"},
				"south": {"uv": [0, 0, 1, 16], "texture": "#4"},
				"west": {"uv": [0, 0, 1, 16], "texture": "#4"},
				"up": {"uv": [0, 0, 1, 2], "texture": "#4"},
				"down": {"uv": [0, 0, 1, 16], "texture": "#4"}
			}
		},
		{
			"from": [16.95, 5.8, 1.9],
			"to": [16.95, 13.8, 6.05],
			"rotation": {"angle": 0, "axis": "y", "origin": [8, 15.48964, -15.675]},
			"faces": {
				"north": {"uv": [0, 0, 1, 16], "texture": "#18"},
				"east": {"uv": [0, 0, 16, 16], "texture": "#18"},
				"south": {"uv": [0, 0, 1, 16], "texture": "#18"},
				"west": {"uv": [0, 0, 16, 16], "texture": "#18"},
				"up": {"uv": [0, 0, 1, 2], "texture": "#18"},
				"down": {"uv": [0, 0, 1, 16], "texture": "#18"}
			}
		},
		{
			"from": [-1.2, 0.8, 1.9],
			"to": [-0.7, 5.8, 6.05],
			"rotation": {"angle": 0, "axis": "y", "origin": [8, 15.48964, -15.675]},
			"faces": {
				"north": {"uv": [0, 0, 1, 16], "texture": "#4"},
				"east": {"uv": [0, 0, 1, 16], "texture": "#4"},
				"south": {"uv": [0, 0, 1, 16], "texture": "#4"},
				"west": {"uv": [0, 0, 1, 16], "texture": "#4"},
				"up": {"uv": [0, 0, 1, 2], "texture": "#4"},
				"down": {"uv": [0, 0, 1, 16], "texture": "#4"}
			}
		},
		{
			"from": [-1.2, 0.8, 0.9],
			"to": [-0.7, 15.8, 2.05],
			"rotation": {"angle": 0, "axis": "y", "origin": [8, 15.48964, -15.675]},
			"faces": {
				"north": {"uv": [0, 0, 1, 16], "texture": "#4"},
				"east": {"uv": [0, 0, 1, 16], "texture": "#4"},
				"south": {"uv": [0, 0, 1, 16], "texture": "#4"},
				"west": {"uv": [0, 0, 1, 16], "texture": "#4"},
				"up": {"uv": [0, 0, 1, 2], "texture": "#4"},
				"down": {"uv": [0, 0, 1, 16], "texture": "#4"}
			}
		},
		{
			"from": [-1.2, 13.8, 1.9],
			"to": [-0.7, 15.8, 6.05],
			"rotation": {"angle": 0, "axis": "y", "origin": [8, 15.48964, -15.675]},
			"faces": {
				"north": {"uv": [0, 0, 1, 16], "texture": "#4"},
				"east": {"uv": [0, 0, 1, 16], "texture": "#4"},
				"south": {"uv": [0, 0, 1, 16], "texture": "#4"},
				"west": {"uv": [0, 0, 1, 16], "texture": "#4"},
				"up": {"uv": [0, 0, 1, 2], "texture": "#4"},
				"down": {"uv": [0, 0, 1, 16], "texture": "#4"}
			}
		},
		{
			"from": [-1.2, 0.8, 5.9],
			"to": [-0.7, 15.8, 7.05],
			"rotation": {"angle": 0, "axis": "y", "origin": [8, 15.48964, -15.675]},
			"faces": {
				"north": {"uv": [0, 0, 1, 16], "texture": "#4"},
				"east": {"uv": [0, 0, 1, 16], "texture": "#4"},
				"south": {"uv": [0, 0, 1, 16], "texture": "#4"},
				"west": {"uv": [0, 0, 1, 16], "texture": "#4"},
				"up": {"uv": [0, 0, 1, 2], "texture": "#4"},
				"down": {"uv": [0, 0, 1, 16], "texture": "#4"}
			}
		},
		{
			"from": [-0.95, 5.8, 1.9],
			"to": [-0.95, 13.8, 6.05],
			"rotation": {"angle": 0, "axis": "y", "origin": [8, 15.48964, -15.675]},
			"faces": {
				"north": {"uv": [0, 0, 1, 16], "texture": "#18"},
				"east": {"uv": [0, 0, 16, 16], "texture": "#18"},
				"south": {"uv": [0, 0, 1, 16], "texture": "#18"},
				"west": {"uv": [0, 0, 16, 16], "texture": "#18"},
				"up": {"uv": [0, 0, 1, 2], "texture": "#18"},
				"down": {"uv": [0, 0, 1, 16], "texture": "#18"}
			}
		},
		{
			"name": "roof",
			"from": [3.25, 19, 1.2],
			"to": [12.75, 21, 12.3],
			"rotation": {"angle": 0, "axis": "y", "origin": [8, 3.48964, 11.325]},
			"faces": {
				"north": {"uv": [5, 0, 11, 16], "texture": "#13"},
				"east": {"uv": [5, 0, 11, 16], "texture": "#4"},
				"south": {"uv": [5, 0, 11, 16], "texture": "#4"},
				"west": {"uv": [5, 0, 11, 16], "texture": "#4"},
				"up": {"uv": [8.072, 9.504, 11.416, 13.76], "texture": "#16"},
				"down": {"uv": [5, 0, 11, 16], "texture": "#13"}
			}
		},
		{
			"name": "roof",
			"from": [3.25, 19, -9.65],
			"to": [12.75, 21, 1.45],
			"rotation": {"angle": 0, "axis": "y", "origin": [8, 3.48964, 11.325]},
			"faces": {
				"north": {"uv": [5, 0, 11, 16], "texture": "#4"},
				"east": {"uv": [5, 0, 11, 16], "texture": "#4"},
				"south": {"uv": [5, 0, 11, 16], "texture": "#13"},
				"west": {"uv": [5, 0, 11, 16], "texture": "#4"},
				"up": {"uv": [8.072, 9.504, 11.416, 13.76], "rotation": 180, "texture": "#16"},
				"down": {"uv": [5, 0, 11, 16], "rotation": 180, "texture": "#13"}
			}
		},
		{
			"from": [-0.4, 4.1, 26.15],
			"to": [16.35, 5.85, 28.25],
			"rotation": {"angle": 0, "axis": "y", "origin": [0, 0, -10.9]},
			"faces": {
				"north": {"uv": [0, 0, 16, 4], "texture": "#11"},
				"east": {"uv": [0, 0, 1.8, 4], "texture": "#11"},
				"south": {"uv": [0, 0, 16, 4], "texture": "#11"},
				"west": {"uv": [0, 0, 1.8, 4], "texture": "#11"},
				"up": {"uv": [0, 0, 16, 1.8], "texture": "#11"},
				"down": {"uv": [0, 0, 16, 1.8], "texture": "#11"}
			}
		},
		{
			"from": [9.65, 5.3, 26.85],
			"to": [9.9, 6.75, 27.15],
			"rotation": {"angle": 0, "axis": "y", "origin": [0, 0, -10.9]},
			"faces": {
				"north": {"uv": [0, 0, 16, 4], "texture": "#22"},
				"east": {"uv": [0, 0, 1.8, 4], "texture": "#22"},
				"south": {"uv": [0, 0, 16, 4], "texture": "#22"},
				"west": {"uv": [0, 0, 1.8, 4], "texture": "#22"},
				"up": {"uv": [0, 0, 16, 1.8], "texture": "#22"},
				"down": {"uv": [0, 0, 16, 1.8], "texture": "#22"}
			}
		},
		{
			"from": [9.25, 6.7, 26.85],
			"to": [10.4, 6.85, 27.15],
			"rotation": {"angle": 0, "axis": "y", "origin": [0, 0, -10.9]},
			"faces": {
				"north": {"uv": [0, 0, 16, 4], "texture": "#22"},
				"east": {"uv": [0, 0, 1.8, 4], "texture": "#22"},
				"south": {"uv": [0, 0, 16, 4], "texture": "#22"},
				"west": {"uv": [0, 0, 1.8, 4], "texture": "#22"},
				"up": {"uv": [0, 0, 16, 1.8], "texture": "#22"},
				"down": {"uv": [0, 0, 16, 1.8], "texture": "#22"}
			}
		},
		{
			"from": [6.65, 5.3, 26.85],
			"to": [6.9, 6.75, 27.15],
			"rotation": {"angle": 0, "axis": "y", "origin": [0, 0, -10.9]},
			"faces": {
				"north": {"uv": [0, 0, 16, 4], "texture": "#22"},
				"east": {"uv": [0, 0, 1.8, 4], "texture": "#22"},
				"south": {"uv": [0, 0, 16, 4], "texture": "#22"},
				"west": {"uv": [0, 0, 1.8, 4], "texture": "#22"},
				"up": {"uv": [0, 0, 16, 1.8], "texture": "#22"},
				"down": {"uv": [0, 0, 16, 1.8], "texture": "#22"}
			}
		},
		{
			"from": [6.25, 6.7, 26.85],
			"to": [7.4, 6.85, 27.15],
			"rotation": {"angle": 0, "axis": "y", "origin": [0, 0, -10.9]},
			"faces": {
				"north": {"uv": [0, 0, 16, 4], "texture": "#22"},
				"east": {"uv": [0, 0, 1.8, 4], "texture": "#22"},
				"south": {"uv": [0, 0, 16, 4], "texture": "#22"},
				"west": {"uv": [0, 0, 1.8, 4], "texture": "#22"},
				"up": {"uv": [0, 0, 16, 1.8], "texture": "#22"},
				"down": {"uv": [0, 0, 16, 1.8], "texture": "#22"}
			}
		},
		{
			"from": [0.05, 6, 26.85],
			"to": [2.3, 7.35, 27.15],
			"rotation": {"angle": 0, "axis": "y", "origin": [0, 0, -10.9]},
			"faces": {
				"north": {"uv": [0, 0, 16, 4], "texture": "#14"},
				"east": {"uv": [0, 0, 1.8, 4], "texture": "#14"},
				"south": {"uv": [0, 0, 16, 4], "texture": "#14"},
				"west": {"uv": [0, 0, 1.8, 4], "texture": "#14"},
				"up": {"uv": [0, 0, 16, 1.8], "texture": "#14"},
				"down": {"uv": [0, 0, 16, 1.8], "texture": "#14"}
			}
		},
		{
			"from": [-0.5, 5.8, 26.95],
			"to": [2.65, 7.55, 28.25],
			"rotation": {"angle": 0, "axis": "y", "origin": [0, 0, -10.9]},
			"faces": {
				"north": {"uv": [0, 0, 16, 4], "texture": "#11"},
				"east": {"uv": [0, 0, 1.8, 4], "texture": "#11"},
				"south": {"uv": [0, 0, 16, 4], "texture": "#11"},
				"west": {"uv": [0, 0, 1.8, 4], "texture": "#11"},
				"up": {"uv": [0, 0, 16, 1.8], "texture": "#11"},
				"down": {"uv": [0, 0, 16, 1.8], "texture": "#11"}
			}
		},
		{
			"from": [13.85, 6, 26.85],
			"to": [16.1, 7.35, 27.15],
			"rotation": {"angle": 0, "axis": "y", "origin": [0, 0, -10.9]},
			"faces": {
				"north": {"uv": [0, 0, 16, 4], "texture": "#14"},
				"east": {"uv": [0, 0, 1.8, 4], "texture": "#14"},
				"south": {"uv": [0, 0, 16, 4], "texture": "#14"},
				"west": {"uv": [0, 0, 1.8, 4], "texture": "#14"},
				"up": {"uv": [0, 0, 16, 1.8], "texture": "#14"},
				"down": {"uv": [0, 0, 16, 1.8], "texture": "#14"}
			}
		},
		{
			"from": [13.4, 5.8, 26.95],
			"to": [16.55, 7.55, 28.25],
			"rotation": {"angle": 0, "axis": "y", "origin": [0, 0, -10.9]},
			"faces": {
				"north": {"uv": [0, 0, 16, 4], "texture": "#11"},
				"east": {"uv": [0, 0, 1.8, 4], "texture": "#11"},
				"south": {"uv": [0, 0, 16, 4], "texture": "#11"},
				"west": {"uv": [0, 0, 1.8, 4], "texture": "#11"},
				"up": {"uv": [0, 0, 16, 1.8], "texture": "#11"},
				"down": {"uv": [0, 0, 16, 1.8], "texture": "#11"}
			}
		},
		{
			"from": [6.65, 0.5, 18.2],
			"to": [9.65, 3.5, 19.85],
			"rotation": {"angle": 0, "axis": "y", "origin": [8.5, 12.48964, 0.325]},
			"faces": {
				"north": {"uv": [0, 0, 1, 16], "texture": "#4"},
				"east": {"uv": [0, 0, 1, 16], "texture": "#11"},
				"south": {"uv": [0, 0, 16, 16], "texture": "#11"},
				"west": {"uv": [0, 0, 1, 16], "texture": "#11"},
				"up": {"uv": [0, 0, 16, 16], "rotation": 180, "texture": "#11"},
				"down": {"uv": [0, 0, 16, 16], "rotation": 180, "texture": "#missing"}
			}
		},
		{
			"from": [5.65, 3.5, 17.2],
			"to": [10.65, 4.1, 21.85],
			"rotation": {"angle": 0, "axis": "y", "origin": [8.5, 12.48964, 0.325]},
			"faces": {
				"north": {"uv": [0, 0, 1, 16], "texture": "#19"},
				"east": {"uv": [0, 0, 1, 16], "texture": "#11"},
				"south": {"uv": [0, 0, 16, 16], "texture": "#11"},
				"west": {"uv": [0, 0, 1, 16], "texture": "#11"},
				"up": {"uv": [0, 0, 16, 16], "rotation": 180, "texture": "#19"},
				"down": {"uv": [0, 0, 16, 16], "rotation": 180, "texture": "#19"}
			}
		},
		{
			"from": [5.65, 3.5, 16.6],
			"to": [10.65, 10.1, 17.25],
			"rotation": {"angle": 0, "axis": "y", "origin": [8.5, 12.48964, 0.325]},
			"faces": {
				"north": {"uv": [0, 0, 16, 15.5], "texture": "#4"},
				"east": {"uv": [0, 0, 1, 16], "texture": "#11"},
				"south": {"uv": [0, 0, 16, 16], "texture": "#19"},
				"west": {"uv": [0, 0, 1, 16], "texture": "#11"},
				"up": {"uv": [0, 0, 1, 2], "rotation": 180, "texture": "#19"},
				"down": {"uv": [0, 0, 1, 16], "rotation": 180, "texture": "#19"}
			}
		},
		{
			"from": [6.65, 10.1, 16.6],
			"to": [9.65, 12.1, 17.25],
			"rotation": {"angle": 0, "axis": "y", "origin": [8.5, 12.48964, 0.325]},
			"faces": {
				"north": {"uv": [0, 0, 16, 16], "texture": "#14"},
				"east": {"uv": [0, 0, 1, 16], "texture": "#14"},
				"south": {"uv": [0, 0, 16, 16], "texture": "#14"},
				"west": {"uv": [0, 0, 1, 16], "texture": "#14"},
				"up": {"uv": [0, 0, 1, 2], "rotation": 180, "texture": "#14"},
				"down": {"uv": [0, 0, 1, 16], "rotation": 180, "texture": "#14"}
			}
		},
		{
			"from": [-0.25, 0, -14.8],
			"to": [3.25, 1, 30.35],
			"rotation": {"angle": 0, "axis": "y", "origin": [8, 15.48964, 11.325]},
			"faces": {
				"north": {"uv": [0, 0, 14, 16], "texture": "#11"},
				"east": {"uv": [0, 0, 14, 16], "texture": "#11"},
				"south": {"uv": [0, 0, 14, 16], "texture": "#11"},
				"west": {"uv": [0, 0, 14, 16], "texture": "#11"},
				"up": {"uv": [0, 0, 14, 16], "texture": "#11"},
				"down": {"uv": [0, 0, 14, 16], "texture": "#11"}
			}
		},
		{
			"from": [3.25, 0, -14.8],
			"to": [12.75, 1, 30.35],
			"rotation": {"angle": 0, "axis": "y", "origin": [8, 15.48964, 11.325]},
			"faces": {
				"north": {"uv": [0, 0, 14, 16], "texture": "#11"},
				"east": {"uv": [0, 0, 14, 16], "texture": "#11"},
				"south": {"uv": [0, 0, 14, 16], "texture": "#11"},
				"west": {"uv": [0, 0, 14, 16], "texture": "#11"},
				"up": {"uv": [0, 0, 14, 16], "texture": "#13"},
				"down": {"uv": [0, 0, 14, 16], "texture": "#11"}
			}
		},
		{
			"from": [12.75, 0, -14.8],
			"to": [16.25, 1, 30.35],
			"rotation": {"angle": 0, "axis": "y", "origin": [8, 15.48964, 11.325]},
			"faces": {
				"north": {"uv": [0, 0, 14, 16], "texture": "#11"},
				"east": {"uv": [0, 0, 14, 16], "texture": "#11"},
				"south": {"uv": [0, 0, 14, 16], "texture": "#11"},
				"west": {"uv": [0, 0, 14, 16], "texture": "#11"},
				"up": {"uv": [0, 0, 14, 16], "texture": "#11"},
				"down": {"uv": [0, 0, 14, 16], "texture": "#11"}
			}
		},
		{
			"from": [5.65, 17.4, -15.225],
			"to": [10.55, 17.6, -13.975],
			"rotation": {"angle": 0, "axis": "y", "origin": [8, 15.48964, -15.675]},
			"faces": {
				"north": {"uv": [0, 0, 16, 16], "texture": "#11"},
				"east": {"uv": [0, 0, 1, 16], "texture": "#11"},
				"south": {"uv": [0, 0, 16, 16], "texture": "#11"},
				"west": {"uv": [0, 0, 1, 16], "texture": "#11"},
				"up": {"uv": [0, 0, 1, 2], "texture": "#11"},
				"down": {"uv": [0, 0, 1, 16], "texture": "#11"}
			}
		},
		{
			"from": [10.35, 15.5, -15.225],
			"to": [10.55, 17.6, -13.975],
			"rotation": {"angle": 0, "axis": "y", "origin": [8, 15.48964, -15.675]},
			"faces": {
				"north": {"uv": [0, 0, 16, 16], "texture": "#11"},
				"east": {"uv": [0, 0, 1, 16], "texture": "#11"},
				"south": {"uv": [0, 0, 16, 16], "texture": "#11"},
				"west": {"uv": [0, 0, 1, 16], "texture": "#11"},
				"up": {"uv": [0, 0, 1, 2], "texture": "#11"},
				"down": {"uv": [0, 0, 1, 16], "texture": "#11"}
			}
		},
		{
			"from": [5.65, 15.5, -15.225],
			"to": [10.55, 15.7, -13.975],
			"rotation": {"angle": 0, "axis": "y", "origin": [8, 15.48964, -15.675]},
			"faces": {
				"north": {"uv": [0, 0, 16, 16], "texture": "#11"},
				"east": {"uv": [0, 0, 1, 16], "texture": "#11"},
				"south": {"uv": [0, 0, 16, 16], "texture": "#11"},
				"west": {"uv": [0, 0, 1, 16], "texture": "#11"},
				"up": {"uv": [0, 0, 1, 2], "texture": "#11"},
				"down": {"uv": [0, 0, 1, 16], "texture": "#11"}
			}
		},
		{
			"from": [5.45, 15.5, -15.225],
			"to": [5.65, 17.6, -13.975],
			"rotation": {"angle": 0, "axis": "y", "origin": [8, 15.48964, -15.675]},
			"faces": {
				"north": {"uv": [0, 0, 16, 16], "texture": "#11"},
				"east": {"uv": [0, 0, 1, 16], "texture": "#11"},
				"south": {"uv": [0, 0, 16, 16], "texture": "#11"},
				"west": {"uv": [0, 0, 1, 16], "texture": "#11"},
				"up": {"uv": [0, 0, 1, 2], "texture": "#11"},
				"down": {"uv": [0, 0, 1, 16], "texture": "#11"}
			}
		},
		{
			"from": [5.65, 15.7, -15.125],
			"to": [10.35, 17.4, -13.975],
			"rotation": {"angle": 0, "axis": "y", "origin": [8, 15.48964, -15.675]},
			"faces": {
				"north": {"uv": [0, 0, 16, 16], "texture": "#14"},
				"east": {"uv": [0, 0, 1, 16], "texture": "#14"},
				"south": {"uv": [0, 0, 16, 16], "texture": "#14"},
				"west": {"uv": [0, 0, 1, 16], "texture": "#14"},
				"up": {"uv": [0, 0, 1, 2], "texture": "#14"},
				"down": {"uv": [0, 0, 1, 16], "texture": "#14"}
			}
		},
		{
			"from": [5.75, 15.8, -15.225],
			"to": [10.25, 17.3, -14.075],
			"rotation": {"angle": 0, "axis": "y", "origin": [8, 15.48964, -15.675]},
			"faces": {
				"north": {"uv": [0, 5.056, 16, 11.2], "texture": "#17"},
				"east": {"uv": [0, 0, 1, 16], "texture": "#17"},
				"south": {"uv": [0, 0, 0.992, 16], "texture": "#17"},
				"west": {"uv": [0, 0, 1, 16], "texture": "#17"},
				"up": {"uv": [0, 0, 1, 2], "texture": "#17"},
				"down": {"uv": [0, 0, 1, 16], "texture": "#17"}
			}
		}
	],
	"display": {
		"head": {
			"scale": [3.85, 3.85, 4]
		}
	},
	"groups": [
		0,
		1,
		2,
		3,
		4,
		{
			"name": "group",
			"origin": [8, 12.48964, 6.125],
			"color": 0,
			"children": [5, 6, 7]
		},
		{
			"name": "group",
			"origin": [8, 15.48964, -1.875],
			"color": 0,
			"children": [8, 9]
		},
		{
			"name": "group",
			"origin": [8, 15.48964, -1.875],
			"color": 0,
			"children": [10, 11, 12]
		},
		{
			"name": "group",
			"origin": [8, 15.48964, -20.875],
			"color": 0,
			"children": []
		},
		13,
		{
			"name": "group",
			"origin": [8, 15.48964, -15.675],
			"color": 0,
			"children": [
				14,
				15,
				16,
				17,
				18,
				19,
				20,
				21,
				22,
				23,
				24,
				25,
				26,
				27,
				28,
				29,
				30,
				31,
				32,
				33,
				34,
				35,
				36,
				37,
				38,
				39,
				40,
				41,
				42,
				{
					"name": "group",
					"origin": [8, 15.48964, -14.975],
					"color": 0,
					"children": [43, 44, 45, 46, 47, 48]
				},
				49,
				50,
				51,
				52,
				53,
				54,
				55,
				56,
				57,
				58,
				59,
				60,
				61,
				62,
				63,
				64,
				65,
				66,
				67,
				68,
				69,
				70
			]
		},
		71,
		72,
		73,
		74,
		75,
		76,
		77,
		78,
		79,
		80,
		81,
		82,
		83,
		84,
		85,
		86,
		87,
		88,
		89,
		90,
		91,
		92,
		93,
		94,
		95,
		96,
		97,
		98,
		99,
		100,
		101,
		102,
		103,
		{
			"name": "group",
			"origin": [7.1, 14.88964, -14.675],
			"color": 0,
			"children": [
				{
					"name": "group",
					"origin": [7.1, 14.88964, -7.675],
					"color": 0,
					"children": [104, 105, 106, 107, 108, 109, 110]
				},
				{
					"name": "group",
					"origin": [7.1, 14.88964, -7.675],
					"color": 0,
					"children": [111, 112, 113, 114, 115, 116, 117]
				}
			]
		},
		{
			"name": "group",
			"origin": [7.1, 14.88964, -14.675],
			"color": 0,
			"children": []
		},
		118,
		119,
		120,
		121,
		{
			"name": "group",
			"origin": [8, 15.48964, -15.675],
			"color": 0,
			"children": [122, 123, 124, 125, 126]
		},
		{
			"name": "group",
			"origin": [8, 15.48964, -15.675],
			"color": 0,
			"children": [127, 128, 129, 130, 131]
		},
		{
			"name": "group",
			"origin": [8, 12.48964, 6.125],
			"color": 0,
			"children": [132, 133]
		},
		{
			"name": "group",
			"origin": [0, 0, -10.9],
			"color": 0,
			"children": [134, 135, 136, 137, 138, 139, 140, 141, 142]
		},
		{
			"name": "Kursi",
			"origin": [8, 12.48964, -11.875],
			"color": 0,
			"children": [143, 144, 145, 146]
		},
		147,
		148,
		149,
		{
			"name": "group",
			"origin": [8, 15.48964, -15.675],
			"color": 0,
			"children": [150, 151, 152, 153, 154, 155]
		}
	]
}