{
	"credit": "Made with Blockbench",
	"textures": {
		"4": "block/mec/light_gray_concrete",
		"9": "block/mec/blue_concrete",
		"11": "block/mec/white_concrete",
		"12": "block/mec/sea_lantern",
		"13": "block/mec/floor",
		"14": "block/mec/black_stained_glass",
		"15": "block/mec/glass",
		"16": "block/mec/black_concrete",
		"17": "block/mrt/danger_black_concrete",
		"19": "block/mec/lime_wool",
		"21": "block/mec/quartz_block_bottom",
		"particle": "block/mec/floor"
	},
	"elements": [
		{
			"from": [-1.25, 13.3, 0],
			"to": [-0.25, 14, 16.05],
			"rotation": {"angle": 0, "axis": "y", "origin": [8, 15.48964, -14.875]},
			"faces": {
				"north": {"uv": [0, 0, 1, 16], "texture": "#16"},
				"east": {"uv": [0, 0, 1, 16], "texture": "#16"},
				"south": {"uv": [0, 0, 1, 16], "texture": "#16"},
				"west": {"uv": [0, 0, 1, 16], "texture": "#16"},
				"up": {"uv": [0, 0, 1, 2], "texture": "#16"},
				"down": {"uv": [0, 0, 1, 16], "texture": "#16"}
			}
		},
		{
			"from": [-1.25, 12.3, 0],
			"to": [-0.25, 13, 16.05],
			"rotation": {"angle": 0, "axis": "y", "origin": [8, 15.48964, -14.875]},
			"faces": {
				"north": {"uv": [0, 0, 1, 16], "texture": "#16"},
				"east": {"uv": [0, 0, 1, 16], "texture": "#16"},
				"south": {"uv": [0, 0, 1, 16], "texture": "#16"},
				"west": {"uv": [0, 0, 1, 16], "texture": "#16"},
				"up": {"uv": [0, 0, 1, 2], "texture": "#16"},
				"down": {"uv": [0, 0, 1, 16], "texture": "#16"}
			}
		},
		{
			"from": [-1.25, 11.3, 0],
			"to": [-0.25, 12, 16.05],
			"rotation": {"angle": 0, "axis": "y", "origin": [8, 15.48964, -14.875]},
			"faces": {
				"north": {"uv": [0, 0, 1, 16], "texture": "#16"},
				"east": {"uv": [0, 0, 1, 16], "texture": "#16"},
				"south": {"uv": [0, 0, 1, 16], "texture": "#16"},
				"west": {"uv": [0, 0, 1, 16], "texture": "#16"},
				"up": {"uv": [0, 0, 1, 2], "texture": "#16"},
				"down": {"uv": [0, 0, 1, 16], "texture": "#16"}
			}
		},
		{
			"from": [-1.25, 10.3, 0],
			"to": [-0.25, 11, 16.05],
			"rotation": {"angle": 0, "axis": "y", "origin": [8, 15.48964, -14.875]},
			"faces": {
				"north": {"uv": [0, 0, 1, 16], "texture": "#16"},
				"east": {"uv": [0, 0, 1, 16], "texture": "#16"},
				"south": {"uv": [0, 0, 1, 16], "texture": "#16"},
				"west": {"uv": [0, 0, 1, 16], "texture": "#16"},
				"up": {"uv": [0, 0, 1, 2], "texture": "#16"},
				"down": {"uv": [0, 0, 1, 16], "texture": "#16"}
			}
		},
		{
			"from": [-1.25, 9.3, 0],
			"to": [-0.25, 10, 16.05],
			"rotation": {"angle": 0, "axis": "y", "origin": [8, 15.48964, -14.875]},
			"faces": {
				"north": {"uv": [0, 0, 1, 16], "texture": "#16"},
				"east": {"uv": [0, 0, 1, 16], "texture": "#16"},
				"south": {"uv": [0, 0, 1, 16], "texture": "#16"},
				"west": {"uv": [0, 0, 1, 16], "texture": "#16"},
				"up": {"uv": [0, 0, 1, 2], "texture": "#16"},
				"down": {"uv": [0, 0, 1, 16], "texture": "#16"}
			}
		},
		{
			"from": [-1.25, 8.3, 0],
			"to": [-0.25, 9, 16.05],
			"rotation": {"angle": 0, "axis": "y", "origin": [8, 15.48964, -14.875]},
			"faces": {
				"north": {"uv": [0, 0, 1, 16], "texture": "#16"},
				"east": {"uv": [0, 0, 1, 16], "texture": "#16"},
				"south": {"uv": [0, 0, 1, 16], "texture": "#16"},
				"west": {"uv": [0, 0, 1, 16], "texture": "#16"},
				"up": {"uv": [0, 0, 1, 2], "texture": "#16"},
				"down": {"uv": [0, 0, 1, 16], "texture": "#16"}
			}
		},
		{
			"from": [-1.25, 7.3, 0],
			"to": [-0.25, 8, 16.05],
			"rotation": {"angle": 0, "axis": "y", "origin": [8, 15.48964, -14.875]},
			"faces": {
				"north": {"uv": [0, 0, 1, 16], "texture": "#16"},
				"east": {"uv": [0, 0, 1, 16], "texture": "#16"},
				"south": {"uv": [0, 0, 1, 16], "texture": "#16"},
				"west": {"uv": [0, 0, 1, 16], "texture": "#16"},
				"up": {"uv": [0, 0, 1, 2], "texture": "#16"},
				"down": {"uv": [0, 0, 1, 16], "texture": "#16"}
			}
		},
		{
			"from": [-1.25, 6.5, 0],
			"to": [-0.25, 7, 16.05],
			"rotation": {"angle": 0, "axis": "y", "origin": [8, 15.48964, -14.875]},
			"faces": {
				"north": {"uv": [0, 0, 1, 16], "texture": "#16"},
				"east": {"uv": [0, 0, 1, 16], "texture": "#16"},
				"south": {"uv": [0, 0, 1, 16], "texture": "#16"},
				"west": {"uv": [0, 0, 1, 16], "texture": "#16"},
				"up": {"uv": [0, 0, 1, 2], "texture": "#16"},
				"down": {"uv": [0, 0, 1, 16], "texture": "#16"}
			}
		},
		{
			"from": [16.25, 13.3, 0],
			"to": [17.25, 14, 16.05],
			"rotation": {"angle": 0, "axis": "y", "origin": [8, 15.48964, -14.875]},
			"faces": {
				"north": {"uv": [0, 0, 1, 16], "texture": "#16"},
				"east": {"uv": [0, 0, 1, 16], "texture": "#16"},
				"south": {"uv": [0, 0, 1, 16], "texture": "#16"},
				"west": {"uv": [0, 0, 1, 16], "texture": "#16"},
				"up": {"uv": [0, 0, 1, 2], "texture": "#16"},
				"down": {"uv": [0, 0, 1, 16], "texture": "#16"}
			}
		},
		{
			"from": [16.25, 12.3, 0],
			"to": [17.25, 13, 16.05],
			"rotation": {"angle": 0, "axis": "y", "origin": [8, 15.48964, -14.875]},
			"faces": {
				"north": {"uv": [0, 0, 1, 16], "texture": "#16"},
				"east": {"uv": [0, 0, 1, 16], "texture": "#16"},
				"south": {"uv": [0, 0, 1, 16], "texture": "#16"},
				"west": {"uv": [0, 0, 1, 16], "texture": "#16"},
				"up": {"uv": [0, 0, 1, 2], "texture": "#16"},
				"down": {"uv": [0, 0, 1, 16], "texture": "#16"}
			}
		},
		{
			"from": [16.25, 11.3, 0],
			"to": [17.25, 12, 16.05],
			"rotation": {"angle": 0, "axis": "y", "origin": [8, 15.48964, -14.875]},
			"faces": {
				"north": {"uv": [0, 0, 1, 16], "texture": "#16"},
				"east": {"uv": [0, 0, 1, 16], "texture": "#16"},
				"south": {"uv": [0, 0, 1, 16], "texture": "#16"},
				"west": {"uv": [0, 0, 1, 16], "texture": "#16"},
				"up": {"uv": [0, 0, 1, 2], "texture": "#16"},
				"down": {"uv": [0, 0, 1, 16], "texture": "#16"}
			}
		},
		{
			"from": [16.25, 10.3, 0],
			"to": [17.25, 11, 16.05],
			"rotation": {"angle": 0, "axis": "y", "origin": [8, 15.48964, -14.875]},
			"faces": {
				"north": {"uv": [0, 0, 1, 16], "texture": "#16"},
				"east": {"uv": [0, 0, 1, 16], "texture": "#16"},
				"south": {"uv": [0, 0, 1, 16], "texture": "#16"},
				"west": {"uv": [0, 0, 1, 16], "texture": "#16"},
				"up": {"uv": [0, 0, 1, 2], "texture": "#16"},
				"down": {"uv": [0, 0, 1, 16], "texture": "#16"}
			}
		},
		{
			"from": [16.25, 9.3, 0],
			"to": [17.25, 10, 16.05],
			"rotation": {"angle": 0, "axis": "y", "origin": [8, 15.48964, -14.875]},
			"faces": {
				"north": {"uv": [0, 0, 1, 16], "texture": "#16"},
				"east": {"uv": [0, 0, 1, 16], "texture": "#16"},
				"south": {"uv": [0, 0, 1, 16], "texture": "#16"},
				"west": {"uv": [0, 0, 1, 16], "texture": "#16"},
				"up": {"uv": [0, 0, 1, 2], "texture": "#16"},
				"down": {"uv": [0, 0, 1, 16], "texture": "#16"}
			}
		},
		{
			"from": [16.25, 8.3, 0],
			"to": [17.25, 9, 16.05],
			"rotation": {"angle": 0, "axis": "y", "origin": [8, 15.48964, -14.875]},
			"faces": {
				"north": {"uv": [0, 0, 1, 16], "texture": "#16"},
				"east": {"uv": [0, 0, 1, 16], "texture": "#16"},
				"south": {"uv": [0, 0, 1, 16], "texture": "#16"},
				"west": {"uv": [0, 0, 1, 16], "texture": "#16"},
				"up": {"uv": [0, 0, 1, 2], "texture": "#16"},
				"down": {"uv": [0, 0, 1, 16], "texture": "#16"}
			}
		},
		{
			"from": [16.25, 7.3, 0],
			"to": [17.25, 8, 16.05],
			"rotation": {"angle": 0, "axis": "y", "origin": [8, 15.48964, -14.875]},
			"faces": {
				"north": {"uv": [0, 0, 1, 16], "texture": "#16"},
				"east": {"uv": [0, 0, 1, 16], "texture": "#16"},
				"south": {"uv": [0, 0, 1, 16], "texture": "#16"},
				"west": {"uv": [0, 0, 1, 16], "texture": "#16"},
				"up": {"uv": [0, 0, 1, 2], "texture": "#16"},
				"down": {"uv": [0, 0, 1, 16], "texture": "#16"}
			}
		},
		{
			"from": [16.25, 6.5, 0],
			"to": [17.25, 7, 16.05],
			"rotation": {"angle": 0, "axis": "y", "origin": [8, 15.48964, -14.875]},
			"faces": {
				"north": {"uv": [0, 0, 1, 16], "texture": "#16"},
				"east": {"uv": [0, 0, 1, 16], "texture": "#16"},
				"south": {"uv": [0, 0, 1, 16], "texture": "#16"},
				"west": {"uv": [0, 0, 1, 16], "texture": "#16"},
				"up": {"uv": [0, 0, 1, 2], "texture": "#16"},
				"down": {"uv": [0, 0, 1, 16], "texture": "#16"}
			}
		},
		{
			"from": [12.75, 16.7, -1],
			"to": [12.85, 16.8, 1.05],
			"rotation": {"angle": 0, "axis": "y", "origin": [-2.1, 12.48964, -11.875]},
			"faces": {
				"north": {"uv": [0, 0, 1, 16], "texture": "#11"},
				"east": {"uv": [0, 0, 1, 16], "texture": "#11"},
				"south": {"uv": [0, 0, 16, 16], "texture": "#11"},
				"west": {"uv": [0, 0, 1, 16], "texture": "#11"},
				"up": {"uv": [0, 0, 16, 16], "rotation": 180, "texture": "#11"},
				"down": {"uv": [0, 0, 16, 16], "rotation": 180, "texture": "#11"}
			}
		},
		{
			"from": [12.75, 16.1, 0.9],
			"to": [12.85, 16.8, 1.05],
			"rotation": {"angle": 0, "axis": "y", "origin": [-2.1, 12.48964, -11.875]},
			"faces": {
				"north": {"uv": [0, 0, 1, 16], "texture": "#11"},
				"east": {"uv": [0, 0, 1, 16], "texture": "#11"},
				"south": {"uv": [0, 0, 16, 16], "texture": "#11"},
				"west": {"uv": [0, 0, 1, 16], "texture": "#11"},
				"up": {"uv": [0, 0, 16, 16], "rotation": 180, "texture": "#11"},
				"down": {"uv": [0, 0, 16, 16], "rotation": 180, "texture": "#11"}
			}
		},
		{
			"from": [12.75, 16.4, -1],
			"to": [12.85, 16.5, 1.05],
			"rotation": {"angle": 0, "axis": "y", "origin": [-2.1, 12.48964, -11.875]},
			"faces": {
				"north": {"uv": [0, 0, 1, 16], "texture": "#11"},
				"east": {"uv": [0, 0, 1, 16], "texture": "#11"},
				"south": {"uv": [0, 0, 16, 16], "texture": "#11"},
				"west": {"uv": [0, 0, 1, 16], "texture": "#11"},
				"up": {"uv": [0, 0, 16, 16], "rotation": 180, "texture": "#11"},
				"down": {"uv": [0, 0, 16, 16], "rotation": 180, "texture": "#11"}
			}
		},
		{
			"from": [12.75, 16.1, -1],
			"to": [12.85, 16.2, 1.05],
			"rotation": {"angle": 0, "axis": "y", "origin": [-2.1, 12.48964, -11.875]},
			"faces": {
				"north": {"uv": [0, 0, 1, 16], "texture": "#11"},
				"east": {"uv": [0, 0, 1, 16], "texture": "#11"},
				"south": {"uv": [0, 0, 16, 16], "texture": "#11"},
				"west": {"uv": [0, 0, 1, 16], "texture": "#11"},
				"up": {"uv": [0, 0, 16, 16], "rotation": 180, "texture": "#11"},
				"down": {"uv": [0, 0, 16, 16], "rotation": 180, "texture": "#11"}
			}
		},
		{
			"from": [12.75, 16.1, -1],
			"to": [12.85, 16.7, -0.85],
			"rotation": {"angle": 0, "axis": "y", "origin": [-2.1, 12.48964, -11.875]},
			"faces": {
				"north": {"uv": [0, 0, 1, 16], "texture": "#11"},
				"east": {"uv": [0, 0, 1, 16], "texture": "#11"},
				"south": {"uv": [0, 0, 16, 16], "texture": "#11"},
				"west": {"uv": [0, 0, 1, 16], "texture": "#11"},
				"up": {"uv": [0, 0, 16, 16], "rotation": 180, "texture": "#11"},
				"down": {"uv": [0, 0, 16, 16], "rotation": 180, "texture": "#11"}
			}
		},
		{
			"from": [12.8, 16.2, -0.9],
			"to": [12.8, 16.7, 0.95],
			"rotation": {"angle": 0, "axis": "y", "origin": [-2.1, 12.48964, -11.875]},
			"faces": {
				"north": {"uv": [0, 0, 1, 16], "texture": "#4"},
				"east": {"uv": [0, 0, 1, 16], "texture": "#11"},
				"south": {"uv": [0, 0, 16, 16], "texture": "#11"},
				"west": {"uv": [0, 0, 1, 16], "texture": "#16"},
				"up": {"uv": [0, 0, 16, 16], "rotation": 180, "texture": "#11"},
				"down": {"uv": [0, 0, 16, 16], "rotation": 180, "texture": "#4"}
			}
		},
		{
			"from": [-0.25, 15.8, -11.2],
			"to": [3.15, 17, 25.65],
			"rotation": {"angle": 0, "axis": "y", "origin": [-2.1, 12.48964, -11.875]},
			"faces": {
				"north": {"uv": [0, 0, 16, 16], "texture": "#4"},
				"east": {"uv": [0, 0, 1, 16], "texture": "#4"},
				"south": {"uv": [0, 0, 1, 16], "texture": "#4"},
				"west": {"uv": [0, 0, 1, 16], "texture": "#4"},
				"up": {"uv": [0, 0, 16, 16], "texture": "#4"},
				"down": {"uv": [0, 0, 16, 16], "texture": "#4"}
			}
		},
		{
			"from": [12.85, 15.8, -11],
			"to": [16.25, 17, 25.65],
			"rotation": {"angle": 0, "axis": "y", "origin": [-2.1, 12.48964, -11.875]},
			"faces": {
				"north": {"uv": [0, 0, 16, 16], "texture": "#4"},
				"east": {"uv": [0, 0, 1, 16], "texture": "#4"},
				"south": {"uv": [0, 0, 1, 16], "texture": "#4"},
				"west": {"uv": [0, 0, 1, 16], "texture": "#4"},
				"up": {"uv": [0, 0, 16, 16], "texture": "#4"},
				"down": {"uv": [0, 0, 16, 16], "texture": "#4"}
			}
		},
		{
			"from": [11.75, 0.5, -6],
			"to": [14.75, 3.5, -4.35],
			"rotation": {"angle": 0, "axis": "y", "origin": [8.5, 12.48964, -11.875]},
			"faces": {
				"north": {"uv": [0, 0, 16, 16], "texture": "#11"},
				"east": {"uv": [0, 0, 1, 16], "texture": "#11"},
				"south": {"uv": [0, 0, 1, 16], "texture": "#4"},
				"west": {"uv": [0, 0, 1, 16], "texture": "#11"},
				"up": {"uv": [0, 0, 16, 16], "texture": "#11"},
				"down": {"uv": [0, 0, 16, 16], "texture": "#4"}
			}
		},
		{
			"from": [10.75, 3.5, -8],
			"to": [15.75, 4.1, -3.35],
			"rotation": {"angle": 0, "axis": "y", "origin": [8.5, 12.48964, -11.875]},
			"faces": {
				"north": {"uv": [0, 0, 16, 16], "texture": "#11"},
				"east": {"uv": [0, 0, 1, 16], "texture": "#11"},
				"south": {"uv": [0, 0, 1, 16], "texture": "#4"},
				"west": {"uv": [0, 0, 1, 16], "texture": "#11"},
				"up": {"uv": [0, 0, 16, 16], "texture": "#19"},
				"down": {"uv": [0, 0, 16, 16], "texture": "#4"}
			}
		},
		{
			"from": [10.75, 3.5, -3.4],
			"to": [15.75, 10.1, -2.75],
			"rotation": {"angle": 0, "axis": "y", "origin": [8.5, 12.48964, -11.875]},
			"faces": {
				"north": {"uv": [0, 0, 16, 16], "texture": "#19"},
				"east": {"uv": [0, 0, 1, 16], "texture": "#11"},
				"south": {"uv": [0, 0, 16, 15.5], "texture": "#4"},
				"west": {"uv": [0, 0, 1, 16], "texture": "#11"},
				"up": {"uv": [0, 0, 1, 2], "texture": "#4"},
				"down": {"uv": [0, 0, 1, 16], "texture": "#4"}
			}
		},
		{
			"from": [11.75, 10.1, -3.4],
			"to": [14.75, 12.1, -2.75],
			"rotation": {"angle": 0, "axis": "y", "origin": [8.5, 12.48964, -11.875]},
			"faces": {
				"north": {"uv": [0, 0, 16, 16], "texture": "#16"},
				"east": {"uv": [0, 0, 1, 16], "texture": "#16"},
				"south": {"uv": [0, 0, 16, 16], "texture": "#16"},
				"west": {"uv": [0, 0, 1, 16], "texture": "#16"},
				"up": {"uv": [0, 0, 1, 2], "texture": "#16"},
				"down": {"uv": [0, 0, 1, 16], "texture": "#4"}
			}
		},
		{
			"from": [10.75, 5.8, -6.2],
			"to": [11.15, 6.1, -3.35],
			"rotation": {"angle": 0, "axis": "y", "origin": [8.5, 12.48964, -11.875]},
			"faces": {
				"north": {"uv": [0, 0, 16, 16], "texture": "#11"},
				"east": {"uv": [0, 0, 1, 16], "texture": "#11"},
				"south": {"uv": [0, 0, 1, 16], "texture": "#4"},
				"west": {"uv": [0, 0, 1, 16], "texture": "#11"},
				"up": {"uv": [0, 0, 16, 16], "texture": "#11"},
				"down": {"uv": [0, 0, 16, 16], "texture": "#4"}
			}
		},
		{
			"from": [15.35, 5.8, -6.2],
			"to": [15.75, 6.1, -3.35],
			"rotation": {"angle": 0, "axis": "y", "origin": [8.5, 12.48964, -11.875]},
			"faces": {
				"north": {"uv": [0, 0, 16, 16], "texture": "#11"},
				"east": {"uv": [0, 0, 1, 16], "texture": "#11"},
				"south": {"uv": [0, 0, 1, 16], "texture": "#4"},
				"west": {"uv": [0, 0, 1, 16], "texture": "#11"},
				"up": {"uv": [0, 0, 16, 16], "texture": "#11"},
				"down": {"uv": [0, 0, 16, 16], "texture": "#4"}
			}
		},
		{
			"from": [1.15, 0.5, -6],
			"to": [4.15, 3.5, -4.35],
			"rotation": {"angle": 0, "axis": "y", "origin": [-2.1, 12.48964, -11.875]},
			"faces": {
				"north": {"uv": [0, 0, 16, 16], "texture": "#11"},
				"east": {"uv": [0, 0, 1, 16], "texture": "#11"},
				"south": {"uv": [0, 0, 1, 16], "texture": "#4"},
				"west": {"uv": [0, 0, 1, 16], "texture": "#11"},
				"up": {"uv": [0, 0, 16, 16], "texture": "#11"},
				"down": {"uv": [0, 0, 16, 16], "texture": "#4"}
			}
		},
		{
			"from": [0.15, 3.5, -8],
			"to": [5.15, 4.1, -3.35],
			"rotation": {"angle": 0, "axis": "y", "origin": [-2.1, 12.48964, -11.875]},
			"faces": {
				"north": {"uv": [0, 0, 16, 16], "texture": "#11"},
				"east": {"uv": [0, 0, 1, 16], "texture": "#11"},
				"south": {"uv": [0, 0, 1, 16], "texture": "#4"},
				"west": {"uv": [0, 0, 1, 16], "texture": "#11"},
				"up": {"uv": [0, 0, 16, 16], "texture": "#19"},
				"down": {"uv": [0, 0, 16, 16], "texture": "#4"}
			}
		},
		{
			"from": [0.15, 3.5, -3.4],
			"to": [5.15, 10.1, -2.75],
			"rotation": {"angle": 0, "axis": "y", "origin": [-2.1, 12.48964, -11.875]},
			"faces": {
				"north": {"uv": [0, 0, 16, 16], "texture": "#19"},
				"east": {"uv": [0, 0, 1, 16], "texture": "#11"},
				"south": {"uv": [0, 0, 16, 15.5], "texture": "#4"},
				"west": {"uv": [0, 0, 1, 16], "texture": "#11"},
				"up": {"uv": [0, 0, 1, 2], "texture": "#4"},
				"down": {"uv": [0, 0, 1, 16], "texture": "#4"}
			}
		},
		{
			"from": [1.15, 10.1, -3.4],
			"to": [4.15, 12.1, -2.75],
			"rotation": {"angle": 0, "axis": "y", "origin": [-2.1, 12.48964, -11.875]},
			"faces": {
				"north": {"uv": [0, 0, 16, 16], "texture": "#16"},
				"east": {"uv": [0, 0, 1, 16], "texture": "#16"},
				"south": {"uv": [0, 0, 16, 16], "texture": "#16"},
				"west": {"uv": [0, 0, 1, 16], "texture": "#16"},
				"up": {"uv": [0, 0, 1, 2], "texture": "#16"},
				"down": {"uv": [0, 0, 1, 16], "texture": "#4"}
			}
		},
		{
			"from": [0.15, 5.8, -6.2],
			"to": [0.55, 6.1, -3.35],
			"rotation": {"angle": 0, "axis": "y", "origin": [-2.1, 12.48964, -11.875]},
			"faces": {
				"north": {"uv": [0, 0, 16, 16], "texture": "#11"},
				"east": {"uv": [0, 0, 1, 16], "texture": "#11"},
				"south": {"uv": [0, 0, 1, 16], "texture": "#4"},
				"west": {"uv": [0, 0, 1, 16], "texture": "#11"},
				"up": {"uv": [0, 0, 16, 16], "texture": "#11"},
				"down": {"uv": [0, 0, 16, 16], "texture": "#4"}
			}
		},
		{
			"from": [4.75, 5.8, -6.2],
			"to": [5.15, 6.1, -3.35],
			"rotation": {"angle": 0, "axis": "y", "origin": [-2.1, 12.48964, -11.875]},
			"faces": {
				"north": {"uv": [0, 0, 16, 16], "texture": "#11"},
				"east": {"uv": [0, 0, 1, 16], "texture": "#11"},
				"south": {"uv": [0, 0, 1, 16], "texture": "#4"},
				"west": {"uv": [0, 0, 1, 16], "texture": "#11"},
				"up": {"uv": [0, 0, 16, 16], "texture": "#11"},
				"down": {"uv": [0, 0, 16, 16], "texture": "#4"}
			}
		},
		{
			"name": "roof",
			"from": [0.25, 18, -11],
			"to": [15.75, 19, 28.1],
			"rotation": {"angle": 0, "axis": "y", "origin": [8, 3.48964, 12.125]},
			"faces": {
				"north": {"uv": [5, 0, 11, 16], "texture": "#4"},
				"east": {"uv": [5, 0, 11, 16], "texture": "#4"},
				"south": {"uv": [5, 0, 11, 16], "texture": "#4"},
				"west": {"uv": [5, 0, 11, 16], "texture": "#4"},
				"up": {"uv": [5, 0, 11, 16], "texture": "#4"},
				"down": {"uv": [5, 0, 11, 16], "texture": "#21"}
			}
		},
		{
			"name": "roof",
			"from": [2.25, 19, 9],
			"to": [13.75, 20, 13.1],
			"rotation": {"angle": 0, "axis": "y", "origin": [8, 3.48964, 12.125]},
			"faces": {
				"north": {"uv": [5, 0, 11, 16], "texture": "#4"},
				"east": {"uv": [5, 0, 11, 16], "texture": "#4"},
				"south": {"uv": [0.2, 6.272, 3.672, 15.552], "texture": "#17"},
				"west": {"uv": [5, 0, 11, 16], "texture": "#4"},
				"up": {"uv": [5, 0, 11, 16], "texture": "#4"},
				"down": {"uv": [5, 0, 11, 16], "texture": "#11"}
			}
		},
		{
			"name": "roof",
			"from": [2.65, 19, 9.5],
			"to": [13.35, 20.1, 12.7],
			"rotation": {"angle": 0, "axis": "y", "origin": [8, 3.48964, 12.125]},
			"faces": {
				"north": {"uv": [5, 0, 11, 16], "texture": "#16"},
				"east": {"uv": [5, 0, 11, 16], "texture": "#16"},
				"south": {"uv": [5, 0, 11, 16], "texture": "#16"},
				"west": {"uv": [5, 0, 11, 16], "texture": "#16"},
				"up": {"uv": [5, 0, 11, 16], "texture": "#16"},
				"down": {"uv": [5, 0, 11, 16], "texture": "#16"}
			}
		},
		{
			"name": "roof",
			"from": [2.50891, 18.9372, -11],
			"to": [4.63391, 19.9372, 28.1],
			"rotation": {"angle": -45, "axis": "z", "origin": [8, 3.48964, 12.125]},
			"faces": {
				"north": {"uv": [6, 0, 0, 16], "texture": "#4"},
				"east": {"uv": [6, 0, 0, 16], "texture": "#4"},
				"south": {"uv": [6, 0, 0, 16], "texture": "#4"},
				"west": {"uv": [6, 0, 0, 16], "texture": "#4"},
				"up": {"uv": [2, 0, 0, 16], "texture": "#4"},
				"down": {"uv": [6, 0, 0, 16], "texture": "#21"}
			}
		},
		{
			"name": "roof",
			"from": [11.36609, 18.9372, -11],
			"to": [13.49109, 19.9372, 28.2],
			"rotation": {"angle": 45, "axis": "z", "origin": [8, 3.48964, 12.125]},
			"faces": {
				"north": {"uv": [0, 0, 6, 16], "texture": "#4"},
				"east": {"uv": [0, 0, 6, 16], "texture": "#4"},
				"south": {"uv": [0, 0, 6, 16], "texture": "#4"},
				"west": {"uv": [0, 0, 6, 16], "texture": "#4"},
				"up": {"uv": [0, 0, 2, 16], "texture": "#4"},
				"down": {"uv": [0, 0, 6, 16], "texture": "#21"}
			}
		},
		{
			"from": [-1.25, 3.5, -11],
			"to": [-0.25, 5.1, 18.05],
			"rotation": {"angle": 0, "axis": "y", "origin": [8, 15.48964, -14.875]},
			"faces": {
				"north": {"uv": [0, 0, 1, 16], "texture": "#4"},
				"east": {"uv": [0, 0, 16, 2.5], "texture": "#21"},
				"south": {"uv": [0, 0, 1, 16], "texture": "#4"},
				"west": {"uv": [0, 0, 1, 16], "texture": "#9"},
				"up": {"uv": [0, 0, 1, 2], "texture": "#4"},
				"down": {"uv": [0, 0, 1, 16], "texture": "#4"}
			}
		},
		{
			"from": [-1.25, 5.1, -11],
			"to": [-0.25, 5.5, 18.15],
			"rotation": {"angle": 0, "axis": "y", "origin": [8, 15.48964, -14.875]},
			"faces": {
				"north": {"uv": [0, 0, 1, 16], "texture": "#4"},
				"east": {"uv": [0, 0, 1, 16], "texture": "#21"},
				"south": {"uv": [0, 0, 1, 16], "texture": "#4"},
				"west": {"uv": [0, 0, 1, 16], "texture": "#11"},
				"up": {"uv": [0, 0, 1, 2], "texture": "#4"},
				"down": {"uv": [0, 0, 1, 16], "texture": "#4"}
			}
		},
		{
			"from": [-1.25, 5.5, -11],
			"to": [-0.25, 5.5, 17.15],
			"rotation": {"angle": 0, "axis": "y", "origin": [8, 15.48964, -14.875]},
			"faces": {
				"north": {"uv": [0, 0, 1, 16], "texture": "#4"},
				"east": {"uv": [0, 0, 1, 16], "texture": "#11"},
				"south": {"uv": [0, 0, 1, 16], "texture": "#4"},
				"west": {"uv": [0, 0, 1, 16], "texture": "#11"},
				"up": {"uv": [0, 0, 1, 2], "texture": "#4"},
				"down": {"uv": [0, 0, 1, 16], "texture": "#4"}
			}
		},
		{
			"from": [-1.25, 14.5, -11],
			"to": [-0.25, 15.5, 19.15],
			"rotation": {"angle": 0, "axis": "y", "origin": [8, 15.48964, 4.125]},
			"faces": {
				"north": {"uv": [0, 0, 1, 16], "texture": "#4"},
				"east": {"uv": [0, 0, 16, 2.5], "texture": "#21"},
				"south": {"uv": [0, 0, 1, 16], "texture": "#4"},
				"west": {"uv": [0, 0, 1, 16], "texture": "#11"},
				"up": {"uv": [0, 0, 1, 2], "texture": "#4"},
				"down": {"uv": [0, 0, 1, 16], "texture": "#4"}
			}
		},
		{
			"from": [-1.25, 5.5, 18],
			"to": [-0.25, 14.5, 19.15],
			"rotation": {"angle": 0, "axis": "y", "origin": [8, 15.48964, 4.125]},
			"faces": {
				"north": {"uv": [0, 0, 1, 16], "texture": "#4"},
				"east": {"uv": [0, 0, 1, 16], "texture": "#21"},
				"south": {"uv": [0, 0, 1, 16], "texture": "#4"},
				"west": {"uv": [0, 0, 1, 16], "texture": "#11"},
				"up": {"uv": [0, 0, 1, 2], "texture": "#4"},
				"down": {"uv": [0, 0, 1, 16], "texture": "#4"}
			}
		},
		{
			"from": [16.25, 3.5, -11],
			"to": [17.25, 5.1, 18.15],
			"rotation": {"angle": 0, "axis": "y", "origin": [8, 15.48964, -14.875]},
			"faces": {
				"north": {"uv": [0, 0, 1, 16], "texture": "#4"},
				"east": {"uv": [0, 0, 1, 16], "texture": "#9"},
				"south": {"uv": [0, 0, 1, 16], "texture": "#4"},
				"west": {"uv": [0, 0, 16, 2.5], "texture": "#21"},
				"up": {"uv": [0, 0, 1, 2], "texture": "#4"},
				"down": {"uv": [0, 0, 1, 16], "texture": "#4"}
			}
		},
		{
			"from": [16.25, 5.1, -11],
			"to": [17.25, 5.5, 18.15],
			"rotation": {"angle": 0, "axis": "y", "origin": [8, 15.48964, -14.875]},
			"faces": {
				"north": {"uv": [0, 0, 1, 16], "texture": "#4"},
				"east": {"uv": [0, 0, 1, 16], "texture": "#11"},
				"south": {"uv": [0, 0, 1, 16], "texture": "#4"},
				"west": {"uv": [0, 0, 16, 2.5], "texture": "#21"},
				"up": {"uv": [0, 0, 1, 2], "texture": "#4"},
				"down": {"uv": [0, 0, 1, 16], "texture": "#4"}
			}
		},
		{
			"from": [16.25, 5.5, -11],
			"to": [17.25, 5.5, 17.15],
			"rotation": {"angle": 0, "axis": "y", "origin": [8, 15.48964, -14.875]},
			"faces": {
				"north": {"uv": [0, 0, 1, 16], "texture": "#4"},
				"east": {"uv": [0, 0, 1, 16], "texture": "#11"},
				"south": {"uv": [0, 0, 1, 16], "texture": "#4"},
				"west": {"uv": [0, 0, 1, 16], "texture": "#11"},
				"up": {"uv": [0, 0, 1, 2], "texture": "#4"},
				"down": {"uv": [0, 0, 1, 16], "texture": "#4"}
			}
		},
		{
			"from": [16.25, 14.5, -11],
			"to": [17.25, 15.5, 19.15],
			"rotation": {"angle": 0, "axis": "y", "origin": [8, 15.48964, 4.125]},
			"faces": {
				"north": {"uv": [0, 0, 1, 16], "texture": "#4"},
				"east": {"uv": [0, 0, 1, 16], "texture": "#11"},
				"south": {"uv": [0, 0, 1, 16], "texture": "#4"},
				"west": {"uv": [0, 0, 16, 1.5], "texture": "#21"},
				"up": {"uv": [0, 0, 1, 2], "texture": "#4"},
				"down": {"uv": [0, 0, 1, 16], "texture": "#4"}
			}
		},
		{
			"from": [16.25, 5.5, 18],
			"to": [17.25, 14.5, 19.15],
			"rotation": {"angle": 0, "axis": "y", "origin": [8, 15.48964, 4.125]},
			"faces": {
				"north": {"uv": [0, 0, 1, 16], "texture": "#4"},
				"east": {"uv": [0, 0, 1, 16], "texture": "#11"},
				"south": {"uv": [0, 0, 1, 16], "texture": "#4"},
				"west": {"uv": [0, 0, 1, 16], "texture": "#21"},
				"up": {"uv": [0, 0, 1, 2], "texture": "#4"},
				"down": {"uv": [0, 0, 1, 16], "texture": "#4"}
			}
		},
		{
			"from": [5.875, 0.5, 26.425],
			"to": [8.025, 7.5, 26.925],
			"rotation": {"angle": 0, "axis": "y", "origin": [8, 15.48964, -14.875]},
			"faces": {
				"north": {"uv": [0, 0, 1, 16], "texture": "#4"},
				"east": {"uv": [0, 0, 1, 16], "texture": "#4"},
				"south": {"uv": [0, 0, 1, 16], "texture": "#4"},
				"west": {"uv": [0, 0, 1, 16], "texture": "#4"},
				"up": {"uv": [0, 0, 1, 2], "rotation": 270, "texture": "#4"},
				"down": {"uv": [0, 0, 1, 16], "rotation": 90, "texture": "#4"}
			}
		},
		{
			"from": [4.875, 0.5, 26.425],
			"to": [6.025, 15.5, 26.925],
			"rotation": {"angle": 0, "axis": "y", "origin": [8, 15.48964, -14.875]},
			"faces": {
				"north": {"uv": [0, 0, 1, 16], "texture": "#4"},
				"east": {"uv": [0, 0, 1, 16], "texture": "#4"},
				"south": {"uv": [0, 0, 1, 16], "texture": "#4"},
				"west": {"uv": [0, 0, 1, 16], "texture": "#4"},
				"up": {"uv": [0, 0, 1, 2], "rotation": 270, "texture": "#4"},
				"down": {"uv": [0, 0, 1, 16], "rotation": 90, "texture": "#4"}
			}
		},
		{
			"from": [5.875, 13.5, 26.425],
			"to": [10.025, 15.5, 26.925],
			"rotation": {"angle": 0, "axis": "y", "origin": [8, 15.48964, -14.875]},
			"faces": {
				"north": {"uv": [0, 0, 1, 16], "texture": "#4"},
				"east": {"uv": [0, 0, 1, 16], "texture": "#4"},
				"south": {"uv": [0, 0, 1, 16], "texture": "#4"},
				"west": {"uv": [0, 0, 1, 16], "texture": "#4"},
				"up": {"uv": [0, 0, 1, 2], "rotation": 270, "texture": "#4"},
				"down": {"uv": [0, 0, 1, 16], "rotation": 90, "texture": "#4"}
			}
		},
		{
			"from": [7.875, 0.5, 26.425],
			"to": [11.025, 15.5, 26.925],
			"rotation": {"angle": 0, "axis": "y", "origin": [8, 15.48964, -14.875]},
			"faces": {
				"north": {"uv": [0, 0, 1, 16], "texture": "#4"},
				"east": {"uv": [0, 0, 1, 16], "texture": "#4"},
				"south": {"uv": [0, 0, 1, 16], "texture": "#4"},
				"west": {"uv": [0, 0, 1, 16], "texture": "#4"},
				"up": {"uv": [0, 0, 1, 2], "rotation": 270, "texture": "#4"},
				"down": {"uv": [0, 0, 1, 16], "rotation": 90, "texture": "#4"}
			}
		},
		{
			"from": [5.875, 7.5, 26.675],
			"to": [10.025, 13.5, 26.675],
			"rotation": {"angle": 0, "axis": "y", "origin": [8, 15.48964, -14.875]},
			"faces": {
				"north": {"uv": [0, 0, 16, 16], "texture": "#15"},
				"east": {"uv": [0, 0, 1, 16], "texture": "#4"},
				"south": {"uv": [0, 0, 16, 16], "texture": "#15"},
				"west": {"uv": [0, 0, 1, 16], "texture": "#4"},
				"up": {"uv": [0, 0, 1, 2], "rotation": 270, "texture": "#4"},
				"down": {"uv": [0, 0, 1, 16], "rotation": 90, "texture": "#4"}
			}
		},
		{
			"from": [4.875, 0.5, 16.425],
			"to": [6.025, 15.5, 16.925],
			"rotation": {"angle": 0, "axis": "y", "origin": [8, 15.48964, -14.875]},
			"faces": {
				"north": {"uv": [0, 0, 1, 16], "texture": "#4"},
				"east": {"uv": [0, 0, 1, 16], "texture": "#4"},
				"south": {"uv": [0, 0, 1, 16], "texture": "#4"},
				"west": {"uv": [0, 0, 1, 16], "texture": "#4"},
				"up": {"uv": [0, 0, 1, 2], "rotation": 270, "texture": "#4"},
				"down": {"uv": [0, 0, 1, 16], "rotation": 90, "texture": "#4"}
			}
		},
		{
			"from": [5.875, 0.5, 16.425],
			"to": [11.025, 15.5, 16.925],
			"rotation": {"angle": 0, "axis": "y", "origin": [8, 15.48964, -14.875]},
			"faces": {
				"north": {"uv": [0, 0, 1, 16], "texture": "#4"},
				"east": {"uv": [0, 0, 1, 16], "texture": "#4"},
				"south": {"uv": [0, 0, 1, 16], "texture": "#4"},
				"west": {"uv": [0, 0, 1, 16], "texture": "#4"},
				"up": {"uv": [0, 0, 1, 2], "rotation": 270, "texture": "#4"},
				"down": {"uv": [0, 0, 1, 16], "rotation": 90, "texture": "#4"}
			}
		},
		{
			"from": [-1.25, 1, -11],
			"to": [-0.25, 3.5, 19.15],
			"rotation": {"angle": 0, "axis": "y", "origin": [8, 15.48964, -14.875]},
			"faces": {
				"north": {"uv": [0, 0, 1, 16], "texture": "#4"},
				"east": {"uv": [0, 0, 16, 2.5], "texture": "#21"},
				"south": {"uv": [0, 0, 1, 16], "texture": "#4"},
				"west": {"uv": [0, 0, 1, 16], "texture": "#11"},
				"up": {"uv": [0, 0, 1, 2], "texture": "#4"},
				"down": {"uv": [0, 0, 1, 16], "texture": "#4"}
			}
		},
		{
			"from": [-1.25, 3.5, 18],
			"to": [-0.25, 5.5, 19.15],
			"rotation": {"angle": 0, "axis": "y", "origin": [8, 15.48964, -14.875]},
			"faces": {
				"north": {"uv": [0, 0, 1, 16], "texture": "#4"},
				"east": {"uv": [0, 0, 1, 16], "texture": "#21"},
				"south": {"uv": [0, 0, 1, 16], "texture": "#4"},
				"west": {"uv": [0, 0, 1, 16], "texture": "#11"},
				"up": {"uv": [0, 0, 1, 2], "texture": "#4"},
				"down": {"uv": [0, 0, 1, 16], "texture": "#4"}
			}
		},
		{
			"from": [-1.25, 6.5, 16],
			"to": [-0.25, 13.5, 18.05],
			"rotation": {"angle": 0, "axis": "y", "origin": [8, 15.48964, -14.875]},
			"faces": {
				"north": {"uv": [0, 0, 1, 16], "texture": "#16"},
				"east": {"uv": [0, 0, 1, 16], "texture": "#21"},
				"south": {"uv": [0, 0, 1, 16], "texture": "#16"},
				"west": {"uv": [0, 0, 1, 16], "texture": "#16"},
				"up": {"uv": [0, 0, 1, 2], "texture": "#4"},
				"down": {"uv": [0, 0, 1, 16], "texture": "#4"}
			}
		},
		{
			"from": [-1.25, 6.5, -4],
			"to": [-0.25, 13.5, 0.05],
			"rotation": {"angle": 0, "axis": "y", "origin": [8, 15.48964, -14.875]},
			"faces": {
				"north": {"uv": [0, 0, 1, 16], "texture": "#16"},
				"east": {"uv": [0, 0, 16, 2.5], "texture": "#21"},
				"south": {"uv": [0, 0, 1, 16], "texture": "#16"},
				"west": {"uv": [0, 0, 1, 16], "texture": "#16"},
				"up": {"uv": [0, 0, 1, 2], "texture": "#4"},
				"down": {"uv": [0, 0, 1, 16], "texture": "#4"}
			}
		},
		{
			"from": [-1.25, 13.5, -11],
			"to": [-0.25, 14.5, 18.05],
			"rotation": {"angle": 0, "axis": "y", "origin": [8, 15.48964, -14.875]},
			"faces": {
				"north": {"uv": [0, 0, 1, 16], "texture": "#16"},
				"east": {"uv": [0, 0, 16, 2.5], "texture": "#21"},
				"south": {"uv": [0, 0, 1, 16], "texture": "#16"},
				"west": {"uv": [0, 0, 1, 16], "texture": "#16"},
				"up": {"uv": [0, 0, 1, 2], "texture": "#4"},
				"down": {"uv": [0, 0, 1, 16], "texture": "#16"}
			}
		},
		{
			"from": [-1.25, 5.5, -11],
			"to": [-0.25, 6.5, 18.05],
			"rotation": {"angle": 0, "axis": "y", "origin": [8, 15.48964, -14.875]},
			"faces": {
				"north": {"uv": [0, 0, 1, 16], "texture": "#16"},
				"east": {"uv": [0, 0, 16, 2.5], "texture": "#21"},
				"south": {"uv": [0, 0, 1, 16], "texture": "#16"},
				"west": {"uv": [0, 0, 1, 16], "texture": "#16"},
				"up": {"uv": [0, 0, 1, 2], "texture": "#16"},
				"down": {"uv": [0, 0, 1, 16], "texture": "#4"}
			}
		},
		{
			"from": [-1.25, 15.5, -11],
			"to": [-0.25, 17.5, 28.15],
			"rotation": {"angle": 0, "axis": "y", "origin": [8, 15.48964, 4.125]},
			"faces": {
				"north": {"uv": [0, 0, 1, 16], "texture": "#4"},
				"east": {"uv": [0, 0, 16, 2.5], "texture": "#21"},
				"south": {"uv": [0, 0, 1, 16], "texture": "#4"},
				"west": {"uv": [0, 0, 1, 16], "texture": "#11"},
				"up": {"uv": [0, 0, 1, 2], "texture": "#4"},
				"down": {"uv": [0, 0, 1, 16], "texture": "#4"}
			}
		},
		{
			"from": [-1.25, 1, 25],
			"to": [-0.25, 15.5, 28.15],
			"rotation": {"angle": 0, "axis": "y", "origin": [8, 15.48964, -14.875]},
			"faces": {
				"north": {"uv": [0, 0, 1, 16], "texture": "#4"},
				"east": {"uv": [0, 0, 1, 16], "texture": "#21"},
				"south": {"uv": [0, 0, 1, 16], "texture": "#4"},
				"west": {"uv": [0, 0, 1, 16], "texture": "#11"},
				"up": {"uv": [0, 0, 1, 2], "texture": "#4"},
				"down": {"uv": [0, 0, 1, 16], "texture": "#4"}
			}
		},
		{
			"from": [16.25, 1, 25],
			"to": [17.25, 15.5, 28.15],
			"rotation": {"angle": 0, "axis": "y", "origin": [8, 15.48964, -14.875]},
			"faces": {
				"north": {"uv": [0, 0, 1, 16], "texture": "#4"},
				"east": {"uv": [0, 0, 1, 16], "texture": "#11"},
				"south": {"uv": [0, 0, 1, 16], "texture": "#4"},
				"west": {"uv": [0, 0, 1, 16], "texture": "#11"},
				"up": {"uv": [0, 0, 1, 2], "texture": "#4"},
				"down": {"uv": [0, 0, 1, 16], "texture": "#16"}
			}
		},
		{
			"from": [16.25, 15.5, -11],
			"to": [17.25, 17.5, 28.15],
			"rotation": {"angle": 0, "axis": "y", "origin": [8, 15.48964, 4.125]},
			"faces": {
				"north": {"uv": [0, 0, 1, 16], "texture": "#4"},
				"east": {"uv": [0, 0, 1, 16], "texture": "#11"},
				"south": {"uv": [0, 0, 1, 16], "texture": "#4"},
				"west": {"uv": [0, 0, 1, 16], "texture": "#21"},
				"up": {"uv": [0, 0, 1, 2], "texture": "#4"},
				"down": {"uv": [0, 0, 1, 16], "texture": "#16"}
			}
		},
		{
			"from": [16.25, 5.5, -11],
			"to": [17.25, 6.5, 18.05],
			"rotation": {"angle": 0, "axis": "y", "origin": [8, 15.48964, -14.875]},
			"faces": {
				"north": {"uv": [0, 0, 1, 16], "texture": "#16"},
				"east": {"uv": [0, 0, 1, 16], "texture": "#16"},
				"south": {"uv": [0, 0, 1, 16], "texture": "#16"},
				"west": {"uv": [0, 0, 16, 2.5], "texture": "#21"},
				"up": {"uv": [0, 0, 1, 2], "texture": "#16"},
				"down": {"uv": [0, 0, 1, 16], "texture": "#16"}
			}
		},
		{
			"from": [16.25, 13.5, -11],
			"to": [17.25, 14.5, 18.05],
			"rotation": {"angle": 0, "axis": "y", "origin": [8, 15.48964, -14.875]},
			"faces": {
				"north": {"uv": [0, 0, 1, 16], "texture": "#16"},
				"east": {"uv": [0, 0, 1, 16], "texture": "#16"},
				"south": {"uv": [0, 0, 1, 16], "texture": "#16"},
				"west": {"uv": [0, 0, 16, 1.5], "texture": "#21"},
				"up": {"uv": [0, 0, 1, 2], "texture": "#4"},
				"down": {"uv": [0, 0, 1, 16], "texture": "#16"}
			}
		},
		{
			"from": [16.25, 6.5, 16],
			"to": [17.25, 13.5, 18.05],
			"rotation": {"angle": 0, "axis": "y", "origin": [8, 15.48964, -14.875]},
			"faces": {
				"north": {"uv": [0, 0, 1, 16], "texture": "#16"},
				"east": {"uv": [0, 0, 1, 16], "texture": "#16"},
				"south": {"uv": [0, 0, 1, 16], "texture": "#16"},
				"west": {"uv": [0, 0, 1, 16], "texture": "#21"},
				"up": {"uv": [0, 0, 1, 2], "texture": "#4"},
				"down": {"uv": [0, 0, 1, 16], "texture": "#16"}
			}
		},
		{
			"from": [16.25, 6.5, -4],
			"to": [17.25, 13.5, 0.05],
			"rotation": {"angle": 0, "axis": "y", "origin": [8, 15.48964, -14.875]},
			"faces": {
				"north": {"uv": [0, 0, 1, 16], "texture": "#16"},
				"east": {"uv": [0, 0, 1, 16], "texture": "#16"},
				"south": {"uv": [0, 0, 1, 16], "texture": "#16"},
				"west": {"uv": [0, 0, 16, 1.5], "texture": "#21"},
				"up": {"uv": [0, 0, 1, 2], "texture": "#4"},
				"down": {"uv": [0, 0, 1, 16], "texture": "#16"}
			}
		},
		{
			"from": [16.25, 3.5, 18],
			"to": [17.25, 5.5, 19.15],
			"rotation": {"angle": 0, "axis": "y", "origin": [8, 15.48964, -14.875]},
			"faces": {
				"north": {"uv": [0, 0, 1, 16], "texture": "#4"},
				"east": {"uv": [0, 0, 1, 16], "texture": "#11"},
				"south": {"uv": [0, 0, 1, 16], "texture": "#4"},
				"west": {"uv": [0, 0, 1, 16], "texture": "#21"},
				"up": {"uv": [0, 0, 1, 2], "texture": "#4"},
				"down": {"uv": [0, 0, 1, 16], "texture": "#16"}
			}
		},
		{
			"from": [16.25, 1, -11],
			"to": [17.25, 3.5, 19.15],
			"rotation": {"angle": 0, "axis": "y", "origin": [8, 15.48964, -14.875]},
			"faces": {
				"north": {"uv": [0, 0, 1, 16], "texture": "#4"},
				"east": {"uv": [0, 0, 1, 16], "texture": "#11"},
				"south": {"uv": [0, 0, 1, 16], "texture": "#4"},
				"west": {"uv": [0, 0, 16, 2.5], "texture": "#21"},
				"up": {"uv": [0, 0, 1, 2], "texture": "#4"},
				"down": {"uv": [0, 0, 1, 16], "texture": "#16"}
			}
		},
		{
			"from": [16.25, 1, 25],
			"to": [17.25, 15.5, 28.15],
			"rotation": {"angle": 0, "axis": "y", "origin": [8, 15.48964, -14.875]},
			"faces": {
				"north": {"uv": [0, 0, 1, 16], "texture": "#4"},
				"east": {"uv": [0, 0, 1, 16], "texture": "#11"},
				"south": {"uv": [0, 0, 1, 16], "texture": "#4"},
				"west": {"uv": [0, 0, 1, 16], "texture": "#21"},
				"up": {"uv": [0, 0, 1, 2], "texture": "#4"},
				"down": {"uv": [0, 0, 1, 16], "texture": "#4"}
			}
		},
		{
			"from": [-0.25, 1, 26],
			"to": [5.15, 18.4, 27.15],
			"rotation": {"angle": 0, "axis": "y", "origin": [8, 15.48964, -14.875]},
			"faces": {
				"north": {"uv": [0, 0, 16, 16], "texture": "#21"},
				"east": {"uv": [0, 0, 1, 16], "texture": "#11"},
				"south": {"uv": [0, 0, 16, 16], "texture": "#11"},
				"west": {"uv": [0, 0, 1, 16], "texture": "#11"},
				"up": {"uv": [0, 0, 1, 2], "texture": "#4"},
				"down": {"uv": [0, 0, 1, 16], "texture": "#4"}
			}
		},
		{
			"from": [10.75, 1, 26],
			"to": [16.15, 18.4, 27.15],
			"rotation": {"angle": 0, "axis": "y", "origin": [8, 15.48964, -14.875]},
			"faces": {
				"north": {"uv": [0, 0, 16, 16], "texture": "#21"},
				"east": {"uv": [0, 0, 1, 16], "texture": "#11"},
				"south": {"uv": [0, 0, 16, 16], "texture": "#11"},
				"west": {"uv": [0, 0, 1, 16], "texture": "#11"},
				"up": {"uv": [0, 0, 1, 2], "texture": "#4"},
				"down": {"uv": [0, 0, 1, 16], "texture": "#4"}
			}
		},
		{
			"from": [1.75, 1, 1],
			"to": [14.15, 13.4, 15.15],
			"rotation": {"angle": 0, "axis": "y", "origin": [8, 15.48964, -14.875]},
			"faces": {
				"north": {"uv": [0, 0, 16, 16], "texture": "#13"},
				"east": {"uv": [0, 0, 1, 16], "texture": "#13"},
				"south": {"uv": [0, 0, 16, 16], "texture": "#13"},
				"west": {"uv": [0, 0, 1, 16], "texture": "#13"},
				"up": {"uv": [0, 0, 1, 2], "texture": "#13"},
				"down": {"uv": [0, 0, 1, 16], "texture": "#13"}
			}
		},
		{
			"from": [-0.25, 1, -1],
			"to": [16.15, 18.4, 0.15],
			"rotation": {"angle": 0, "axis": "y", "origin": [8, 15.48964, -14.875]},
			"faces": {
				"north": {"uv": [0, 0, 16, 16], "texture": "#21"},
				"east": {"uv": [0, 0, 1, 16], "texture": "#11"},
				"south": {"uv": [0, 0, 16, 16], "texture": "#11"},
				"west": {"uv": [0, 0, 1, 16], "texture": "#11"},
				"up": {"uv": [0, 0, 1, 2], "texture": "#4"},
				"down": {"uv": [0, 0, 1, 16], "texture": "#4"}
			}
		},
		{
			"from": [4.75, 15, 26],
			"to": [11.15, 18.4, 27.15],
			"rotation": {"angle": 0, "axis": "y", "origin": [8, 15.48964, -14.875]},
			"faces": {
				"north": {"uv": [0, 0, 16, 16], "texture": "#21"},
				"east": {"uv": [0, 0, 1, 16], "texture": "#11"},
				"south": {"uv": [0, 0, 16, 16], "texture": "#11"},
				"west": {"uv": [0, 0, 1, 16], "texture": "#11"},
				"up": {"uv": [0, 0, 1, 2], "texture": "#4"},
				"down": {"uv": [0, 0, 1, 16], "texture": "#4"}
			}
		},
		{
			"from": [4.75, 15, 16],
			"to": [11.15, 18.4, 17.15],
			"rotation": {"angle": 0, "axis": "y", "origin": [8, 15.48964, -14.875]},
			"faces": {
				"north": {"uv": [0, 0, 16, 16], "texture": "#11"},
				"east": {"uv": [0, 0, 1, 16], "texture": "#11"},
				"south": {"uv": [0, 0, 16, 16], "texture": "#21"},
				"west": {"uv": [0, 0, 1, 16], "texture": "#11"},
				"up": {"uv": [0, 0, 1, 2], "texture": "#4"},
				"down": {"uv": [0, 0, 1, 16], "texture": "#4"}
			}
		},
		{
			"from": [10.75, 1, 16],
			"to": [16.15, 18.4, 17.15],
			"rotation": {"angle": 0, "axis": "y", "origin": [8, 15.48964, -14.875]},
			"faces": {
				"north": {"uv": [0, 0, 16, 16], "texture": "#11"},
				"east": {"uv": [0, 0, 1, 16], "texture": "#11"},
				"south": {"uv": [0, 0, 16, 16], "texture": "#21"},
				"west": {"uv": [0, 0, 1, 16], "texture": "#11"},
				"up": {"uv": [0, 0, 1, 2], "texture": "#4"},
				"down": {"uv": [0, 0, 1, 16], "texture": "#4"}
			}
		},
		{
			"from": [-0.25, 1, 16],
			"to": [5.15, 18.4, 17.15],
			"rotation": {"angle": 0, "axis": "y", "origin": [8, 15.48964, -14.875]},
			"faces": {
				"north": {"uv": [0, 0, 16, 16], "texture": "#11"},
				"east": {"uv": [0, 0, 1, 16], "texture": "#11"},
				"south": {"uv": [0, 0, 16, 16], "texture": "#21"},
				"west": {"uv": [0, 0, 1, 16], "texture": "#11"},
				"up": {"uv": [0, 0, 1, 2], "texture": "#4"},
				"down": {"uv": [0, 0, 1, 16], "texture": "#4"}
			}
		},
		{
			"from": [-1.25, 0, -11],
			"to": [17.25, 1, 28.15],
			"rotation": {"angle": 0, "axis": "y", "origin": [8, 15.48964, 12.125]},
			"faces": {
				"north": {"uv": [0, 0, 14, 16], "texture": "#4"},
				"east": {"uv": [0, 0, 14, 16], "texture": "#11"},
				"south": {"uv": [0, 0, 14, 16], "texture": "#4"},
				"west": {"uv": [0, 0, 14, 16], "texture": "#11"},
				"up": {"uv": [0, 0, 14, 16], "texture": "#13"},
				"down": {"uv": [0, 0, 14, 16], "texture": "#11"}
			}
		},
		{
			"from": [-1.25, 6.5, -10.9],
			"to": [-0.25, 13.5, -3.85],
			"rotation": {"angle": 0, "axis": "y", "origin": [8, 15.48964, -15.675]},
			"faces": {
				"north": {"uv": [4.5, 9.5, 6.5, 13.5], "texture": "#15"},
				"east": {"uv": [0, 0, 16, 16], "texture": "#15"},
				"south": {"uv": [1, 10, 3.5, 13.5], "texture": "#15"},
				"west": {"uv": [0, 0.05, 16, 16], "texture": "#14"},
				"up": {"uv": [7, 5.5, 8, 7.5], "texture": "#15"},
				"down": {"uv": [0, 0, 1, 16], "texture": "#4"}
			}
		},
		{
			"from": [16.25, 6.5, -10.9],
			"to": [17.25, 13.5, -3.85],
			"rotation": {"angle": 0, "axis": "y", "origin": [8, 15.48964, -15.675]},
			"faces": {
				"north": {"uv": [4.5, 9.5, 6.5, 13.5], "texture": "#15"},
				"east": {"uv": [0.5, 0, 16, 16], "texture": "#14"},
				"south": {"uv": [1, 10, 3.5, 13.5], "texture": "#15"},
				"west": {"uv": [0, 0.05, 16, 16], "texture": "#15"},
				"up": {"uv": [7, 5.5, 8, 7.5], "texture": "#15"},
				"down": {"uv": [0, 0, 1, 16], "texture": "#4"}
			}
		},
		{
			"from": [0.75, -3, -11.1],
			"to": [15.25, 0, 19.05],
			"rotation": {"angle": 0, "axis": "y", "origin": [8, 15.48964, 11.325]},
			"faces": {
				"north": {"uv": [0, 0, 14, 16], "texture": "#16"},
				"east": {"uv": [0, 0, 15.328, 3.648], "texture": "#16"},
				"south": {"uv": [0, 0, 14, 16], "texture": "#16"},
				"west": {"uv": [0, 0, 14, 16], "texture": "#16"},
				"up": {"uv": [0, 0, 14, 16], "texture": "#16"},
				"down": {"uv": [0, 0, 14, 16], "texture": "#16"}
			}
		},
		{
			"name": "roof",
			"from": [3.25, 19, -11],
			"to": [12.75, 21, 0.1],
			"rotation": {"angle": 0, "axis": "y", "origin": [8, 3.48964, 11.325]},
			"faces": {
				"north": {"uv": [5, 0, 11, 16], "texture": "#13"},
				"east": {"uv": [5, 0, 11, 16], "texture": "#4"},
				"south": {"uv": [5, 0, 11, 16], "texture": "#4"},
				"west": {"uv": [5, 0, 11, 16], "texture": "#4"},
				"up": {"uv": [8.072, 9.504, 11.416, 13.76], "texture": "#17"},
				"down": {"uv": [5, 0, 11, 16], "texture": "#13"}
			}
		},
		{
			"name": "roof",
			"from": [5.6, 17.9, -11],
			"to": [10.4, 18.3, 0.3],
			"rotation": {"angle": 0, "axis": "y", "origin": [8, 3.48964, 11.325]},
			"faces": {
				"north": {"uv": [5, 0, 11, 16], "texture": "#4"},
				"east": {"uv": [5, 0, 11, 16], "texture": "#4"},
				"south": {"uv": [5, 0, 11, 16], "texture": "#4"},
				"west": {"uv": [5, 0, 11, 16], "texture": "#4"},
				"up": {"uv": [5, 0, 11, 16], "texture": "#4"},
				"down": {"uv": [7, 6.5, 9, 10], "texture": "#4"}
			}
		},
		{
			"name": "roof",
			"from": [5, 17.9, -11],
			"to": [5.5, 18.3, 0.3],
			"rotation": {"angle": 0, "axis": "y", "origin": [8, 3.48964, 11.325]},
			"faces": {
				"north": {"uv": [5, 0, 11, 16], "texture": "#4"},
				"east": {"uv": [5, 0, 11, 16], "texture": "#4"},
				"south": {"uv": [5, 0, 11, 16], "texture": "#4"},
				"west": {"uv": [5, 0, 11, 16], "texture": "#4"},
				"up": {"uv": [5, 0, 11, 16], "texture": "#4"},
				"down": {"uv": [7, 6.5, 9, 10], "texture": "#12"}
			}
		},
		{
			"name": "roof",
			"from": [10.5, 17.9, -11],
			"to": [11, 18.3, 0.3],
			"rotation": {"angle": 0, "axis": "y", "origin": [8, 3.48964, 11.325]},
			"faces": {
				"north": {"uv": [5, 0, 11, 16], "texture": "#4"},
				"east": {"uv": [5, 0, 11, 16], "texture": "#4"},
				"south": {"uv": [5, 0, 11, 16], "texture": "#4"},
				"west": {"uv": [5, 0, 11, 16], "texture": "#4"},
				"up": {"uv": [5, 0, 11, 16], "texture": "#4"},
				"down": {"uv": [7, 6.5, 9, 10], "texture": "#12"}
			}
		}
	],
	"display": {
		"head": {
			"scale": [3.85, 3.85, 4]
		}
	},
	"groups": [
		{
			"name": "group",
			"origin": [8, 15.48964, -14.875],
			"color": 0,
			"children": [0, 1, 2, 3, 4, 5, 6, 7]
		},
		{
			"name": "group",
			"origin": [8, 15.48964, -14.875],
			"color": 0,
			"children": [8, 9, 10, 11, 12, 13, 14, 15]
		},
		{
			"name": "group",
			"origin": [-2.1, 12.48964, -11.875],
			"color": 0,
			"children": [16, 17, 18, 19, 20, 21]
		},
		22,
		23,
		{
			"name": "group",
			"origin": [-2.1, 12.48964, -11.875],
			"color": 0,
			"children": []
		},
		{
			"name": "group",
			"origin": [-2.1, 12.48964, -11.875],
			"color": 0,
			"children": []
		},
		{
			"name": "group",
			"origin": [-2.1, 12.48964, -11.875],
			"color": 0,
			"children": []
		},
		{
			"name": "Kursi",
			"origin": [8, 12.48964, -11.875],
			"color": 0,
			"children": [24, 25, 26, 27, 28, 29]
		},
		{
			"name": "Kursi",
			"origin": [8, 12.48964, -11.875],
			"color": 0,
			"children": [30, 31, 32, 33, 34, 35]
		},
		{
			"name": "group",
			"origin": [8, 12.48964, 6.125],
			"color": 0,
			"children": [36, 37, 38, 39, 40]
		},
		{
			"name": "Rwalls",
			"origin": [8, 15.48964, -14.875],
			"color": 0,
			"children": [41, 42, 43, 44, 45]
		},
		{
			"name": "Rwalls",
			"origin": [8, 15.48964, -14.875],
			"color": 0,
			"children": [46, 47, 48, 49, 50]
		},
		{
			"name": "Lwalls",
			"origin": [8, 15.48964, -14.875],
			"color": 0,
			"children": []
		},
		{
			"name": "group",
			"origin": [8, 15.48964, -14.875],
			"color": 0,
			"children": []
		},
		{
			"name": "group",
			"origin": [8, 15.48964, -14.875],
			"color": 0,
			"children": [51, 52, 53, 54, 55]
		},
		{
			"name": "group",
			"origin": [8, 15.48964, -14.875],
			"color": 0,
			"children": [56, 57]
		},
		{
			"name": "group",
			"origin": [8, 15.48964, -14.875],
			"color": 0,
			"children": []
		},
		{
			"name": "GlassR",
			"origin": [8, 15.48964, -14.875],
			"color": 0,
			"children": []
		},
		{
			"name": "GlassL",
			"origin": [8, 15.48964, -14.875],
			"color": 0,
			"children": []
		},
		{
			"name": "Rpart",
			"origin": [8, 15.48964, -14.875],
			"color": 0,
			"children": [58, 59, 60, 61, 62, 63, 64, 65]
		},
		66,
		67,
		68,
		69,
		70,
		71,
		72,
		73,
		{
			"name": "Lpart",
			"origin": [8, 15.48964, -14.875],
			"color": 0,
			"children": [74]
		},
		75,
		76,
		77,
		78,
		79,
		80,
		81,
		82,
		83,
		{
			"name": "Coupler2",
			"origin": [0, 17, 0],
			"color": 0,
			"children": []
		},
		{
			"name": "group",
			"origin": [0, 0, -15],
			"color": 0,
			"children": []
		},
		{
			"name": "group",
			"origin": [8, 15.48964, 6.125],
			"color": 0,
			"children": []
		},
		{
			"name": "group",
			"origin": [8, 15.48964, 6.125],
			"color": 0,
			"children": []
		},
		{
			"name": "group",
			"origin": [8, 15.48964, 6.125],
			"color": 0,
			"children": []
		},
		{
			"name": "group",
			"origin": [8, 15.48964, 6.125],
			"color": 0,
			"children": []
		},
		{
			"name": "group",
			"origin": [8, 15.48964, -15.675],
			"color": 0,
			"children": [84, 85]
		},
		86,
		87,
		88,
		89,
		90
	]
}