{
	"credit": "Made with Blockbench",
	"textures": {
		"0": "block/yellow_concrete",
		"1": "block/black_concrete",
		"2": "block/gray_concrete",
		"3": "block/white_concrete",
		"4": "block/white_terracotta",
		"5": "block/purple_terracotta",
		"6": "block/glass",
		"7": "block/light_gray_concrete",
		"8": "block/beehive_end",
		"10": "block/ktb/mugunghwa/toilet",
		"11": "block/blue_wool",
		"12": "block/redstone_block",
		"13": "block/black_concrete_powder",
		"14": "block/iron_block",
		"15": "block/quartz_block_bottom",
		"16": "block/sea_lantern",
		"17": "block/ktb/mugunghwa/rlink",
		"18": "block/ktb/mugunghwa/empty",
		"19": "block/ktb/mugunghwa/air_conditioner",
		"20": "block/light_blue_wool",
		"particle": "block/yellow_concrete"
	},
	"elements": [
		{
			"from": [1, 3.9, -16],
			"to": [2, 5.35, 8],
			"rotation": {"angle": 0, "axis": "y", "origin": [0, -1.95, -14.7]},
			"faces": {
				"north": {"uv": [0, 0, 1, 6.25], "texture": "#1"},
				"east": {"uv": [0, 5.024, 16, 7.786], "texture": "#1"},
				"south": {"uv": [0, 0, 1, 6.25], "texture": "#1"},
				"west": {"uv": [0, 6.112, 16, 9.834], "texture": "#1"},
				"up": {"uv": [0, 0, 1, 16], "texture": "#1"},
				"down": {"uv": [0, 0, 1, 16], "texture": "#1"}
			}
		},
		{
			"from": [-0.25, 1.65, -6.25],
			"to": [1.75, 2.1, -0.25],
			"rotation": {"angle": 0, "axis": "y", "origin": [0, -1.95, -14.7]},
			"faces": {
				"north": {"uv": [0, 0, 1, 6.25], "texture": "#2"},
				"east": {"uv": [0, 5.024, 16, 7.786], "texture": "#2"},
				"south": {"uv": [0, 0, 1, 6.25], "texture": "#2"},
				"west": {"uv": [0, 6.112, 16, 9.834], "texture": "#2"},
				"up": {"uv": [0, 0, 1, 16], "texture": "#2"},
				"down": {"uv": [0, 0, 1, 16], "texture": "#2"}
			}
		},
		{
			"from": [14.25, 1.65, -6.75],
			"to": [15.75, 5.1, -6.25],
			"rotation": {"angle": 0, "axis": "y", "origin": [16, -1.95, -14.7]},
			"faces": {
				"north": {"uv": [1, 0, 0, 6.25], "texture": "#2"},
				"east": {"uv": [16, 6.112, 0, 9.834], "texture": "#2"},
				"south": {"uv": [1, 0, 0, 6.25], "texture": "#2"},
				"west": {"uv": [16, 5.024, 0, 7.786], "texture": "#2"},
				"up": {"uv": [1, 0, 0, 16], "texture": "#2"},
				"down": {"uv": [1, 0, 0, 16], "texture": "#2"}
			}
		},
		{
			"from": [14.25, 4.15, -6.25],
			"to": [16.25, 4.6, -0.25],
			"rotation": {"angle": 0, "axis": "y", "origin": [16, -1.95, -14.7]},
			"faces": {
				"north": {"uv": [1, 0, 0, 6.25], "texture": "#2"},
				"east": {"uv": [16, 6.112, 0, 9.834], "texture": "#2"},
				"south": {"uv": [1, 0, 0, 6.25], "texture": "#2"},
				"west": {"uv": [16, 5.024, 0, 7.786], "texture": "#2"},
				"up": {"uv": [1, 0, 0, 16], "texture": "#2"},
				"down": {"uv": [1, 0, 0, 16], "texture": "#2"}
			}
		},
		{
			"from": [14.25, 2.9, -6.25],
			"to": [16.25, 3.35, -0.25],
			"rotation": {"angle": 0, "axis": "y", "origin": [16, -1.95, -14.7]},
			"faces": {
				"north": {"uv": [1, 0, 0, 6.25], "texture": "#2"},
				"east": {"uv": [16, 6.112, 0, 9.834], "texture": "#2"},
				"south": {"uv": [1, 0, 0, 6.25], "texture": "#2"},
				"west": {"uv": [16, 5.024, 0, 7.786], "texture": "#2"},
				"up": {"uv": [1, 0, 0, 16], "texture": "#2"},
				"down": {"uv": [1, 0, 0, 16], "texture": "#2"}
			}
		},
		{
			"from": [14.25, 1.65, -0.25],
			"to": [15.75, 5.1, 0.25],
			"rotation": {"angle": 0, "axis": "y", "origin": [16, -1.95, -14.7]},
			"faces": {
				"north": {"uv": [1, 0, 0, 6.25], "texture": "#2"},
				"east": {"uv": [16, 6.112, 0, 9.834], "texture": "#2"},
				"south": {"uv": [1, 0, 0, 6.25], "texture": "#2"},
				"west": {"uv": [16, 5.024, 0, 7.786], "texture": "#2"},
				"up": {"uv": [1, 0, 0, 16], "texture": "#2"},
				"down": {"uv": [1, 0, 0, 16], "texture": "#2"}
			}
		},
		{
			"from": [14.25, 1.65, -6.25],
			"to": [16.25, 2.1, -0.25],
			"rotation": {"angle": 0, "axis": "y", "origin": [16, -1.95, -14.7]},
			"faces": {
				"north": {"uv": [1, 0, 0, 6.25], "texture": "#2"},
				"east": {"uv": [16, 6.112, 0, 9.834], "texture": "#2"},
				"south": {"uv": [1, 0, 0, 6.25], "texture": "#2"},
				"west": {"uv": [16, 5.024, 0, 7.786], "texture": "#2"},
				"up": {"uv": [1, 0, 0, 16], "texture": "#2"},
				"down": {"uv": [1, 0, 0, 16], "texture": "#2"}
			}
		},
		{
			"from": [-0.25, 4.15, -6.25],
			"to": [1.75, 4.6, -0.25],
			"rotation": {"angle": 0, "axis": "y", "origin": [0, -1.95, -14.7]},
			"faces": {
				"north": {"uv": [0, 0, 1, 6.25], "texture": "#2"},
				"east": {"uv": [0, 5.024, 16, 7.786], "texture": "#2"},
				"south": {"uv": [0, 0, 1, 6.25], "texture": "#2"},
				"west": {"uv": [0, 6.112, 16, 9.834], "texture": "#2"},
				"up": {"uv": [0, 0, 1, 16], "texture": "#2"},
				"down": {"uv": [0, 0, 1, 16], "texture": "#2"}
			}
		},
		{
			"from": [-0.25, 2.9, -6.25],
			"to": [1.75, 3.35, -0.25],
			"rotation": {"angle": 0, "axis": "y", "origin": [0, -1.95, -14.7]},
			"faces": {
				"north": {"uv": [0, 0, 1, 6.25], "texture": "#2"},
				"east": {"uv": [0, 5.024, 16, 7.786], "texture": "#2"},
				"south": {"uv": [0, 0, 1, 6.25], "texture": "#2"},
				"west": {"uv": [0, 6.112, 16, 9.834], "texture": "#2"},
				"up": {"uv": [0, 0, 1, 16], "texture": "#2"},
				"down": {"uv": [0, 0, 1, 16], "texture": "#2"}
			}
		},
		{
			"from": [0.25, 1.65, -0.25],
			"to": [1.75, 5.1, 0.25],
			"rotation": {"angle": 0, "axis": "y", "origin": [0, -1.95, -14.7]},
			"faces": {
				"north": {"uv": [0, 0, 1, 6.25], "texture": "#2"},
				"east": {"uv": [0, 5.024, 16, 7.786], "texture": "#2"},
				"south": {"uv": [0, 0, 1, 6.25], "texture": "#2"},
				"west": {"uv": [0, 6.112, 16, 9.834], "texture": "#2"},
				"up": {"uv": [0, 0, 1, 16], "texture": "#2"},
				"down": {"uv": [0, 0, 1, 16], "texture": "#2"}
			}
		},
		{
			"from": [1.25, 5.6, -0.8],
			"to": [1.75, 19.85, -0.3],
			"rotation": {"angle": 0, "axis": "y", "origin": [0, -1.95, -14.7]},
			"faces": {
				"north": {"uv": [0, 0, 1, 6.25], "texture": "#7"},
				"east": {"uv": [0, 5.024, 16, 7.786], "texture": "#7"},
				"south": {"uv": [0, 0, 1, 6.25], "texture": "#7"},
				"west": {"uv": [0, 6.112, 16, 9.834], "texture": "#7"},
				"up": {"uv": [0, 0, 1, 16], "texture": "#7"},
				"down": {"uv": [0, 0, 1, 16], "texture": "#7"}
			}
		},
		{
			"from": [1.25, 5.6, -6.2],
			"to": [1.75, 19.85, -5.7],
			"rotation": {"angle": 0, "axis": "y", "origin": [0, -1.95, -14.7]},
			"faces": {
				"north": {"uv": [0, 0, 1, 6.25], "texture": "#7"},
				"east": {"uv": [0, 5.024, 16, 7.786], "texture": "#7"},
				"south": {"uv": [0, 0, 1, 6.25], "texture": "#7"},
				"west": {"uv": [0, 6.112, 16, 9.834], "texture": "#7"},
				"up": {"uv": [0, 0, 1, 16], "texture": "#7"},
				"down": {"uv": [0, 0, 1, 16], "texture": "#7"}
			}
		},
		{
			"from": [14.25, 5.6, -0.8],
			"to": [14.75, 19.85, -0.3],
			"rotation": {"angle": 0, "axis": "y", "origin": [16, -1.95, -14.7]},
			"faces": {
				"north": {"uv": [1, 0, 0, 6.25], "texture": "#7"},
				"east": {"uv": [16, 6.112, 0, 9.834], "texture": "#7"},
				"south": {"uv": [1, 0, 0, 6.25], "texture": "#7"},
				"west": {"uv": [16, 5.024, 0, 7.786], "texture": "#7"},
				"up": {"uv": [1, 0, 0, 16], "texture": "#7"},
				"down": {"uv": [1, 0, 0, 16], "texture": "#7"}
			}
		},
		{
			"from": [14.25, 5.6, -6.2],
			"to": [14.75, 19.85, -5.7],
			"rotation": {"angle": 0, "axis": "y", "origin": [16, -1.95, -14.7]},
			"faces": {
				"north": {"uv": [1, 0, 0, 6.25], "texture": "#7"},
				"east": {"uv": [16, 6.112, 0, 9.834], "texture": "#7"},
				"south": {"uv": [1, 0, 0, 6.25], "texture": "#7"},
				"west": {"uv": [16, 5.024, 0, 7.786], "texture": "#7"},
				"up": {"uv": [1, 0, 0, 16], "texture": "#7"},
				"down": {"uv": [1, 0, 0, 16], "texture": "#7"}
			}
		},
		{
			"from": [7.65356, 9.2907, -7.05],
			"to": [8.15356, 12.3407, -6.55],
			"rotation": {"angle": 45, "axis": "z", "origin": [9.90356, -0.4593, -21.7]},
			"faces": {
				"north": {"uv": [0, 0, 1, 6.25], "texture": "#7"},
				"east": {"uv": [0, 5.024, 16, 7.786], "texture": "#7"},
				"south": {"uv": [0, 0, 1, 6.25], "texture": "#7"},
				"west": {"uv": [0, 6.112, 16, 9.834], "texture": "#7"},
				"up": {"uv": [0, 0, 1, 16], "texture": "#7"},
				"down": {"uv": [0, 0, 1, 16], "texture": "#7"}
			}
		},
		{
			"from": [2.47708, 8.53538, -7.05],
			"to": [2.97708, 12.48538, -6.55],
			"rotation": {"angle": 22.5, "axis": "z", "origin": [4.72708, -0.31462, -21.7]},
			"faces": {
				"north": {"uv": [0, 0, 1, 6.25], "texture": "#7"},
				"east": {"uv": [0, 5.024, 16, 7.786], "texture": "#7"},
				"south": {"uv": [0, 0, 1, 6.25], "texture": "#7"},
				"west": {"uv": [0, 6.112, 16, 9.834], "texture": "#7"},
				"up": {"uv": [0, 0, 1, 16], "texture": "#7"},
				"down": {"uv": [0, 0, 1, 16], "texture": "#7"}
			}
		},
		{
			"from": [-2.25, 10.65, -7.05],
			"to": [-1.75, 16.85, -6.55],
			"rotation": {"angle": 0, "axis": "y", "origin": [0, -1.95, -21.7]},
			"faces": {
				"north": {"uv": [0, 0, 1, 6.25], "texture": "#7"},
				"east": {"uv": [0, 5.024, 16, 7.786], "texture": "#7"},
				"south": {"uv": [0, 0, 1, 6.25], "texture": "#7"},
				"west": {"uv": [0, 6.112, 16, 9.834], "texture": "#7"},
				"up": {"uv": [0, 0, 1, 16], "texture": "#7"},
				"down": {"uv": [0, 0, 1, 16], "texture": "#7"}
			}
		},
		{
			"from": [-7.24308, 16.94808, -7.05],
			"to": [-6.74308, 19.24808, -6.55],
			"rotation": {"angle": -22.5, "axis": "z", "origin": [-4.99308, 4.34808, -21.7]},
			"faces": {
				"north": {"uv": [0, 0, 1, 6.25], "texture": "#7"},
				"east": {"uv": [0, 5.024, 16, 7.786], "texture": "#7"},
				"south": {"uv": [0, 0, 1, 6.25], "texture": "#7"},
				"west": {"uv": [0, 6.112, 16, 9.834], "texture": "#7"},
				"up": {"uv": [0, 0, 1, 16], "texture": "#7"},
				"down": {"uv": [0, 0, 1, 16], "texture": "#7"}
			}
		},
		{
			"from": [7.84644, 9.2907, -7.05],
			"to": [8.34644, 12.3407, -6.55],
			"rotation": {"angle": -45, "axis": "z", "origin": [6.09644, -0.4593, -21.7]},
			"faces": {
				"north": {"uv": [1, 0, 0, 6.25], "texture": "#7"},
				"east": {"uv": [16, 6.112, 0, 9.834], "texture": "#7"},
				"south": {"uv": [1, 0, 0, 6.25], "texture": "#7"},
				"west": {"uv": [16, 5.024, 0, 7.786], "texture": "#7"},
				"up": {"uv": [1, 0, 0, 16], "texture": "#7"},
				"down": {"uv": [1, 0, 0, 16], "texture": "#7"}
			}
		},
		{
			"from": [13.02292, 8.53538, -7.05],
			"to": [13.52292, 12.48538, -6.55],
			"rotation": {"angle": -22.5, "axis": "z", "origin": [11.27292, -0.31462, -21.7]},
			"faces": {
				"north": {"uv": [1, 0, 0, 6.25], "texture": "#7"},
				"east": {"uv": [16, 6.112, 0, 9.834], "texture": "#7"},
				"south": {"uv": [1, 0, 0, 6.25], "texture": "#7"},
				"west": {"uv": [16, 5.024, 0, 7.786], "texture": "#7"},
				"up": {"uv": [1, 0, 0, 16], "texture": "#7"},
				"down": {"uv": [1, 0, 0, 16], "texture": "#7"}
			}
		},
		{
			"from": [17.75, 10.65, -7.05],
			"to": [18.25, 16.85, -6.55],
			"rotation": {"angle": 0, "axis": "y", "origin": [16, -1.95, -21.7]},
			"faces": {
				"north": {"uv": [1, 0, 0, 6.25], "texture": "#7"},
				"east": {"uv": [16, 6.112, 0, 9.834], "texture": "#7"},
				"south": {"uv": [1, 0, 0, 6.25], "texture": "#7"},
				"west": {"uv": [16, 5.024, 0, 7.786], "texture": "#7"},
				"up": {"uv": [1, 0, 0, 16], "texture": "#7"},
				"down": {"uv": [1, 0, 0, 16], "texture": "#7"}
			}
		},
		{
			"from": [22.74308, 16.94808, -7.05],
			"to": [23.24308, 19.24808, -6.55],
			"rotation": {"angle": 22.5, "axis": "z", "origin": [20.99308, 4.34808, -21.7]},
			"faces": {
				"north": {"uv": [1, 0, 0, 6.25], "texture": "#7"},
				"east": {"uv": [16, 6.112, 0, 9.834], "texture": "#7"},
				"south": {"uv": [1, 0, 0, 6.25], "texture": "#7"},
				"west": {"uv": [16, 5.024, 0, 7.786], "texture": "#7"},
				"up": {"uv": [1, 0, 0, 16], "texture": "#7"},
				"down": {"uv": [1, 0, 0, 16], "texture": "#7"}
			}
		},
		{
			"from": [0.25, 1.65, -6.75],
			"to": [1.75, 5.1, -6.25],
			"rotation": {"angle": 0, "axis": "y", "origin": [0, -1.95, -14.7]},
			"faces": {
				"north": {"uv": [0, 0, 1, 6.25], "texture": "#2"},
				"east": {"uv": [0, 5.024, 16, 7.786], "texture": "#2"},
				"south": {"uv": [0, 0, 1, 6.25], "texture": "#2"},
				"west": {"uv": [0, 6.112, 16, 9.834], "texture": "#2"},
				"up": {"uv": [0, 0, 1, 16], "texture": "#2"},
				"down": {"uv": [0, 0, 1, 16], "texture": "#2"}
			}
		},
		{
			"from": [2, 3.9, 6],
			"to": [8, 5.35, 8],
			"rotation": {"angle": 0, "axis": "y", "origin": [0, -1.95, -14.7]},
			"faces": {
				"north": {"uv": [0, 0, 1, 6.25], "texture": "#1"},
				"east": {"uv": [0, 5.024, 16, 7.786], "texture": "#1"},
				"south": {"uv": [0, 0, 1, 6.25], "texture": "#1"},
				"west": {"uv": [0, 6.112, 16, 9.834], "texture": "#1"},
				"up": {"uv": [0, 0, 1, 16], "texture": "#1"},
				"down": {"uv": [0, 0, 1, 16], "texture": "#1"}
			}
		},
		{
			"from": [2, 3.9, -16],
			"to": [8, 5.35, -14.25],
			"rotation": {"angle": 0, "axis": "y", "origin": [0, -1.95, -14.7]},
			"faces": {
				"north": {"uv": [0, 0, 1, 6.25], "texture": "#1"},
				"east": {"uv": [0, 5.024, 16, 7.786], "texture": "#1"},
				"south": {"uv": [0, 0, 1, 6.25], "texture": "#1"},
				"west": {"uv": [0, 6.112, 16, 9.834], "texture": "#1"},
				"up": {"uv": [0, 0, 1, 16], "texture": "#1"},
				"down": {"uv": [0, 0, 1, 16], "texture": "#1"}
			}
		},
		{
			"from": [1, 5.4, -16],
			"to": [15, 5.6, 8],
			"rotation": {"angle": 0, "axis": "y", "origin": [16, -1.95, -14.7]},
			"faces": {
				"north": {"uv": [1, 0, 0, 6.25], "texture": "#2"},
				"east": {"uv": [16, 6.112, 0, 9.834], "texture": "#2"},
				"south": {"uv": [1, 0, 0, 6.25], "texture": "#2"},
				"west": {"uv": [16, 5.024, 0, 7.786], "texture": "#2"},
				"up": {"uv": [16, 0, 0, 16], "texture": "#8"},
				"down": {"uv": [1, 0, 0, 16], "texture": "#2"}
			}
		},
		{
			"from": [-1, 18.9, -16],
			"to": [17, 19.6, 8],
			"rotation": {"angle": 0, "axis": "y", "origin": [16, -1.95, -14.7]},
			"faces": {
				"north": {"uv": [1, 0, 0, 6.25], "texture": "#5"},
				"east": {"uv": [16, 6.112, 0, 9.834], "texture": "#5"},
				"south": {"uv": [1, 0, 0, 6.25], "texture": "#5"},
				"west": {"uv": [16, 5.024, 0, 7.786], "texture": "#5"},
				"up": {"uv": [16, 0, 0, 16], "texture": "#5"},
				"down": {"uv": [1, 0, 0, 16], "texture": "#4"}
			}
		},
		{
			"from": [0, 19.4, -16],
			"to": [16, 20.1, 8],
			"rotation": {"angle": 0, "axis": "y", "origin": [16, -1.95, -14.7]},
			"faces": {
				"north": {"uv": [1, 0, 0, 6.25], "texture": "#5"},
				"east": {"uv": [16, 6.112, 0, 9.834], "texture": "#5"},
				"south": {"uv": [1, 0, 0, 6.25], "texture": "#5"},
				"west": {"uv": [16, 5.024, 0, 7.786], "texture": "#5"},
				"up": {"uv": [16, 0, 0, 16], "texture": "#5"},
				"down": {"uv": [1, 0, 0, 16], "texture": "#4"}
			}
		},
		{
			"from": [1.5, 19.9, -16],
			"to": [14.5, 20.85, 8],
			"rotation": {"angle": 0, "axis": "y", "origin": [16, -1.95, -14.7]},
			"faces": {
				"north": {"uv": [1, 0, 0, 6.25], "texture": "#5"},
				"east": {"uv": [16, 6.112, 0, 9.834], "texture": "#5"},
				"south": {"uv": [1, 0, 0, 6.25], "texture": "#5"},
				"west": {"uv": [16, 5.024, 0, 7.786], "texture": "#5"},
				"up": {"uv": [16, 0, 0, 16], "texture": "#5"},
				"down": {"uv": [1, 0, 0, 16], "texture": "#4"}
			}
		},
		{
			"from": [4.5, 20.65, -16],
			"to": [11.5, 21.35, 8],
			"rotation": {"angle": 0, "axis": "y", "origin": [16, -1.95, -14.7]},
			"faces": {
				"north": {"uv": [1, 0, 0, 6.25], "texture": "#5"},
				"east": {"uv": [16, 6.112, 0, 9.834], "texture": "#5"},
				"south": {"uv": [1, 0, 0, 6.25], "texture": "#5"},
				"west": {"uv": [16, 5.024, 0, 7.786], "texture": "#5"},
				"up": {"uv": [16, 0, 0, 16], "texture": "#5"},
				"down": {"uv": [1, 0, 0, 16], "texture": "#4"}
			}
		},
		{
			"from": [6, 18.8, -6.75],
			"to": [10, 19.6, 0],
			"rotation": {"angle": 0, "axis": "y", "origin": [16, -1.95, -14.7]},
			"faces": {
				"north": {"uv": [1, 0, 0, 6.25], "texture": "#15"},
				"east": {"uv": [16, 6.112, 0, 9.834], "texture": "#15"},
				"south": {"uv": [1, 0, 0, 6.25], "texture": "#15"},
				"west": {"uv": [16, 5.024, 0, 7.786], "texture": "#15"},
				"up": {"uv": [16, 0, 0, 16], "texture": "#15"},
				"down": {"uv": [1, 0, 0, 16], "texture": "#15"}
			}
		},
		{
			"from": [6.5, 18.7, -14.5],
			"to": [9.5, 19.6, -11],
			"rotation": {"angle": 0, "axis": "y", "origin": [16, -1.95, -14.7]},
			"faces": {
				"north": {"uv": [1, 0, 0, 6.25], "texture": "#15"},
				"east": {"uv": [16, 6.112, 0, 9.834], "texture": "#15"},
				"south": {"uv": [1, 0, 0, 6.25], "texture": "#15"},
				"west": {"uv": [16, 5.024, 0, 7.786], "texture": "#15"},
				"up": {"uv": [16, 0, 0, 16], "texture": "#15"},
				"down": {"uv": [11.104, 9.952, 8.288, 12.48], "texture": "#19"}
			}
		},
		{
			"from": [6, 18.8, -15],
			"to": [10, 19.6, -10.5],
			"rotation": {"angle": 0, "axis": "y", "origin": [16, -1.95, -14.7]},
			"faces": {
				"north": {"uv": [1, 0, 0, 6.25], "texture": "#15"},
				"east": {"uv": [16, 6.112, 0, 9.834], "texture": "#15"},
				"south": {"uv": [1, 0, 0, 6.25], "texture": "#15"},
				"west": {"uv": [16, 5.024, 0, 7.786], "texture": "#15"},
				"up": {"uv": [16, 0, 0, 16], "texture": "#15"},
				"down": {"uv": [1, 0, 0, 16], "texture": "#15"}
			}
		},
		{
			"from": [6.5, 18.7, -6.25],
			"to": [9.5, 19.6, -0.5],
			"rotation": {"angle": 0, "axis": "y", "origin": [16, -1.95, -14.7]},
			"faces": {
				"north": {"uv": [1, 0, 0, 6.25], "texture": "#15"},
				"east": {"uv": [16, 6.112, 0, 9.834], "texture": "#15"},
				"south": {"uv": [1, 0, 0, 6.25], "texture": "#15"},
				"west": {"uv": [16, 5.024, 0, 7.786], "texture": "#15"},
				"up": {"uv": [16, 0, 0, 16], "texture": "#15"},
				"down": {"uv": [16, 0, 0, 16], "texture": "#16"}
			}
		},
		{
			"from": [4.5, 5.4, 8],
			"to": [11.5, 5.6, 11],
			"rotation": {"angle": 0, "axis": "y", "origin": [16, -1.95, -14.7]},
			"faces": {
				"north": {"uv": [1, 0, 0, 6.25], "texture": "#2"},
				"east": {"uv": [16, 6.112, 0, 9.834], "texture": "#2"},
				"south": {"uv": [1, 0, 0, 6.25], "texture": "#2"},
				"west": {"uv": [16, 5.024, 0, 7.786], "texture": "#2"},
				"up": {"uv": [16, 0, 0, 16], "texture": "#14"},
				"down": {"uv": [1, 0, 0, 16], "texture": "#2"}
			}
		},
		{
			"from": [3.04, 13.77586, 1.5],
			"to": [3.54, 15.77586, 6.5],
			"rotation": {"angle": 22.5, "axis": "z", "origin": [18.0536, 3.42586, -6.45]},
			"faces": {
				"north": {"uv": [1, 0, 0, 6.25], "texture": "#18"},
				"east": {"uv": [16, 6.112, 0, 9.834], "texture": "#18"},
				"south": {"uv": [1, 0, 0, 6.25], "texture": "#18"},
				"west": {"uv": [2, 0, 14, 16], "texture": "#17"},
				"up": {"uv": [1, 0, 0, 16], "texture": "#18"},
				"down": {"uv": [1, 0, 0, 16], "texture": "#18"}
			}
		},
		{
			"from": [3.0536, 11.77586, -0.25],
			"to": [3.5536, 17.97586, 8],
			"rotation": {"angle": 22.5, "axis": "z", "origin": [18.0536, 3.42586, -6.45]},
			"faces": {
				"north": {"uv": [1, 0, 0, 6.25], "texture": "#3"},
				"east": {"uv": [16, 6.112, 0, 9.834], "texture": "#4"},
				"south": {"uv": [1, 0, 0, 6.25], "texture": "#3"},
				"west": {"uv": [16, 5.024, 0, 7.786], "texture": "#3"},
				"up": {"uv": [1, 0, 0, 16], "texture": "#3"},
				"down": {"uv": [1, 0, 0, 16], "texture": "#3"}
			}
		},
		{
			"from": [16.87264, 18.77805, -16],
			"to": [17.37264, 19.02805, -6.25],
			"rotation": {"angle": 0, "axis": "y", "origin": [2.37264, 2.77805, -20.7]},
			"faces": {
				"north": {"uv": [0, 0, 1, 6.25], "texture": "#5"},
				"east": {"uv": [0, 5.024, 16, 7.786], "texture": "#5"},
				"south": {"uv": [0, 0, 1, 6.25], "texture": "#5"},
				"west": {"uv": [0, 6.112, 16, 9.834], "texture": "#4"},
				"up": {"uv": [0, 0, 1, 16], "texture": "#5"},
				"down": {"uv": [0, 0, 1, 16], "texture": "#5"}
			}
		},
		{
			"from": [17.17264, 16.72805, -15],
			"to": [17.27264, 18.77805, -7.25],
			"rotation": {"angle": 0, "axis": "y", "origin": [2.37264, 2.72805, -20.7]},
			"faces": {
				"north": {"uv": [0, 0, 1, 6.25], "texture": "#5"},
				"east": {"uv": [0, 0, 16, 16], "texture": "#6"},
				"south": {"uv": [0, 0, 1, 6.25], "texture": "#5"},
				"west": {"uv": [0, 0, 16, 16], "texture": "#6"},
				"up": {"uv": [0, 0, 1, 16], "texture": "#3"},
				"down": {"uv": [0, 0, 1, 16], "texture": "#5"}
			}
		},
		{
			"from": [17.07264, 15.47805, -15],
			"to": [17.17264, 17.82805, -7.25],
			"rotation": {"angle": 0, "axis": "y", "origin": [2.37264, 2.72805, -20.7]},
			"faces": {
				"north": {"uv": [0, 0, 1, 6.25], "texture": "#5"},
				"east": {"uv": [0, 0, 16, 16], "texture": "#6"},
				"south": {"uv": [0, 0, 1, 6.25], "texture": "#5"},
				"west": {"uv": [0, 0, 16, 16], "texture": "#6"},
				"up": {"uv": [0, 0, 1, 16], "texture": "#3"},
				"down": {"uv": [0, 0, 1, 16], "texture": "#5"}
			}
		},
		{
			"from": [16.87264, 11.12805, -16],
			"to": [17.37264, 18.77805, -15],
			"rotation": {"angle": 0, "axis": "y", "origin": [2.37264, 2.77805, -20.7]},
			"faces": {
				"north": {"uv": [0, 0, 1, 6.25], "texture": "#5"},
				"east": {"uv": [0, 5.024, 16, 7.786], "texture": "#5"},
				"south": {"uv": [0, 0, 1, 6.25], "texture": "#3"},
				"west": {"uv": [0, 6.112, 16, 9.834], "texture": "#4"},
				"up": {"uv": [0, 0, 1, 16], "texture": "#5"},
				"down": {"uv": [0, 0, 1, 16], "texture": "#5"}
			}
		},
		{
			"from": [16.87264, 11.12805, -7.25],
			"to": [17.37264, 18.77805, -6.25],
			"rotation": {"angle": 0, "axis": "y", "origin": [2.37264, 2.77805, -20.7]},
			"faces": {
				"north": {"uv": [0, 0, 1, 6.25], "texture": "#3"},
				"east": {"uv": [0, 5.024, 16, 7.786], "texture": "#5"},
				"south": {"uv": [0, 0, 1, 6.25], "texture": "#5"},
				"west": {"uv": [0, 6.112, 16, 9.834], "texture": "#4"},
				"up": {"uv": [0, 0, 1, 16], "texture": "#5"},
				"down": {"uv": [0, 0, 1, 16], "texture": "#5"}
			}
		},
		{
			"from": [16.87264, 11.12805, -15],
			"to": [17.37264, 13.07805, -7.25],
			"rotation": {"angle": 0, "axis": "y", "origin": [2.37264, 2.77805, -20.7]},
			"faces": {
				"north": {"uv": [0, 0, 1, 6.25], "texture": "#5"},
				"east": {"uv": [0, 5.024, 16, 7.786], "texture": "#5"},
				"south": {"uv": [0, 0, 1, 6.25], "texture": "#5"},
				"west": {"uv": [0, 6.112, 16, 9.834], "texture": "#4"},
				"up": {"uv": [0, 0, 1, 16], "texture": "#3"},
				"down": {"uv": [0, 0, 1, 16], "texture": "#5"}
			}
		},
		{
			"from": [12.4464, 11.77586, -16],
			"to": [12.9464, 17.97586, -6.25],
			"rotation": {"angle": -22.5, "axis": "z", "origin": [-2.0536, 3.42586, -20.7]},
			"faces": {
				"north": {"uv": [0, 0, 1, 6.25], "texture": "#3"},
				"east": {"uv": [0, 5.024, 16, 7.786], "texture": "#3"},
				"south": {"uv": [0, 0, 1, 6.25], "texture": "#3"},
				"west": {"uv": [0, 6.112, 16, 9.834], "texture": "#4"},
				"up": {"uv": [0, 0, 1, 16], "texture": "#3"},
				"down": {"uv": [0, 0, 1, 16], "texture": "#3"}
			}
		},
		{
			"from": [17.17264, 16.72805, 0.5],
			"to": [17.27264, 18.77805, 7],
			"rotation": {"angle": 0, "axis": "y", "origin": [2.37264, 2.72805, -20.95]},
			"faces": {
				"north": {"uv": [0, 0, 1, 6.25], "texture": "#5"},
				"east": {"uv": [0, 0, 16, 16], "texture": "#6"},
				"south": {"uv": [0, 0, 1, 6.25], "texture": "#5"},
				"west": {"uv": [0, 0, 16, 16], "texture": "#6"},
				"up": {"uv": [0, 0, 1, 16], "texture": "#3"},
				"down": {"uv": [0, 0, 1, 16], "texture": "#5"}
			}
		},
		{
			"from": [17.07264, 15.47805, 0.5],
			"to": [17.17264, 17.82805, 7],
			"rotation": {"angle": 0, "axis": "y", "origin": [2.37264, 2.72805, -20.95]},
			"faces": {
				"north": {"uv": [0, 0, 1, 6.25], "texture": "#5"},
				"east": {"uv": [0, 0, 16, 16], "texture": "#6"},
				"south": {"uv": [0, 0, 1, 6.25], "texture": "#5"},
				"west": {"uv": [0, 0, 16, 16], "texture": "#6"},
				"up": {"uv": [0, 0, 1, 16], "texture": "#3"},
				"down": {"uv": [0, 0, 1, 16], "texture": "#5"}
			}
		},
		{
			"from": [16.87264, 18.77805, -0.25],
			"to": [17.37264, 19.02805, 8],
			"rotation": {"angle": 0, "axis": "y", "origin": [2.37264, 2.77805, -20.95]},
			"faces": {
				"north": {"uv": [0, 0, 1, 6.25], "texture": "#5"},
				"east": {"uv": [0, 5.024, 16, 7.786], "texture": "#5"},
				"south": {"uv": [0, 0, 1, 6.25], "texture": "#5"},
				"west": {"uv": [0, 6.112, 16, 9.834], "texture": "#4"},
				"up": {"uv": [0, 0, 1, 16], "texture": "#5"},
				"down": {"uv": [0, 0, 1, 16], "texture": "#5"}
			}
		},
		{
			"from": [16.87264, 11.12805, -0.25],
			"to": [17.37264, 18.77805, 0.75],
			"rotation": {"angle": 0, "axis": "y", "origin": [2.37264, 2.77805, -19.45]},
			"faces": {
				"north": {"uv": [0, 0, 1, 6.25], "texture": "#5"},
				"east": {"uv": [0, 5.024, 16, 7.786], "texture": "#5"},
				"south": {"uv": [0, 0, 1, 6.25], "texture": "#3"},
				"west": {"uv": [0, 6.112, 16, 9.834], "texture": "#4"},
				"up": {"uv": [0, 0, 1, 16], "texture": "#5"},
				"down": {"uv": [0, 0, 1, 16], "texture": "#5"}
			}
		},
		{
			"from": [16.87264, 11.12805, 7],
			"to": [17.37264, 18.77805, 8],
			"rotation": {"angle": 0, "axis": "y", "origin": [2.37264, 2.77805, -20.95]},
			"faces": {
				"north": {"uv": [0, 0, 1, 6.25], "texture": "#3"},
				"east": {"uv": [0, 5.024, 16, 7.786], "texture": "#5"},
				"south": {"uv": [0, 0, 1, 6.25], "texture": "#5"},
				"west": {"uv": [0, 6.112, 16, 9.834], "texture": "#4"},
				"up": {"uv": [0, 0, 1, 16], "texture": "#5"},
				"down": {"uv": [0, 0, 1, 16], "texture": "#5"}
			}
		},
		{
			"from": [16.87264, 11.12805, 0.75],
			"to": [17.37264, 13.07805, 7],
			"rotation": {"angle": 0, "axis": "y", "origin": [2.37264, 2.77805, -20.95]},
			"faces": {
				"north": {"uv": [0, 0, 1, 6.25], "texture": "#5"},
				"east": {"uv": [0, 5.024, 16, 7.786], "texture": "#5"},
				"south": {"uv": [0, 0, 1, 6.25], "texture": "#5"},
				"west": {"uv": [0, 6.112, 16, 9.834], "texture": "#4"},
				"up": {"uv": [0, 0, 1, 16], "texture": "#3"},
				"down": {"uv": [0, 0, 1, 16], "texture": "#5"}
			}
		},
		{
			"from": [12.4464, 11.77586, -0.25],
			"to": [12.9464, 17.97586, 8],
			"rotation": {"angle": -22.5, "axis": "z", "origin": [-2.0536, 3.42586, -6.45]},
			"faces": {
				"north": {"uv": [0, 0, 1, 6.25], "texture": "#3"},
				"east": {"uv": [0, 5.024, 16, 7.786], "texture": "#3"},
				"south": {"uv": [0, 0, 1, 6.25], "texture": "#3"},
				"west": {"uv": [0, 6.112, 16, 9.834], "texture": "#4"},
				"up": {"uv": [0, 0, 1, 16], "texture": "#3"},
				"down": {"uv": [0, 0, 1, 16], "texture": "#3"}
			}
		},
		{
			"from": [-1.37264, 11.12805, -7.25],
			"to": [-0.87264, 18.77805, -6.25],
			"rotation": {"angle": 0, "axis": "y", "origin": [13.62736, 2.77805, -20.7]},
			"faces": {
				"north": {"uv": [1, 0, 0, 6.25], "texture": "#3"},
				"east": {"uv": [16, 6.112, 0, 9.834], "texture": "#4"},
				"south": {"uv": [1, 0, 0, 6.25], "texture": "#5"},
				"west": {"uv": [16, 5.024, 0, 7.786], "texture": "#5"},
				"up": {"uv": [1, 0, 0, 16], "texture": "#5"},
				"down": {"uv": [1, 0, 0, 16], "texture": "#5"}
			}
		},
		{
			"from": [-1.27264, 16.72805, 0.5],
			"to": [-1.17264, 18.77805, 7],
			"rotation": {"angle": 0, "axis": "y", "origin": [13.62736, 2.72805, -20.95]},
			"faces": {
				"north": {"uv": [1, 0, 0, 6.25], "texture": "#5"},
				"east": {"uv": [16, 0, 0, 16], "texture": "#6"},
				"south": {"uv": [1, 0, 0, 6.25], "texture": "#5"},
				"west": {"uv": [16, 0, 0, 16], "texture": "#6"},
				"up": {"uv": [1, 0, 0, 16], "texture": "#3"},
				"down": {"uv": [1, 0, 0, 16], "texture": "#5"}
			}
		},
		{
			"from": [-1.17264, 15.47805, 0.5],
			"to": [-1.07264, 17.82805, 7],
			"rotation": {"angle": 0, "axis": "y", "origin": [13.62736, 2.72805, -20.95]},
			"faces": {
				"north": {"uv": [1, 0, 0, 6.25], "texture": "#5"},
				"east": {"uv": [16, 0, 0, 16], "texture": "#6"},
				"south": {"uv": [1, 0, 0, 6.25], "texture": "#5"},
				"west": {"uv": [16, 0, 0, 16], "texture": "#6"},
				"up": {"uv": [1, 0, 0, 16], "texture": "#3"},
				"down": {"uv": [1, 0, 0, 16], "texture": "#5"}
			}
		},
		{
			"from": [-1.37264, 11.12805, -0.25],
			"to": [-0.87264, 18.77805, 0.75],
			"rotation": {"angle": 0, "axis": "y", "origin": [13.62736, 2.77805, -19.45]},
			"faces": {
				"north": {"uv": [1, 0, 0, 6.25], "texture": "#5"},
				"east": {"uv": [16, 6.112, 0, 9.834], "texture": "#4"},
				"south": {"uv": [1, 0, 0, 6.25], "texture": "#3"},
				"west": {"uv": [16, 5.024, 0, 7.786], "texture": "#5"},
				"up": {"uv": [1, 0, 0, 16], "texture": "#5"},
				"down": {"uv": [1, 0, 0, 16], "texture": "#5"}
			}
		},
		{
			"from": [-1.37264, 18.77805, -0.25],
			"to": [-0.87264, 19.02805, 8],
			"rotation": {"angle": 0, "axis": "y", "origin": [13.62736, 2.77805, -20.95]},
			"faces": {
				"north": {"uv": [1, 0, 0, 6.25], "texture": "#5"},
				"east": {"uv": [16, 6.112, 0, 9.834], "texture": "#4"},
				"south": {"uv": [1, 0, 0, 6.25], "texture": "#5"},
				"west": {"uv": [16, 5.024, 0, 7.786], "texture": "#5"},
				"up": {"uv": [1, 0, 0, 16], "texture": "#5"},
				"down": {"uv": [1, 0, 0, 16], "texture": "#5"}
			}
		},
		{
			"from": [-1.32264, 17.77805, 0.75],
			"to": [-1.27264, 18.02805, 7],
			"rotation": {"angle": 0, "axis": "y", "origin": [13.62736, 2.77805, -20.95]},
			"faces": {
				"north": {"uv": [1, 0, 0, 6.25], "texture": "#7"},
				"east": {"uv": [16, 6.112, 0, 9.834], "texture": "#7"},
				"south": {"uv": [1, 0, 0, 6.25], "texture": "#7"},
				"west": {"uv": [16, 5.024, 0, 7.786], "texture": "#7"},
				"up": {"uv": [1, 0, 0, 16], "texture": "#7"},
				"down": {"uv": [1, 0, 0, 16], "texture": "#7"}
			}
		},
		{
			"from": [-1.32264, 17.27805, 0.75],
			"to": [-1.27264, 17.52805, 7],
			"rotation": {"angle": 0, "axis": "y", "origin": [13.62736, 2.77805, -20.95]},
			"faces": {
				"north": {"uv": [1, 0, 0, 6.25], "texture": "#7"},
				"east": {"uv": [16, 6.112, 0, 9.834], "texture": "#7"},
				"south": {"uv": [1, 0, 0, 6.25], "texture": "#7"},
				"west": {"uv": [16, 5.024, 0, 7.786], "texture": "#7"},
				"up": {"uv": [1, 0, 0, 16], "texture": "#7"},
				"down": {"uv": [1, 0, 0, 16], "texture": "#7"}
			}
		},
		{
			"from": [-1.32264, 16.77805, 0.75],
			"to": [-1.27264, 17.02805, 7],
			"rotation": {"angle": 0, "axis": "y", "origin": [13.62736, 2.77805, -20.95]},
			"faces": {
				"north": {"uv": [1, 0, 0, 6.25], "texture": "#7"},
				"east": {"uv": [16, 6.112, 0, 9.834], "texture": "#7"},
				"south": {"uv": [1, 0, 0, 6.25], "texture": "#7"},
				"west": {"uv": [16, 5.024, 0, 7.786], "texture": "#7"},
				"up": {"uv": [1, 0, 0, 16], "texture": "#7"},
				"down": {"uv": [1, 0, 0, 16], "texture": "#7"}
			}
		},
		{
			"from": [-1.32264, 16.27805, 0.75],
			"to": [-1.27264, 16.52805, 7],
			"rotation": {"angle": 0, "axis": "y", "origin": [13.62736, 2.77805, -20.95]},
			"faces": {
				"north": {"uv": [1, 0, 0, 6.25], "texture": "#7"},
				"east": {"uv": [16, 6.112, 0, 9.834], "texture": "#7"},
				"south": {"uv": [1, 0, 0, 6.25], "texture": "#7"},
				"west": {"uv": [16, 5.024, 0, 7.786], "texture": "#7"},
				"up": {"uv": [1, 0, 0, 16], "texture": "#7"},
				"down": {"uv": [1, 0, 0, 16], "texture": "#7"}
			}
		},
		{
			"from": [-1.32264, 15.77805, 0.75],
			"to": [-1.27264, 16.02805, 7],
			"rotation": {"angle": 0, "axis": "y", "origin": [13.62736, 2.77805, -20.95]},
			"faces": {
				"north": {"uv": [1, 0, 0, 6.25], "texture": "#7"},
				"east": {"uv": [16, 6.112, 0, 9.834], "texture": "#7"},
				"south": {"uv": [1, 0, 0, 6.25], "texture": "#7"},
				"west": {"uv": [16, 5.024, 0, 7.786], "texture": "#7"},
				"up": {"uv": [1, 0, 0, 16], "texture": "#7"},
				"down": {"uv": [1, 0, 0, 16], "texture": "#7"}
			}
		},
		{
			"from": [-1.32264, 15.27805, 0.75],
			"to": [-1.27264, 15.52805, 7],
			"rotation": {"angle": 0, "axis": "y", "origin": [13.62736, 2.77805, -20.95]},
			"faces": {
				"north": {"uv": [1, 0, 0, 6.25], "texture": "#7"},
				"east": {"uv": [16, 6.112, 0, 9.834], "texture": "#7"},
				"south": {"uv": [1, 0, 0, 6.25], "texture": "#7"},
				"west": {"uv": [16, 5.024, 0, 7.786], "texture": "#7"},
				"up": {"uv": [1, 0, 0, 16], "texture": "#7"},
				"down": {"uv": [1, 0, 0, 16], "texture": "#7"}
			}
		},
		{
			"from": [-1.32264, 14.77805, 0.75],
			"to": [-1.27264, 15.02805, 7],
			"rotation": {"angle": 0, "axis": "y", "origin": [13.62736, 2.77805, -20.95]},
			"faces": {
				"north": {"uv": [1, 0, 0, 6.25], "texture": "#7"},
				"east": {"uv": [16, 6.112, 0, 9.834], "texture": "#7"},
				"south": {"uv": [1, 0, 0, 6.25], "texture": "#7"},
				"west": {"uv": [16, 5.024, 0, 7.786], "texture": "#7"},
				"up": {"uv": [1, 0, 0, 16], "texture": "#7"},
				"down": {"uv": [1, 0, 0, 16], "texture": "#7"}
			}
		},
		{
			"from": [-1.32264, 14.27805, 0.75],
			"to": [-1.27264, 14.52805, 7],
			"rotation": {"angle": 0, "axis": "y", "origin": [13.62736, 2.77805, -20.95]},
			"faces": {
				"north": {"uv": [1, 0, 0, 6.25], "texture": "#7"},
				"east": {"uv": [16, 6.112, 0, 9.834], "texture": "#7"},
				"south": {"uv": [1, 0, 0, 6.25], "texture": "#7"},
				"west": {"uv": [16, 5.024, 0, 7.786], "texture": "#7"},
				"up": {"uv": [1, 0, 0, 16], "texture": "#7"},
				"down": {"uv": [1, 0, 0, 16], "texture": "#7"}
			}
		},
		{
			"from": [-1.32264, 13.77805, 0.75],
			"to": [-1.27264, 14.02805, 7],
			"rotation": {"angle": 0, "axis": "y", "origin": [13.62736, 2.77805, -20.95]},
			"faces": {
				"north": {"uv": [1, 0, 0, 6.25], "texture": "#7"},
				"east": {"uv": [16, 6.112, 0, 9.834], "texture": "#7"},
				"south": {"uv": [1, 0, 0, 6.25], "texture": "#7"},
				"west": {"uv": [16, 5.024, 0, 7.786], "texture": "#7"},
				"up": {"uv": [1, 0, 0, 16], "texture": "#7"},
				"down": {"uv": [1, 0, 0, 16], "texture": "#7"}
			}
		},
		{
			"from": [-1.32264, 13.27805, 0.75],
			"to": [-1.27264, 13.52805, 7],
			"rotation": {"angle": 0, "axis": "y", "origin": [13.62736, 2.77805, -20.95]},
			"faces": {
				"north": {"uv": [1, 0, 0, 6.25], "texture": "#7"},
				"east": {"uv": [16, 6.112, 0, 9.834], "texture": "#7"},
				"south": {"uv": [1, 0, 0, 6.25], "texture": "#7"},
				"west": {"uv": [16, 5.024, 0, 7.786], "texture": "#7"},
				"up": {"uv": [1, 0, 0, 16], "texture": "#7"},
				"down": {"uv": [1, 0, 0, 16], "texture": "#7"}
			}
		},
		{
			"from": [-1.32264, 18.27805, 0.75],
			"to": [-1.27264, 18.52805, 7],
			"rotation": {"angle": 0, "axis": "y", "origin": [13.62736, 2.77805, -20.95]},
			"faces": {
				"north": {"uv": [1, 0, 0, 6.25], "texture": "#7"},
				"east": {"uv": [16, 6.112, 0, 9.834], "texture": "#7"},
				"south": {"uv": [1, 0, 0, 6.25], "texture": "#7"},
				"west": {"uv": [16, 5.024, 0, 7.786], "texture": "#7"},
				"up": {"uv": [1, 0, 0, 16], "texture": "#7"},
				"down": {"uv": [1, 0, 0, 16], "texture": "#7"}
			}
		},
		{
			"from": [-1.37264, 11.12805, 0.75],
			"to": [-0.87264, 13.07805, 7],
			"rotation": {"angle": 0, "axis": "y", "origin": [13.62736, 2.77805, -20.95]},
			"faces": {
				"north": {"uv": [1, 0, 0, 6.25], "texture": "#5"},
				"east": {"uv": [16, 6.112, 0, 9.834], "texture": "#4"},
				"south": {"uv": [1, 0, 0, 6.25], "texture": "#5"},
				"west": {"uv": [16, 5.024, 0, 7.786], "texture": "#5"},
				"up": {"uv": [1, 0, 0, 16], "texture": "#3"},
				"down": {"uv": [1, 0, 0, 16], "texture": "#5"}
			}
		},
		{
			"from": [-1.37264, 11.12805, 7],
			"to": [-0.87264, 18.77805, 8],
			"rotation": {"angle": 0, "axis": "y", "origin": [13.62736, 2.77805, -20.95]},
			"faces": {
				"north": {"uv": [1, 0, 0, 6.25], "texture": "#3"},
				"east": {"uv": [16, 6.112, 0, 9.834], "texture": "#4"},
				"south": {"uv": [1, 0, 0, 6.25], "texture": "#5"},
				"west": {"uv": [16, 5.024, 0, 7.786], "texture": "#5"},
				"up": {"uv": [1, 0, 0, 16], "texture": "#5"},
				"down": {"uv": [1, 0, 0, 16], "texture": "#5"}
			}
		},
		{
			"from": [-0.87264, 10.12805, 7.75],
			"to": [0.12736, 19.02805, 7.9],
			"rotation": {"angle": 0, "axis": "y", "origin": [13.62736, 2.77805, -20.95]},
			"faces": {
				"north": {"uv": [1, 0, 0, 6.25], "texture": "#4"},
				"east": {"uv": [16, 6.112, 0, 9.834], "texture": "#5"},
				"south": {"uv": [1, 0, 0, 6.25], "texture": "#0"},
				"west": {"uv": [16, 5.024, 0, 7.786], "texture": "#5"},
				"up": {"uv": [1, 0, 0, 16], "texture": "#5"},
				"down": {"uv": [1, 0, 0, 16], "texture": "#5"}
			}
		},
		{
			"from": [-0.22264, 8.37805, 7.75],
			"to": [0.87736, 19.02805, 7.9],
			"rotation": {"angle": 0, "axis": "y", "origin": [13.62736, 2.77805, -20.95]},
			"faces": {
				"north": {"uv": [1, 0, 0, 6.25], "texture": "#4"},
				"east": {"uv": [16, 6.112, 0, 9.834], "texture": "#5"},
				"south": {"uv": [1, 0, 0, 6.25], "texture": "#0"},
				"west": {"uv": [16, 5.024, 0, 7.786], "texture": "#5"},
				"up": {"uv": [1, 0, 0, 16], "texture": "#5"},
				"down": {"uv": [1, 0, 0, 16], "texture": "#5"}
			}
		},
		{
			"from": [0.27736, 7.22805, 7.75],
			"to": [0.87736, 19.02805, 7.9],
			"rotation": {"angle": 0, "axis": "y", "origin": [13.62736, 2.77805, -20.95]},
			"faces": {
				"north": {"uv": [1, 0, 0, 6.25], "texture": "#4"},
				"east": {"uv": [16, 6.112, 0, 9.834], "texture": "#5"},
				"south": {"uv": [1, 0, 0, 6.25], "texture": "#0"},
				"west": {"uv": [16, 5.024, 0, 7.786], "texture": "#5"},
				"up": {"uv": [1, 0, 0, 16], "texture": "#5"},
				"down": {"uv": [1, 0, 0, 16], "texture": "#5"}
			}
		},
		{
			"from": [0.67736, 6.32805, 7.75],
			"to": [1.37736, 19.02805, 7.9],
			"rotation": {"angle": 0, "axis": "y", "origin": [13.62736, 2.77805, -20.95]},
			"faces": {
				"north": {"uv": [1, 0, 0, 6.25], "texture": "#4"},
				"east": {"uv": [16, 6.112, 0, 9.834], "texture": "#5"},
				"south": {"uv": [1, 0, 0, 6.25], "texture": "#0"},
				"west": {"uv": [16, 5.024, 0, 7.786], "texture": "#5"},
				"up": {"uv": [1, 0, 0, 16], "texture": "#5"},
				"down": {"uv": [1, 0, 0, 16], "texture": "#5"}
			}
		},
		{
			"from": [0.97736, 5.42805, 7.75],
			"to": [5.87736, 19.02805, 7.9],
			"rotation": {"angle": 0, "axis": "y", "origin": [13.62736, 2.77805, -20.95]},
			"faces": {
				"north": {"uv": [1, 0, 0, 6.25], "texture": "#4"},
				"east": {"uv": [16, 6.112, 0, 9.834], "texture": "#3"},
				"south": {"uv": [1, 0, 0, 6.25], "texture": "#0"},
				"west": {"uv": [16, 5.024, 0, 7.786], "texture": "#5"},
				"up": {"uv": [1, 0, 0, 16], "texture": "#5"},
				"down": {"uv": [1, 0, 0, 16], "texture": "#5"}
			}
		},
		{
			"from": [3.97736, 5.42805, 7.9],
			"to": [5.87736, 19.02805, 11.15],
			"rotation": {"angle": 0, "axis": "y", "origin": [13.62736, 2.77805, -20.95]},
			"faces": {
				"north": {"uv": [1, 0, 0, 6.25], "texture": "#13"},
				"east": {"uv": [16, 6.112, 0, 9.834], "texture": "#13"},
				"south": {"uv": [1, 0, 0, 6.25], "texture": "#13"},
				"west": {"uv": [16, 5.024, 0, 7.786], "texture": "#13"},
				"up": {"uv": [1, 0, 0, 16], "texture": "#13"},
				"down": {"uv": [1, 0, 0, 16], "texture": "#13"}
			}
		},
		{
			"from": [10.12736, 5.42805, 7.9],
			"to": [12.02736, 19.02805, 11.15],
			"rotation": {"angle": 0, "axis": "y", "origin": [13.62736, 2.77805, -20.95]},
			"faces": {
				"north": {"uv": [1, 0, 0, 6.25], "texture": "#13"},
				"east": {"uv": [16, 6.112, 0, 9.834], "texture": "#13"},
				"south": {"uv": [1, 0, 0, 6.25], "texture": "#13"},
				"west": {"uv": [16, 5.024, 0, 7.786], "texture": "#13"},
				"up": {"uv": [1, 0, 0, 16], "texture": "#13"},
				"down": {"uv": [1, 0, 0, 16], "texture": "#13"}
			}
		},
		{
			"from": [3.97736, 4.67805, 7.9],
			"to": [12.02736, 5.42805, 11.15],
			"rotation": {"angle": 0, "axis": "y", "origin": [13.67736, 2.77805, -20.95]},
			"faces": {
				"north": {"uv": [1, 0, 0, 6.25], "texture": "#13"},
				"east": {"uv": [16, 6.112, 0, 9.834], "texture": "#13"},
				"south": {"uv": [1, 0, 0, 6.25], "texture": "#13"},
				"west": {"uv": [16, 5.024, 0, 7.786], "texture": "#13"},
				"up": {"uv": [1, 0, 0, 16], "texture": "#13"},
				"down": {"uv": [1, 0, 0, 16], "texture": "#13"}
			}
		},
		{
			"from": [3.97736, 19.02805, 7.9],
			"to": [12.02736, 20.27805, 11.15],
			"rotation": {"angle": 0, "axis": "y", "origin": [13.67736, 2.87805, -20.95]},
			"faces": {
				"north": {"uv": [1, 0, 0, 6.25], "texture": "#13"},
				"east": {"uv": [16, 6.112, 0, 9.834], "texture": "#13"},
				"south": {"uv": [1, 0, 0, 6.25], "texture": "#13"},
				"west": {"uv": [16, 5.024, 0, 7.786], "texture": "#13"},
				"up": {"uv": [1, 0, 0, 16], "texture": "#13"},
				"down": {"uv": [1, 0, 0, 16], "texture": "#13"}
			}
		},
		{
			"from": [-0.87264, 10.12805, 0],
			"to": [0.12736, 19.02805, 0.15],
			"rotation": {"angle": 0, "axis": "y", "origin": [13.62736, 2.77805, -20.95]},
			"faces": {
				"north": {"uv": [1, 0, 0, 6.25], "texture": "#4"},
				"east": {"uv": [16, 6.112, 0, 9.834], "texture": "#5"},
				"south": {"uv": [1, 0, 0, 6.25], "texture": "#4"},
				"west": {"uv": [16, 5.024, 0, 7.786], "texture": "#5"},
				"up": {"uv": [1, 0, 0, 16], "texture": "#5"},
				"down": {"uv": [1, 0, 0, 16], "texture": "#5"}
			}
		},
		{
			"from": [14.37264, 5.42805, 0],
			"to": [15.02264, 19.02805, 0.35],
			"rotation": {"angle": 0, "axis": "y", "origin": [2.37264, 2.77805, -20.95]},
			"faces": {
				"north": {"uv": [0, 0, 1, 6.25], "texture": "#4"},
				"east": {"uv": [0, 5.024, 16, 7.786], "texture": "#5"},
				"south": {"uv": [0, 0, 1, 6.25], "texture": "#4"},
				"west": {"uv": [0, 6.112, 16, 9.834], "texture": "#4"},
				"up": {"uv": [0, 0, 1, 16], "texture": "#5"},
				"down": {"uv": [0, 0, 1, 16], "texture": "#5"}
			}
		},
		{
			"from": [15.12264, 9.37805, -6.75],
			"to": [16.62264, 19.02805, -6.4],
			"rotation": {"angle": 0, "axis": "y", "origin": [2.37264, 2.77805, -20.95]},
			"faces": {
				"north": {"uv": [0, 0, 1, 6.25], "texture": "#4"},
				"east": {"uv": [0, 5.024, 16, 7.786], "texture": "#5"},
				"south": {"uv": [0, 0, 1, 6.25], "texture": "#4"},
				"west": {"uv": [0, 6.112, 16, 9.834], "texture": "#5"},
				"up": {"uv": [0, 0, 1, 16], "texture": "#5"},
				"down": {"uv": [0, 0, 1, 16], "texture": "#5"}
			}
		},
		{
			"from": [15.87264, 10.12805, -6.75],
			"to": [16.87264, 19.02805, -6.4],
			"rotation": {"angle": 0, "axis": "y", "origin": [2.37264, 2.77805, -20.95]},
			"faces": {
				"north": {"uv": [0, 0, 1, 6.25], "texture": "#4"},
				"east": {"uv": [0, 5.024, 16, 7.786], "texture": "#5"},
				"south": {"uv": [0, 0, 1, 6.25], "texture": "#4"},
				"west": {"uv": [0, 6.112, 16, 9.834], "texture": "#5"},
				"up": {"uv": [0, 0, 1, 16], "texture": "#5"},
				"down": {"uv": [0, 0, 1, 16], "texture": "#5"}
			}
		},
		{
			"from": [15.12264, 8.37805, -6.75],
			"to": [16.22264, 19.02805, -6.4],
			"rotation": {"angle": 0, "axis": "y", "origin": [2.37264, 2.77805, -20.95]},
			"faces": {
				"north": {"uv": [0, 0, 1, 6.25], "texture": "#4"},
				"east": {"uv": [0, 5.024, 16, 7.786], "texture": "#5"},
				"south": {"uv": [0, 0, 1, 6.25], "texture": "#4"},
				"west": {"uv": [0, 6.112, 16, 9.834], "texture": "#5"},
				"up": {"uv": [0, 0, 1, 16], "texture": "#5"},
				"down": {"uv": [0, 0, 1, 16], "texture": "#5"}
			}
		},
		{
			"from": [14.62264, 6.32805, -6.75],
			"to": [15.32264, 19.02805, -6.4],
			"rotation": {"angle": 0, "axis": "y", "origin": [2.37264, 2.77805, -20.95]},
			"faces": {
				"north": {"uv": [0, 0, 1, 6.25], "texture": "#4"},
				"east": {"uv": [0, 5.024, 16, 7.786], "texture": "#5"},
				"south": {"uv": [0, 0, 1, 6.25], "texture": "#4"},
				"west": {"uv": [0, 6.112, 16, 9.834], "texture": "#5"},
				"up": {"uv": [0, 0, 1, 16], "texture": "#5"},
				"down": {"uv": [0, 0, 1, 16], "texture": "#5"}
			}
		},
		{
			"from": [15.12264, 7.22805, -6.75],
			"to": [15.72264, 19.02805, -6.4],
			"rotation": {"angle": 0, "axis": "y", "origin": [2.37264, 2.77805, -20.95]},
			"faces": {
				"north": {"uv": [0, 0, 1, 6.25], "texture": "#4"},
				"east": {"uv": [0, 5.024, 16, 7.786], "texture": "#5"},
				"south": {"uv": [0, 0, 1, 6.25], "texture": "#4"},
				"west": {"uv": [0, 6.112, 16, 9.834], "texture": "#5"},
				"up": {"uv": [0, 0, 1, 16], "texture": "#5"},
				"down": {"uv": [0, 0, 1, 16], "texture": "#5"}
			}
		},
		{
			"from": [14.37264, 5.42805, -6.75],
			"to": [15.02264, 19.02805, -6.4],
			"rotation": {"angle": 0, "axis": "y", "origin": [2.37264, 2.77805, -20.95]},
			"faces": {
				"north": {"uv": [0, 0, 1, 6.25], "texture": "#4"},
				"east": {"uv": [0, 5.024, 16, 7.786], "texture": "#5"},
				"south": {"uv": [0, 0, 1, 6.25], "texture": "#4"},
				"west": {"uv": [0, 6.112, 16, 9.834], "texture": "#4"},
				"up": {"uv": [0, 0, 1, 16], "texture": "#5"},
				"down": {"uv": [0, 0, 1, 16], "texture": "#5"}
			}
		},
		{
			"from": [-0.62264, 9.37805, -6.75],
			"to": [0.87736, 19.02805, -6.4],
			"rotation": {"angle": 0, "axis": "y", "origin": [13.62736, 2.77805, -20.95]},
			"faces": {
				"north": {"uv": [1, 0, 0, 6.25], "texture": "#4"},
				"east": {"uv": [16, 6.112, 0, 9.834], "texture": "#5"},
				"south": {"uv": [1, 0, 0, 6.25], "texture": "#4"},
				"west": {"uv": [16, 5.024, 0, 7.786], "texture": "#5"},
				"up": {"uv": [1, 0, 0, 16], "texture": "#5"},
				"down": {"uv": [1, 0, 0, 16], "texture": "#5"}
			}
		},
		{
			"from": [-0.87264, 10.12805, -6.75],
			"to": [0.12736, 19.02805, -6.4],
			"rotation": {"angle": 0, "axis": "y", "origin": [13.62736, 2.77805, -20.95]},
			"faces": {
				"north": {"uv": [1, 0, 0, 6.25], "texture": "#4"},
				"east": {"uv": [16, 6.112, 0, 9.834], "texture": "#5"},
				"south": {"uv": [1, 0, 0, 6.25], "texture": "#4"},
				"west": {"uv": [16, 5.024, 0, 7.786], "texture": "#5"},
				"up": {"uv": [1, 0, 0, 16], "texture": "#5"},
				"down": {"uv": [1, 0, 0, 16], "texture": "#5"}
			}
		},
		{
			"from": [-0.22264, 8.37805, -6.75],
			"to": [0.87736, 19.02805, -6.4],
			"rotation": {"angle": 0, "axis": "y", "origin": [13.62736, 2.77805, -20.95]},
			"faces": {
				"north": {"uv": [1, 0, 0, 6.25], "texture": "#4"},
				"east": {"uv": [16, 6.112, 0, 9.834], "texture": "#5"},
				"south": {"uv": [1, 0, 0, 6.25], "texture": "#4"},
				"west": {"uv": [16, 5.024, 0, 7.786], "texture": "#5"},
				"up": {"uv": [1, 0, 0, 16], "texture": "#5"},
				"down": {"uv": [1, 0, 0, 16], "texture": "#5"}
			}
		},
		{
			"from": [0.67736, 6.32805, -6.75],
			"to": [1.37736, 19.02805, -6.4],
			"rotation": {"angle": 0, "axis": "y", "origin": [13.62736, 2.77805, -20.95]},
			"faces": {
				"north": {"uv": [1, 0, 0, 6.25], "texture": "#4"},
				"east": {"uv": [16, 6.112, 0, 9.834], "texture": "#5"},
				"south": {"uv": [1, 0, 0, 6.25], "texture": "#4"},
				"west": {"uv": [16, 5.024, 0, 7.786], "texture": "#5"},
				"up": {"uv": [1, 0, 0, 16], "texture": "#5"},
				"down": {"uv": [1, 0, 0, 16], "texture": "#5"}
			}
		},
		{
			"from": [0.27736, 7.22805, -6.75],
			"to": [0.87736, 19.02805, -6.4],
			"rotation": {"angle": 0, "axis": "y", "origin": [13.62736, 2.77805, -20.95]},
			"faces": {
				"north": {"uv": [1, 0, 0, 6.25], "texture": "#4"},
				"east": {"uv": [16, 6.112, 0, 9.834], "texture": "#5"},
				"south": {"uv": [1, 0, 0, 6.25], "texture": "#4"},
				"west": {"uv": [16, 5.024, 0, 7.786], "texture": "#5"},
				"up": {"uv": [1, 0, 0, 16], "texture": "#5"},
				"down": {"uv": [1, 0, 0, 16], "texture": "#5"}
			}
		},
		{
			"from": [0.97736, 5.42805, -6.75],
			"to": [1.62736, 19.02805, -6.4],
			"rotation": {"angle": 0, "axis": "y", "origin": [13.62736, 2.77805, -20.95]},
			"faces": {
				"north": {"uv": [1, 0, 0, 6.25], "texture": "#4"},
				"east": {"uv": [16, 6.112, 0, 9.834], "texture": "#4"},
				"south": {"uv": [1, 0, 0, 6.25], "texture": "#4"},
				"west": {"uv": [16, 5.024, 0, 7.786], "texture": "#5"},
				"up": {"uv": [1, 0, 0, 16], "texture": "#5"},
				"down": {"uv": [1, 0, 0, 16], "texture": "#5"}
			}
		},
		{
			"from": [14.62264, 6.32805, 0],
			"to": [15.32264, 19.02805, 0.35],
			"rotation": {"angle": 0, "axis": "y", "origin": [2.37264, 2.77805, -20.95]},
			"faces": {
				"north": {"uv": [0, 0, 1, 6.25], "texture": "#4"},
				"east": {"uv": [0, 5.024, 16, 7.786], "texture": "#5"},
				"south": {"uv": [0, 0, 1, 6.25], "texture": "#4"},
				"west": {"uv": [0, 6.112, 16, 9.834], "texture": "#5"},
				"up": {"uv": [0, 0, 1, 16], "texture": "#5"},
				"down": {"uv": [0, 0, 1, 16], "texture": "#5"}
			}
		},
		{
			"from": [15.12264, 7.22805, 0],
			"to": [15.72264, 19.02805, 0.35],
			"rotation": {"angle": 0, "axis": "y", "origin": [2.37264, 2.77805, -20.95]},
			"faces": {
				"north": {"uv": [0, 0, 1, 6.25], "texture": "#4"},
				"east": {"uv": [0, 5.024, 16, 7.786], "texture": "#5"},
				"south": {"uv": [0, 0, 1, 6.25], "texture": "#4"},
				"west": {"uv": [0, 6.112, 16, 9.834], "texture": "#5"},
				"up": {"uv": [0, 0, 1, 16], "texture": "#5"},
				"down": {"uv": [0, 0, 1, 16], "texture": "#5"}
			}
		},
		{
			"from": [15.12264, 9.37805, 0],
			"to": [16.62264, 19.02805, 0.35],
			"rotation": {"angle": 0, "axis": "y", "origin": [2.37264, 2.77805, -20.95]},
			"faces": {
				"north": {"uv": [0, 0, 1, 6.25], "texture": "#4"},
				"east": {"uv": [0, 5.024, 16, 7.786], "texture": "#5"},
				"south": {"uv": [0, 0, 1, 6.25], "texture": "#4"},
				"west": {"uv": [0, 6.112, 16, 9.834], "texture": "#5"},
				"up": {"uv": [0, 0, 1, 16], "texture": "#5"},
				"down": {"uv": [0, 0, 1, 16], "texture": "#5"}
			}
		},
		{
			"from": [15.12264, 8.37805, 0],
			"to": [16.22264, 19.02805, 0.35],
			"rotation": {"angle": 0, "axis": "y", "origin": [2.37264, 2.77805, -20.95]},
			"faces": {
				"north": {"uv": [0, 0, 1, 6.25], "texture": "#4"},
				"east": {"uv": [0, 5.024, 16, 7.786], "texture": "#5"},
				"south": {"uv": [0, 0, 1, 6.25], "texture": "#4"},
				"west": {"uv": [0, 6.112, 16, 9.834], "texture": "#5"},
				"up": {"uv": [0, 0, 1, 16], "texture": "#5"},
				"down": {"uv": [0, 0, 1, 16], "texture": "#5"}
			}
		},
		{
			"from": [15.87264, 10.12805, 0],
			"to": [16.87264, 19.02805, 0.35],
			"rotation": {"angle": 0, "axis": "y", "origin": [2.37264, 2.77805, -20.95]},
			"faces": {
				"north": {"uv": [0, 0, 1, 6.25], "texture": "#4"},
				"east": {"uv": [0, 5.024, 16, 7.786], "texture": "#5"},
				"south": {"uv": [0, 0, 1, 6.25], "texture": "#4"},
				"west": {"uv": [0, 6.112, 16, 9.834], "texture": "#5"},
				"up": {"uv": [0, 0, 1, 16], "texture": "#5"},
				"down": {"uv": [0, 0, 1, 16], "texture": "#5"}
			}
		},
		{
			"from": [-0.62264, 9.37805, 0],
			"to": [0.87736, 19.02805, 0.15],
			"rotation": {"angle": 0, "axis": "y", "origin": [13.62736, 2.77805, -20.95]},
			"faces": {
				"north": {"uv": [1, 0, 0, 6.25], "texture": "#4"},
				"east": {"uv": [16, 6.112, 0, 9.834], "texture": "#5"},
				"south": {"uv": [1, 0, 0, 6.25], "texture": "#4"},
				"west": {"uv": [16, 5.024, 0, 7.786], "texture": "#5"},
				"up": {"uv": [1, 0, 0, 16], "texture": "#5"},
				"down": {"uv": [1, 0, 0, 16], "texture": "#5"}
			}
		},
		{
			"from": [0.27736, 7.22805, 0],
			"to": [0.87736, 19.02805, 0.15],
			"rotation": {"angle": 0, "axis": "y", "origin": [13.62736, 2.77805, -20.95]},
			"faces": {
				"north": {"uv": [1, 0, 0, 6.25], "texture": "#4"},
				"east": {"uv": [16, 6.112, 0, 9.834], "texture": "#5"},
				"south": {"uv": [1, 0, 0, 6.25], "texture": "#4"},
				"west": {"uv": [16, 5.024, 0, 7.786], "texture": "#5"},
				"up": {"uv": [1, 0, 0, 16], "texture": "#5"},
				"down": {"uv": [1, 0, 0, 16], "texture": "#5"}
			}
		},
		{
			"from": [-0.22264, 8.37805, 0],
			"to": [0.87736, 19.02805, 0.15],
			"rotation": {"angle": 0, "axis": "y", "origin": [13.62736, 2.77805, -20.95]},
			"faces": {
				"north": {"uv": [1, 0, 0, 6.25], "texture": "#4"},
				"east": {"uv": [16, 6.112, 0, 9.834], "texture": "#5"},
				"south": {"uv": [1, 0, 0, 6.25], "texture": "#4"},
				"west": {"uv": [16, 5.024, 0, 7.786], "texture": "#5"},
				"up": {"uv": [1, 0, 0, 16], "texture": "#5"},
				"down": {"uv": [1, 0, 0, 16], "texture": "#5"}
			}
		},
		{
			"from": [0.67736, 6.32805, 0],
			"to": [1.37736, 19.02805, 0.15],
			"rotation": {"angle": 0, "axis": "y", "origin": [13.62736, 2.77805, -20.95]},
			"faces": {
				"north": {"uv": [1, 0, 0, 6.25], "texture": "#4"},
				"east": {"uv": [16, 6.112, 0, 9.834], "texture": "#5"},
				"south": {"uv": [1, 0, 0, 6.25], "texture": "#4"},
				"west": {"uv": [16, 5.024, 0, 7.786], "texture": "#5"},
				"up": {"uv": [1, 0, 0, 16], "texture": "#5"},
				"down": {"uv": [1, 0, 0, 16], "texture": "#5"}
			}
		},
		{
			"from": [10.12264, 5.42805, 7.55],
			"to": [15.02264, 19.02805, 7.9],
			"rotation": {"angle": 0, "axis": "y", "origin": [2.37264, 2.77805, -20.95]},
			"faces": {
				"north": {"uv": [0, 0, 1, 6.25], "texture": "#4"},
				"east": {"uv": [0, 5.024, 16, 7.786], "texture": "#5"},
				"south": {"uv": [0, 0, 1, 6.25], "texture": "#0"},
				"west": {"uv": [0, 6.112, 16, 9.834], "texture": "#3"},
				"up": {"uv": [0, 0, 1, 16], "texture": "#5"},
				"down": {"uv": [0, 0, 1, 16], "texture": "#5"}
			}
		},
		{
			"from": [5.87264, 5.42805, 7.65],
			"to": [10.12264, 11.52805, 7.8],
			"rotation": {"angle": 0, "axis": "y", "origin": [2.37264, 2.77805, -20.95]},
			"faces": {
				"north": {"uv": [0, 0, 1, 6.25], "texture": "#4"},
				"east": {"uv": [0, 5.024, 16, 7.786], "texture": "#5"},
				"south": {"uv": [0, 0, 1, 6.25], "texture": "#3"},
				"west": {"uv": [0, 6.112, 16, 9.834], "texture": "#3"},
				"up": {"uv": [0, 0, 1, 16], "texture": "#5"},
				"down": {"uv": [0, 0, 1, 16], "texture": "#5"}
			}
		},
		{
			"from": [8.77264, 11.02805, 7.55],
			"to": [9.72264, 11.22805, 7.9],
			"rotation": {"angle": 0, "axis": "y", "origin": [2.37264, 2.77805, -20.95]},
			"faces": {
				"north": {"uv": [0, 0, 1, 6.25], "texture": "#1"},
				"east": {"uv": [0, 5.024, 16, 7.786], "texture": "#1"},
				"south": {"uv": [0, 0, 1, 6.25], "texture": "#1"},
				"west": {"uv": [0, 6.112, 16, 9.834], "texture": "#1"},
				"up": {"uv": [0, 0, 1, 16], "texture": "#1"},
				"down": {"uv": [0, 0, 1, 16], "texture": "#1"}
			}
		},
		{
			"from": [9.27264, 10.82805, 7.55],
			"to": [9.72264, 11.02805, 7.9],
			"rotation": {"angle": 0, "axis": "y", "origin": [2.37264, 2.82805, -20.95]},
			"faces": {
				"north": {"uv": [0, 0, 1, 6.25], "texture": "#1"},
				"east": {"uv": [0, 5.024, 16, 7.786], "texture": "#1"},
				"south": {"uv": [0, 0, 1, 6.25], "texture": "#1"},
				"west": {"uv": [0, 6.112, 16, 9.834], "texture": "#1"},
				"up": {"uv": [0, 0, 1, 16], "texture": "#1"},
				"down": {"uv": [0, 0, 1, 16], "texture": "#1"}
			}
		},
		{
			"from": [5.87264, 18.42805, 7.65],
			"to": [10.12264, 19.02805, 7.8],
			"rotation": {"angle": 0, "axis": "y", "origin": [2.37264, 2.77805, -20.95]},
			"faces": {
				"north": {"uv": [0, 0, 1, 6.25], "texture": "#4"},
				"east": {"uv": [0, 5.024, 16, 7.786], "texture": "#5"},
				"south": {"uv": [0, 0, 1, 6.25], "texture": "#3"},
				"west": {"uv": [0, 6.112, 16, 9.834], "texture": "#3"},
				"up": {"uv": [0, 0, 1, 16], "texture": "#5"},
				"down": {"uv": [0, 0, 1, 16], "texture": "#5"}
			}
		},
		{
			"from": [5.87264, 11.52805, 7.65],
			"to": [6.87264, 18.42805, 7.8],
			"rotation": {"angle": 0, "axis": "y", "origin": [2.37264, 2.77805, -20.95]},
			"faces": {
				"north": {"uv": [0, 0, 1, 6.25], "texture": "#4"},
				"east": {"uv": [0, 5.024, 16, 7.786], "texture": "#5"},
				"south": {"uv": [0, 0, 1, 6.25], "texture": "#3"},
				"west": {"uv": [0, 6.112, 16, 9.834], "texture": "#3"},
				"up": {"uv": [0, 0, 1, 16], "texture": "#5"},
				"down": {"uv": [0, 0, 1, 16], "texture": "#5"}
			}
		},
		{
			"from": [6.87264, 11.52805, 7.725],
			"to": [9.12264, 18.42805, 7.725],
			"rotation": {"angle": 0, "axis": "y", "origin": [2.37264, 2.77805, -20.95]},
			"faces": {
				"north": {"uv": [0, 0, 16, 16], "texture": "#6"},
				"east": {"uv": [0, 5.024, 16, 7.786], "texture": "#5"},
				"south": {"uv": [0, 0, 16, 16], "texture": "#6"},
				"west": {"uv": [0, 6.112, 16, 9.834], "texture": "#3"},
				"up": {"uv": [0, 0, 1, 16], "texture": "#5"},
				"down": {"uv": [0, 0, 1, 16], "texture": "#5"}
			}
		},
		{
			"from": [9.12264, 11.52805, 7.65],
			"to": [10.12264, 18.42805, 7.8],
			"rotation": {"angle": 0, "axis": "y", "origin": [2.37264, 2.77805, -20.95]},
			"faces": {
				"north": {"uv": [0, 0, 1, 6.25], "texture": "#4"},
				"east": {"uv": [0, 5.024, 16, 7.786], "texture": "#5"},
				"south": {"uv": [0, 0, 1, 6.25], "texture": "#3"},
				"west": {"uv": [0, 6.112, 16, 9.834], "texture": "#3"},
				"up": {"uv": [0, 0, 1, 16], "texture": "#5"},
				"down": {"uv": [0, 0, 1, 16], "texture": "#5"}
			}
		},
		{
			"from": [15.87264, 10.12805, 7.55],
			"to": [16.87264, 19.02805, 7.9],
			"rotation": {"angle": 0, "axis": "y", "origin": [2.37264, 2.77805, -20.95]},
			"faces": {
				"north": {"uv": [0, 0, 1, 6.25], "texture": "#4"},
				"east": {"uv": [0, 5.024, 16, 7.786], "texture": "#5"},
				"south": {"uv": [0, 0, 1, 6.25], "texture": "#0"},
				"west": {"uv": [0, 6.112, 16, 9.834], "texture": "#5"},
				"up": {"uv": [0, 0, 1, 16], "texture": "#5"},
				"down": {"uv": [0, 0, 1, 16], "texture": "#5"}
			}
		},
		{
			"from": [15.12264, 9.37805, 7.55],
			"to": [16.62264, 19.02805, 7.9],
			"rotation": {"angle": 0, "axis": "y", "origin": [2.37264, 2.77805, -20.95]},
			"faces": {
				"north": {"uv": [0, 0, 1, 6.25], "texture": "#4"},
				"east": {"uv": [0, 5.024, 16, 7.786], "texture": "#5"},
				"south": {"uv": [0, 0, 1, 6.25], "texture": "#0"},
				"west": {"uv": [0, 6.112, 16, 9.834], "texture": "#5"},
				"up": {"uv": [0, 0, 1, 16], "texture": "#5"},
				"down": {"uv": [0, 0, 1, 16], "texture": "#5"}
			}
		},
		{
			"from": [15.12264, 7.22805, 7.55],
			"to": [15.72264, 19.02805, 7.9],
			"rotation": {"angle": 0, "axis": "y", "origin": [2.37264, 2.77805, -20.95]},
			"faces": {
				"north": {"uv": [0, 0, 1, 6.25], "texture": "#4"},
				"east": {"uv": [0, 5.024, 16, 7.786], "texture": "#5"},
				"south": {"uv": [0, 0, 1, 6.25], "texture": "#0"},
				"west": {"uv": [0, 6.112, 16, 9.834], "texture": "#5"},
				"up": {"uv": [0, 0, 1, 16], "texture": "#5"},
				"down": {"uv": [0, 0, 1, 16], "texture": "#5"}
			}
		},
		{
			"from": [15.12264, 8.37805, 7.55],
			"to": [16.22264, 19.02805, 7.9],
			"rotation": {"angle": 0, "axis": "y", "origin": [2.37264, 2.77805, -20.95]},
			"faces": {
				"north": {"uv": [0, 0, 1, 6.25], "texture": "#4"},
				"east": {"uv": [0, 5.024, 16, 7.786], "texture": "#5"},
				"south": {"uv": [0, 0, 1, 6.25], "texture": "#0"},
				"west": {"uv": [0, 6.112, 16, 9.834], "texture": "#5"},
				"up": {"uv": [0, 0, 1, 16], "texture": "#5"},
				"down": {"uv": [0, 0, 1, 16], "texture": "#5"}
			}
		},
		{
			"from": [14.62264, 6.32805, 7.55],
			"to": [15.32264, 19.02805, 7.9],
			"rotation": {"angle": 0, "axis": "y", "origin": [2.37264, 2.77805, -20.95]},
			"faces": {
				"north": {"uv": [0, 0, 1, 6.25], "texture": "#4"},
				"east": {"uv": [0, 5.024, 16, 7.786], "texture": "#5"},
				"south": {"uv": [0, 0, 1, 6.25], "texture": "#0"},
				"west": {"uv": [0, 6.112, 16, 9.834], "texture": "#5"},
				"up": {"uv": [0, 0, 1, 16], "texture": "#5"},
				"down": {"uv": [0, 0, 1, 16], "texture": "#5"}
			}
		},
		{
			"from": [0.97736, 5.42805, 0],
			"to": [5.87736, 19.02805, 0.15],
			"rotation": {"angle": 0, "axis": "y", "origin": [13.62736, 2.77805, -20.95]},
			"faces": {
				"north": {"uv": [1, 0, 0, 6.25], "texture": "#4"},
				"east": {"uv": [16, 6.112, 0, 9.834], "texture": "#4"},
				"south": {"uv": [1, 0, 0, 6.25], "texture": "#4"},
				"west": {"uv": [16, 5.024, 0, 7.786], "texture": "#5"},
				"up": {"uv": [1, 0, 0, 16], "texture": "#5"},
				"down": {"uv": [1, 0, 0, 16], "texture": "#5"}
			}
		},
		{
			"from": [5.07736, 5.42805, 0.15],
			"to": [5.87736, 19.02805, 3.4],
			"rotation": {"angle": 0, "axis": "y", "origin": [10.22736, 2.77805, -20.95]},
			"faces": {
				"north": {"uv": [1, 0, 0, 6.25], "texture": "#4"},
				"east": {"uv": [16, 6.112, 0, 9.834], "texture": "#4"},
				"south": {"uv": [1, 0, 0, 6.25], "texture": "#4"},
				"west": {"uv": [16, 5.024, 0, 7.786], "texture": "#4"},
				"up": {"uv": [1, 0, 0, 16], "texture": "#5"},
				"down": {"uv": [1, 0, 0, 16], "texture": "#5"}
			}
		},
		{
			"from": [5.22736, 5.42805, 3.4],
			"to": [5.72736, 17.67805, 6.8],
			"rotation": {"angle": 0, "axis": "y", "origin": [10.22736, 2.77805, -20.95]},
			"faces": {
				"north": {"uv": [1, 0, 0, 6.25], "texture": "#4"},
				"east": {"uv": [16, 6.112, 0, 9.834], "texture": "#4"},
				"south": {"uv": [1, 0, 0, 6.25], "texture": "#4"},
				"west": {"uv": [16, 5.024, 0, 7.786], "texture": "#4"},
				"up": {"uv": [1, 0, 0, 16], "texture": "#5"},
				"down": {"uv": [1, 0, 0, 16], "texture": "#5"}
			}
		},
		{
			"from": [5.12736, 11.52805, 3.8],
			"to": [5.82736, 11.67805, 4.55],
			"rotation": {"angle": 0, "axis": "y", "origin": [10.22736, 2.77805, -20.95]},
			"faces": {
				"north": {"uv": [1, 0, 0, 6.25], "texture": "#1"},
				"east": {"uv": [16, 6.112, 0, 9.834], "texture": "#1"},
				"south": {"uv": [1, 0, 0, 6.25], "texture": "#1"},
				"west": {"uv": [16, 5.024, 0, 7.786], "texture": "#1"},
				"up": {"uv": [1, 0, 0, 16], "texture": "#1"},
				"down": {"uv": [1, 0, 0, 16], "texture": "#1"}
			}
		},
		{
			"from": [5.12736, 11.42805, 3.8],
			"to": [5.82736, 11.52805, 4.05],
			"rotation": {"angle": 0, "axis": "y", "origin": [10.22736, 2.77805, -20.95]},
			"faces": {
				"north": {"uv": [1, 0, 0, 6.25], "texture": "#1"},
				"east": {"uv": [16, 6.112, 0, 9.834], "texture": "#1"},
				"south": {"uv": [1, 0, 0, 6.25], "texture": "#1"},
				"west": {"uv": [16, 5.024, 0, 7.786], "texture": "#1"},
				"up": {"uv": [1, 0, 0, 16], "texture": "#1"},
				"down": {"uv": [1, 0, 0, 16], "texture": "#1"}
			}
		},
		{
			"from": [5.23, 14.17805, 4.05],
			"to": [5.73, 16.27805, 6.15],
			"rotation": {"angle": 0, "axis": "y", "origin": [10.22736, 2.77805, -20.95]},
			"faces": {
				"north": {"uv": [1, 0, 0, 6.25], "texture": "#18"},
				"east": {"uv": [0, 0, 16, 16], "texture": "#10"},
				"south": {"uv": [1, 0, 0, 6.25], "texture": "#18"},
				"west": {"uv": [16, 5.024, 0, 7.786], "texture": "#18"},
				"up": {"uv": [1, 0, 0, 16], "texture": "#18"},
				"down": {"uv": [1, 0, 0, 16], "texture": "#18"}
			}
		},
		{
			"from": [5.07736, 5.42805, 6.75],
			"to": [5.87736, 19.02805, 7.75],
			"rotation": {"angle": 0, "axis": "y", "origin": [10.22736, 2.77805, -20.95]},
			"faces": {
				"north": {"uv": [1, 0, 0, 6.25], "texture": "#4"},
				"east": {"uv": [16, 6.112, 0, 9.834], "texture": "#4"},
				"south": {"uv": [1, 0, 0, 6.25], "texture": "#4"},
				"west": {"uv": [16, 5.024, 0, 7.786], "texture": "#4"},
				"up": {"uv": [1, 0, 0, 16], "texture": "#5"},
				"down": {"uv": [1, 0, 0, 16], "texture": "#5"}
			}
		},
		{
			"from": [5.07736, 17.67805, 3.4],
			"to": [5.87736, 19.02805, 6.75],
			"rotation": {"angle": 0, "axis": "y", "origin": [10.22736, 2.77805, -20.95]},
			"faces": {
				"north": {"uv": [1, 0, 0, 6.25], "texture": "#4"},
				"east": {"uv": [16, 6.112, 0, 9.834], "texture": "#4"},
				"south": {"uv": [1, 0, 0, 6.25], "texture": "#4"},
				"west": {"uv": [16, 5.024, 0, 7.786], "texture": "#4"},
				"up": {"uv": [1, 0, 0, 16], "texture": "#5"},
				"down": {"uv": [1, 0, 0, 16], "texture": "#5"}
			}
		},
		{
			"from": [-0.62264, 9.37805, 7.75],
			"to": [0.87736, 19.02805, 7.9],
			"rotation": {"angle": 0, "axis": "y", "origin": [13.62736, 2.77805, -20.95]},
			"faces": {
				"north": {"uv": [1, 0, 0, 6.25], "texture": "#4"},
				"east": {"uv": [16, 6.112, 0, 9.834], "texture": "#5"},
				"south": {"uv": [1, 0, 0, 6.25], "texture": "#0"},
				"west": {"uv": [16, 5.024, 0, 7.786], "texture": "#5"},
				"up": {"uv": [1, 0, 0, 16], "texture": "#5"},
				"down": {"uv": [1, 0, 0, 16], "texture": "#5"}
			}
		},
		{
			"from": [-1.37264, 11.12805, -16],
			"to": [-0.87264, 18.77805, -15],
			"rotation": {"angle": 0, "axis": "y", "origin": [13.62736, 2.77805, -20.7]},
			"faces": {
				"north": {"uv": [1, 0, 0, 6.25], "texture": "#5"},
				"east": {"uv": [16, 6.112, 0, 9.834], "texture": "#4"},
				"south": {"uv": [1, 0, 0, 6.25], "texture": "#3"},
				"west": {"uv": [16, 5.024, 0, 7.786], "texture": "#5"},
				"up": {"uv": [1, 0, 0, 16], "texture": "#5"},
				"down": {"uv": [1, 0, 0, 16], "texture": "#5"}
			}
		},
		{
			"from": [-1.37264, 18.77805, -16],
			"to": [-0.87264, 19.02805, -6.25],
			"rotation": {"angle": 0, "axis": "y", "origin": [13.62736, 2.77805, -20.7]},
			"faces": {
				"north": {"uv": [1, 0, 0, 6.25], "texture": "#5"},
				"east": {"uv": [16, 6.112, 0, 9.834], "texture": "#4"},
				"south": {"uv": [1, 0, 0, 6.25], "texture": "#5"},
				"west": {"uv": [16, 5.024, 0, 7.786], "texture": "#5"},
				"up": {"uv": [1, 0, 0, 16], "texture": "#5"},
				"down": {"uv": [1, 0, 0, 16], "texture": "#5"}
			}
		},
		{
			"from": [-1.37264, 11.12805, -15],
			"to": [-0.87264, 13.07805, -7.25],
			"rotation": {"angle": 0, "axis": "y", "origin": [13.62736, 2.77805, -20.7]},
			"faces": {
				"north": {"uv": [1, 0, 0, 6.25], "texture": "#5"},
				"east": {"uv": [16, 6.112, 0, 9.834], "texture": "#4"},
				"south": {"uv": [1, 0, 0, 6.25], "texture": "#5"},
				"west": {"uv": [16, 5.024, 0, 7.786], "texture": "#5"},
				"up": {"uv": [1, 0, 0, 16], "texture": "#3"},
				"down": {"uv": [1, 0, 0, 16], "texture": "#5"}
			}
		},
		{
			"from": [-1.27264, 16.72805, -15],
			"to": [-1.17264, 18.77805, -7.25],
			"rotation": {"angle": 0, "axis": "y", "origin": [13.62736, 2.72805, -20.7]},
			"faces": {
				"north": {"uv": [1, 0, 0, 6.25], "texture": "#5"},
				"east": {"uv": [16, 0, 0, 16], "texture": "#6"},
				"south": {"uv": [1, 0, 0, 6.25], "texture": "#5"},
				"west": {"uv": [16, 0, 0, 16], "texture": "#6"},
				"up": {"uv": [1, 0, 0, 16], "texture": "#3"},
				"down": {"uv": [1, 0, 0, 16], "texture": "#5"}
			}
		},
		{
			"from": [-1.17264, 15.47805, -15],
			"to": [-1.07264, 17.82805, -7.25],
			"rotation": {"angle": 0, "axis": "y", "origin": [13.62736, 2.72805, -20.7]},
			"faces": {
				"north": {"uv": [1, 0, 0, 6.25], "texture": "#5"},
				"east": {"uv": [16, 0, 0, 16], "texture": "#6"},
				"south": {"uv": [1, 0, 0, 6.25], "texture": "#5"},
				"west": {"uv": [16, 0, 0, 16], "texture": "#6"},
				"up": {"uv": [1, 0, 0, 16], "texture": "#3"},
				"down": {"uv": [1, 0, 0, 16], "texture": "#5"}
			}
		},
		{
			"from": [3.0536, 11.77586, -16],
			"to": [3.5536, 17.97586, -6.25],
			"rotation": {"angle": 22.5, "axis": "z", "origin": [18.0536, 3.42586, -20.7]},
			"faces": {
				"north": {"uv": [1, 0, 0, 6.25], "texture": "#3"},
				"east": {"uv": [16, 6.112, 0, 9.834], "texture": "#4"},
				"south": {"uv": [1, 0, 0, 6.25], "texture": "#3"},
				"west": {"uv": [16, 5.024, 0, 7.786], "texture": "#3"},
				"up": {"uv": [1, 0, 0, 16], "texture": "#3"},
				"down": {"uv": [1, 0, 0, 16], "texture": "#3"}
			}
		},
		{
			"from": [5, 3.9, -0.25],
			"to": [8, 5.35, 4.75],
			"rotation": {"angle": 0, "axis": "y", "origin": [0, -1.95, -14.7]},
			"faces": {
				"north": {"uv": [0, 0, 1, 6.25], "texture": "#1"},
				"east": {"uv": [0, 5.024, 16, 7.786], "texture": "#1"},
				"south": {"uv": [0, 0, 1, 6.25], "texture": "#1"},
				"west": {"uv": [0, 6.112, 16, 9.834], "texture": "#1"},
				"up": {"uv": [0, 0, 1, 16], "texture": "#1"},
				"down": {"uv": [0, 0, 1, 16], "texture": "#1"}
			}
		},
		{
			"from": [2, 4.15, 1.75],
			"to": [5, 5.1, 2.75],
			"rotation": {"angle": 0, "axis": "y", "origin": [0, -1.95, -14.7]},
			"faces": {
				"north": {"uv": [0, 0, 1, 6.25], "texture": "#1"},
				"east": {"uv": [0, 5.024, 16, 7.786], "texture": "#1"},
				"south": {"uv": [0, 0, 1, 6.25], "texture": "#1"},
				"west": {"uv": [0, 6.112, 16, 9.834], "texture": "#1"},
				"up": {"uv": [0, 0, 1, 16], "texture": "#1"},
				"down": {"uv": [0, 0, 1, 16], "texture": "#1"}
			}
		},
		{
			"from": [8, 4.15, -15],
			"to": [8.5, 5.1, -0.25],
			"rotation": {"angle": 0, "axis": "y", "origin": [16, -1.95, -14.7]},
			"faces": {
				"north": {"uv": [1, 0, 0, 6.25], "texture": "#1"},
				"east": {"uv": [16, 6.112, 0, 9.834], "texture": "#1"},
				"south": {"uv": [1, 0, 0, 6.25], "texture": "#1"},
				"west": {"uv": [16, 5.024, 0, 7.786], "texture": "#1"},
				"up": {"uv": [1, 0, 0, 16], "texture": "#1"},
				"down": {"uv": [1, 0, 0, 16], "texture": "#1"}
			}
		},
		{
			"from": [8, 4.15, 4.75],
			"to": [8.5, 5.1, 6],
			"rotation": {"angle": 0, "axis": "y", "origin": [16, -1.95, -14.7]},
			"faces": {
				"north": {"uv": [1, 0, 0, 6.25], "texture": "#1"},
				"east": {"uv": [16, 6.112, 0, 9.834], "texture": "#1"},
				"south": {"uv": [1, 0, 0, 6.25], "texture": "#1"},
				"west": {"uv": [16, 5.024, 0, 7.786], "texture": "#1"},
				"up": {"uv": [1, 0, 0, 16], "texture": "#1"},
				"down": {"uv": [1, 0, 0, 16], "texture": "#1"}
			}
		},
		{
			"from": [8, 3.9, -0.25],
			"to": [11, 5.35, 4.75],
			"rotation": {"angle": 0, "axis": "y", "origin": [16, -1.95, -14.7]},
			"faces": {
				"north": {"uv": [1, 0, 0, 6.25], "texture": "#1"},
				"east": {"uv": [16, 6.112, 0, 9.834], "texture": "#1"},
				"south": {"uv": [1, 0, 0, 6.25], "texture": "#1"},
				"west": {"uv": [16, 5.024, 0, 7.786], "texture": "#1"},
				"up": {"uv": [1, 0, 0, 16], "texture": "#1"},
				"down": {"uv": [1, 0, 0, 16], "texture": "#1"}
			}
		},
		{
			"from": [8, 3.9, -16],
			"to": [14, 5.35, -14.25],
			"rotation": {"angle": 0, "axis": "y", "origin": [16, -1.95, -14.7]},
			"faces": {
				"north": {"uv": [1, 0, 0, 6.25], "texture": "#1"},
				"east": {"uv": [16, 6.112, 0, 9.834], "texture": "#1"},
				"south": {"uv": [1, 0, 0, 6.25], "texture": "#1"},
				"west": {"uv": [16, 5.024, 0, 7.786], "texture": "#1"},
				"up": {"uv": [1, 0, 0, 16], "texture": "#1"},
				"down": {"uv": [1, 0, 0, 16], "texture": "#1"}
			}
		},
		{
			"from": [8, 3.9, 6],
			"to": [14, 5.35, 8],
			"rotation": {"angle": 0, "axis": "y", "origin": [16, -1.95, -14.7]},
			"faces": {
				"north": {"uv": [1, 0, 0, 6.25], "texture": "#1"},
				"east": {"uv": [16, 6.112, 0, 9.834], "texture": "#1"},
				"south": {"uv": [1, 0, 0, 6.25], "texture": "#1"},
				"west": {"uv": [16, 5.024, 0, 7.786], "texture": "#1"},
				"up": {"uv": [1, 0, 0, 16], "texture": "#1"},
				"down": {"uv": [1, 0, 0, 16], "texture": "#1"}
			}
		},
		{
			"from": [14, 3.9, -16],
			"to": [15, 5.35, 8],
			"rotation": {"angle": 0, "axis": "y", "origin": [16, -1.95, -14.7]},
			"faces": {
				"north": {"uv": [1, 0, 0, 6.25], "texture": "#1"},
				"east": {"uv": [16, 6.112, 0, 9.834], "texture": "#1"},
				"south": {"uv": [1, 0, 0, 6.25], "texture": "#1"},
				"west": {"uv": [16, 5.024, 0, 7.786], "texture": "#1"},
				"up": {"uv": [1, 0, 0, 16], "texture": "#1"},
				"down": {"uv": [1, 0, 0, 16], "texture": "#1"}
			}
		},
		{
			"from": [11, 4.15, 1.75],
			"to": [14, 5.1, 2.75],
			"rotation": {"angle": 0, "axis": "y", "origin": [16, -1.95, -14.7]},
			"faces": {
				"north": {"uv": [1, 0, 0, 6.25], "texture": "#1"},
				"east": {"uv": [16, 6.112, 0, 9.834], "texture": "#1"},
				"south": {"uv": [1, 0, 0, 6.25], "texture": "#1"},
				"west": {"uv": [16, 5.024, 0, 7.786], "texture": "#1"},
				"up": {"uv": [1, 0, 0, 16], "texture": "#1"},
				"down": {"uv": [1, 0, 0, 16], "texture": "#1"}
			}
		},
		{
			"from": [7.5, 4.15, 4.75],
			"to": [8, 5.1, 6],
			"rotation": {"angle": 0, "axis": "y", "origin": [0, -1.95, -14.7]},
			"faces": {
				"north": {"uv": [0, 0, 1, 6.25], "texture": "#1"},
				"east": {"uv": [0, 5.024, 16, 7.786], "texture": "#1"},
				"south": {"uv": [0, 0, 1, 6.25], "texture": "#1"},
				"west": {"uv": [0, 6.112, 16, 9.834], "texture": "#1"},
				"up": {"uv": [0, 0, 1, 16], "texture": "#1"},
				"down": {"uv": [0, 0, 1, 16], "texture": "#1"}
			}
		},
		{
			"from": [7.5, 4.15, -15],
			"to": [8, 5.1, -0.25],
			"rotation": {"angle": 0, "axis": "y", "origin": [0, -1.95, -14.7]},
			"faces": {
				"north": {"uv": [0, 0, 1, 6.25], "texture": "#1"},
				"east": {"uv": [0, 5.024, 16, 7.786], "texture": "#1"},
				"south": {"uv": [0, 0, 1, 6.25], "texture": "#1"},
				"west": {"uv": [0, 6.112, 16, 9.834], "texture": "#1"},
				"up": {"uv": [0, 0, 1, 16], "texture": "#1"},
				"down": {"uv": [0, 0, 1, 16], "texture": "#1"}
			}
		},
		{
			"from": [-0.4, 9.5, -9.65],
			"to": [6.1, 10, -6.9],
			"rotation": {"angle": 0, "axis": "y", "origin": [16, 0, 14]},
			"faces": {
				"north": {"uv": [0, 0, 16, 1.5], "texture": "#11"},
				"east": {"uv": [0, 0, 16, 1.5], "texture": "#7"},
				"south": {"uv": [0, 0, 16, 1.5], "texture": "#11"},
				"west": {"uv": [0, 0, 16, 1.5], "texture": "#7"},
				"up": {"uv": [6, 16, 0, 0], "texture": "#11"},
				"down": {"uv": [16, 16, 0, 0], "texture": "#7"}
			}
		},
		{
			"from": [9.9, 9.5, -16],
			"to": [16.4, 13.75, -15.6],
			"rotation": {"angle": 0, "axis": "y", "origin": [0, 0, 14]},
			"faces": {
				"north": {"uv": [16, 0, 0, 1.5], "texture": "#11"},
				"east": {"uv": [16, 0, 0, 1.5], "texture": "#7"},
				"south": {"uv": [16, 0, 0, 16], "texture": "#11"},
				"west": {"uv": [16, 0, 0, 1.5], "texture": "#7"},
				"up": {"uv": [0, 16, 6, 0], "texture": "#11"},
				"down": {"uv": [0, 16, 16, 0], "texture": "#7"}
			}
		},
		{
			"from": [9.9, 9.5, -15.6],
			"to": [16.4, 10, -12.85],
			"rotation": {"angle": 0, "axis": "y", "origin": [0, 0, 14]},
			"faces": {
				"north": {"uv": [16, 0, 0, 1.5], "texture": "#11"},
				"east": {"uv": [16, 0, 0, 1.5], "texture": "#7"},
				"south": {"uv": [16, 0, 0, 1.5], "texture": "#11"},
				"west": {"uv": [16, 0, 0, 1.5], "texture": "#7"},
				"up": {"uv": [0, 16, 6, 0], "texture": "#11"},
				"down": {"uv": [0, 16, 16, 0], "texture": "#7"}
			}
		},
		{
			"from": [-0.4, 9.5, -16],
			"to": [6.1, 13.75, -15.6],
			"rotation": {"angle": 0, "axis": "y", "origin": [16, 0, 14]},
			"faces": {
				"north": {"uv": [0, 0, 16, 1.5], "texture": "#11"},
				"east": {"uv": [0, 0, 16, 1.5], "texture": "#7"},
				"south": {"uv": [0, 0, 16, 16], "texture": "#11"},
				"west": {"uv": [0, 0, 16, 1.5], "texture": "#7"},
				"up": {"uv": [6, 16, 0, 0], "texture": "#11"},
				"down": {"uv": [16, 16, 0, 0], "texture": "#7"}
			}
		},
		{
			"from": [0.85, 9.5, 0.55],
			"to": [1.35, 10, 3.3],
			"rotation": {"angle": 0, "axis": "y", "origin": [16, 0, 14]},
			"faces": {
				"north": {"uv": [0, 0, 16, 1.5], "texture": "#15"},
				"east": {"uv": [0, 0, 16, 1.5], "texture": "#15"},
				"south": {"uv": [0, 0, 16, 1.5], "texture": "#15"},
				"west": {"uv": [0, 0, 16, 1.5], "texture": "#15"},
				"up": {"uv": [6, 16, 0, 0], "texture": "#15"},
				"down": {"uv": [16, 16, 0, 0], "texture": "#15"}
			}
		},
		{
			"from": [1.35, 9.5, 0.55],
			"to": [3.85, 10, 1.3],
			"rotation": {"angle": 0, "axis": "y", "origin": [16, 0, 14]},
			"faces": {
				"north": {"uv": [0, 0, 16, 1.5], "texture": "#15"},
				"east": {"uv": [0, 0, 16, 1.5], "texture": "#15"},
				"south": {"uv": [0, 0, 16, 1.5], "texture": "#15"},
				"west": {"uv": [0, 0, 16, 1.5], "texture": "#15"},
				"up": {"uv": [6, 16, 0, 0], "texture": "#15"},
				"down": {"uv": [16, 16, 0, 0], "texture": "#15"}
			}
		},
		{
			"from": [1.35, 9.5, 2.8],
			"to": [3.85, 10, 3.3],
			"rotation": {"angle": 0, "axis": "y", "origin": [16, 0, 14]},
			"faces": {
				"north": {"uv": [0, 0, 16, 1.5], "texture": "#15"},
				"east": {"uv": [0, 0, 16, 1.5], "texture": "#15"},
				"south": {"uv": [0, 0, 16, 1.5], "texture": "#15"},
				"west": {"uv": [0, 0, 16, 1.5], "texture": "#15"},
				"up": {"uv": [6, 16, 0, 0], "texture": "#15"},
				"down": {"uv": [16, 16, 0, 0], "texture": "#15"}
			}
		},
		{
			"from": [3.85, 9.5, 0.55],
			"to": [4.35, 10, 3.3],
			"rotation": {"angle": 0, "axis": "y", "origin": [16, 0, 14]},
			"faces": {
				"north": {"uv": [0, 0, 16, 1.5], "texture": "#15"},
				"east": {"uv": [0, 0, 16, 1.5], "texture": "#15"},
				"south": {"uv": [0, 0, 16, 1.5], "texture": "#15"},
				"west": {"uv": [0, 0, 16, 1.5], "texture": "#15"},
				"up": {"uv": [6, 16, 0, 0], "texture": "#15"},
				"down": {"uv": [16, 16, 0, 0], "texture": "#15"}
			}
		},
		{
			"from": [1.55, 12, 6.55],
			"to": [1.85, 12.5, 7.8],
			"rotation": {"angle": 0, "axis": "y", "origin": [16.6, 0, 14]},
			"faces": {
				"north": {"uv": [0, 0, 16, 1.5], "texture": "#15"},
				"east": {"uv": [0, 0, 16, 1.5], "texture": "#15"},
				"south": {"uv": [0, 0, 16, 1.5], "texture": "#15"},
				"west": {"uv": [0, 0, 16, 1.5], "texture": "#15"},
				"up": {"uv": [6, 16, 0, 0], "texture": "#15"},
				"down": {"uv": [16, 16, 0, 0], "texture": "#15"}
			}
		},
		{
			"from": [1.85, 12, 6.55],
			"to": [3.35, 12.5, 6.8],
			"rotation": {"angle": 0, "axis": "y", "origin": [16, 0, 14]},
			"faces": {
				"north": {"uv": [0, 0, 16, 1.5], "texture": "#15"},
				"east": {"uv": [0, 0, 16, 1.5], "texture": "#15"},
				"south": {"uv": [0, 0, 16, 1.5], "texture": "#15"},
				"west": {"uv": [0, 0, 16, 1.5], "texture": "#15"},
				"up": {"uv": [6, 16, 0, 0], "texture": "#15"},
				"down": {"uv": [16, 16, 0, 0], "texture": "#15"}
			}
		},
		{
			"from": [1.85, 11, 6.8],
			"to": [1.85, 12, 7.9],
			"rotation": {"angle": 0, "axis": "y", "origin": [16.6, 0, 14]},
			"faces": {
				"north": {"uv": [0, 0, 16, 1.5], "texture": "#15"},
				"east": {"uv": [0, 0, 16, 1.5], "texture": "#15"},
				"south": {"uv": [0, 0, 16, 1.5], "texture": "#15"},
				"west": {"uv": [0, 0, 16, 1.5], "texture": "#15"},
				"up": {"uv": [6, 16, 0, 0], "texture": "#15"},
				"down": {"uv": [16, 16, 0, 0], "texture": "#15"}
			}
		},
		{
			"from": [1.85, 11.5, 7.55],
			"to": [3.35, 12, 7.8],
			"rotation": {"angle": 0, "axis": "y", "origin": [16, 0, 14]},
			"faces": {
				"north": {"uv": [0, 0, 16, 1.5], "texture": "#15"},
				"east": {"uv": [0, 0, 16, 1.5], "texture": "#15"},
				"south": {"uv": [0, 0, 16, 1.5], "texture": "#15"},
				"west": {"uv": [0, 0, 16, 1.5], "texture": "#15"},
				"up": {"uv": [6, 16, 0, 0], "texture": "#15"},
				"down": {"uv": [16, 16, 0, 0], "texture": "#15"}
			}
		},
		{
			"from": [3.35, 11, 6.8],
			"to": [3.35, 12, 7.9],
			"rotation": {"angle": 0, "axis": "y", "origin": [16, 0, 14]},
			"faces": {
				"north": {"uv": [0, 0, 16, 1.5], "texture": "#15"},
				"east": {"uv": [0, 0, 16, 1.5], "texture": "#15"},
				"south": {"uv": [0, 0, 16, 1.5], "texture": "#15"},
				"west": {"uv": [0, 0, 16, 1.5], "texture": "#15"},
				"up": {"uv": [6, 16, 0, 0], "texture": "#15"},
				"down": {"uv": [16, 16, 0, 0], "texture": "#15"}
			}
		},
		{
			"from": [1.85, 11, 6.8],
			"to": [3.35, 12, 6.8],
			"rotation": {"angle": 0, "axis": "y", "origin": [16, 0, 14]},
			"faces": {
				"north": {"uv": [0, 0, 16, 1.5], "texture": "#15"},
				"east": {"uv": [0, 0, 16, 1.5], "texture": "#15"},
				"south": {"uv": [0, 0, 16, 1.5], "texture": "#15"},
				"west": {"uv": [0, 0, 16, 1.5], "texture": "#15"},
				"up": {"uv": [6, 16, 0, 0], "texture": "#15"},
				"down": {"uv": [16, 16, 0, 0], "texture": "#15"}
			}
		},
		{
			"from": [1.85, 11, 6.8],
			"to": [3.35, 11.25, 7.8],
			"rotation": {"angle": 0, "axis": "y", "origin": [16, 0, 14]},
			"faces": {
				"north": {"uv": [0, 0, 16, 1.5], "texture": "#15"},
				"east": {"uv": [0, 0, 16, 1.5], "texture": "#15"},
				"south": {"uv": [0, 0, 16, 1.5], "texture": "#15"},
				"west": {"uv": [0, 0, 16, 1.5], "texture": "#15"},
				"up": {"uv": [6, 16, 0, 0], "texture": "#20"},
				"down": {"uv": [16, 16, 0, 0], "texture": "#15"}
			}
		},
		{
			"from": [1.85, 12, 7.55],
			"to": [3.35, 12.5, 7.8],
			"rotation": {"angle": 0, "axis": "y", "origin": [16, 0, 14]},
			"faces": {
				"north": {"uv": [0, 0, 16, 1.5], "texture": "#15"},
				"east": {"uv": [0, 0, 16, 1.5], "texture": "#15"},
				"south": {"uv": [0, 0, 16, 1.5], "texture": "#15"},
				"west": {"uv": [0, 0, 16, 1.5], "texture": "#15"},
				"up": {"uv": [6, 16, 0, 0], "texture": "#15"},
				"down": {"uv": [16, 16, 0, 0], "texture": "#15"}
			}
		},
		{
			"from": [2.5, 12.75, 7.55],
			"to": [2.7, 13.25, 7.8],
			"rotation": {"angle": 0, "axis": "y", "origin": [16, 0, 14]},
			"faces": {
				"north": {"uv": [0, 0, 16, 1.5], "texture": "#7"},
				"east": {"uv": [0, 0, 16, 1.5], "texture": "#7"},
				"south": {"uv": [0, 0, 16, 1.5], "texture": "#7"},
				"west": {"uv": [0, 0, 16, 1.5], "texture": "#7"},
				"up": {"uv": [6, 16, 0, 0], "texture": "#7"},
				"down": {"uv": [16, 16, 0, 0], "texture": "#7"}
			}
		},
		{
			"from": [2.55, 13.05, 7.1],
			"to": [2.65, 13.15, 7.8],
			"rotation": {"angle": 0, "axis": "y", "origin": [16, 0, 14]},
			"faces": {
				"north": {"uv": [0, 0, 16, 1.5], "texture": "#7"},
				"east": {"uv": [0, 0, 16, 1.5], "texture": "#7"},
				"south": {"uv": [0, 0, 16, 1.5], "texture": "#7"},
				"west": {"uv": [0, 0, 16, 1.5], "texture": "#7"},
				"up": {"uv": [6, 16, 0, 0], "texture": "#7"},
				"down": {"uv": [16, 16, 0, 0], "texture": "#7"}
			}
		},
		{
			"from": [3.35, 12, 6.55],
			"to": [3.65, 12.5, 7.8],
			"rotation": {"angle": 0, "axis": "y", "origin": [16, 0, 14]},
			"faces": {
				"north": {"uv": [0, 0, 16, 1.5], "texture": "#15"},
				"east": {"uv": [0, 0, 16, 1.5], "texture": "#15"},
				"south": {"uv": [0, 0, 16, 1.5], "texture": "#15"},
				"west": {"uv": [0, 0, 16, 1.5], "texture": "#15"},
				"up": {"uv": [6, 16, 0, 0], "texture": "#15"},
				"down": {"uv": [16, 16, 0, 0], "texture": "#15"}
			}
		},
		{
			"from": [1.35, 5.5, 2.8],
			"to": [3.85, 9.5, 2.8],
			"rotation": {"angle": 0, "axis": "y", "origin": [16, 0, 14]},
			"faces": {
				"north": {"uv": [0, 0, 16, 1.5], "texture": "#15"},
				"east": {"uv": [0, 0, 16, 1.5], "texture": "#15"},
				"south": {"uv": [0, 0, 16, 1.5], "texture": "#15"},
				"west": {"uv": [0, 0, 16, 1.5], "texture": "#15"},
				"up": {"uv": [6, 16, 0, 0], "texture": "#15"},
				"down": {"uv": [16, 16, 0, 0], "texture": "#15"}
			}
		},
		{
			"from": [1.35, 5.5, 1.3],
			"to": [1.35, 9.5, 2.8],
			"rotation": {"angle": 0, "axis": "y", "origin": [16, 0, 14]},
			"faces": {
				"north": {"uv": [0, 0, 16, 1.5], "texture": "#15"},
				"east": {"uv": [0, 0, 16, 1.5], "texture": "#15"},
				"south": {"uv": [0, 0, 16, 1.5], "texture": "#15"},
				"west": {"uv": [0, 0, 16, 1.5], "texture": "#15"},
				"up": {"uv": [6, 16, 0, 0], "texture": "#15"},
				"down": {"uv": [16, 16, 0, 0], "texture": "#15"}
			}
		},
		{
			"from": [1.35, 5.5, 1.3],
			"to": [3.85, 9.5, 1.3],
			"rotation": {"angle": 0, "axis": "y", "origin": [16, 0, 14]},
			"faces": {
				"north": {"uv": [0, 0, 16, 1.5], "texture": "#15"},
				"east": {"uv": [0, 0, 16, 1.5], "texture": "#15"},
				"south": {"uv": [0, 0, 16, 1.5], "texture": "#15"},
				"west": {"uv": [0, 0, 16, 1.5], "texture": "#15"},
				"up": {"uv": [6, 16, 0, 0], "texture": "#15"},
				"down": {"uv": [16, 16, 0, 0], "texture": "#15"}
			}
		},
		{
			"from": [1.35, 5.5, 1.3],
			"to": [3.85, 6.25, 2.8],
			"rotation": {"angle": 0, "axis": "y", "origin": [16, 0, 14]},
			"faces": {
				"north": {"uv": [0, 0, 16, 1.5], "texture": "#15"},
				"east": {"uv": [0, 0, 16, 1.5], "texture": "#15"},
				"south": {"uv": [0, 0, 16, 1.5], "texture": "#15"},
				"west": {"uv": [0, 0, 16, 1.5], "texture": "#15"},
				"up": {"uv": [6, 16, 0, 0], "texture": "#20"},
				"down": {"uv": [16, 16, 0, 0], "texture": "#15"}
			}
		},
		{
			"from": [3.85, 5.5, 1.3],
			"to": [3.85, 9.5, 2.8],
			"rotation": {"angle": 0, "axis": "y", "origin": [16, 0, 14]},
			"faces": {
				"north": {"uv": [0, 0, 16, 1.5], "texture": "#15"},
				"east": {"uv": [0, 0, 16, 1.5], "texture": "#15"},
				"south": {"uv": [0, 0, 16, 1.5], "texture": "#15"},
				"west": {"uv": [0, 0, 16, 1.5], "texture": "#15"},
				"up": {"uv": [6, 16, 0, 0], "texture": "#15"},
				"down": {"uv": [16, 16, 0, 0], "texture": "#15"}
			}
		},
		{
			"from": [0.85, 9.5, 0.15],
			"to": [4.35, 13.75, 0.55],
			"rotation": {"angle": 0, "axis": "y", "origin": [16, 0, 14]},
			"faces": {
				"north": {"uv": [0, 0, 16, 1.5], "texture": "#15"},
				"east": {"uv": [0, 0, 16, 1.5], "texture": "#15"},
				"south": {"uv": [0, 0, 16, 16], "texture": "#15"},
				"west": {"uv": [0, 0, 16, 1.5], "texture": "#15"},
				"up": {"uv": [6, 16, 0, 0], "texture": "#15"},
				"down": {"uv": [16, 16, 0, 0], "texture": "#15"}
			}
		},
		{
			"from": [3.1, 13.35, 0.15],
			"to": [3.85, 13.5, 0.65],
			"rotation": {"angle": 0, "axis": "y", "origin": [16, 0, 14]},
			"faces": {
				"north": {"uv": [0, 0, 16, 1.5], "texture": "#7"},
				"east": {"uv": [0, 0, 16, 1.5], "texture": "#7"},
				"south": {"uv": [0, 0, 16, 16], "texture": "#7"},
				"west": {"uv": [0, 0, 16, 1.5], "texture": "#7"},
				"up": {"uv": [6, 16, 0, 0], "texture": "#7"},
				"down": {"uv": [16, 16, 0, 0], "texture": "#7"}
			}
		},
		{
			"from": [3.6, 13.25, 0.15],
			"to": [3.85, 13.35, 0.65],
			"rotation": {"angle": 0, "axis": "y", "origin": [16, 0, 14]},
			"faces": {
				"north": {"uv": [0, 0, 16, 1.5], "texture": "#7"},
				"east": {"uv": [0, 0, 16, 1.5], "texture": "#7"},
				"south": {"uv": [0, 0, 16, 16], "texture": "#7"},
				"west": {"uv": [0, 0, 16, 1.5], "texture": "#7"},
				"up": {"uv": [6, 16, 0, 0], "texture": "#7"},
				"down": {"uv": [16, 16, 0, 0], "texture": "#7"}
			}
		},
		{
			"from": [0.85, 9.5, 0.55],
			"to": [4.35, 12.45, 0.65],
			"rotation": {"angle": 0, "axis": "y", "origin": [16, 0, 14]},
			"faces": {
				"north": {"uv": [0, 0, 16, 1.5], "texture": "#15"},
				"east": {"uv": [0, 0, 16, 1.5], "texture": "#15"},
				"south": {"uv": [0, 0, 16, 16], "texture": "#15"},
				"west": {"uv": [0, 0, 16, 1.5], "texture": "#15"},
				"up": {"uv": [6, 16, 0, 0], "texture": "#15"},
				"down": {"uv": [16, 16, 0, 0], "texture": "#15"}
			}
		},
		{
			"from": [-0.4, 9.5, -15.6],
			"to": [6.1, 10, -12.85],
			"rotation": {"angle": 0, "axis": "y", "origin": [16, 0, 14]},
			"faces": {
				"north": {"uv": [0, 0, 16, 1.5], "texture": "#11"},
				"east": {"uv": [0, 0, 16, 1.5], "texture": "#7"},
				"south": {"uv": [0, 0, 16, 1.5], "texture": "#11"},
				"west": {"uv": [0, 0, 16, 1.5], "texture": "#7"},
				"up": {"uv": [6, 16, 0, 0], "texture": "#11"},
				"down": {"uv": [16, 16, 0, 0], "texture": "#7"}
			}
		},
		{
			"from": [9.9, 9.5, -9.65],
			"to": [16.4, 10, -6.9],
			"rotation": {"angle": 0, "axis": "y", "origin": [0, 0, 14]},
			"faces": {
				"north": {"uv": [16, 0, 0, 1.5], "texture": "#11"},
				"east": {"uv": [16, 0, 0, 1.5], "texture": "#7"},
				"south": {"uv": [16, 0, 0, 1.5], "texture": "#11"},
				"west": {"uv": [16, 0, 0, 1.5], "texture": "#7"},
				"up": {"uv": [0, 16, 6, 0], "texture": "#11"},
				"down": {"uv": [0, 16, 16, 0], "texture": "#7"}
			}
		},
		{
			"from": [-0.4, 9.5, -6.9],
			"to": [6.1, 13.75, -6.65],
			"rotation": {"angle": 0, "axis": "y", "origin": [16, 0, 14]},
			"faces": {
				"north": {"uv": [0, 0, 16, 1.5], "texture": "#11"},
				"east": {"uv": [0, 0, 16, 1.5], "texture": "#7"},
				"south": {"uv": [0, 0, 16, 16], "texture": "#7"},
				"west": {"uv": [0, 0, 16, 1.5], "texture": "#7"},
				"up": {"uv": [6, 16, 0, 0], "texture": "#11"},
				"down": {"uv": [16, 16, 0, 0], "texture": "#7"}
			}
		},
		{
			"from": [-0.4, 9.5, -9.65],
			"to": [6.1, 10, -6.9],
			"rotation": {"angle": 0, "axis": "y", "origin": [16, 0, 14]},
			"faces": {
				"north": {"uv": [0, 0, 16, 1.5], "texture": "#11"},
				"east": {"uv": [0, 0, 16, 1.5], "texture": "#7"},
				"south": {"uv": [0, 0, 16, 1.5], "texture": "#11"},
				"west": {"uv": [0, 0, 16, 1.5], "texture": "#7"},
				"up": {"uv": [6, 16, 0, 0], "texture": "#11"},
				"down": {"uv": [16, 16, 0, 0], "texture": "#7"}
			}
		},
		{
			"from": [9.9, 9.5, -6.9],
			"to": [16.4, 13.75, -6.65],
			"rotation": {"angle": 0, "axis": "y", "origin": [0, 0, 14]},
			"faces": {
				"north": {"uv": [16, 0, 0, 1.5], "texture": "#11"},
				"east": {"uv": [16, 0, 0, 1.5], "texture": "#7"},
				"south": {"uv": [16, 0, 0, 16], "texture": "#7"},
				"west": {"uv": [16, 0, 0, 1.5], "texture": "#7"},
				"up": {"uv": [0, 16, 6, 0], "texture": "#11"},
				"down": {"uv": [0, 16, 16, 0], "texture": "#7"}
			}
		},
		{
			"from": [9.9, 9.5, -9.65],
			"to": [16.4, 10, -6.9],
			"rotation": {"angle": 0, "axis": "y", "origin": [0, 0, 14]},
			"faces": {
				"north": {"uv": [16, 0, 0, 1.5], "texture": "#11"},
				"east": {"uv": [16, 0, 0, 1.5], "texture": "#7"},
				"south": {"uv": [16, 0, 0, 1.5], "texture": "#11"},
				"west": {"uv": [16, 0, 0, 1.5], "texture": "#7"},
				"up": {"uv": [0, 16, 6, 0], "texture": "#11"},
				"down": {"uv": [0, 16, 16, 0], "texture": "#7"}
			}
		},
		{
			"from": [9.9, 9.5, -6.9],
			"to": [16.4, 13.75, -6.65],
			"rotation": {"angle": 0, "axis": "y", "origin": [0, 0, 14]},
			"faces": {
				"north": {"uv": [16, 0, 0, 1.5], "texture": "#11"},
				"east": {"uv": [16, 0, 0, 1.5], "texture": "#7"},
				"south": {"uv": [16, 0, 0, 16], "texture": "#7"},
				"west": {"uv": [16, 0, 0, 1.5], "texture": "#7"},
				"up": {"uv": [0, 16, 6, 0], "texture": "#11"},
				"down": {"uv": [0, 16, 16, 0], "texture": "#7"}
			}
		},
		{
			"from": [15.9, 9.5, 0.35],
			"to": [16.4, 13.75, 7.6],
			"rotation": {"angle": 0, "axis": "y", "origin": [0, 0, 14]},
			"faces": {
				"north": {"uv": [16, 0, 0, 1.5], "texture": "#11"},
				"east": {"uv": [16, 0, 0, 1.5], "texture": "#7"},
				"south": {"uv": [16, 0, 0, 16], "texture": "#11"},
				"west": {"uv": [16, 0, 0, 1.5], "texture": "#11"},
				"up": {"uv": [0, 16, 6, 0], "texture": "#11"},
				"down": {"uv": [0, 16, 16, 0], "texture": "#7"}
			}
		},
		{
			"from": [0.25, 16.2, 7.85],
			"to": [1.25, 17.2, 8.05],
			"rotation": {"angle": 0, "axis": "y", "origin": [16, -1.95, -14.7]},
			"faces": {
				"north": {"uv": [1, 0, 0, 6.25], "texture": "#7"},
				"east": {"uv": [16, 6.112, 0, 9.834], "texture": "#7"},
				"south": {"uv": [16, 0, 0, 16], "texture": "#12"},
				"west": {"uv": [16, 5.024, 0, 7.786], "texture": "#7"},
				"up": {"uv": [1, 0, 0, 16], "texture": "#7"},
				"down": {"uv": [1, 0, 0, 16], "texture": "#7"}
			}
		},
		{
			"from": [1.75, 16.2, 7.85],
			"to": [2.75, 17.2, 8.05],
			"rotation": {"angle": 0, "axis": "y", "origin": [16, -1.95, -14.7]},
			"faces": {
				"north": {"uv": [1, 0, 0, 6.25], "texture": "#7"},
				"east": {"uv": [16, 6.112, 0, 9.834], "texture": "#7"},
				"south": {"uv": [16, 0, 0, 16], "texture": "#12"},
				"west": {"uv": [16, 5.024, 0, 7.786], "texture": "#7"},
				"up": {"uv": [1, 0, 0, 16], "texture": "#7"},
				"down": {"uv": [1, 0, 0, 16], "texture": "#7"}
			}
		},
		{
			"from": [12.9, 9.5, 0.35],
			"to": [15.9, 10, 7.6],
			"rotation": {"angle": 0, "axis": "y", "origin": [0, 0, 14]},
			"faces": {
				"north": {"uv": [16, 0, 0, 1.5], "texture": "#7"},
				"east": {"uv": [16, 0, 0, 1.5], "texture": "#11"},
				"south": {"uv": [16, 0, 0, 16], "texture": "#11"},
				"west": {"uv": [16, 0, 0, 1.5], "texture": "#11"},
				"up": {"uv": [0, 16, 6, 0], "texture": "#11"},
				"down": {"uv": [0, 16, 16, 0], "texture": "#7"}
			}
		},
		{
			"from": [-0.4, 9.5, -6.9],
			"to": [6.1, 13.75, -6.65],
			"rotation": {"angle": 0, "axis": "y", "origin": [16, 0, 14]},
			"faces": {
				"north": {"uv": [0, 0, 16, 1.5], "texture": "#11"},
				"east": {"uv": [0, 0, 16, 1.5], "texture": "#7"},
				"south": {"uv": [0, 0, 16, 16], "texture": "#7"},
				"west": {"uv": [0, 0, 16, 1.5], "texture": "#7"},
				"up": {"uv": [6, 16, 0, 0], "texture": "#11"},
				"down": {"uv": [16, 16, 0, 0], "texture": "#7"}
			}
		}
	],
	"display": {
		"thirdperson_righthand": {
			"scale": [4, 4, 4]
		},
		"head": {
			"scale": [4, 4, 4]
		}
	}
}