{
	"credit": "Made by Mike Shafter",
	"textures": {
		"2": "block/pink_shulker_box",
		"3": "block/white_concrete",
		"4": "block/light_gray_concrete",
		"6": "block/stripped_birch_log",
		"7": "block/light_blue_shulker_box",
		"11": "block/redstone_torch",
		"15": "block/yellow_wool",
		"18": "block/cobbled_deepslate",
		"24": "block/glass",
		"particle": "block/black_stained_glass"
	},
	"elements": [
		{
			"from": [-0.5, -2.5, -6.125],
			"to": [16.5, -2, 22.125],
			"rotation": {"angle": 0, "axis": "y", "origin": [8, 4.15345, 8]},
			"faces": {
				"north": {"uv": [0, 0, 14, 1], "texture": "#6"},
				"south": {"uv": [0, 0, 14, 1], "texture": "#6"},
				"up": {"uv": [0, 0, 16, 16], "texture": "#6"},
				"down": {"uv": [0, 0, 14, 16], "texture": "#4"}
			}
		},
		{
			"from": [16, -2.5, 18.125],
			"to": [16.5, -0.5, 19.125],
			"rotation": {"angle": 0, "axis": "z", "origin": [8, 4.15345, 8]},
			"faces": {
				"east": {"uv": [0, 0, 2, 4], "texture": "#4"},
				"south": {"uv": [1, 0, 0, 4], "texture": "#6"},
				"west": {"uv": [0, 12, 2, 16], "texture": "#6"}
			}
		},
		{
			"from": [-0.5, -2.5, 18.125],
			"to": [0, -0.5, 19.125],
			"rotation": {"angle": 0, "axis": "z", "origin": [8, 4.15345, 8]},
			"faces": {
				"east": {"uv": [2, 12, 0, 16], "texture": "#6"},
				"south": {"uv": [0, 0, 1, 4], "texture": "#6"},
				"west": {"uv": [2, 0, 0, 4], "texture": "#4"}
			}
		},
		{
			"from": [-0.5, 9.875, -6.125],
			"to": [0, 11.875, 5],
			"rotation": {"angle": 0, "axis": "z", "origin": [8, 4.15345, 8]},
			"faces": {
				"north": {"uv": [0, 0, 1, 3.25], "texture": "#6"},
				"east": {"uv": [0, 0, 16, 4], "texture": "#6"},
				"south": {"uv": [0, 0, 1, 3.25], "texture": "#6"},
				"west": {"uv": [3, 3, 13, 13], "texture": "#2"},
				"down": {"uv": [0, 0, 1, 16], "texture": "#4"}
			}
		},
		{
			"from": [-0.5, 9.875, 11],
			"to": [0, 11.875, 22.125],
			"rotation": {"angle": 0, "axis": "z", "origin": [8, 4.15345, 8]},
			"faces": {
				"north": {"uv": [0, 0, 1, 3.25], "texture": "#6"},
				"east": {"uv": [0, 0, 16, 4], "texture": "#6"},
				"south": {"uv": [0, 0, 1, 3.25], "texture": "#6"},
				"west": {"uv": [3, 3, 13, 13], "texture": "#2"},
				"down": {"uv": [0, 0, 1, 16], "texture": "#4"}
			}
		},
		{
			"from": [-0.5, 9.875, 5],
			"to": [0, 10.125, 11],
			"rotation": {"angle": 0, "axis": "z", "origin": [8, 4.15345, 8]},
			"faces": {
				"east": {"uv": [0, 0, 16, 4], "texture": "#6"},
				"west": {"uv": [3, 3, 13, 13], "texture": "#2"},
				"up": {"uv": [0, 0, 1, 12], "texture": "#6"}
			}
		},
		{
			"from": [-0.5, 11.625, 5],
			"to": [0, 11.875, 11],
			"rotation": {"angle": 0, "axis": "z", "origin": [8, 4.15345, 8]},
			"faces": {
				"east": {"uv": [0, 0, 16, 4], "texture": "#6"},
				"west": {"uv": [3, 3, 13, 13], "texture": "#2"},
				"down": {"uv": [0, 0, 1, 16], "texture": "#4"}
			}
		},
		{
			"from": [0, 11.75, -6.125],
			"to": [16, 12.25, 22.125],
			"rotation": {"angle": 0, "axis": "z", "origin": [8, 4.15345, 8]},
			"faces": {
				"north": {"uv": [0, 0, 16, 16], "texture": "#4"},
				"south": {"uv": [0, 0, 16, 16], "texture": "#4"},
				"up": {"uv": [0, 0, 16, 16], "texture": "#4"},
				"down": {"uv": [0, 0, 16, 16], "texture": "#4"}
			}
		},
		{
			"from": [16, -0.5, 18.125],
			"to": [16.5, 2, 19.125],
			"rotation": {"angle": 0, "axis": "z", "origin": [8, 4.15345, 8]},
			"faces": {
				"east": {"uv": [14, 5, 16, 11], "texture": "#7"},
				"south": {"uv": [1, 0, 2, 5.25], "texture": "#6"},
				"west": {"uv": [0, 5, 2, 11], "texture": "#6"}
			}
		},
		{
			"from": [-0.5, -0.5, 18.125],
			"to": [0, 2, 19.125],
			"rotation": {"angle": 0, "axis": "z", "origin": [8, 4.15345, 8]},
			"faces": {
				"east": {"uv": [2, 5, 0, 11], "texture": "#6"},
				"south": {"uv": [2, 0, 1, 5.25], "texture": "#6"},
				"west": {"uv": [2, 5, 0, 11], "texture": "#7"}
			}
		},
		{
			"from": [16, 9.875, 11],
			"to": [16.5, 11.875, 22.125],
			"rotation": {"angle": 0, "axis": "z", "origin": [8, 4.15345, 8]},
			"faces": {
				"north": {"uv": [1, 0, 2, 3.25], "texture": "#6"},
				"east": {"uv": [3, 3, 13, 13], "texture": "#2"},
				"south": {"uv": [1, 0, 2, 3.25], "texture": "#6"},
				"west": {"uv": [0, 0, 16, 4], "texture": "#6"},
				"down": {"uv": [1, 0, 2, 16], "texture": "#4"}
			}
		},
		{
			"from": [16, 9.875, -6.125],
			"to": [16.5, 11.875, 5],
			"rotation": {"angle": 0, "axis": "z", "origin": [8, 4.15345, 8]},
			"faces": {
				"north": {"uv": [1, 0, 2, 3.25], "texture": "#6"},
				"east": {"uv": [3, 3, 13, 13], "texture": "#2"},
				"south": {"uv": [1, 0, 2, 3.25], "texture": "#6"},
				"west": {"uv": [0, 0, 16, 4], "texture": "#6"},
				"down": {"uv": [1, 0, 2, 16], "texture": "#4"}
			}
		},
		{
			"from": [16, 11.625, 5],
			"to": [16.5, 11.875, 11],
			"rotation": {"angle": 0, "axis": "z", "origin": [8, 4.15345, 8]},
			"faces": {
				"east": {"uv": [3, 3, 13, 13], "texture": "#2"},
				"west": {"uv": [0, 0, 16, 4], "texture": "#6"},
				"down": {"uv": [1, 0, 2, 16], "texture": "#4"}
			}
		},
		{
			"from": [16, 9.875, 5],
			"to": [16.5, 10.125, 11],
			"rotation": {"angle": 0, "axis": "z", "origin": [8, 4.15345, 8]},
			"faces": {
				"east": {"uv": [3, 3, 13, 13], "texture": "#2"},
				"west": {"uv": [0, 0, 16, 4], "texture": "#6"},
				"up": {"uv": [0, 0, 1, 12], "texture": "#6"}
			}
		},
		{
			"from": [-0.5, 2, 18.125],
			"to": [0, 9.875, 19.125],
			"rotation": {"angle": 0, "axis": "y", "origin": [8, 4.15345, 8]},
			"faces": {
				"north": {"uv": [0, 0, 1, 12.75], "texture": "#6"},
				"east": {"uv": [0, 0, 2, 15.75], "texture": "#6"},
				"south": {"uv": [0, 0, 1, 12.75], "texture": "#6"},
				"west": {"uv": [0, 0, 2, 12.75], "texture": "#3"}
			}
		},
		{
			"from": [16, 2, 18.125],
			"to": [16.5, 9.875, 19.125],
			"rotation": {"angle": 0, "axis": "y", "origin": [8, 4.15345, 8]},
			"faces": {
				"north": {"uv": [0, 0, 1, 12.75], "texture": "#6"},
				"east": {"uv": [0, 0, 2, 12.75], "texture": "#3"},
				"south": {"uv": [0, 0, 1, 12.75], "texture": "#6"},
				"west": {"uv": [0, 0, 2, 12.75], "texture": "#6"}
			}
		},
		{
			"from": [16, 2, -3.125],
			"to": [16.5, 9.875, -2.125],
			"rotation": {"angle": 0, "axis": "y", "origin": [8, 4.15345, 8]},
			"faces": {
				"north": {"uv": [1, 0, 0, 12.75], "texture": "#6"},
				"east": {"uv": [2, 0, 0, 12.75], "texture": "#3"},
				"south": {"uv": [1, 0, 0, 12.75], "texture": "#6"},
				"west": {"uv": [0, 0, 2, 12.75], "texture": "#6"}
			}
		},
		{
			"from": [16, -0.5, -3.125],
			"to": [16.5, 2, -2.125],
			"rotation": {"angle": 0, "axis": "z", "origin": [8, 4.15345, 8]},
			"faces": {
				"north": {"uv": [2, 0, 1, 5.25], "texture": "#6"},
				"east": {"uv": [16, 5, 14, 11], "texture": "#7"},
				"west": {"uv": [0, 5, 2, 11], "texture": "#6"}
			}
		},
		{
			"from": [16, -2.5, -3.125],
			"to": [16.5, -0.5, -2.125],
			"rotation": {"angle": 0, "axis": "z", "origin": [8, 4.15345, 8]},
			"faces": {
				"north": {"uv": [0, 0, 1, 4], "texture": "#6"},
				"east": {"uv": [2, 0, 0, 4], "texture": "#4"},
				"west": {"uv": [0, 12, 2, 16], "texture": "#6"}
			}
		},
		{
			"from": [-0.5, 2, -3.125],
			"to": [0, 9.875, -2.125],
			"rotation": {"angle": 0, "axis": "y", "origin": [8, 4.15345, 8]},
			"faces": {
				"north": {"uv": [1, 0, 0, 12.75], "texture": "#6"},
				"east": {"uv": [2, 0, 0, 15.75], "texture": "#6"},
				"south": {"uv": [1, 0, 0, 12.75], "texture": "#6"},
				"west": {"uv": [0, 0, 2, 12.75], "texture": "#3"}
			}
		},
		{
			"from": [-0.5, -0.5, -3.125],
			"to": [0, 2, -2.125],
			"rotation": {"angle": 0, "axis": "z", "origin": [8, 4.15345, 8]},
			"faces": {
				"north": {"uv": [1, 0, 2, 5.25], "texture": "#6"},
				"east": {"uv": [0, 5, 2, 11], "texture": "#6"},
				"west": {"uv": [2, 5, 0, 11], "texture": "#7"}
			}
		},
		{
			"from": [-0.5, -2.5, -3.125],
			"to": [0, -0.5, -2.125],
			"rotation": {"angle": 0, "axis": "z", "origin": [8, 4.15345, 8]},
			"faces": {
				"north": {"uv": [1, 0, 0, 4], "texture": "#6"},
				"east": {"uv": [0, 12, 2, 16], "texture": "#6"},
				"west": {"uv": [2, 0, 0, 4], "texture": "#4"}
			}
		},
		{
			"from": [-0.125, 10.125, 5],
			"to": [0, 11.625, 11],
			"rotation": {"angle": 0, "axis": "y", "origin": [8, 4.15345, 8]},
			"faces": {
				"east": {"uv": [12, 0, 0, 3], "texture": "#6"},
				"west": {"uv": [8, 7, 9, 8], "texture": "#11"}
			}
		},
		{
			"from": [16, 10.125, 5],
			"to": [16.125, 11.625, 11],
			"rotation": {"angle": 0, "axis": "y", "origin": [8, 4.15345, 8]},
			"faces": {
				"east": {"uv": [8, 7, 9, 8], "texture": "#11"},
				"west": {"uv": [0, 0, 12, 3], "texture": "#6"}
			}
		},
		{
			"from": [16, 3.5, 7.625],
			"to": [16.5, 9.5, 8.375],
			"rotation": {"angle": 0, "axis": "y", "origin": [8, 4.15345, 8]},
			"faces": {
				"north": {"uv": [0, 0, 1, 12.75], "texture": "#6"},
				"east": {"uv": [0, 0, 2, 12.75], "texture": "#3"},
				"south": {"uv": [0, 0, 1, 12.75], "texture": "#6"},
				"west": {"uv": [0, 0, 2, 12], "texture": "#6"}
			}
		},
		{
			"from": [16.125, 3.5, 8.375],
			"to": [16.375, 9.5, 12.875],
			"rotation": {"angle": 0, "axis": "y", "origin": [8, 4.15345, 8]},
			"faces": {
				"east": {"uv": [0, 0, 16, 16], "texture": "#24"},
				"west": {"uv": [0, 0, 16, 16], "texture": "#24"}
			}
		},
		{
			"from": [-0.5, 9.5, -2.125],
			"to": [0, 9.875, 18.125],
			"rotation": {"angle": 0, "axis": "y", "origin": [8, 4.15345, 8]},
			"faces": {
				"east": {"uv": [16, 0, 0, 0.75], "texture": "#6"},
				"west": {"uv": [2, 0, 0, 12.75], "texture": "#3"},
				"down": {"uv": [0, 2, 1, 0], "texture": "#6"}
			}
		},
		{
			"from": [16, 9.5, -2.125],
			"to": [16.5, 9.875, 18.125],
			"rotation": {"angle": 0, "axis": "y", "origin": [8, 4.15345, 8]},
			"faces": {
				"east": {"uv": [0, 0, 2, 12.75], "texture": "#3"},
				"west": {"uv": [0, 0, 16, 0.75], "texture": "#6"},
				"down": {"uv": [0, 0, 1, 2], "texture": "#6"}
			}
		},
		{
			"from": [-0.5, 3.5, 2.375],
			"to": [0, 9.5, 3.125],
			"rotation": {"angle": 0, "axis": "y", "origin": [8, 4.15345, 8]},
			"faces": {
				"north": {"uv": [1, 0, 0, 12.75], "texture": "#6"},
				"east": {"uv": [2, 0, 0, 12], "texture": "#6"},
				"south": {"uv": [1, 0, 0, 12.75], "texture": "#6"},
				"west": {"uv": [2, 0, 0, 12.75], "texture": "#3"}
			}
		},
		{
			"from": [16.125, 3.5, 3.125],
			"to": [16.375, 9.5, 7.625],
			"rotation": {"angle": 0, "axis": "y", "origin": [8, 4.15345, 8]},
			"faces": {
				"east": {"uv": [0, 0, 16, 16], "texture": "#24"},
				"west": {"uv": [0, 0, 16, 16], "texture": "#24"}
			}
		},
		{
			"from": [-0.375, 3.5, 8.375],
			"to": [-0.125, 9.5, 12.875],
			"rotation": {"angle": 0, "axis": "y", "origin": [8, 4.15345, 8]},
			"faces": {
				"east": {"uv": [16, 0, 0, 16], "texture": "#24"},
				"west": {"uv": [16, 0, 0, 16], "texture": "#24"}
			}
		},
		{
			"from": [-0.375, 3.5, -2.125],
			"to": [-0.125, 9.5, 2.375],
			"rotation": {"angle": 0, "axis": "y", "origin": [8, 4.15345, 8]},
			"faces": {
				"east": {"uv": [16, 0, 0, 16], "texture": "#24"},
				"west": {"uv": [16, 0, 0, 16], "texture": "#24"}
			}
		},
		{
			"from": [-0.375, 3.5, 3.125],
			"to": [-0.125, 9.5, 7.625],
			"rotation": {"angle": 0, "axis": "y", "origin": [8, 4.15345, 8]},
			"faces": {
				"east": {"uv": [16, 0, 0, 16], "texture": "#24"},
				"west": {"uv": [16, 0, 0, 16], "texture": "#24"}
			}
		},
		{
			"from": [-0.5, 3.5, 7.625],
			"to": [0, 9.5, 8.375],
			"rotation": {"angle": 0, "axis": "y", "origin": [8, 4.15345, 8]},
			"faces": {
				"north": {"uv": [1, 0, 0, 12.75], "texture": "#6"},
				"east": {"uv": [2, 0, 0, 12], "texture": "#6"},
				"south": {"uv": [1, 0, 0, 12.75], "texture": "#6"},
				"west": {"uv": [2, 0, 0, 12.75], "texture": "#3"}
			}
		},
		{
			"from": [-0.5, 3.5, 12.875],
			"to": [0, 9.5, 13.625],
			"rotation": {"angle": 0, "axis": "y", "origin": [8, 4.15345, 8]},
			"faces": {
				"north": {"uv": [1, 0, 0, 12.75], "texture": "#6"},
				"east": {"uv": [2, 0, 0, 12], "texture": "#6"},
				"south": {"uv": [1, 0, 0, 12.75], "texture": "#6"},
				"west": {"uv": [2, 0, 0, 12.75], "texture": "#3"}
			}
		},
		{
			"from": [-0.375, 3.5, 13.625],
			"to": [-0.125, 9.5, 18.125],
			"rotation": {"angle": 0, "axis": "y", "origin": [8, 4.15345, 8]},
			"faces": {
				"east": {"uv": [16, 0, 0, 16], "texture": "#24"},
				"west": {"uv": [16, 0, 0, 16], "texture": "#24"}
			}
		},
		{
			"from": [16, 3.5, 12.875],
			"to": [16.5, 9.5, 13.625],
			"rotation": {"angle": 0, "axis": "y", "origin": [8, 4.15345, 8]},
			"faces": {
				"north": {"uv": [0, 0, 1, 12.75], "texture": "#6"},
				"east": {"uv": [0, 0, 2, 12.75], "texture": "#3"},
				"south": {"uv": [0, 0, 1, 12.75], "texture": "#6"},
				"west": {"uv": [0, 0, 2, 12], "texture": "#6"}
			}
		},
		{
			"from": [16.125, 3.5, 13.625],
			"to": [16.375, 9.5, 18.125],
			"rotation": {"angle": 0, "axis": "y", "origin": [8, 4.15345, 8]},
			"faces": {
				"east": {"uv": [0, 0, 16, 16], "texture": "#24"},
				"west": {"uv": [0, 0, 16, 16], "texture": "#24"}
			}
		},
		{
			"from": [-0.5, -2.5, -2.125],
			"to": [0, -0.5, 18.125],
			"rotation": {"angle": 0, "axis": "z", "origin": [8, 4.15345, 8]},
			"faces": {
				"east": {"uv": [16, 0, 0, 4], "texture": "#6"},
				"west": {"uv": [16, 0, 0, 4], "texture": "#4"}
			}
		},
		{
			"from": [-0.5, -3, -6.125],
			"to": [0.5, -2.5, 22.125],
			"rotation": {"angle": 0, "axis": "z", "origin": [8, 4.15345, 8]},
			"faces": {
				"north": {"uv": [1, 0, 0, 4], "rotation": 90, "texture": "#6"},
				"east": {"uv": [0, 16, 1, 0], "rotation": 270, "texture": "#4"},
				"south": {"uv": [1, 0, 0, 4], "rotation": 270, "texture": "#6"},
				"west": {"uv": [0, 0, 1, 16], "rotation": 270, "texture": "#4"},
				"down": {"uv": [16, 0, 0, 4], "rotation": 270, "texture": "#4"}
			}
		},
		{
			"from": [15.5, -3, -6.125],
			"to": [16.5, -2.5, 22.125],
			"rotation": {"angle": 0, "axis": "z", "origin": [8, 4.15345, 8]},
			"faces": {
				"north": {"uv": [0, 0, 1, 4], "rotation": 270, "texture": "#6"},
				"east": {"uv": [0, 0, 1, 16], "rotation": 90, "texture": "#4"},
				"south": {"uv": [0, 0, 1, 4], "rotation": 90, "texture": "#6"},
				"west": {"uv": [1, 16, 0, 0], "rotation": 90, "texture": "#4"},
				"down": {"uv": [0, 0, 16, 4], "rotation": 90, "texture": "#4"}
			}
		},
		{
			"from": [-0.5, -0.5, -2.125],
			"to": [0, 2, 18.125],
			"rotation": {"angle": 0, "axis": "z", "origin": [8, 4.15345, 8]},
			"faces": {
				"east": {"uv": [16, 0, 0, 5.25], "texture": "#6"},
				"west": {"uv": [13, 3, 3, 13], "texture": "#7"}
			}
		},
		{
			"from": [-0.5, 2, -2.125],
			"to": [0, 3.5, 18.125],
			"rotation": {"angle": 0, "axis": "z", "origin": [8, 4.15345, 8]},
			"faces": {
				"east": {"uv": [16, 0, 0, 5.25], "texture": "#6"},
				"west": {"uv": [13, 3, 3, 13], "texture": "#3"},
				"up": {"uv": [0, 16, 1, 0], "texture": "#6"}
			}
		},
		{
			"from": [16, -0.5, -2.125],
			"to": [16.5, 2, 18.125],
			"rotation": {"angle": 0, "axis": "z", "origin": [8, 4.15345, 8]},
			"faces": {
				"east": {"uv": [3, 3, 13, 13], "texture": "#7"},
				"west": {"uv": [0, 0, 16, 5.25], "texture": "#6"}
			}
		},
		{
			"from": [16, 2, -2.125],
			"to": [16.5, 3.5, 18.125],
			"rotation": {"angle": 0, "axis": "z", "origin": [8, 4.15345, 8]},
			"faces": {
				"east": {"uv": [3, 3, 13, 13], "texture": "#3"},
				"west": {"uv": [0, 0, 16, 5.25], "texture": "#6"},
				"up": {"uv": [1, 16, 0, 0], "texture": "#6"}
			}
		},
		{
			"from": [16, -2.5, -2.125],
			"to": [16.5, -0.5, 18.125],
			"rotation": {"angle": 0, "axis": "z", "origin": [8, 4.15345, 8]},
			"faces": {
				"east": {"uv": [0, 0, 16, 4], "texture": "#4"},
				"west": {"uv": [0, 0, 16, 4], "texture": "#6"}
			}
		},
		{
			"name": "hexadecagon",
			"from": [8.60441, 15.60218, -6.125],
			"to": [9.72941, 16.10218, 22.125],
			"rotation": {"angle": 45, "axis": "z", "origin": [8, 4.15345, 8]},
			"faces": {
				"north": {"uv": [3, 4, 4, 3], "texture": "#4"},
				"south": {"uv": [3, 4, 4, 3], "texture": "#4"},
				"west": {"uv": [3, 4, 4, 3], "texture": "#4"},
				"up": {"uv": [3, 4, 4, 3], "texture": "#4"},
				"down": {"uv": [3, 4, 4, 3], "texture": "#4"}
			}
		},
		{
			"name": "hexadecagon",
			"from": [5.02518, 13.72945, -6.125],
			"to": [6.02518, 15.85445, 22.125],
			"rotation": {"angle": 22.5, "axis": "z", "origin": [8, 4.15345, 8]},
			"faces": {
				"north": {"uv": [3, 4, 4, 3], "texture": "#4"},
				"east": {"uv": [3, 4, 4, 3], "texture": "#4"},
				"south": {"uv": [3, 4, 4, 3], "texture": "#4"},
				"west": {"uv": [3, 4, 4, 3], "texture": "#4"},
				"up": {"uv": [3, 4, 4, 3], "texture": "#4"}
			}
		},
		{
			"from": [-2.80789, 8.03442, -6.125],
			"to": [-2.30789, 9.28442, 22.125],
			"rotation": {"angle": -22.5, "axis": "z", "origin": [8, 4.15345, 8]},
			"faces": {
				"north": {"uv": [0, 0, 1, 3.25], "texture": "#4"},
				"east": {"uv": [0, 0, 16, 4], "texture": "#4"},
				"south": {"uv": [0, 0, 1, 3.25], "texture": "#4"},
				"west": {"uv": [3, 3, 13, 13], "texture": "#4"},
				"up": {"uv": [0, 0, 1, 16], "texture": "#6"}
			}
		},
		{
			"name": "hexadecagon",
			"from": [6.27059, 15.60218, -6.125],
			"to": [7.39559, 16.10218, 22.125],
			"rotation": {"angle": -45, "axis": "z", "origin": [8, 4.15345, 8]},
			"faces": {
				"north": {"uv": [4, 4, 3, 3], "texture": "#4"},
				"east": {"uv": [4, 4, 3, 3], "texture": "#4"},
				"south": {"uv": [4, 4, 3, 3], "texture": "#4"},
				"up": {"uv": [4, 4, 3, 3], "texture": "#4"},
				"down": {"uv": [4, 4, 3, 3], "texture": "#4"}
			}
		},
		{
			"name": "hexadecagon",
			"from": [9.97482, 13.72945, -6.125],
			"to": [10.97482, 15.85445, 22.125],
			"rotation": {"angle": -22.5, "axis": "z", "origin": [8, 4.15345, 8]},
			"faces": {
				"north": {"uv": [4, 4, 3, 3], "texture": "#4"},
				"east": {"uv": [4, 4, 3, 3], "texture": "#4"},
				"south": {"uv": [4, 4, 3, 3], "texture": "#4"},
				"west": {"uv": [4, 4, 3, 3], "texture": "#4"},
				"up": {"uv": [4, 4, 3, 3], "texture": "#4"}
			}
		},
		{
			"from": [18.30789, 8.03442, -6.125],
			"to": [18.80789, 9.28442, 22.125],
			"rotation": {"angle": 22.5, "axis": "z", "origin": [8, 4.15345, 8]},
			"faces": {
				"north": {"uv": [1, 0, 0, 3.25], "texture": "#4"},
				"east": {"uv": [13, 3, 3, 13], "texture": "#4"},
				"south": {"uv": [1, 0, 0, 3.25], "texture": "#4"},
				"west": {"uv": [16, 0, 0, 4], "texture": "#4"},
				"up": {"uv": [1, 0, 0, 16], "texture": "#6"}
			}
		},
		{
			"from": [0, 1, -0.875],
			"to": [5.5, 1.5, 6.125],
			"rotation": {"angle": 0, "axis": "y", "origin": [8, 4.15345, 8]},
			"faces": {
				"north": {"uv": [0, 0, 16, 16], "texture": "#15"},
				"east": {"uv": [0, 0, 16, 16], "texture": "#15"},
				"south": {"uv": [0, 0, 16, 16], "texture": "#15"},
				"up": {"uv": [0, 0, 16, 16], "texture": "#15"},
				"down": {"uv": [0, 0, 16, 16], "texture": "#15"}
			}
		},
		{
			"from": [0, 1.5, 2.125],
			"to": [5.5, 6.5, 3.125],
			"rotation": {"angle": 0, "axis": "y", "origin": [8, 4.15345, 8]},
			"faces": {
				"north": {"uv": [0, 0, 16, 16], "rotation": 90, "texture": "#15"},
				"east": {"uv": [0, 0, 10, 1], "rotation": 90, "texture": "#15"},
				"south": {"uv": [0, 0, 16, 16], "rotation": 90, "texture": "#15"},
				"west": {"uv": [0, 0, 1, 10], "texture": "#15"},
				"up": {"uv": [0, 0, 16, 16], "rotation": 90, "texture": "#15"}
			}
		},
		{
			"from": [0, 1, 9.875],
			"to": [5.5, 1.5, 16.875],
			"rotation": {"angle": 0, "axis": "y", "origin": [8, 4.15345, 8]},
			"faces": {
				"north": {"uv": [0, 0, 16, 16], "texture": "#15"},
				"east": {"uv": [0, 0, 16, 16], "texture": "#15"},
				"south": {"uv": [0, 0, 16, 16], "texture": "#15"},
				"up": {"uv": [0, 0, 16, 16], "texture": "#15"},
				"down": {"uv": [0, 0, 16, 16], "texture": "#15"}
			}
		},
		{
			"from": [0, 1.5, 12.875],
			"to": [5.5, 6.5, 13.875],
			"rotation": {"angle": 0, "axis": "y", "origin": [8, 4.15345, 8]},
			"faces": {
				"north": {"uv": [0, 0, 16, 16], "rotation": 90, "texture": "#15"},
				"east": {"uv": [0, 0, 16, 16], "rotation": 90, "texture": "#15"},
				"south": {"uv": [0, 0, 16, 16], "rotation": 90, "texture": "#15"},
				"up": {"uv": [0, 0, 16, 16], "rotation": 90, "texture": "#15"}
			}
		},
		{
			"name": "grabpole",
			"from": [5.5, -2, 2.375],
			"to": [6, 11.75, 2.875],
			"rotation": {"angle": 0, "axis": "y", "origin": [8, 4.15345, 8]},
			"faces": {
				"north": {"uv": [0, 0, 1, 1], "texture": "#2"},
				"east": {"uv": [0, 0, 1, 1], "texture": "#2"},
				"south": {"uv": [0, 0, 1, 1], "texture": "#2"},
				"west": {"uv": [0, 0, 1, 1], "texture": "#2"}
			}
		},
		{
			"name": "grabpole",
			"from": [5.5, -2, 13.125],
			"to": [6, 11.75, 13.625],
			"rotation": {"angle": 0, "axis": "y", "origin": [8, 4.15345, 8]},
			"faces": {
				"north": {"uv": [0, 0, 1, 1], "texture": "#2"},
				"east": {"uv": [0, 0, 1, 1], "texture": "#2"},
				"south": {"uv": [0, 0, 1, 1], "texture": "#2"},
				"west": {"uv": [0, 0, 1, 1], "texture": "#2"}
			}
		},
		{
			"name": "grabpole",
			"from": [5.5, 10, -6.125],
			"to": [6, 10.5, 22.125],
			"rotation": {"angle": 0, "axis": "y", "origin": [8, 4.15345, 8]},
			"faces": {
				"north": {"uv": [0, 0, 1, 1], "texture": "#2"},
				"east": {"uv": [0, 0, 1, 1], "texture": "#2"},
				"south": {"uv": [0, 0, 1, 1], "texture": "#2"},
				"west": {"uv": [0, 0, 1, 1], "texture": "#2"},
				"up": {"uv": [0, 0, 1, 1], "texture": "#2"},
				"down": {"uv": [0, 0, 1, 1], "texture": "#2"}
			}
		},
		{
			"from": [10.5, 1, 2.625],
			"to": [16, 1.5, 6.125],
			"rotation": {"angle": 0, "axis": "y", "origin": [8, 4.15345, 8]},
			"faces": {
				"south": {"uv": [16, 0, 0, 16], "texture": "#15"}
			}
		},
		{
			"from": [10.5, 1.5, 12.875],
			"to": [16, 6.5, 13.875],
			"rotation": {"angle": 0, "axis": "y", "origin": [8, 4.15345, 8]},
			"faces": {
				"north": {"uv": [0, 16, 16, 0], "rotation": 90, "texture": "#15"},
				"south": {"uv": [0, 16, 16, 0], "rotation": 90, "texture": "#15"},
				"west": {"uv": [0, 16, 16, 0], "rotation": 90, "texture": "#15"},
				"up": {"uv": [0, 16, 16, 0], "rotation": 90, "texture": "#15"}
			}
		},
		{
			"from": [10.5, 1, 9.875],
			"to": [16, 1.5, 16.875],
			"rotation": {"angle": 0, "axis": "y", "origin": [8, 4.15345, 8]},
			"faces": {
				"north": {"uv": [16, 0, 0, 16], "texture": "#15"},
				"south": {"uv": [16, 0, 0, 16], "texture": "#15"},
				"west": {"uv": [16, 0, 0, 16], "texture": "#15"},
				"up": {"uv": [16, 0, 0, 16], "texture": "#15"},
				"down": {"uv": [16, 0, 0, 16], "texture": "#15"}
			}
		},
		{
			"from": [10.5, 1.5, 2.125],
			"to": [16, 6.5, 3.125],
			"rotation": {"angle": 0, "axis": "y", "origin": [8, 4.15345, 8]},
			"faces": {
				"north": {"uv": [0, 16, 16, 0], "rotation": 90, "texture": "#15"},
				"east": {"uv": [1, 0, 0, 10], "texture": "#15"},
				"south": {"uv": [0, 16, 16, 0], "rotation": 90, "texture": "#15"},
				"west": {"uv": [0, 1, 10, 0], "rotation": 90, "texture": "#15"},
				"up": {"uv": [0, 16, 16, 0], "rotation": 90, "texture": "#15"}
			}
		},
		{
			"from": [10.5, 1, -0.875],
			"to": [16, 1.5, 6.125],
			"rotation": {"angle": 0, "axis": "y", "origin": [8, 4.15345, 8]},
			"faces": {
				"north": {"uv": [16, 0, 0, 16], "texture": "#15"},
				"west": {"uv": [16, 0, 0, 16], "texture": "#15"},
				"up": {"uv": [16, 0, 0, 16], "texture": "#15"},
				"down": {"uv": [16, 0, 0, 16], "texture": "#15"}
			}
		},
		{
			"name": "grabpole",
			"from": [10, -2, 2.375],
			"to": [10.5, 11.75, 2.875],
			"rotation": {"angle": 0, "axis": "y", "origin": [8, 4.15345, 8]},
			"faces": {
				"north": {"uv": [1, 0, 0, 1], "texture": "#2"},
				"east": {"uv": [1, 0, 0, 1], "texture": "#2"},
				"south": {"uv": [1, 0, 0, 1], "texture": "#2"},
				"west": {"uv": [1, 0, 0, 1], "texture": "#2"}
			}
		},
		{
			"name": "grabpole",
			"from": [10, -2, 13.125],
			"to": [10.5, 11.75, 13.625],
			"rotation": {"angle": 0, "axis": "y", "origin": [8, 4.15345, 8]},
			"faces": {
				"north": {"uv": [1, 0, 0, 1], "texture": "#2"},
				"east": {"uv": [1, 0, 0, 1], "texture": "#2"},
				"south": {"uv": [1, 0, 0, 1], "texture": "#2"},
				"west": {"uv": [1, 0, 0, 1], "texture": "#2"}
			}
		},
		{
			"name": "grabpole",
			"from": [10, 10, -6.125],
			"to": [10.5, 10.5, 22.125],
			"rotation": {"angle": 0, "axis": "y", "origin": [8, 4.15345, 8]},
			"faces": {
				"north": {"uv": [1, 0, 0, 1], "texture": "#2"},
				"east": {"uv": [1, 0, 0, 1], "texture": "#2"},
				"south": {"uv": [1, 0, 0, 1], "texture": "#2"},
				"west": {"uv": [1, 0, 0, 1], "texture": "#2"},
				"up": {"uv": [1, 0, 0, 1], "texture": "#2"},
				"down": {"uv": [1, 0, 0, 1], "texture": "#2"}
			}
		},
		{
			"name": "hexadecagon",
			"from": [4.83107, -7.00892, -6.125],
			"to": [6.02455, -6.50892, 22.125],
			"rotation": {"angle": -22.5, "axis": "z", "origin": [8, 4.15345, 8]},
			"faces": {
				"north": {"uv": [0, 0, 2.38696, 1], "texture": "#4"},
				"east": {"uv": [0, 0, 16, 1], "texture": "#4"},
				"south": {"uv": [0, 0, 2.38696, 1], "texture": "#4"},
				"up": {"uv": [0, 0, 2.38696, 16], "texture": "#4"},
				"down": {"uv": [0, 0, 2.38696, 16], "texture": "#4"}
			}
		},
		{
			"name": "hexadecagon",
			"from": [-2.59048, -0.39614, -6.125],
			"to": [-2.09048, 0.79733, 22.125],
			"rotation": {"angle": 22.5, "axis": "z", "origin": [8, 4.15345, 8]},
			"faces": {
				"north": {"uv": [0, 0, 1, 2.38694], "texture": "#4"},
				"east": {"uv": [0, 0, 16, 2.38694], "texture": "#4"},
				"south": {"uv": [0, 0, 1, 2.38694], "texture": "#4"},
				"west": {"uv": [0, 0, 16, 2.38694], "texture": "#4"}
			}
		},
		{
			"name": "hexadecagon",
			"from": [8.15047, -7.37193, -6.125],
			"to": [9.34395, -6.87193, 22.125],
			"rotation": {"angle": -45, "axis": "z", "origin": [8, 4.15345, 8]},
			"faces": {
				"north": {"uv": [0, 0, 2.38696, 1], "texture": "#4"},
				"south": {"uv": [0, 0, 2.38696, 1], "texture": "#4"},
				"up": {"uv": [0, 0, 2.38696, 16], "texture": "#4"},
				"down": {"uv": [0, 0, 2.38696, 16], "texture": "#4"}
			}
		},
		{
			"name": "hexadecagon",
			"from": [6.65605, -7.37193, -6.125],
			"to": [7.84953, -6.87193, 22.125],
			"rotation": {"angle": 45, "axis": "z", "origin": [8, 4.15345, 8]},
			"faces": {
				"north": {"uv": [2.38696, 0, 0, 1], "texture": "#4"},
				"south": {"uv": [2.38696, 0, 0, 1], "texture": "#4"},
				"up": {"uv": [2.38696, 0, 0, 16], "texture": "#4"},
				"down": {"uv": [2.38696, 0, 0, 16], "texture": "#4"}
			}
		},
		{
			"name": "hexadecagon",
			"from": [18.09048, -0.39614, -6.125],
			"to": [18.59048, 0.79733, 22.125],
			"rotation": {"angle": -22.5, "axis": "z", "origin": [8, 4.15345, 8]},
			"faces": {
				"north": {"uv": [1, 0, 0, 2.38694], "texture": "#4"},
				"east": {"uv": [16, 0, 0, 2.38694], "texture": "#4"},
				"south": {"uv": [1, 0, 0, 2.38694], "texture": "#4"},
				"west": {"uv": [16, 0, 0, 2.38694], "texture": "#4"}
			}
		},
		{
			"name": "hexadecagon",
			"from": [9.97545, -7.00892, -6.125],
			"to": [11.16893, -6.50892, 22.125],
			"rotation": {"angle": 22.5, "axis": "z", "origin": [8, 4.15345, 8]},
			"faces": {
				"north": {"uv": [2.38696, 0, 0, 1], "texture": "#4"},
				"south": {"uv": [2.38696, 0, 0, 1], "texture": "#4"},
				"west": {"uv": [16, 0, 0, 1], "texture": "#4"},
				"up": {"uv": [2.38696, 0, 0, 16], "texture": "#4"},
				"down": {"uv": [2.38696, 0, 0, 16], "texture": "#4"}
			}
		},
		{
			"from": [16, 3.5, 2.375],
			"to": [16.5, 9.5, 3.125],
			"rotation": {"angle": 0, "axis": "y", "origin": [8, 4.15345, 8]},
			"faces": {
				"north": {"uv": [0, 0, 1, 12.75], "texture": "#6"},
				"east": {"uv": [0, 0, 2, 12.75], "texture": "#3"},
				"south": {"uv": [0, 0, 1, 12.75], "texture": "#6"},
				"west": {"uv": [0, 0, 2, 12], "texture": "#6"}
			}
		},
		{
			"from": [16.125, 3.5, -2.125],
			"to": [16.375, 9.5, 2.375],
			"rotation": {"angle": 0, "axis": "y", "origin": [8, 4.15345, 8]},
			"faces": {
				"east": {"uv": [0, 0, 16, 16], "texture": "#24"},
				"west": {"uv": [0, 0, 16, 16], "texture": "#24"}
			}
		},
		{
			"name": "gapfiller",
			"from": [-1, -2.5, 19.125],
			"to": [-0.5, -2, 22.125],
			"rotation": {"angle": 0, "axis": "y", "origin": [8, 4.15345, 8]},
			"faces": {
				"north": {"uv": [0, 0, 1, 1], "texture": "#18"},
				"south": {"uv": [0, 0, 1, 1], "texture": "#18"},
				"west": {"uv": [0, 0, 6, 1], "texture": "#18"},
				"up": {"uv": [0, 0, 1, 6], "texture": "#18"},
				"down": {"uv": [0, 0, 1, 6], "texture": "#18"}
			}
		},
		{
			"name": "gapfiller",
			"from": [-1, -2.5, -6.125],
			"to": [-0.5, -2, -3.125],
			"rotation": {"angle": 0, "axis": "y", "origin": [8, 4.15345, 8]},
			"faces": {
				"north": {"uv": [0, 0, 1, 1], "texture": "#18"},
				"south": {"uv": [0, 0, 1, 1], "texture": "#18"},
				"west": {"uv": [0, 0, 6, 1], "texture": "#18"},
				"up": {"uv": [0, 0, 1, 6], "texture": "#18"},
				"down": {"uv": [0, 0, 1, 6], "texture": "#18"}
			}
		},
		{
			"name": "gapfiller",
			"from": [16.5, -2.5, -6.125],
			"to": [17, -2, -3.125],
			"rotation": {"angle": 0, "axis": "y", "origin": [8, 4.15345, 8]},
			"faces": {
				"north": {"uv": [1, 0, 0, 1], "texture": "#18"},
				"east": {"uv": [6, 0, 0, 1], "texture": "#18"},
				"south": {"uv": [1, 0, 0, 1], "texture": "#18"},
				"up": {"uv": [1, 0, 0, 6], "texture": "#18"},
				"down": {"uv": [1, 0, 0, 6], "texture": "#18"}
			}
		},
		{
			"name": "gapfiller",
			"from": [16.5, -2.5, 19.125],
			"to": [17, -2, 22.125],
			"rotation": {"angle": 0, "axis": "y", "origin": [8, 4.15345, 8]},
			"faces": {
				"north": {"uv": [1, 0, 0, 1], "texture": "#18"},
				"east": {"uv": [6, 0, 0, 1], "texture": "#18"},
				"south": {"uv": [1, 0, 0, 1], "texture": "#18"},
				"up": {"uv": [1, 0, 0, 6], "texture": "#18"},
				"down": {"uv": [1, 0, 0, 6], "texture": "#18"}
			}
		}
	],
	"display": {
		"head": {
			"translation": [0, 26, 0],
			"scale": [4, 4, 4]
		}
	},
	"groups": [
		0,
		1,
		2,
		3,
		4,
		5,
		6,
		7,
		8,
		9,
		10,
		11,
		12,
		13,
		14,
		15,
		16,
		17,
		18,
		19,
		20,
		21,
		22,
		23,
		24,
		25,
		26,
		27,
		28,
		29,
		30,
		31,
		32,
		33,
		34,
		35,
		36,
		37,
		38,
		39,
		40,
		41,
		42,
		43,
		44,
		45,
		{
			"name": "hexadecagon",
			"origin": [8, 8, 8],
			"color": 0,
			"children": [46, 47, 48]
		},
		{
			"name": "hexadecagon",
			"origin": [8, 8, 8],
			"color": 0,
			"children": [49, 50, 51]
		},
		{
			"name": "seat",
			"origin": [-8.5, 1, -3],
			"color": 0,
			"children": []
		},
		{
			"name": "seat",
			"origin": [-8.5, 1, -3],
			"color": 0,
			"children": [52]
		},
		{
			"name": "seat",
			"origin": [-8.5, 1, -3],
			"color": 0,
			"children": [53]
		},
		{
			"name": "seat",
			"origin": [-8.5, 1, -3],
			"color": 0,
			"children": [54, 55]
		},
		56,
		57,
		58,
		{
			"name": "seat",
			"origin": [24.5, 1, -3],
			"color": 0,
			"children": [59, 60, 61, 62, 63]
		},
		64,
		65,
		66,
		67,
		68,
		69,
		70,
		71,
		72,
		73,
		74,
		75,
		76,
		77,
		78
	]
}