{
	"credit": "Made with Blockbench",
	"textures": {
		"1": "block/red_concrete_powder",
		"14": "block/gray_concrete_powder",
		"particle": "block/red_concrete_powder"
	},
	"elements": [
		{
			"from": [10.22618, 8.58983, 7.15],
			"to": [10.97618, 8.98983, 7.65],
			"rotation": {"angle": -22.5, "axis": "z", "origin": [8, 7.1782, 8]},
			"faces": {
				"north": {"uv": [0, 0, 1.25, 0.4], "texture": "#1"},
				"east": {"uv": [0, 0, 0.5, 0.4], "texture": "#1"},
				"south": {"uv": [0, 0, 1.25, 0.4], "texture": "#1"},
				"west": {"uv": [0, 0, 0.5, 0.4], "texture": "#1"},
				"up": {"uv": [8.288, 5.792, 9.538, 6.292], "texture": "#1"},
				"down": {"uv": [0, 0, 1.25, 0.5], "texture": "#1"}
			}
		},
		{
			"from": [10.22618, 8.58983, 8.35],
			"to": [10.97618, 8.98983, 8.85],
			"rotation": {"angle": -22.5, "axis": "z", "origin": [8, 7.1782, 8]},
			"faces": {
				"north": {"uv": [0, 0, 1.25, 0.4], "texture": "#1"},
				"east": {"uv": [0, 0, 0.5, 0.4], "texture": "#1"},
				"south": {"uv": [0, 0, 1.25, 0.4], "texture": "#1"},
				"west": {"uv": [0, 0, 0.5, 0.4], "texture": "#1"},
				"up": {"uv": [8.288, 5.792, 9.538, 6.292], "texture": "#1"},
				"down": {"uv": [0, 0, 1.25, 0.5], "texture": "#1"}
			}
		},
		{
			"from": [10.05635, 9.59085, 7.15],
			"to": [10.80635, 9.99085, 7.65],
			"rotation": {"angle": -45, "axis": "z", "origin": [8, 7.1782, 8]},
			"faces": {
				"north": {"uv": [0, 0, 1.25, 0.4], "texture": "#1"},
				"east": {"uv": [0, 0, 0.5, 0.4], "texture": "#1"},
				"south": {"uv": [0, 0, 1.25, 0.4], "texture": "#1"},
				"west": {"uv": [0, 0, 0.5, 0.4], "texture": "#1"},
				"up": {"uv": [8.288, 5.792, 9.538, 6.292], "texture": "#1"},
				"down": {"uv": [0, 0, 1.25, 0.5], "texture": "#1"}
			}
		},
		{
			"from": [10.58668, 9.06052, 7.75],
			"to": [11.33668, 9.46052, 8.25],
			"rotation": {"angle": -45, "axis": "z", "origin": [8, 7.1782, 8]},
			"faces": {
				"north": {"uv": [0, 0, 1.25, 0.4], "texture": "#1"},
				"east": {"uv": [0, 0, 0.5, 0.4], "texture": "#1"},
				"south": {"uv": [0, 0, 1.25, 0.4], "texture": "#1"},
				"west": {"uv": [0, 0, 0.5, 0.4], "texture": "#1"},
				"up": {"uv": [8.288, 5.792, 9.538, 6.292], "texture": "#1"},
				"down": {"uv": [0, 0, 1.25, 0.5], "texture": "#1"}
			}
		},
		{
			"from": [10.51319, 7.89692, 7.75],
			"to": [11.26319, 8.29692, 8.25],
			"rotation": {"angle": -22.5, "axis": "z", "origin": [8, 7.1782, 8]},
			"faces": {
				"north": {"uv": [0, 0, 1.25, 0.4], "texture": "#1"},
				"east": {"uv": [0, 0, 0.5, 0.4], "texture": "#1"},
				"south": {"uv": [0, 0, 1.25, 0.4], "texture": "#1"},
				"west": {"uv": [0, 0, 0.5, 0.4], "texture": "#1"},
				"up": {"uv": [8.288, 5.792, 9.538, 6.292], "texture": "#1"},
				"down": {"uv": [0, 0, 1.25, 0.5], "texture": "#1"}
			}
		},
		{
			"from": [10.05635, 9.59085, 8.35],
			"to": [10.80635, 9.99085, 8.85],
			"rotation": {"angle": -45, "axis": "z", "origin": [8, 7.1782, 8]},
			"faces": {
				"north": {"uv": [0, 0, 1.25, 0.4], "texture": "#1"},
				"east": {"uv": [0, 0, 0.5, 0.4], "texture": "#1"},
				"south": {"uv": [0, 0, 1.25, 0.4], "texture": "#1"},
				"west": {"uv": [0, 0, 0.5, 0.4], "texture": "#1"},
				"up": {"uv": [8.288, 5.792, 9.538, 6.292], "texture": "#1"},
				"down": {"uv": [0, 0, 1.25, 0.5], "texture": "#1"}
			}
		},
		{
			"from": [5.19365, 9.59085, 8.35],
			"to": [5.94365, 9.99085, 8.85],
			"rotation": {"angle": 45, "axis": "z", "origin": [8, 7.1782, 8]},
			"faces": {
				"north": {"uv": [1.25, 0, 0, 0.4], "texture": "#1"},
				"east": {"uv": [0.5, 0, 0, 0.4], "texture": "#1"},
				"south": {"uv": [1.25, 0, 0, 0.4], "texture": "#1"},
				"west": {"uv": [0.5, 0, 0, 0.4], "texture": "#1"},
				"up": {"uv": [9.538, 5.792, 8.288, 6.292], "texture": "#1"},
				"down": {"uv": [1.25, 0, 0, 0.5], "texture": "#1"}
			}
		},
		{
			"from": [5.02382, 8.58983, 8.35],
			"to": [5.77382, 8.98983, 8.85],
			"rotation": {"angle": 22.5, "axis": "z", "origin": [8, 7.1782, 8]},
			"faces": {
				"north": {"uv": [1.25, 0, 0, 0.4], "texture": "#1"},
				"east": {"uv": [0.5, 0, 0, 0.4], "texture": "#1"},
				"south": {"uv": [1.25, 0, 0, 0.4], "texture": "#1"},
				"west": {"uv": [0.5, 0, 0, 0.4], "texture": "#1"},
				"up": {"uv": [9.538, 5.792, 8.288, 6.292], "texture": "#1"},
				"down": {"uv": [1.25, 0, 0, 0.5], "texture": "#1"}
			}
		},
		{
			"from": [5.02382, 8.58983, 7.15],
			"to": [5.77382, 8.98983, 7.65],
			"rotation": {"angle": 22.5, "axis": "z", "origin": [8, 7.1782, 8]},
			"faces": {
				"north": {"uv": [1.25, 0, 0, 0.4], "texture": "#1"},
				"east": {"uv": [0.5, 0, 0, 0.4], "texture": "#1"},
				"south": {"uv": [1.25, 0, 0, 0.4], "texture": "#1"},
				"west": {"uv": [0.5, 0, 0, 0.4], "texture": "#1"},
				"up": {"uv": [9.538, 5.792, 8.288, 6.292], "texture": "#1"},
				"down": {"uv": [1.25, 0, 0, 0.5], "texture": "#1"}
			}
		},
		{
			"from": [5.19365, 9.59085, 7.15],
			"to": [5.94365, 9.99085, 7.65],
			"rotation": {"angle": 45, "axis": "z", "origin": [8, 7.1782, 8]},
			"faces": {
				"north": {"uv": [1.25, 0, 0, 0.4], "texture": "#1"},
				"east": {"uv": [0.5, 0, 0, 0.4], "texture": "#1"},
				"south": {"uv": [1.25, 0, 0, 0.4], "texture": "#1"},
				"west": {"uv": [0.5, 0, 0, 0.4], "texture": "#1"},
				"up": {"uv": [9.538, 5.792, 8.288, 6.292], "texture": "#1"},
				"down": {"uv": [1.25, 0, 0, 0.5], "texture": "#1"}
			}
		},
		{
			"from": [4.73681, 7.89692, 7.75],
			"to": [5.48681, 8.29692, 8.25],
			"rotation": {"angle": 22.5, "axis": "z", "origin": [8, 7.1782, 8]},
			"faces": {
				"north": {"uv": [1.25, 0, 0, 0.4], "texture": "#1"},
				"east": {"uv": [0.5, 0, 0, 0.4], "texture": "#1"},
				"south": {"uv": [1.25, 0, 0, 0.4], "texture": "#1"},
				"west": {"uv": [0.5, 0, 0, 0.4], "texture": "#1"},
				"up": {"uv": [9.538, 5.792, 8.288, 6.292], "texture": "#1"},
				"down": {"uv": [1.25, 0, 0, 0.5], "texture": "#1"}
			}
		},
		{
			"from": [4.66332, 9.06052, 7.75],
			"to": [5.41332, 9.46052, 8.25],
			"rotation": {"angle": 45, "axis": "z", "origin": [8, 7.1782, 8]},
			"faces": {
				"north": {"uv": [1.25, 0, 0, 0.4], "texture": "#1"},
				"east": {"uv": [0.5, 0, 0, 0.4], "texture": "#1"},
				"south": {"uv": [1.25, 0, 0, 0.4], "texture": "#1"},
				"west": {"uv": [0.5, 0, 0, 0.4], "texture": "#1"},
				"up": {"uv": [9.538, 5.792, 8.288, 6.292], "texture": "#1"},
				"down": {"uv": [1.25, 0, 0, 0.5], "texture": "#1"}
			}
		},
		{
			"from": [7.75, 6.85, 7.25],
			"to": [8.25, 7.25, 7.75],
			"rotation": {"angle": 0, "axis": "y", "origin": [8, 7.1782, 8]},
			"faces": {
				"north": {"uv": [0, 0, 0.5, 0.4], "texture": "#14"},
				"east": {"uv": [0, 0, 0.5, 0.4], "texture": "#14"},
				"south": {"uv": [0, 0, 0.5, 0.4], "texture": "#14"},
				"west": {"uv": [0, 0, 0.5, 0.4], "texture": "#14"},
				"up": {"uv": [8.288, 5.792, 8.788, 6.292], "texture": "#14"},
				"down": {"uv": [0, 0, 0.5, 0.5], "texture": "#14"}
			}
		},
		{
			"from": [5.25, 6.85, 7.75],
			"to": [10.75, 7.25, 8.25],
			"rotation": {"angle": 0, "axis": "y", "origin": [8, 7.1782, 8]},
			"faces": {
				"north": {"uv": [0, 0, 5.5, 0.4], "texture": "#14"},
				"east": {"uv": [0, 0, 0.5, 0.4], "texture": "#14"},
				"south": {"uv": [0, 0, 5.5, 0.4], "texture": "#14"},
				"west": {"uv": [0, 0, 0.5, 0.4], "texture": "#14"},
				"up": {"uv": [8.288, 5.792, 13.788, 6.292], "texture": "#14"},
				"down": {"uv": [0, 0, 5.5, 0.5], "texture": "#14"}
			}
		},
		{
			"from": [7.75, 6.85, 8.25],
			"to": [8.25, 7.25, 8.75],
			"rotation": {"angle": 0, "axis": "y", "origin": [8, 7.1782, 8]},
			"faces": {
				"north": {"uv": [0, 0, 0.5, 0.4], "texture": "#14"},
				"east": {"uv": [0, 0, 0.5, 0.4], "texture": "#14"},
				"south": {"uv": [0, 0, 0.5, 0.4], "texture": "#14"},
				"west": {"uv": [0, 0, 0.5, 0.4], "texture": "#14"},
				"up": {"uv": [8.288, 5.792, 8.788, 6.292], "texture": "#14"},
				"down": {"uv": [0, 0, 0.5, 0.5], "texture": "#14"}
			}
		},
		{
			"from": [7.9, 7.25, 7.35],
			"to": [8.1, 7.75, 7.55],
			"rotation": {"angle": 0, "axis": "y", "origin": [8, 7.1782, 8]},
			"faces": {
				"north": {"uv": [0, 0, 0.2, 0.5], "texture": "#14"},
				"east": {"uv": [0, 0, 0.2, 0.5], "texture": "#14"},
				"south": {"uv": [0, 0, 0.2, 0.5], "texture": "#14"},
				"west": {"uv": [0, 0, 0.2, 0.5], "texture": "#14"},
				"up": {"uv": [8.288, 5.792, 8.488, 5.992], "texture": "#14"},
				"down": {"uv": [0, 0, 0.2, 0.2], "texture": "#14"}
			}
		},
		{
			"from": [7.9, 7.25, 8.45],
			"to": [8.1, 7.75, 8.65],
			"rotation": {"angle": 0, "axis": "y", "origin": [8, 7.1782, 8]},
			"faces": {
				"north": {"uv": [0, 0, 0.2, 0.5], "texture": "#14"},
				"east": {"uv": [0, 0, 0.2, 0.5], "texture": "#14"},
				"south": {"uv": [0, 0, 0.2, 0.5], "texture": "#14"},
				"west": {"uv": [0, 0, 0.2, 0.5], "texture": "#14"},
				"up": {"uv": [8.288, 5.792, 8.488, 5.992], "texture": "#14"},
				"down": {"uv": [0, 0, 0.2, 0.2], "texture": "#14"}
			}
		},
		{
			"from": [5.25, 7.6, 7.15],
			"to": [10.75, 8, 7.65],
			"rotation": {"angle": 0, "axis": "y", "origin": [8, 7.1782, 8]},
			"faces": {
				"north": {"uv": [0, 0, 5.5, 0.4], "texture": "#14"},
				"east": {"uv": [0, 0, 0.5, 0.4], "texture": "#14"},
				"south": {"uv": [0, 0, 5.5, 0.4], "texture": "#14"},
				"west": {"uv": [0, 0, 0.5, 0.4], "texture": "#14"},
				"up": {"uv": [8.288, 5.792, 13.788, 6.292], "texture": "#14"},
				"down": {"uv": [0, 0, 5.5, 0.5], "texture": "#14"}
			}
		},
		{
			"from": [5.25, 7.6, 8.35],
			"to": [10.75, 8, 8.85],
			"rotation": {"angle": 0, "axis": "y", "origin": [8, 7.1782, 8]},
			"faces": {
				"north": {"uv": [0, 0, 5.5, 0.4], "texture": "#14"},
				"east": {"uv": [0, 0, 0.5, 0.4], "texture": "#14"},
				"south": {"uv": [0, 0, 5.5, 0.4], "texture": "#14"},
				"west": {"uv": [0, 0, 0.5, 0.4], "texture": "#14"},
				"up": {"uv": [8.288, 5.792, 13.788, 6.292], "texture": "#14"},
				"down": {"uv": [0, 0, 5.5, 0.5], "texture": "#14"}
			}
		}
	],
	"display": {
		"thirdperson_righthand": {
			"scale": [4, 4, 4]
		},
		"head": {
			"scale": [4, 4, 4]
		}
	}
}