{
	"credit": "Made by Mike Shafter",
	"textures": {
		"0": "block/white_concrete",
		"1": "block/light_gray_concrete",
		"2": "block/pink_shulker_box",
		"4": "block/cyan_wool",
		"5": "block/stripped_birch_log",
		"6": "block/ent_logo",
		"7": "block/black_stained_glass",
		"9": "block/glass",
		"particle": "block/white_concrete"
	},
	"elements": [
		{
			"from": [-0.5, -3, 16.5],
			"to": [0, -2, 23],
			"faces": {
				"east": {"uv": [0, 0, 6.5, 1], "texture": "#5", "cullface": "west"},
				"south": {"uv": [0.5, 0, 0, 1], "texture": "#1"},
				"west": {"uv": [0, 0, 1, 1], "texture": "#1", "cullface": "west"},
				"up": {"uv": [0, 0, 1, 1], "texture": "#1", "cullface": "west"},
				"down": {"uv": [0, 0, 1, 1], "texture": "#1", "cullface": "west"}
			}
		},
		{
			"from": [16, -3, 16.5],
			"to": [16.5, -2, 23],
			"rotation": {"angle": 0, "axis": "y", "origin": [16, 0, 0]},
			"faces": {
				"east": {"uv": [1, 0, 0, 1], "texture": "#1", "cullface": "west"},
				"south": {"uv": [0, 0, 0.5, 1], "texture": "#1"},
				"west": {"uv": [6.5, 0, 0, 1], "texture": "#5", "cullface": "west"},
				"up": {"uv": [1, 0, 0, 1], "texture": "#1", "cullface": "west"},
				"down": {"uv": [1, 0, 0, 1], "texture": "#1", "cullface": "west"}
			}
		},
		{
			"name": "door panel",
			"from": [16, -6, 0],
			"to": [16.625, -3.625, 5.325],
			"rotation": {"angle": 0, "axis": "y", "origin": [11.5, -1, 10.5]},
			"faces": {
				"north": {"uv": [3, 3, 13, 13], "texture": "#0"},
				"east": {"uv": [3, 3, 13, 13], "texture": "#0"},
				"west": {"uv": [15.225, 3, 3, 5.375], "texture": "#5"}
			}
		},
		{
			"name": "door panel",
			"from": [16, -6, 5.3375],
			"to": [16.5, -1.125, 7.5],
			"rotation": {"angle": 0, "axis": "y", "origin": [11.5, -1, 10.5]},
			"faces": {
				"north": {"uv": [3, 3, 13, 13], "texture": "#2"},
				"east": {"uv": [3, 3, 13, 13], "texture": "#0"},
				"west": {"uv": [5.1625, 3, 3, 7.875], "texture": "#5"}
			}
		},
		{
			"name": "door panel",
			"from": [16, -6, 7.5],
			"to": [16.5, 0.875, 9.5],
			"rotation": {"angle": 0, "axis": "y", "origin": [11.5, -1, 10.5]},
			"faces": {
				"north": {"uv": [3, 3, 13, 13], "texture": "#2"},
				"east": {"uv": [3, 3, 13, 13], "texture": "#0"},
				"west": {"uv": [5, 3, 3, 9.875], "texture": "#5"}
			}
		},
		{
			"name": "door panel",
			"from": [16, -6, 9.5],
			"to": [16.5, 3.375, 11.5],
			"rotation": {"angle": 0, "axis": "y", "origin": [11.5, -1, 10.5]},
			"faces": {
				"north": {"uv": [3, 3, 13, 13], "texture": "#2"},
				"east": {"uv": [3, 3, 13, 13], "texture": "#0"},
				"west": {"uv": [5, 3, 3, 12.375], "texture": "#5"}
			}
		},
		{
			"name": "door panel",
			"from": [-0.5, -6, 11.5],
			"to": [0, 11.875, 16.5],
			"rotation": {"angle": 0, "axis": "y", "origin": [4.5, -1, 10.5]},
			"faces": {
				"north": {"uv": [13, 3, 3, 13], "texture": "#2"},
				"east": {"uv": [3, 0, 8, 16], "texture": "#5"},
				"south": {"uv": [13, 3, 3, 13], "texture": "#0"},
				"west": {"uv": [13, 3, 3, 13], "texture": "#0"}
			}
		},
		{
			"name": "door panel",
			"from": [-0.45, -1.5, 1],
			"to": [-0.05, 7.375, 11.5],
			"rotation": {"angle": 0, "axis": "y", "origin": [4.5, -1, 10.5]},
			"faces": {
				"east": {"uv": [0, 0, 16, 16], "texture": "#9"},
				"west": {"uv": [0, 0, 16, 16], "texture": "#7"}
			}
		},
		{
			"name": "door panel",
			"from": [-2.21907, -6.5, 14.85262],
			"to": [-2.21907, -3, 22],
			"rotation": {"angle": 22.5, "axis": "y", "origin": [2.78093, -1.625, 11.35262]},
			"faces": {
				"east": {"uv": [13, 3, 3, 13], "texture": "#0"},
				"west": {"uv": [13, 3, 3, 13], "texture": "#1"}
			}
		},
		{
			"name": "door panel",
			"from": [-0.5, -3.625, 0],
			"to": [0, -1.5, 5.325],
			"rotation": {"angle": 0, "axis": "y", "origin": [4.5, -1, 10.5]},
			"faces": {
				"north": {"uv": [13, 3, 3, 13], "texture": "#2"},
				"east": {"uv": [3, 3, 8.325, 5.125], "texture": "#5"},
				"south": {"uv": [13, 3, 3, 13], "texture": "#0"},
				"west": {"uv": [13, 3, 3, 13], "texture": "#2"},
				"up": {"uv": [0, 0, 0.5, 0.5], "texture": "#2"}
			}
		},
		{
			"name": "door panel",
			"from": [6.64704, -3.625, -14.64046],
			"to": [9.35954, -1.5, -14.14046],
			"rotation": {"angle": 0, "axis": "y", "origin": [8.00329, -2.5625, -14.39046]},
			"faces": {
				"north": {"uv": [13, 3, 3, 13], "texture": "#2"},
				"south": {"uv": [13, 3, 3, 13], "texture": "#2"},
				"west": {"uv": [13, 3, 3, 13], "texture": "#2"}
			}
		},
		{
			"name": "door panel",
			"from": [6.64704, -1.5, -14.64046],
			"to": [9.35954, 8.5625, -14.14046],
			"rotation": {"angle": 0, "axis": "y", "origin": [8.00329, -2.5625, -14.39046]},
			"faces": {
				"north": {"uv": [3, 3, 13, 13], "texture": "#2"},
				"south": {"uv": [3, 3, 13, 13], "texture": "#2"},
				"west": {"uv": [3, 3, 13, 13], "texture": "#2"},
				"up": {"uv": [3, 3, 13, 13], "texture": "#2"}
			}
		},
		{
			"name": "door panel",
			"from": [-0.5, -6, 0],
			"to": [0, -3.625, 5.325],
			"rotation": {"angle": 0, "axis": "y", "origin": [4.5, -1, 10.5]},
			"faces": {
				"north": {"uv": [13, 3, 3, 13], "texture": "#0"},
				"east": {"uv": [3, 3, 15.225, 5.375], "texture": "#5"},
				"west": {"uv": [13, 3, 3, 13], "texture": "#0"}
			}
		},
		{
			"name": "door panel",
			"from": [-0.5, -6, 5.3375],
			"to": [0, -1.125, 7.5],
			"rotation": {"angle": 0, "axis": "y", "origin": [4.5, -1, 10.5]},
			"faces": {
				"north": {"uv": [13, 3, 3, 13], "texture": "#2"},
				"east": {"uv": [3, 3, 5.1625, 7.875], "texture": "#5"},
				"west": {"uv": [13, 3, 3, 13], "texture": "#0"}
			}
		},
		{
			"name": "door panel",
			"from": [-0.5, -6, 7.5],
			"to": [0, 0.875, 9.5],
			"rotation": {"angle": 0, "axis": "y", "origin": [4.5, -1, 10.5]},
			"faces": {
				"north": {"uv": [13, 3, 3, 13], "texture": "#2"},
				"east": {"uv": [3, 3, 5, 9.875], "texture": "#5"},
				"west": {"uv": [13, 3, 3, 13], "texture": "#0"}
			}
		},
		{
			"name": "door panel",
			"from": [-0.5, -6, 9.5],
			"to": [0, 3.375, 11.5],
			"rotation": {"angle": 0, "axis": "y", "origin": [4.5, -1, 10.5]},
			"faces": {
				"north": {"uv": [13, 3, 3, 13], "texture": "#2"},
				"east": {"uv": [3, 3, 5, 12.375], "texture": "#5"},
				"west": {"uv": [13, 3, 3, 13], "texture": "#0"}
			}
		},
		{
			"name": "door panel",
			"from": [-0.5, -2, 16.5],
			"to": [0, 11.875, 18],
			"rotation": {"angle": 0, "axis": "y", "origin": [4.5, -1, 10.5]},
			"faces": {
				"east": {"uv": [4.5, 2.125, 3, 16], "texture": "#5"},
				"west": {"uv": [13, 3, 3, 13], "texture": "#0"}
			}
		},
		{
			"name": "door panel",
			"from": [-0.5, -2, 18],
			"to": [0, 9.875, 20],
			"rotation": {"angle": 0, "axis": "y", "origin": [4.5, -1, 10.5]},
			"faces": {
				"east": {"uv": [5, 3, 3, 14.875], "texture": "#5"},
				"south": {"uv": [13, 3, 3, 13], "texture": "#2"},
				"west": {"uv": [13, 3, 3, 13], "texture": "#0"}
			}
		},
		{
			"name": "door panel",
			"from": [-0.5, 9.875, 18],
			"to": [0, 11.875, 20],
			"rotation": {"angle": 0, "axis": "y", "origin": [4.5, -1, 10.5]},
			"faces": {
				"east": {"uv": [7.5, 3, 3, 5], "texture": "#5"},
				"west": {"uv": [13, 3, 3, 13], "texture": "#2"}
			}
		},
		{
			"name": "door panel",
			"from": [-0.525, 9.46079, -0.9125],
			"to": [-0.025, 11.46079, 19],
			"rotation": {"angle": -45, "axis": "x", "origin": [-0.25, 10.46079, 18]},
			"faces": {
				"north": {"uv": [13, 3, 3, 13], "texture": "#2"},
				"east": {"uv": [0, 3, 16, 5], "texture": "#5"},
				"south": {"uv": [13, 3, 3, 13], "texture": "#2"},
				"west": {"uv": [13, 3, 3, 13], "texture": "#2"},
				"up": {"uv": [0, 0, 1, 1], "texture": "#2"},
				"down": {"uv": [13, 3, 3, 13], "texture": "#2"}
			}
		},
		{
			"name": "door panel",
			"from": [-0.5, 9.875, 20],
			"to": [0, 11.875, 23],
			"rotation": {"angle": 0, "axis": "y", "origin": [4.5, -1, 10.5]},
			"faces": {
				"east": {"uv": [7.5, 3, 3, 5], "texture": "#5"},
				"south": {"uv": [13, 3, 3, 13], "texture": "#2"},
				"west": {"uv": [13, 3, 3, 13], "texture": "#2"},
				"down": {"uv": [13, 3, 3, 13], "texture": "#2"}
			}
		},
		{
			"name": "door panel",
			"from": [2.23618, -8.21048, 21.50416],
			"to": [2.23618, -6.71048, 25.15153],
			"rotation": {"angle": -22.5, "axis": "x", "origin": [7.23618, -3.33548, 18.00416]},
			"faces": {
				"east": {"uv": [13, 3, 3, 13], "texture": "#1"},
				"west": {"uv": [13, 3, 3, 13], "texture": "#1"}
			}
		},
		{
			"name": "door panel",
			"from": [13.76382, -8.21048, 21.50416],
			"to": [13.76382, -6.71048, 25.15153],
			"rotation": {"angle": -22.5, "axis": "x", "origin": [8.76382, -3.33548, 18.00416]},
			"faces": {
				"east": {"uv": [3, 3, 13, 13], "texture": "#1"},
				"west": {"uv": [3, 3, 13, 13], "texture": "#1"}
			}
		},
		{
			"name": "door panel",
			"from": [18.21907, -6.5, 14.85262],
			"to": [18.21907, -3, 22],
			"rotation": {"angle": -22.5, "axis": "y", "origin": [13.21907, -1.625, 11.35262]},
			"faces": {
				"east": {"uv": [3, 3, 13, 13], "texture": "#1"},
				"west": {"uv": [3, 3, 13, 13], "texture": "#0"}
			}
		},
		{
			"name": "door panel",
			"from": [16, 7.25, 0],
			"to": [16.5, 11.875, 11.5],
			"rotation": {"angle": 0, "axis": "y", "origin": [11.5, -1, 10.5]},
			"faces": {
				"north": {"uv": [3, 3, 13, 13], "texture": "#0"},
				"east": {"uv": [3, 3, 13, 13], "texture": "#0"},
				"west": {"uv": [14.5, 0, 3, 4.625], "texture": "#5"},
				"down": {"uv": [3, 3, 13, 13], "texture": "#0"}
			}
		},
		{
			"from": [-0.501, 3, 1],
			"to": [-0.501, 17, 15],
			"rotation": {"angle": 0, "axis": "y", "origin": [1, -2, 11.5]},
			"faces": {
				"west": {"uv": [0, 0, 16, 16], "texture": "#6"}
			}
		},
		{
			"from": [16.501, 3, 1],
			"to": [16.501, 17, 15],
			"rotation": {"angle": 0, "axis": "y", "origin": [1, -2, 11.5]},
			"faces": {
				"east": {"uv": [0, 0, 16, 16], "texture": "#6"}
			}
		},
		{
			"name": "door panel",
			"from": [16.05, -1.5, 1],
			"to": [16.45, 7.375, 11.5],
			"rotation": {"angle": 0, "axis": "y", "origin": [11.5, -1, 10.5]},
			"faces": {
				"east": {"uv": [16, 0, 0, 16], "texture": "#7"},
				"west": {"uv": [16, 0, 0, 16], "texture": "#9"}
			}
		},
		{
			"name": "door panel",
			"from": [16, -1.5, 0],
			"to": [16.5, 7.25, 1],
			"rotation": {"angle": 0, "axis": "y", "origin": [11.5, -1, 10.5]},
			"faces": {
				"north": {"uv": [3, 3, 13, 13], "texture": "#1"},
				"east": {"uv": [3, 3, 13, 13], "texture": "#1"},
				"south": {"uv": [3, 3, 13, 13], "texture": "#0"},
				"west": {"uv": [4, 0, 3, 8.875], "texture": "#5"}
			}
		},
		{
			"name": "door panel",
			"from": [16, -2, 16.5],
			"to": [16.5, 11.875, 18],
			"rotation": {"angle": 0, "axis": "y", "origin": [11.5, -1, 10.5]},
			"faces": {
				"east": {"uv": [3, 3, 13, 13], "texture": "#0"},
				"west": {"uv": [3, 2.125, 4.5, 16], "texture": "#5"}
			}
		},
		{
			"name": "door panel",
			"from": [16, -2, 18],
			"to": [16.5, 9.875, 20],
			"rotation": {"angle": 0, "axis": "y", "origin": [11.5, -1, 10.5]},
			"faces": {
				"east": {"uv": [3, 3, 13, 13], "texture": "#0"},
				"south": {"uv": [3, 3, 13, 13], "texture": "#2"},
				"west": {"uv": [3, 3, 5, 14.875], "texture": "#5"}
			}
		},
		{
			"name": "door panel",
			"from": [16.025, 9.46079, -0.9125],
			"to": [16.525, 11.46079, 19],
			"rotation": {"angle": -45, "axis": "x", "origin": [16.25, 10.46079, 18]},
			"faces": {
				"north": {"uv": [3, 3, 13, 13], "texture": "#2"},
				"east": {"uv": [3, 3, 13, 13], "texture": "#2"},
				"south": {"uv": [3, 3, 13, 13], "texture": "#2"},
				"west": {"uv": [16, 3, 0, 5], "texture": "#5"},
				"up": {"uv": [1, 0, 0, 1], "texture": "#2"},
				"down": {"uv": [3, 3, 13, 13], "texture": "#2"}
			}
		},
		{
			"name": "door panel",
			"from": [16, 9.875, 18],
			"to": [16.5, 11.875, 20],
			"rotation": {"angle": 0, "axis": "y", "origin": [11.5, -1, 10.5]},
			"faces": {
				"east": {"uv": [3, 3, 13, 13], "texture": "#2"},
				"west": {"uv": [3, 3, 7.5, 5], "texture": "#5"}
			}
		},
		{
			"name": "door panel",
			"from": [16, 9.875, 20],
			"to": [16.5, 11.875, 23],
			"rotation": {"angle": 0, "axis": "y", "origin": [11.5, -1, 10.5]},
			"faces": {
				"east": {"uv": [3, 3, 13, 13], "texture": "#2"},
				"south": {"uv": [3, 3, 13, 13], "texture": "#2"},
				"west": {"uv": [3, 3, 7.5, 5], "texture": "#5"},
				"down": {"uv": [3, 3, 13, 13], "texture": "#2"}
			}
		},
		{
			"name": "roof cab cover",
			"from": [13.19773, 13.45803, 4],
			"to": [14.29773, 14.20803, 16.5],
			"rotation": {"angle": 0, "axis": "y", "origin": [7.94773, 13.89553, 18.5]},
			"faces": {
				"east": {"uv": [0, 0, 12.6, 4.5], "texture": "#0"},
				"west": {"uv": [0, 0, 14.5, 0.75], "texture": "#0"},
				"up": {"uv": [0, 0, 12.6, 4.5], "texture": "#0"},
				"down": {"uv": [0, 0, 12.6, 4.5], "texture": "#0"}
			}
		},
		{
			"name": "cab wall",
			"from": [10.73439, 13.14209, 11.5],
			"to": [10.98439, 16.64209, 16.5],
			"rotation": {"angle": 22.5, "axis": "z", "origin": [11.17189, 19.49209, 18.5]},
			"faces": {
				"east": {"uv": [0, 0, 16, 16], "rotation": 90, "texture": "#0"},
				"south": {"uv": [0, 0, 16, 16], "rotation": 90, "texture": "#0"},
				"west": {"uv": [0, 0, 16, 16], "rotation": 90, "texture": "#0"}
			}
		},
		{
			"name": "cab wall",
			"from": [10.73439, 13.14209, 4],
			"to": [10.98439, 16.64209, 11.5],
			"rotation": {"angle": 22.5, "axis": "z", "origin": [11.17189, 19.49209, 18.5]},
			"faces": {
				"north": {"uv": [0, 0, 16, 16], "rotation": 90, "texture": "#9"},
				"east": {"uv": [0, 0, 16, 16], "rotation": 90, "texture": "#7"},
				"west": {"uv": [0, 0, 16, 16], "rotation": 90, "texture": "#9"}
			}
		},
		{
			"name": "cab wall",
			"from": [7.04426, 15.05999, 3.5],
			"to": [7.54426, 15.55999, 17],
			"rotation": {"angle": 45, "axis": "z", "origin": [7.73176, 21.40999, 18.5]},
			"faces": {
				"north": {"uv": [0, 0, 0.75, 0.5], "texture": "#0"},
				"east": {"uv": [0, 0, 16, 16], "rotation": 90, "texture": "#0"},
				"south": {"uv": [0, 0, 0.75, 0.5], "texture": "#0"},
				"west": {"uv": [0, 0, 16, 16], "rotation": 90, "texture": "#0"}
			}
		},
		{
			"name": "cab wall",
			"from": [11.59953, 19.09466, 3.5],
			"to": [12.09953, 19.59466, 17],
			"rotation": {"angle": -22.5, "axis": "z", "origin": [5.74953, 19.28216, 18.5]},
			"faces": {
				"north": {"uv": [0, 0, 0.5, 0.25], "texture": "#0"},
				"south": {"uv": [0, 0, 0.5, 0.25], "texture": "#0"},
				"west": {"uv": [0, 0, 16, 16], "texture": "#0"},
				"up": {"uv": [0, 0, 16, 16], "texture": "#0"},
				"down": {"uv": [0, 0, 16, 16], "texture": "#0"}
			}
		},
		{
			"name": "slat",
			"from": [10.80073, 13.68015, 3.5],
			"to": [11.17573, 16.68015, 4],
			"rotation": {"angle": 22.5, "axis": "z", "origin": [11.36323, 19.03015, 1.5]},
			"faces": {
				"north": {"uv": [0, 16, 16, 0], "rotation": 90, "texture": "#0"},
				"east": {"uv": [0, 16, 16, 0], "rotation": 90, "texture": "#0"},
				"west": {"uv": [0, 16, 16, 0], "rotation": 90, "texture": "#0"}
			}
		},
		{
			"name": "slat",
			"from": [11.59953, 18.59466, 3],
			"to": [12.09953, 19.09466, 3.5],
			"rotation": {"angle": -22.5, "axis": "z", "origin": [5.74953, 18.78216, 1]},
			"faces": {
				"north": {"uv": [16, 0, 0, 16], "texture": "#0"},
				"south": {"uv": [16, 0, 0, 16], "rotation": 180, "texture": "#0"},
				"west": {"uv": [16, 0, 0, 16], "texture": "#0"},
				"up": {"uv": [0, 16, 16, 0], "texture": "#0"},
				"down": {"uv": [0, 16, 16, 0], "texture": "#0"}
			}
		},
		{
			"name": "slat",
			"from": [10.80073, 13.68015, 3],
			"to": [11.17573, 16.18015, 3.5],
			"rotation": {"angle": 22.5, "axis": "z", "origin": [11.36323, 18.53015, 1]},
			"faces": {
				"north": {"uv": [0, 16, 16, 0], "rotation": 90, "texture": "#0"},
				"east": {"uv": [0, 16, 16, 0], "rotation": 90, "texture": "#0"},
				"south": {"uv": [0, 16, 16, 0], "rotation": 90, "texture": "#0"},
				"west": {"uv": [0, 16, 16, 0], "rotation": 90, "texture": "#0"}
			}
		},
		{
			"name": "slat",
			"from": [7.04426, 14.55999, 3],
			"to": [7.54426, 15.05999, 3.5],
			"rotation": {"angle": 45, "axis": "z", "origin": [7.73176, 20.90999, 1]},
			"faces": {
				"north": {"uv": [0, 16, 16, 0], "rotation": 90, "texture": "#0"},
				"east": {"uv": [0, 16, 16, 0], "rotation": 90, "texture": "#0"},
				"south": {"uv": [0, 16, 16, 0], "rotation": 90, "texture": "#0"},
				"west": {"uv": [0, 16, 16, 0], "rotation": 90, "texture": "#0"}
			}
		},
		{
			"name": "slat",
			"from": [11.59953, 18.09466, 2.5],
			"to": [12.09953, 18.59466, 3],
			"rotation": {"angle": -22.5, "axis": "z", "origin": [5.74953, 18.28216, 0.5]},
			"faces": {
				"north": {"uv": [16, 0, 0, 16], "texture": "#0"},
				"south": {"uv": [16, 0, 0, 16], "rotation": 180, "texture": "#0"},
				"west": {"uv": [16, 0, 0, 16], "texture": "#0"},
				"up": {"uv": [0, 16, 16, 0], "texture": "#0"},
				"down": {"uv": [0, 16, 16, 0], "texture": "#0"}
			}
		},
		{
			"name": "slat",
			"from": [10.80073, 13.68015, 2.5],
			"to": [11.17573, 15.68015, 3],
			"rotation": {"angle": 22.5, "axis": "z", "origin": [11.36323, 18.03015, 0.5]},
			"faces": {
				"north": {"uv": [0, 16, 16, 0], "rotation": 90, "texture": "#0"},
				"east": {"uv": [0, 16, 16, 0], "rotation": 90, "texture": "#0"},
				"south": {"uv": [0, 16, 16, 0], "rotation": 90, "texture": "#0"},
				"west": {"uv": [0, 16, 16, 0], "rotation": 90, "texture": "#0"}
			}
		},
		{
			"name": "slat",
			"from": [7.04426, 14.05999, 2.5],
			"to": [7.54426, 14.55999, 3],
			"rotation": {"angle": 45, "axis": "z", "origin": [7.73176, 20.40999, 0.5]},
			"faces": {
				"north": {"uv": [0, 16, 16, 0], "rotation": 90, "texture": "#0"},
				"east": {"uv": [0, 16, 16, 0], "rotation": 90, "texture": "#0"},
				"south": {"uv": [0, 16, 16, 0], "rotation": 90, "texture": "#0"},
				"west": {"uv": [0, 16, 16, 0], "rotation": 90, "texture": "#0"}
			}
		},
		{
			"name": "slat",
			"from": [11.59953, 17.59466, 2],
			"to": [12.09953, 18.09466, 2.5],
			"rotation": {"angle": -22.5, "axis": "z", "origin": [5.74953, 17.78216, 0]},
			"faces": {
				"north": {"uv": [16, 0, 0, 16], "texture": "#0"},
				"south": {"uv": [16, 0, 0, 16], "rotation": 180, "texture": "#0"},
				"west": {"uv": [16, 0, 0, 16], "texture": "#0"},
				"up": {"uv": [0, 16, 16, 0], "texture": "#0"},
				"down": {"uv": [0, 16, 16, 0], "texture": "#0"}
			}
		},
		{
			"name": "slat",
			"from": [10.80073, 13.68015, 2],
			"to": [11.17573, 15.18015, 2.5],
			"rotation": {"angle": 22.5, "axis": "z", "origin": [11.36323, 17.53015, 0]},
			"faces": {
				"north": {"uv": [0, 16, 16, 0], "rotation": 90, "texture": "#0"},
				"east": {"uv": [0, 16, 16, 0], "rotation": 90, "texture": "#0"},
				"south": {"uv": [0, 16, 16, 0], "rotation": 90, "texture": "#0"},
				"west": {"uv": [0, 16, 16, 0], "rotation": 90, "texture": "#0"}
			}
		},
		{
			"name": "slat",
			"from": [7.04426, 13.55999, 2],
			"to": [7.54426, 14.05999, 2.5],
			"rotation": {"angle": 45, "axis": "z", "origin": [7.73176, 19.90999, 0]},
			"faces": {
				"north": {"uv": [0, 16, 16, 0], "rotation": 90, "texture": "#0"},
				"east": {"uv": [0, 16, 16, 0], "rotation": 90, "texture": "#0"},
				"south": {"uv": [0, 16, 16, 0], "rotation": 90, "texture": "#0"},
				"west": {"uv": [0, 16, 16, 0], "rotation": 90, "texture": "#0"}
			}
		},
		{
			"name": "slat",
			"from": [11.59953, 17.09466, 1.5],
			"to": [12.09953, 17.59466, 2],
			"rotation": {"angle": -22.5, "axis": "z", "origin": [5.74953, 17.28216, -0.5]},
			"faces": {
				"north": {"uv": [16, 0, 0, 16], "texture": "#0"},
				"south": {"uv": [16, 0, 0, 16], "rotation": 180, "texture": "#0"},
				"west": {"uv": [16, 0, 0, 16], "texture": "#0"},
				"up": {"uv": [0, 16, 16, 0], "texture": "#0"},
				"down": {"uv": [0, 16, 16, 0], "texture": "#0"}
			}
		},
		{
			"name": "slat",
			"from": [10.80073, 13.68015, 1.5],
			"to": [11.17573, 14.68015, 2],
			"rotation": {"angle": 22.5, "axis": "z", "origin": [11.36323, 17.03015, -0.5]},
			"faces": {
				"north": {"uv": [0, 16, 16, 0], "rotation": 90, "texture": "#0"},
				"east": {"uv": [0, 16, 16, 0], "rotation": 90, "texture": "#0"},
				"south": {"uv": [0, 16, 16, 0], "rotation": 90, "texture": "#0"},
				"west": {"uv": [0, 16, 16, 0], "rotation": 90, "texture": "#0"}
			}
		},
		{
			"name": "slat",
			"from": [7.04426, 13.05999, 1.5],
			"to": [7.54426, 13.55999, 2],
			"rotation": {"angle": 45, "axis": "z", "origin": [7.73176, 19.40999, -0.5]},
			"faces": {
				"north": {"uv": [0, 16, 16, 0], "rotation": 90, "texture": "#0"},
				"east": {"uv": [0, 16, 16, 0], "rotation": 90, "texture": "#0"},
				"south": {"uv": [0, 16, 16, 0], "rotation": 90, "texture": "#0"},
				"west": {"uv": [0, 16, 16, 0], "rotation": 90, "texture": "#0"}
			}
		},
		{
			"name": "slat",
			"from": [11.59953, 16.34466, 1],
			"to": [12.09953, 17.09466, 1.5],
			"rotation": {"angle": -22.5, "axis": "z", "origin": [5.74953, 16.78216, -1]},
			"faces": {
				"north": {"uv": [16, 0, 0, 16], "texture": "#0"},
				"south": {"uv": [16, 0, 0, 16], "rotation": 180, "texture": "#0"},
				"west": {"uv": [16, 0, 0, 16], "texture": "#0"},
				"up": {"uv": [0, 16, 16, 0], "texture": "#0"}
			}
		},
		{
			"name": "slat",
			"from": [10.92573, 13.68015, 1],
			"to": [11.17573, 14.18015, 1.5],
			"rotation": {"angle": 22.5, "axis": "z", "origin": [11.36323, 16.53015, -1]},
			"faces": {
				"north": {"uv": [0, 16, 16, 0], "rotation": 90, "texture": "#0"},
				"east": {"uv": [0, 16, 16, 0], "rotation": 90, "texture": "#0"},
				"south": {"uv": [0, 16, 16, 0], "rotation": 90, "texture": "#0"}
			}
		},
		{
			"name": "slat",
			"from": [6.79426, 12.55999, 1],
			"to": [7.54426, 13.05999, 1.5],
			"rotation": {"angle": 45, "axis": "z", "origin": [7.73176, 18.90999, -1]},
			"faces": {
				"north": {"uv": [0, 16, 16, 0], "rotation": 90, "texture": "#0"},
				"east": {"uv": [0, 16, 16, 0], "rotation": 90, "texture": "#0"},
				"south": {"uv": [0, 16, 16, 0], "rotation": 90, "texture": "#0"}
			}
		},
		{
			"name": "slat",
			"from": [10.92573, 13.43015, 1],
			"to": [11.17573, 13.93015, 1.25],
			"rotation": {"angle": 22.5, "axis": "z", "origin": [11.36323, 16.28015, -1.25]},
			"faces": {
				"north": {"uv": [0, 16, 16, 0], "rotation": 90, "texture": "#0"},
				"south": {"uv": [0, 16, 16, 0], "rotation": 90, "texture": "#0"}
			}
		},
		{
			"name": "slat",
			"from": [7.29426, 12.05999, 19.5],
			"to": [7.54426, 12.55999, 19.75],
			"rotation": {"angle": 45, "axis": "z", "origin": [7.73176, 18.40999, 22]},
			"faces": {
				"north": {"uv": [0, 0, 16, 16], "rotation": 90, "texture": "#0"},
				"south": {"uv": [0, 0, 16, 16], "rotation": 90, "texture": "#0"}
			}
		},
		{
			"name": "slat",
			"from": [10.80073, 13.68015, 16.5],
			"to": [11.17573, 16.68015, 17],
			"rotation": {"angle": 22.5, "axis": "z", "origin": [11.36323, 19.03015, 19]},
			"faces": {
				"east": {"uv": [0, 0, 16, 16], "rotation": 90, "texture": "#0"},
				"south": {"uv": [0, 0, 16, 16], "rotation": 90, "texture": "#0"},
				"west": {"uv": [0, 0, 16, 16], "rotation": 90, "texture": "#0"}
			}
		},
		{
			"name": "slat",
			"from": [11.59953, 18.59466, 17],
			"to": [12.09953, 19.09466, 17.5],
			"rotation": {"angle": -22.5, "axis": "z", "origin": [5.74953, 18.78216, 19.5]},
			"faces": {
				"north": {"uv": [0, 0, 16, 16], "rotation": 180, "texture": "#0"},
				"south": {"uv": [0, 0, 16, 16], "texture": "#0"},
				"west": {"uv": [0, 0, 16, 16], "texture": "#0"},
				"up": {"uv": [0, 0, 16, 16], "texture": "#0"},
				"down": {"uv": [0, 0, 16, 16], "texture": "#0"}
			}
		},
		{
			"name": "slat",
			"from": [10.80073, 13.68015, 17],
			"to": [11.17573, 16.18015, 17.5],
			"rotation": {"angle": 22.5, "axis": "z", "origin": [11.36323, 18.53015, 19.5]},
			"faces": {
				"north": {"uv": [0, 0, 16, 16], "rotation": 90, "texture": "#0"},
				"east": {"uv": [0, 0, 16, 16], "rotation": 90, "texture": "#0"},
				"south": {"uv": [0, 0, 16, 16], "rotation": 90, "texture": "#0"},
				"west": {"uv": [0, 0, 16, 16], "rotation": 90, "texture": "#0"}
			}
		},
		{
			"name": "slat",
			"from": [7.04426, 14.55999, 17],
			"to": [7.54426, 15.05999, 17.5],
			"rotation": {"angle": 45, "axis": "z", "origin": [7.73176, 20.90999, 19.5]},
			"faces": {
				"north": {"uv": [0, 0, 16, 16], "rotation": 90, "texture": "#0"},
				"east": {"uv": [0, 0, 16, 16], "rotation": 90, "texture": "#0"},
				"south": {"uv": [0, 0, 16, 16], "rotation": 90, "texture": "#0"},
				"west": {"uv": [0, 0, 16, 16], "rotation": 90, "texture": "#0"}
			}
		},
		{
			"name": "slat",
			"from": [11.59953, 18.09466, 17.5],
			"to": [12.09953, 18.59466, 18],
			"rotation": {"angle": -22.5, "axis": "z", "origin": [5.74953, 18.28216, 20]},
			"faces": {
				"north": {"uv": [0, 0, 16, 16], "rotation": 180, "texture": "#0"},
				"south": {"uv": [0, 0, 16, 16], "texture": "#0"},
				"west": {"uv": [0, 0, 16, 16], "texture": "#0"},
				"up": {"uv": [0, 0, 16, 16], "texture": "#0"},
				"down": {"uv": [0, 0, 16, 16], "texture": "#0"}
			}
		},
		{
			"name": "slat",
			"from": [10.80073, 13.68015, 17.5],
			"to": [11.17573, 15.68015, 18],
			"rotation": {"angle": 22.5, "axis": "z", "origin": [11.36323, 18.03015, 20]},
			"faces": {
				"north": {"uv": [0, 0, 16, 16], "rotation": 90, "texture": "#0"},
				"east": {"uv": [0, 0, 16, 16], "rotation": 90, "texture": "#0"},
				"south": {"uv": [0, 0, 16, 16], "rotation": 90, "texture": "#0"},
				"west": {"uv": [0, 0, 16, 16], "rotation": 90, "texture": "#0"}
			}
		},
		{
			"name": "slat",
			"from": [7.04426, 14.05999, 17.5],
			"to": [7.54426, 14.55999, 18],
			"rotation": {"angle": 45, "axis": "z", "origin": [7.73176, 20.40999, 20]},
			"faces": {
				"north": {"uv": [0, 0, 16, 16], "rotation": 90, "texture": "#0"},
				"east": {"uv": [0, 0, 16, 16], "rotation": 90, "texture": "#0"},
				"south": {"uv": [0, 0, 16, 16], "rotation": 90, "texture": "#0"},
				"west": {"uv": [0, 0, 16, 16], "rotation": 90, "texture": "#0"}
			}
		},
		{
			"name": "slat",
			"from": [11.59953, 17.59466, 18],
			"to": [12.09953, 18.09466, 18.5],
			"rotation": {"angle": -22.5, "axis": "z", "origin": [5.74953, 17.78216, 20.5]},
			"faces": {
				"north": {"uv": [0, 0, 16, 16], "rotation": 180, "texture": "#0"},
				"south": {"uv": [0, 0, 16, 16], "texture": "#0"},
				"west": {"uv": [0, 0, 16, 16], "texture": "#0"},
				"up": {"uv": [0, 0, 16, 16], "texture": "#0"},
				"down": {"uv": [0, 0, 16, 16], "texture": "#0"}
			}
		},
		{
			"name": "slat",
			"from": [10.80073, 13.68015, 18],
			"to": [11.17573, 15.18015, 18.5],
			"rotation": {"angle": 22.5, "axis": "z", "origin": [11.36323, 17.53015, 20.5]},
			"faces": {
				"north": {"uv": [0, 0, 16, 16], "rotation": 90, "texture": "#0"},
				"east": {"uv": [0, 0, 16, 16], "rotation": 90, "texture": "#0"},
				"south": {"uv": [0, 0, 16, 16], "rotation": 90, "texture": "#0"},
				"west": {"uv": [0, 0, 16, 16], "rotation": 90, "texture": "#0"}
			}
		},
		{
			"name": "slat",
			"from": [7.04426, 13.55999, 18],
			"to": [7.54426, 14.05999, 18.5],
			"rotation": {"angle": 45, "axis": "z", "origin": [7.73176, 19.90999, 20.5]},
			"faces": {
				"north": {"uv": [0, 0, 16, 16], "rotation": 90, "texture": "#0"},
				"east": {"uv": [0, 0, 16, 16], "rotation": 90, "texture": "#0"},
				"south": {"uv": [0, 0, 16, 16], "rotation": 90, "texture": "#0"},
				"west": {"uv": [0, 0, 16, 16], "rotation": 90, "texture": "#0"}
			}
		},
		{
			"name": "slat",
			"from": [11.59953, 17.09466, 18.5],
			"to": [12.09953, 17.59466, 19],
			"rotation": {"angle": -22.5, "axis": "z", "origin": [5.74953, 17.28216, 21]},
			"faces": {
				"north": {"uv": [0, 0, 16, 16], "rotation": 180, "texture": "#0"},
				"south": {"uv": [0, 0, 16, 16], "texture": "#0"},
				"west": {"uv": [0, 0, 16, 16], "texture": "#0"},
				"up": {"uv": [0, 0, 16, 16], "texture": "#0"},
				"down": {"uv": [0, 0, 16, 16], "texture": "#0"}
			}
		},
		{
			"name": "slat",
			"from": [10.80073, 13.68015, 18.5],
			"to": [11.17573, 14.68015, 19],
			"rotation": {"angle": 22.5, "axis": "z", "origin": [11.36323, 17.03015, 21]},
			"faces": {
				"north": {"uv": [0, 0, 16, 16], "rotation": 90, "texture": "#0"},
				"east": {"uv": [0, 0, 16, 16], "rotation": 90, "texture": "#0"},
				"south": {"uv": [0, 0, 16, 16], "rotation": 90, "texture": "#0"},
				"west": {"uv": [0, 0, 16, 16], "rotation": 90, "texture": "#0"}
			}
		},
		{
			"name": "slat",
			"from": [7.04426, 13.05999, 18.5],
			"to": [7.54426, 13.55999, 19],
			"rotation": {"angle": 45, "axis": "z", "origin": [7.73176, 19.40999, 21]},
			"faces": {
				"north": {"uv": [0, 0, 16, 16], "rotation": 90, "texture": "#0"},
				"east": {"uv": [0, 0, 16, 16], "rotation": 90, "texture": "#0"},
				"south": {"uv": [0, 0, 16, 16], "rotation": 90, "texture": "#0"},
				"west": {"uv": [0, 0, 16, 16], "rotation": 90, "texture": "#0"}
			}
		},
		{
			"name": "slat",
			"from": [11.59953, 16.34466, 19],
			"to": [12.09953, 17.09466, 19.5],
			"rotation": {"angle": -22.5, "axis": "z", "origin": [5.74953, 16.78216, 21.5]},
			"faces": {
				"north": {"uv": [0, 0, 16, 16], "rotation": 180, "texture": "#0"},
				"south": {"uv": [0, 0, 16, 16], "texture": "#0"},
				"west": {"uv": [0, 0, 16, 16], "texture": "#0"},
				"up": {"uv": [0, 0, 16, 16], "texture": "#0"}
			}
		},
		{
			"name": "slat",
			"from": [10.92573, 13.68015, 19],
			"to": [11.17573, 14.18015, 19.5],
			"rotation": {"angle": 22.5, "axis": "z", "origin": [11.36323, 16.53015, 21.5]},
			"faces": {
				"north": {"uv": [0, 0, 16, 16], "rotation": 90, "texture": "#0"},
				"east": {"uv": [0, 0, 16, 16], "rotation": 90, "texture": "#0"},
				"south": {"uv": [0, 0, 16, 16], "rotation": 90, "texture": "#0"}
			}
		},
		{
			"name": "slat",
			"from": [6.79426, 12.55999, 19],
			"to": [7.54426, 13.05999, 19.5],
			"rotation": {"angle": 45, "axis": "z", "origin": [7.73176, 18.90999, 21.5]},
			"faces": {
				"north": {"uv": [0, 0, 16, 16], "rotation": 90, "texture": "#0"},
				"east": {"uv": [0, 0, 16, 16], "rotation": 90, "texture": "#0"},
				"south": {"uv": [0, 0, 16, 16], "rotation": 90, "texture": "#0"}
			}
		},
		{
			"name": "slat",
			"from": [10.92573, 13.43015, 19.25],
			"to": [11.17573, 13.93015, 19.5],
			"rotation": {"angle": 22.5, "axis": "z", "origin": [11.36323, 16.28015, 21.75]},
			"faces": {
				"north": {"uv": [0, 0, 16, 16], "rotation": 90, "texture": "#0"},
				"south": {"uv": [0, 0, 16, 16], "rotation": 90, "texture": "#0"}
			}
		},
		{
			"name": "slat",
			"from": [7.29426, 12.05999, 0.75],
			"to": [7.54426, 12.55999, 1],
			"rotation": {"angle": 45, "axis": "z", "origin": [7.73176, 18.40999, -1.5]},
			"faces": {
				"north": {"uv": [0, 16, 16, 0], "rotation": 90, "texture": "#0"},
				"south": {"uv": [0, 16, 16, 0], "rotation": 90, "texture": "#0"}
			}
		},
		{
			"name": "slat",
			"from": [8.45574, 12.05999, 19.5],
			"to": [8.70574, 12.55999, 19.75],
			"rotation": {"angle": -45, "axis": "z", "origin": [8.26824, 18.40999, 22]},
			"faces": {
				"north": {"uv": [0, 16, 16, 0], "rotation": 90, "texture": "#0"},
				"south": {"uv": [0, 16, 16, 0], "rotation": 90, "texture": "#0"}
			}
		},
		{
			"name": "slat",
			"from": [4.82427, 13.68015, 16.5],
			"to": [5.19927, 16.68015, 17],
			"rotation": {"angle": -22.5, "axis": "z", "origin": [4.63677, 19.03015, 19]},
			"faces": {
				"east": {"uv": [0, 16, 16, 0], "rotation": 90, "texture": "#0"},
				"south": {"uv": [0, 16, 16, 0], "rotation": 90, "texture": "#0"},
				"west": {"uv": [0, 16, 16, 0], "rotation": 90, "texture": "#0"}
			}
		},
		{
			"name": "slat",
			"from": [3.90047, 18.59466, 17],
			"to": [4.40047, 19.09466, 17.5],
			"rotation": {"angle": 22.5, "axis": "z", "origin": [10.25047, 18.78216, 19.5]},
			"faces": {
				"north": {"uv": [16, 0, 0, 16], "rotation": 180, "texture": "#0"},
				"east": {"uv": [16, 0, 0, 16], "texture": "#0"},
				"south": {"uv": [16, 0, 0, 16], "texture": "#0"},
				"up": {"uv": [16, 0, 0, 16], "texture": "#0"},
				"down": {"uv": [16, 0, 0, 16], "texture": "#0"}
			}
		},
		{
			"name": "slat",
			"from": [4.82427, 13.68015, 17],
			"to": [5.19927, 16.18015, 17.5],
			"rotation": {"angle": -22.5, "axis": "z", "origin": [4.63677, 18.53015, 19.5]},
			"faces": {
				"north": {"uv": [0, 16, 16, 0], "rotation": 90, "texture": "#0"},
				"east": {"uv": [0, 16, 16, 0], "rotation": 90, "texture": "#0"},
				"south": {"uv": [0, 16, 16, 0], "rotation": 90, "texture": "#0"},
				"west": {"uv": [0, 16, 16, 0], "rotation": 90, "texture": "#0"}
			}
		},
		{
			"name": "slat",
			"from": [8.45574, 14.55999, 17],
			"to": [8.95574, 15.05999, 17.5],
			"rotation": {"angle": -45, "axis": "z", "origin": [8.26824, 20.90999, 19.5]},
			"faces": {
				"north": {"uv": [0, 16, 16, 0], "rotation": 90, "texture": "#0"},
				"east": {"uv": [0, 16, 16, 0], "rotation": 90, "texture": "#0"},
				"south": {"uv": [0, 16, 16, 0], "rotation": 90, "texture": "#0"},
				"west": {"uv": [0, 16, 16, 0], "rotation": 90, "texture": "#0"}
			}
		},
		{
			"name": "slat",
			"from": [3.90047, 18.09466, 17.5],
			"to": [4.40047, 18.59466, 18],
			"rotation": {"angle": 22.5, "axis": "z", "origin": [10.25047, 18.28216, 20]},
			"faces": {
				"north": {"uv": [16, 0, 0, 16], "rotation": 180, "texture": "#0"},
				"east": {"uv": [16, 0, 0, 16], "texture": "#0"},
				"south": {"uv": [16, 0, 0, 16], "texture": "#0"},
				"up": {"uv": [16, 0, 0, 16], "texture": "#0"},
				"down": {"uv": [16, 0, 0, 16], "texture": "#0"}
			}
		},
		{
			"name": "slat",
			"from": [4.82427, 13.68015, 17.5],
			"to": [5.19927, 15.68015, 18],
			"rotation": {"angle": -22.5, "axis": "z", "origin": [4.63677, 18.03015, 20]},
			"faces": {
				"north": {"uv": [0, 16, 16, 0], "rotation": 90, "texture": "#0"},
				"east": {"uv": [0, 16, 16, 0], "rotation": 90, "texture": "#0"},
				"south": {"uv": [0, 16, 16, 0], "rotation": 90, "texture": "#0"},
				"west": {"uv": [0, 16, 16, 0], "rotation": 90, "texture": "#0"}
			}
		},
		{
			"name": "slat",
			"from": [8.45574, 14.05999, 17.5],
			"to": [8.95574, 14.55999, 18],
			"rotation": {"angle": -45, "axis": "z", "origin": [8.26824, 20.40999, 20]},
			"faces": {
				"north": {"uv": [0, 16, 16, 0], "rotation": 90, "texture": "#0"},
				"east": {"uv": [0, 16, 16, 0], "rotation": 90, "texture": "#0"},
				"south": {"uv": [0, 16, 16, 0], "rotation": 90, "texture": "#0"},
				"west": {"uv": [0, 16, 16, 0], "rotation": 90, "texture": "#0"}
			}
		},
		{
			"name": "slat",
			"from": [3.90047, 17.59466, 18],
			"to": [4.40047, 18.09466, 18.5],
			"rotation": {"angle": 22.5, "axis": "z", "origin": [10.25047, 17.78216, 20.5]},
			"faces": {
				"north": {"uv": [16, 0, 0, 16], "rotation": 180, "texture": "#0"},
				"east": {"uv": [16, 0, 0, 16], "texture": "#0"},
				"south": {"uv": [16, 0, 0, 16], "texture": "#0"},
				"up": {"uv": [16, 0, 0, 16], "texture": "#0"},
				"down": {"uv": [16, 0, 0, 16], "texture": "#0"}
			}
		},
		{
			"name": "slat",
			"from": [4.82427, 13.68015, 18],
			"to": [5.19927, 15.18015, 18.5],
			"rotation": {"angle": -22.5, "axis": "z", "origin": [4.63677, 17.53015, 20.5]},
			"faces": {
				"north": {"uv": [0, 16, 16, 0], "rotation": 90, "texture": "#0"},
				"east": {"uv": [0, 16, 16, 0], "rotation": 90, "texture": "#0"},
				"south": {"uv": [0, 16, 16, 0], "rotation": 90, "texture": "#0"},
				"west": {"uv": [0, 16, 16, 0], "rotation": 90, "texture": "#0"}
			}
		},
		{
			"name": "slat",
			"from": [8.45574, 13.55999, 18],
			"to": [8.95574, 14.05999, 18.5],
			"rotation": {"angle": -45, "axis": "z", "origin": [8.26824, 19.90999, 20.5]},
			"faces": {
				"north": {"uv": [0, 16, 16, 0], "rotation": 90, "texture": "#0"},
				"east": {"uv": [0, 16, 16, 0], "rotation": 90, "texture": "#0"},
				"south": {"uv": [0, 16, 16, 0], "rotation": 90, "texture": "#0"},
				"west": {"uv": [0, 16, 16, 0], "rotation": 90, "texture": "#0"}
			}
		},
		{
			"name": "slat",
			"from": [3.90047, 17.09466, 18.5],
			"to": [4.40047, 17.59466, 19],
			"rotation": {"angle": 22.5, "axis": "z", "origin": [10.25047, 17.28216, 21]},
			"faces": {
				"north": {"uv": [16, 0, 0, 16], "rotation": 180, "texture": "#0"},
				"east": {"uv": [16, 0, 0, 16], "texture": "#0"},
				"south": {"uv": [16, 0, 0, 16], "texture": "#0"},
				"up": {"uv": [16, 0, 0, 16], "texture": "#0"},
				"down": {"uv": [16, 0, 0, 16], "texture": "#0"}
			}
		},
		{
			"name": "slat",
			"from": [4.82427, 13.68015, 18.5],
			"to": [5.19927, 14.68015, 19],
			"rotation": {"angle": -22.5, "axis": "z", "origin": [4.63677, 17.03015, 21]},
			"faces": {
				"north": {"uv": [0, 16, 16, 0], "rotation": 90, "texture": "#0"},
				"east": {"uv": [0, 16, 16, 0], "rotation": 90, "texture": "#0"},
				"south": {"uv": [0, 16, 16, 0], "rotation": 90, "texture": "#0"},
				"west": {"uv": [0, 16, 16, 0], "rotation": 90, "texture": "#0"}
			}
		},
		{
			"name": "slat",
			"from": [8.45574, 13.05999, 18.5],
			"to": [8.95574, 13.55999, 19],
			"rotation": {"angle": -45, "axis": "z", "origin": [8.26824, 19.40999, 21]},
			"faces": {
				"north": {"uv": [0, 16, 16, 0], "rotation": 90, "texture": "#0"},
				"east": {"uv": [0, 16, 16, 0], "rotation": 90, "texture": "#0"},
				"south": {"uv": [0, 16, 16, 0], "rotation": 90, "texture": "#0"},
				"west": {"uv": [0, 16, 16, 0], "rotation": 90, "texture": "#0"}
			}
		},
		{
			"name": "slat",
			"from": [3.90047, 16.34466, 19],
			"to": [4.40047, 17.09466, 19.5],
			"rotation": {"angle": 22.5, "axis": "z", "origin": [10.25047, 16.78216, 21.5]},
			"faces": {
				"north": {"uv": [16, 0, 0, 16], "rotation": 180, "texture": "#0"},
				"east": {"uv": [16, 0, 0, 16], "texture": "#0"},
				"south": {"uv": [16, 0, 0, 16], "texture": "#0"},
				"up": {"uv": [16, 0, 0, 16], "texture": "#0"}
			}
		},
		{
			"name": "slat",
			"from": [4.82427, 13.68015, 19],
			"to": [5.07427, 14.18015, 19.5],
			"rotation": {"angle": -22.5, "axis": "z", "origin": [4.63677, 16.53015, 21.5]},
			"faces": {
				"north": {"uv": [0, 16, 16, 0], "rotation": 90, "texture": "#0"},
				"south": {"uv": [0, 16, 16, 0], "rotation": 90, "texture": "#0"},
				"west": {"uv": [0, 16, 16, 0], "rotation": 90, "texture": "#0"}
			}
		},
		{
			"name": "slat",
			"from": [8.45574, 12.55999, 19],
			"to": [9.20574, 13.05999, 19.5],
			"rotation": {"angle": -45, "axis": "z", "origin": [8.26824, 18.90999, 21.5]},
			"faces": {
				"north": {"uv": [0, 16, 16, 0], "rotation": 90, "texture": "#0"},
				"south": {"uv": [0, 16, 16, 0], "rotation": 90, "texture": "#0"},
				"west": {"uv": [0, 16, 16, 0], "rotation": 90, "texture": "#0"}
			}
		},
		{
			"name": "slat",
			"from": [4.82427, 13.43015, 19.25],
			"to": [5.07427, 13.93015, 19.5],
			"rotation": {"angle": -22.5, "axis": "z", "origin": [4.63677, 16.28015, 21.75]},
			"faces": {
				"north": {"uv": [0, 16, 16, 0], "rotation": 90, "texture": "#0"},
				"south": {"uv": [0, 16, 16, 0], "rotation": 90, "texture": "#0"}
			}
		},
		{
			"name": "slat",
			"from": [8.45574, 12.05999, 0.75],
			"to": [8.70574, 12.55999, 1],
			"rotation": {"angle": -45, "axis": "z", "origin": [8.26824, 18.40999, -1.5]},
			"faces": {
				"north": {"uv": [0, 0, 16, 16], "rotation": 90, "texture": "#0"},
				"south": {"uv": [0, 0, 16, 16], "rotation": 90, "texture": "#0"}
			}
		},
		{
			"name": "slat",
			"from": [4.82427, 13.68015, 3.5],
			"to": [5.19927, 16.68015, 4],
			"rotation": {"angle": -22.5, "axis": "z", "origin": [4.63677, 19.03015, 1.5]},
			"faces": {
				"north": {"uv": [0, 0, 16, 16], "rotation": 90, "texture": "#0"},
				"east": {"uv": [0, 0, 16, 16], "rotation": 90, "texture": "#0"},
				"west": {"uv": [0, 0, 16, 16], "rotation": 90, "texture": "#0"}
			}
		},
		{
			"name": "slat",
			"from": [3.90047, 18.59466, 3],
			"to": [4.40047, 19.09466, 3.5],
			"rotation": {"angle": 22.5, "axis": "z", "origin": [10.25047, 18.78216, 1]},
			"faces": {
				"north": {"uv": [0, 0, 16, 16], "texture": "#0"},
				"east": {"uv": [0, 0, 16, 16], "texture": "#0"},
				"south": {"uv": [0, 0, 16, 16], "rotation": 180, "texture": "#0"},
				"up": {"uv": [16, 16, 0, 0], "texture": "#0"},
				"down": {"uv": [16, 16, 0, 0], "texture": "#0"}
			}
		},
		{
			"name": "slat",
			"from": [4.82427, 13.68015, 3],
			"to": [5.19927, 16.18015, 3.5],
			"rotation": {"angle": -22.5, "axis": "z", "origin": [4.63677, 18.53015, 1]},
			"faces": {
				"north": {"uv": [0, 0, 16, 16], "rotation": 90, "texture": "#0"},
				"east": {"uv": [0, 0, 16, 16], "rotation": 90, "texture": "#0"},
				"south": {"uv": [0, 0, 16, 16], "rotation": 90, "texture": "#0"},
				"west": {"uv": [0, 0, 16, 16], "rotation": 90, "texture": "#0"}
			}
		},
		{
			"name": "slat",
			"from": [8.45574, 14.55999, 3],
			"to": [8.95574, 15.05999, 3.5],
			"rotation": {"angle": -45, "axis": "z", "origin": [8.26824, 20.90999, 1]},
			"faces": {
				"north": {"uv": [0, 0, 16, 16], "rotation": 90, "texture": "#0"},
				"east": {"uv": [0, 0, 16, 16], "rotation": 90, "texture": "#0"},
				"south": {"uv": [0, 0, 16, 16], "rotation": 90, "texture": "#0"},
				"west": {"uv": [0, 0, 16, 16], "rotation": 90, "texture": "#0"}
			}
		},
		{
			"name": "slat",
			"from": [3.90047, 18.09466, 2.5],
			"to": [4.40047, 18.59466, 3],
			"rotation": {"angle": 22.5, "axis": "z", "origin": [10.25047, 18.28216, 0.5]},
			"faces": {
				"north": {"uv": [0, 0, 16, 16], "texture": "#0"},
				"east": {"uv": [0, 0, 16, 16], "texture": "#0"},
				"south": {"uv": [0, 0, 16, 16], "rotation": 180, "texture": "#0"},
				"up": {"uv": [16, 16, 0, 0], "texture": "#0"},
				"down": {"uv": [16, 16, 0, 0], "texture": "#0"}
			}
		},
		{
			"name": "slat",
			"from": [4.82427, 13.68015, 2.5],
			"to": [5.19927, 15.68015, 3],
			"rotation": {"angle": -22.5, "axis": "z", "origin": [4.63677, 18.03015, 0.5]},
			"faces": {
				"north": {"uv": [0, 0, 16, 16], "rotation": 90, "texture": "#0"},
				"east": {"uv": [0, 0, 16, 16], "rotation": 90, "texture": "#0"},
				"south": {"uv": [0, 0, 16, 16], "rotation": 90, "texture": "#0"},
				"west": {"uv": [0, 0, 16, 16], "rotation": 90, "texture": "#0"}
			}
		},
		{
			"name": "slat",
			"from": [8.45574, 14.05999, 2.5],
			"to": [8.95574, 14.55999, 3],
			"rotation": {"angle": -45, "axis": "z", "origin": [8.26824, 20.40999, 0.5]},
			"faces": {
				"north": {"uv": [0, 0, 16, 16], "rotation": 90, "texture": "#0"},
				"east": {"uv": [0, 0, 16, 16], "rotation": 90, "texture": "#0"},
				"south": {"uv": [0, 0, 16, 16], "rotation": 90, "texture": "#0"},
				"west": {"uv": [0, 0, 16, 16], "rotation": 90, "texture": "#0"}
			}
		},
		{
			"name": "slat",
			"from": [3.90047, 17.59466, 2],
			"to": [4.40047, 18.09466, 2.5],
			"rotation": {"angle": 22.5, "axis": "z", "origin": [10.25047, 17.78216, 0]},
			"faces": {
				"north": {"uv": [0, 0, 16, 16], "texture": "#0"},
				"east": {"uv": [0, 0, 16, 16], "texture": "#0"},
				"south": {"uv": [0, 0, 16, 16], "rotation": 180, "texture": "#0"},
				"up": {"uv": [16, 16, 0, 0], "texture": "#0"},
				"down": {"uv": [16, 16, 0, 0], "texture": "#0"}
			}
		},
		{
			"name": "slat",
			"from": [4.82427, 13.68015, 2],
			"to": [5.19927, 15.18015, 2.5],
			"rotation": {"angle": -22.5, "axis": "z", "origin": [4.63677, 17.53015, 0]},
			"faces": {
				"north": {"uv": [0, 0, 16, 16], "rotation": 90, "texture": "#0"},
				"east": {"uv": [0, 0, 16, 16], "rotation": 90, "texture": "#0"},
				"south": {"uv": [0, 0, 16, 16], "rotation": 90, "texture": "#0"},
				"west": {"uv": [0, 0, 16, 16], "rotation": 90, "texture": "#0"}
			}
		},
		{
			"name": "slat",
			"from": [8.45574, 13.55999, 2],
			"to": [8.95574, 14.05999, 2.5],
			"rotation": {"angle": -45, "axis": "z", "origin": [8.26824, 19.90999, 0]},
			"faces": {
				"north": {"uv": [0, 0, 16, 16], "rotation": 90, "texture": "#0"},
				"east": {"uv": [0, 0, 16, 16], "rotation": 90, "texture": "#0"},
				"south": {"uv": [0, 0, 16, 16], "rotation": 90, "texture": "#0"},
				"west": {"uv": [0, 0, 16, 16], "rotation": 90, "texture": "#0"}
			}
		},
		{
			"name": "slat",
			"from": [3.90047, 17.09466, 1.5],
			"to": [4.40047, 17.59466, 2],
			"rotation": {"angle": 22.5, "axis": "z", "origin": [10.25047, 17.28216, -0.5]},
			"faces": {
				"north": {"uv": [0, 0, 16, 16], "texture": "#0"},
				"east": {"uv": [0, 0, 16, 16], "texture": "#0"},
				"south": {"uv": [0, 0, 16, 16], "rotation": 180, "texture": "#0"},
				"up": {"uv": [16, 16, 0, 0], "texture": "#0"},
				"down": {"uv": [16, 16, 0, 0], "texture": "#0"}
			}
		},
		{
			"name": "slat",
			"from": [4.82427, 13.68015, 1.5],
			"to": [5.19927, 14.68015, 2],
			"rotation": {"angle": -22.5, "axis": "z", "origin": [4.63677, 17.03015, -0.5]},
			"faces": {
				"north": {"uv": [0, 0, 16, 16], "rotation": 90, "texture": "#0"},
				"east": {"uv": [0, 0, 16, 16], "rotation": 90, "texture": "#0"},
				"south": {"uv": [0, 0, 16, 16], "rotation": 90, "texture": "#0"},
				"west": {"uv": [0, 0, 16, 16], "rotation": 90, "texture": "#0"}
			}
		},
		{
			"name": "slat",
			"from": [8.45574, 13.05999, 1.5],
			"to": [8.95574, 13.55999, 2],
			"rotation": {"angle": -45, "axis": "z", "origin": [8.26824, 19.40999, -0.5]},
			"faces": {
				"north": {"uv": [0, 0, 16, 16], "rotation": 90, "texture": "#0"},
				"east": {"uv": [0, 0, 16, 16], "rotation": 90, "texture": "#0"},
				"south": {"uv": [0, 0, 16, 16], "rotation": 90, "texture": "#0"},
				"west": {"uv": [0, 0, 16, 16], "rotation": 90, "texture": "#0"}
			}
		},
		{
			"name": "slat",
			"from": [3.90047, 16.34466, 1],
			"to": [4.40047, 17.09466, 1.5],
			"rotation": {"angle": 22.5, "axis": "z", "origin": [10.25047, 16.78216, -1]},
			"faces": {
				"north": {"uv": [0, 0, 16, 16], "texture": "#0"},
				"east": {"uv": [0, 0, 16, 16], "texture": "#0"},
				"south": {"uv": [0, 0, 16, 16], "rotation": 180, "texture": "#0"},
				"up": {"uv": [16, 16, 0, 0], "texture": "#0"}
			}
		},
		{
			"name": "slat",
			"from": [4.82427, 13.68015, 1],
			"to": [5.07427, 14.18015, 1.5],
			"rotation": {"angle": -22.5, "axis": "z", "origin": [4.63677, 16.53015, -1]},
			"faces": {
				"north": {"uv": [0, 0, 16, 16], "rotation": 90, "texture": "#0"},
				"south": {"uv": [0, 0, 16, 16], "rotation": 90, "texture": "#0"},
				"west": {"uv": [0, 0, 16, 16], "rotation": 90, "texture": "#0"}
			}
		},
		{
			"name": "slat",
			"from": [8.45574, 12.55999, 1],
			"to": [9.20574, 13.05999, 1.5],
			"rotation": {"angle": -45, "axis": "z", "origin": [8.26824, 18.90999, -1]},
			"faces": {
				"north": {"uv": [0, 0, 16, 16], "rotation": 90, "texture": "#0"},
				"south": {"uv": [0, 0, 16, 16], "rotation": 90, "texture": "#0"},
				"west": {"uv": [0, 0, 16, 16], "rotation": 90, "texture": "#0"}
			}
		},
		{
			"name": "slat",
			"from": [4.82427, 13.43015, 1],
			"to": [5.07427, 13.93015, 1.25],
			"rotation": {"angle": -22.5, "axis": "z", "origin": [4.63677, 16.28015, -1.25]},
			"faces": {
				"north": {"uv": [0, 0, 16, 16], "rotation": 90, "texture": "#0"},
				"south": {"uv": [0, 0, 16, 16], "rotation": 90, "texture": "#0"}
			}
		},
		{
			"name": "roof",
			"from": [1.69773, 13.45803, 16.5],
			"to": [14.29773, 14.20803, 23],
			"rotation": {"angle": 0, "axis": "y", "origin": [7.94773, 13.89553, 18.5]},
			"faces": {
				"north": {"uv": [0, 0, 12.6, 4.5], "texture": "#0"},
				"east": {"uv": [0, 0, 12.6, 4.5], "texture": "#0"},
				"south": {"uv": [0, 0, 12.6, 4.5], "texture": "#0"},
				"up": {"uv": [0, 0, 12.6, 4.5], "texture": "#0"},
				"down": {"uv": [0, 0, 12.6, 4.5], "texture": "#0"}
			}
		},
		{
			"name": "roof",
			"from": [1.69773, 13.45803, 0],
			"to": [14.29773, 14.20803, 4],
			"rotation": {"angle": 0, "axis": "y", "origin": [7.94773, 13.89553, 18.5]},
			"faces": {
				"north": {"uv": [0, 0, 12.6, 4.5], "texture": "#0"},
				"east": {"uv": [0, 0, 12.6, 4.5], "texture": "#0"},
				"south": {"uv": [0, 0, 12.6, 4.5], "texture": "#0"},
				"up": {"uv": [0, 0, 12.6, 4.5], "texture": "#0"},
				"down": {"uv": [0, 0, 12.6, 4.5], "texture": "#0"}
			}
		},
		{
			"name": "glass roof",
			"from": [0, 15.62496, -9.17968],
			"to": [16, 18.24996, -1.67968],
			"rotation": {"angle": -22.5, "axis": "x", "origin": [12.65, 17.93746, 8.82032]},
			"faces": {
				"north": {"uv": [0, 0, 12.6, 4.5], "texture": "#0"},
				"east": {"uv": [0, 0, 12.6, 4.5], "texture": "#0"},
				"south": {"uv": [0, 0, 12.6, 4.5], "texture": "#0"},
				"west": {"uv": [0, 0, 12.6, 4.5], "texture": "#0"},
				"up": {"uv": [0, 0, 12.6, 4.5], "texture": "#0"},
				"down": {"uv": [0, 0, 12.6, 4.5], "texture": "#0"}
			}
		},
		{
			"name": "glass roof",
			"from": [0.5, 9.3854, -8.21749],
			"to": [15.5, 10.3854, -7.21749],
			"rotation": {"angle": -22.5, "axis": "x", "origin": [8, 9.0729, -9.96749]},
			"faces": {
				"north": {"uv": [0, 0, 12.6, 4.5], "texture": "#0"},
				"east": {"uv": [0, 0, 12.6, 4.5], "texture": "#0"},
				"west": {"uv": [0, 0, 12.6, 4.5], "texture": "#0"},
				"up": {"uv": [0, 0, 12.6, 4.5], "texture": "#0"},
				"down": {"uv": [0, 0, 12.6, 4.5], "texture": "#0"}
			}
		},
		{
			"name": "glass roof",
			"from": [1, 9.3854, -9.21749],
			"to": [15, 10.3854, -8.21749],
			"rotation": {"angle": -22.5, "axis": "x", "origin": [8, 9.0729, -9.96749]},
			"faces": {
				"north": {"uv": [0, 0, 12.6, 4.5], "texture": "#0"},
				"east": {"uv": [0, 0, 12.6, 4.5], "texture": "#0"},
				"west": {"uv": [0, 0, 12.6, 4.5], "texture": "#0"},
				"up": {"uv": [0, 0, 12.6, 4.5], "texture": "#0"},
				"down": {"uv": [0, 0, 12.6, 4.5], "texture": "#0"}
			}
		},
		{
			"name": "glass roof",
			"from": [1.5, 9.3854, -10.21749],
			"to": [14.5, 10.3854, -9.21749],
			"rotation": {"angle": -22.5, "axis": "x", "origin": [8, 9.0729, -9.96749]},
			"faces": {
				"north": {"uv": [0, 0, 12.6, 4.5], "texture": "#0"},
				"east": {"uv": [0, 0, 12.6, 4.5], "texture": "#0"},
				"west": {"uv": [0, 0, 12.6, 4.5], "texture": "#0"},
				"up": {"uv": [0, 0, 12.6, 4.5], "texture": "#0"},
				"down": {"uv": [0, 0, 12.6, 4.5], "texture": "#0"}
			}
		},
		{
			"name": "glass roof",
			"from": [2, 9.3854, -11.21749],
			"to": [14, 10.3854, -10.21749],
			"rotation": {"angle": -22.5, "axis": "x", "origin": [8, 9.0729, -9.96749]},
			"faces": {
				"north": {"uv": [0, 0, 12.6, 4.5], "texture": "#0"},
				"east": {"uv": [0, 0, 12.6, 4.5], "texture": "#0"},
				"west": {"uv": [0, 0, 12.6, 4.5], "texture": "#0"},
				"up": {"uv": [0, 0, 12.6, 4.5], "texture": "#0"},
				"down": {"uv": [0, 0, 12.6, 4.5], "texture": "#0"}
			}
		},
		{
			"name": "glass roof",
			"from": [2.625, 9.7763, -10.87732],
			"to": [13.375, 10.7763, -10.00232],
			"rotation": {"angle": -22.5, "axis": "x", "origin": [7.875, 6.2138, -8.37732]},
			"faces": {
				"north": {"uv": [0, 0, 12.6, 4.5], "texture": "#0"},
				"east": {"uv": [0, 0, 12.6, 4.5], "texture": "#0"},
				"west": {"uv": [0, 0, 12.6, 4.5], "texture": "#0"},
				"up": {"uv": [0, 0, 12.6, 4.5], "texture": "#0"},
				"down": {"uv": [0, 0, 12.6, 4.5], "texture": "#0"}
			}
		},
		{
			"name": "glass roof",
			"from": [3, 8.499, -12.84249],
			"to": [13, 9.489, -11.96749],
			"rotation": {"angle": 0, "axis": "x", "origin": [8, 9.0729, -9.96749]},
			"faces": {
				"north": {"uv": [3, 3, 13, 13], "texture": "#2"},
				"east": {"uv": [0, 0, 12.6, 4.5], "texture": "#0"},
				"south": {"uv": [0, 0, 12.6, 4.5], "texture": "#0"},
				"west": {"uv": [0, 0, 12.6, 4.5], "texture": "#0"},
				"up": {"uv": [3, 3, 13, 13], "texture": "#2"},
				"down": {"uv": [0, 0, 12.6, 4.5], "texture": "#0"}
			}
		},
		{
			"name": "hexadecagon",
			"from": [1.15753, 12.93307, 0],
			"to": [2.28253, 13.68307, 23],
			"rotation": {"angle": 45, "axis": "z", "origin": [1.35644, 11.93307, 33]},
			"faces": {
				"north": {"uv": [3, 7.5, 4.125, 3], "texture": "#0"},
				"south": {"uv": [3, 7.5, 4.125, 3], "texture": "#0"},
				"west": {"uv": [3, 7.5, 4.125, 3], "texture": "#0"},
				"up": {"uv": [3, 7.5, 4.125, 3], "texture": "#0"},
				"down": {"uv": [3, 7.5, 4.125, 3], "texture": "#0"}
			}
		},
		{
			"name": "hexadecagon",
			"from": [0.85438, 13.1705, 0],
			"to": [1.85438, 13.9205, 23],
			"rotation": {"angle": 22.5, "axis": "z", "origin": [1.05329, 13.6705, 33]},
			"faces": {
				"north": {"uv": [3, 7.5, 4, 3], "texture": "#0"},
				"south": {"uv": [3, 7.5, 4, 3], "texture": "#0"},
				"up": {"uv": [3, 7.5, 4, 3], "texture": "#0"},
				"down": {"uv": [3, 7.5, 4, 3], "texture": "#0"}
			}
		},
		{
			"name": "hexadecagon",
			"from": [-0.2081, 11.71748, 0],
			"to": [0.5419, 12.96748, 23],
			"rotation": {"angle": -22.5, "axis": "z", "origin": [0.0419, 12.52998, 33]},
			"faces": {
				"north": {"uv": [0, 0, 0.75, 4.5], "texture": "#0"},
				"east": {"uv": [0, 0, 0.75, 4.5], "texture": "#0"},
				"south": {"uv": [0, 0, 0.75, 4.5], "texture": "#0"},
				"west": {"uv": [0, 0, 0.75, 4.5], "texture": "#0"},
				"up": {"uv": [0, 0, 0.75, 4.5], "texture": "#0"},
				"down": {"uv": [0, 0, 0.75, 4.5], "texture": "#0"}
			}
		},
		{
			"name": "hexadecagon",
			"from": [13.71747, 12.93307, 0],
			"to": [14.84247, 13.68307, 23],
			"rotation": {"angle": -45, "axis": "z", "origin": [14.64356, 11.93307, 33]},
			"faces": {
				"north": {"uv": [4.125, 7.5, 3, 3], "texture": "#0"},
				"east": {"uv": [4.125, 7.5, 3, 3], "texture": "#0"},
				"south": {"uv": [4.125, 7.5, 3, 3], "texture": "#0"},
				"up": {"uv": [4.125, 7.5, 3, 3], "texture": "#0"},
				"down": {"uv": [4.125, 7.5, 3, 3], "texture": "#0"}
			}
		},
		{
			"name": "hexadecagon",
			"from": [14.14562, 13.1705, 0],
			"to": [15.14562, 13.9205, 23],
			"rotation": {"angle": -22.5, "axis": "z", "origin": [14.94671, 13.6705, 33]},
			"faces": {
				"north": {"uv": [4, 7.5, 3, 3], "texture": "#0"},
				"south": {"uv": [4, 7.5, 3, 3], "texture": "#0"},
				"up": {"uv": [4, 7.5, 3, 3], "texture": "#0"},
				"down": {"uv": [4, 7.5, 3, 3], "texture": "#0"}
			}
		},
		{
			"name": "hexadecagon",
			"from": [15.4581, 11.71748, 0],
			"to": [16.2081, 12.96748, 23],
			"rotation": {"angle": 22.5, "axis": "z", "origin": [15.9581, 12.52998, 33]},
			"faces": {
				"north": {"uv": [0.75, 0, 0, 4.5], "texture": "#0"},
				"east": {"uv": [0.75, 0, 0, 4.5], "texture": "#0"},
				"south": {"uv": [0.75, 0, 0, 4.5], "texture": "#0"},
				"west": {"uv": [0.75, 0, 0, 4.5], "texture": "#0"},
				"up": {"uv": [0.75, 0, 0, 4.5], "texture": "#0"},
				"down": {"uv": [0.75, 0, 0, 4.5], "texture": "#0"}
			}
		},
		{
			"name": "cab roof",
			"from": [4.625, 17.08217, 4],
			"to": [11.375, 17.33217, 16.5],
			"rotation": {"angle": 0, "axis": "z", "origin": [8, 17.20717, 10.25]},
			"faces": {
				"east": {"uv": [16, 0, 0, 16], "texture": "#0"},
				"south": {"uv": [16, 0, 0, 16], "texture": "#0"},
				"west": {"uv": [16, 0, 0, 16], "texture": "#0"},
				"up": {"uv": [16, 0, 0, 16], "texture": "#0"},
				"down": {"uv": [16, 0, 0, 16], "texture": "#0"}
			}
		},
		{
			"name": "roof cab cover",
			"from": [1.70227, 13.45803, 4],
			"to": [2.80227, 14.20803, 16.5],
			"rotation": {"angle": 0, "axis": "y", "origin": [8.05227, 13.89553, 18.5]},
			"faces": {
				"east": {"uv": [14.5, 0, 0, 0.75], "texture": "#0"},
				"west": {"uv": [12.6, 0, 0, 4.5], "texture": "#0"},
				"up": {"uv": [12.6, 0, 0, 4.5], "texture": "#0"},
				"down": {"uv": [12.6, 0, 0, 4.5], "texture": "#0"}
			}
		},
		{
			"name": "cab wall",
			"from": [5.01561, 13.14209, 11.5],
			"to": [5.26561, 16.64209, 16.5],
			"rotation": {"angle": -22.5, "axis": "z", "origin": [4.82811, 19.49209, 18.5]},
			"faces": {
				"east": {"uv": [0, 16, 16, 0], "rotation": 90, "texture": "#0"},
				"south": {"uv": [0, 16, 16, 0], "rotation": 90, "texture": "#0"},
				"west": {"uv": [0, 16, 16, 0], "rotation": 90, "texture": "#0"}
			}
		},
		{
			"name": "cab wall",
			"from": [5.01561, 13.14209, 4],
			"to": [5.26561, 16.64209, 11.5],
			"rotation": {"angle": -22.5, "axis": "z", "origin": [4.82811, 19.49209, 18.5]},
			"faces": {
				"north": {"uv": [0, 16, 16, 0], "rotation": 90, "texture": "#9"},
				"east": {"uv": [0, 16, 16, 0], "rotation": 90, "texture": "#9"},
				"west": {"uv": [0, 16, 16, 0], "rotation": 90, "texture": "#7"}
			}
		},
		{
			"name": "cab wall",
			"from": [3.90047, 19.09466, 3.5],
			"to": [4.40047, 19.59466, 17],
			"rotation": {"angle": 22.5, "axis": "z", "origin": [10.25047, 19.28216, 18.5]},
			"faces": {
				"north": {"uv": [0.5, 0, 0, 0.25], "texture": "#0"},
				"east": {"uv": [16, 0, 0, 16], "texture": "#0"},
				"south": {"uv": [0.5, 0, 0, 0.25], "texture": "#0"},
				"up": {"uv": [16, 0, 0, 16], "texture": "#0"},
				"down": {"uv": [16, 0, 0, 16], "texture": "#0"}
			}
		},
		{
			"name": "separator",
			"from": [-0.05227, 17.32037, 4.91336],
			"to": [16.04773, 17.57037, 12.91336],
			"rotation": {"angle": -45, "axis": "x", "origin": [7.94773, 19.00787, 19.91336]},
			"faces": {
				"east": {"uv": [0, 0, 6.5, 0.25], "texture": "#0"},
				"south": {"uv": [0, 0, 12.6, 0.25], "texture": "#0"},
				"west": {"uv": [0, 0, 6.5, 0.25], "texture": "#0"},
				"up": {"uv": [0, 0, 12.6, 6.5], "texture": "#0"},
				"down": {"uv": [0, 0, 16, 8], "texture": "#5"}
			}
		},
		{
			"name": "separator",
			"from": [-0.05227, 7.20803, 3.5],
			"to": [16.04773, 7.45803, 10.5],
			"rotation": {"angle": 0, "axis": "y", "origin": [7.94773, 13.89553, 18.5]},
			"faces": {
				"north": {"uv": [0, 0, 12.6, 0.25], "texture": "#0"},
				"east": {"uv": [0, 0, 6.5, 0.25], "texture": "#0"},
				"up": {"uv": [0, 0, 12.6, 6.5], "texture": "#0"},
				"down": {"uv": [0, 0, 12.6, 6.5], "texture": "#0"}
			}
		},
		{
			"name": "separator",
			"from": [0, 7.45803, 3.5],
			"to": [0.75, 12.95803, 4],
			"rotation": {"angle": 0, "axis": "y", "origin": [7.94773, 13.89553, 18.5]},
			"faces": {
				"north": {"uv": [0, 0, 16, 16], "texture": "#0"},
				"south": {"uv": [0, 0, 16, 16], "texture": "#0"}
			}
		},
		{
			"name": "separator",
			"from": [0.69773, 7.45803, 3.5],
			"to": [15.29773, 13.70803, 4],
			"rotation": {"angle": 0, "axis": "y", "origin": [7.94773, 13.89553, 18.5]},
			"faces": {
				"north": {"uv": [0, 0, 16, 16], "texture": "#0"},
				"south": {"uv": [0, 0, 16, 16], "texture": "#0"}
			}
		},
		{
			"name": "front glass",
			"from": [4.625, 11.99226, 1.08686],
			"to": [8, 12.24226, 6.21186],
			"rotation": {"angle": -45, "axis": "x", "origin": [7.80744, 12.11726, -1.03814]},
			"faces": {
				"up": {"uv": [0, 0, 16, 16], "texture": "#7"},
				"down": {"uv": [0, 0, 16, 16], "texture": "#9"}
			}
		},
		{
			"name": "front glass",
			"from": [8, 11.99226, 1.08686],
			"to": [11.375, 12.24226, 6.21186],
			"rotation": {"angle": -45, "axis": "x", "origin": [7.80744, 12.11726, -1.03814]},
			"faces": {
				"east": {"uv": [0, 0, 16, 16], "texture": "#9"},
				"up": {"uv": [0, 0, 16, 16], "texture": "#7"},
				"down": {"uv": [0, 0, 16, 16], "texture": "#9"}
			}
		},
		{
			"name": "back glass",
			"from": [4.72619, 11.99226, 14.28814],
			"to": [11.26369, 12.24226, 19.41314],
			"rotation": {"angle": 45, "axis": "x", "origin": [7.80744, 12.11726, 21.53814]},
			"faces": {
				"east": {"uv": [0, 0, 5.125, 0.25], "texture": "#9"},
				"west": {"uv": [0, 0, 5.125, 0.25], "texture": "#9"},
				"up": {"uv": [0, 0, 16, 16], "texture": "#7"},
				"down": {"uv": [0, 0, 16, 16], "texture": "#9"}
			}
		},
		{
			"name": "cab wall",
			"from": [8.45574, 15.05999, 3.5],
			"to": [8.95574, 15.55999, 17],
			"rotation": {"angle": -45, "axis": "z", "origin": [8.26824, 21.40999, 18.5]},
			"faces": {
				"north": {"uv": [0.75, 0, 0, 0.5], "texture": "#0"},
				"east": {"uv": [0, 16, 16, 0], "rotation": 90, "texture": "#0"},
				"south": {"uv": [0.75, 0, 0, 0.5], "texture": "#0"},
				"west": {"uv": [0, 16, 16, 0], "rotation": 90, "texture": "#0"}
			}
		},
		{
			"from": [0, -2.5, 18.5],
			"to": [16, -2, 23],
			"rotation": {"angle": 0, "axis": "y", "origin": [8, 5.63307, 29]},
			"faces": {
				"north": {"uv": [0, 0, 16, 16], "texture": "#0"},
				"south": {"uv": [0, 0, 16, 16], "texture": "#0"},
				"up": {"uv": [0, 0, 16, 16], "texture": "#5"},
				"down": {"uv": [0, 0, 16, 16], "texture": "#0"}
			}
		},
		{
			"from": [0.5, -4.5, 16.5],
			"to": [15.5, -4, 19],
			"rotation": {"angle": 0, "axis": "y", "origin": [8, 5.63307, 29]},
			"faces": {
				"south": {"uv": [0, 0, 16, 16], "texture": "#0"},
				"up": {"uv": [0, 0, 16, 16], "texture": "#5"},
				"down": {"uv": [0, 0, 16, 16], "texture": "#0"}
			}
		},
		{
			"from": [0, -4, 18.5],
			"to": [16, -2.5, 19],
			"rotation": {"angle": 0, "axis": "y", "origin": [8, 5.63307, 29]},
			"faces": {
				"north": {"uv": [0, 0, 16, 16], "texture": "#0"},
				"south": {"uv": [0, 0, 16, 16], "texture": "#0"}
			}
		},
		{
			"name": "floor",
			"from": [-0.5, -6.5, 0],
			"to": [16.5, -6, 16.5],
			"rotation": {"angle": 0, "axis": "y", "origin": [8, 5.63307, 29]},
			"faces": {
				"north": {"uv": [0, 0, 16, 16], "texture": "#0"},
				"east": {"uv": [0, 0, 3, 0.5], "texture": "#0"},
				"south": {"uv": [0, 0, 16, 16], "texture": "#0"},
				"west": {"uv": [0, 0, 3, 0.5], "texture": "#0"},
				"up": {"uv": [0, 0, 16, 16], "texture": "#5"},
				"down": {"uv": [0, 0, 16, 16], "texture": "#0"}
			}
		},
		{
			"from": [0, -6, 16],
			"to": [16, -4, 16.5],
			"rotation": {"angle": 0, "axis": "y", "origin": [8, 5.63307, 29]},
			"faces": {
				"north": {"uv": [0, 0, 16, 16], "texture": "#0"},
				"south": {"uv": [0, 0, 16, 16], "texture": "#0"},
				"up": {"uv": [0, 0, 16, 16], "texture": "#5"}
			}
		},
		{
			"name": "chair",
			"from": [5.6, 10.56446, 11.73343],
			"to": [10.4, 10.88272, 12.13343],
			"rotation": {"angle": 45, "axis": "x", "origin": [8, 10.76694, 9.01937]},
			"faces": {
				"north": {"uv": [0, 0, 4.8, 0.31826], "texture": "#4"},
				"east": {"uv": [0, 0, 0.4, 0.31826], "texture": "#4"},
				"south": {"uv": [0, 0, 4.8, 0.31826], "texture": "#4"},
				"west": {"uv": [0, 0, 0.4, 0.31826], "texture": "#4"}
			}
		},
		{
			"name": "chair",
			"from": [5.6, 9.68221, 11.54069],
			"to": [10.4, 10.00047, 11.94069],
			"rotation": {"angle": 22.5, "axis": "x", "origin": [8, 10.76694, 9.01937]},
			"faces": {
				"north": {"uv": [0, 0, 4.8, 0.31826], "texture": "#4"},
				"east": {"uv": [0, 0, 0.4, 0.31826], "texture": "#4"},
				"south": {"uv": [0, 0, 4.8, 0.31826], "texture": "#4"},
				"west": {"uv": [0, 0, 0.4, 0.31826], "texture": "#4"}
			}
		},
		{
			"name": "chair",
			"from": [5.6, 15.02112, 9.42811],
			"to": [10.4, 15.82112, 9.82811],
			"rotation": {"angle": 22.5, "axis": "x", "origin": [8, 10.76694, 9.01937]},
			"faces": {
				"north": {"uv": [0, 0, 4.8, 0.8], "texture": "#4"},
				"east": {"uv": [0, 0, 0.4, 0.8], "texture": "#4"},
				"south": {"uv": [0, 0, 4.8, 0.8], "texture": "#4"},
				"west": {"uv": [0, 0, 0.4, 0.8], "texture": "#4"},
				"up": {"uv": [0, 0, 4.8, 0.4], "texture": "#4"}
			}
		},
		{
			"name": "chair",
			"from": [5.6, 8.94087, 11.025],
			"to": [10.4, 14.54087, 11.425],
			"rotation": {"angle": 0, "axis": "y", "origin": [8, 10.76694, 9.01937]},
			"faces": {
				"north": {"uv": [0, 0, 4.8, 5.6], "texture": "#4"},
				"east": {"uv": [0, 0, 0.4, 5.6], "texture": "#4"},
				"south": {"uv": [0, 0, 4.8, 5.6], "texture": "#4"},
				"west": {"uv": [0, 0, 0.4, 5.6], "texture": "#4"}
			}
		},
		{
			"name": "armrest",
			"from": [10.4, 10.64087, 8.325],
			"to": [10.7, 11.04087, 11.425],
			"rotation": {"angle": 0, "axis": "x", "origin": [10.55, 11.84087, 11.375]},
			"faces": {
				"east": {"uv": [0, 0, 0.4, 3.1], "rotation": 90, "texture": "#1"},
				"south": {"uv": [0, 0, 0.4, 0.3], "rotation": 90, "texture": "#1"},
				"west": {"uv": [0, 0, 0.4, 3.1], "rotation": 90, "texture": "#1"},
				"up": {"uv": [0, 0, 3.1, 0.3], "rotation": 90, "texture": "#1"},
				"down": {"uv": [0, 0, 3.1, 0.3], "rotation": 90, "texture": "#1"}
			}
		},
		{
			"name": "armrest",
			"from": [10.4, 11.63235, 7.00952],
			"to": [10.7, 12.03235, 7.80952],
			"rotation": {"angle": -22.5, "axis": "x", "origin": [10.55, 12.83235, 10.55952]},
			"faces": {
				"north": {"uv": [0, 0, 0.4, 0.3], "rotation": 90, "texture": "#1"},
				"east": {"uv": [0, 0, 0.4, 0.8], "rotation": 90, "texture": "#1"},
				"west": {"uv": [0, 0, 0.4, 0.8], "rotation": 90, "texture": "#1"},
				"up": {"uv": [0, 0, 0.8, 0.3], "rotation": 90, "texture": "#1"},
				"down": {"uv": [0, 0, 0.8, 0.3], "rotation": 90, "texture": "#1"}
			}
		},
		{
			"name": "armrest",
			"from": [5.3, 10.64087, 8.325],
			"to": [5.6, 11.04087, 11.425],
			"rotation": {"angle": 0, "axis": "x", "origin": [5.45, 11.84087, 11.375]},
			"faces": {
				"east": {"uv": [0, 3.1, 0.4, 0], "rotation": 90, "texture": "#1"},
				"south": {"uv": [0, 0.3, 0.4, 0], "rotation": 90, "texture": "#1"},
				"west": {"uv": [0, 3.1, 0.4, 0], "rotation": 90, "texture": "#1"},
				"up": {"uv": [0, 0.3, 3.1, 0], "rotation": 90, "texture": "#1"},
				"down": {"uv": [0, 0.3, 3.1, 0], "rotation": 90, "texture": "#1"}
			}
		},
		{
			"name": "armrest",
			"from": [5.3, 11.63235, 7.00952],
			"to": [5.6, 12.03235, 7.80952],
			"rotation": {"angle": -22.5, "axis": "x", "origin": [5.45, 12.83235, 10.55952]},
			"faces": {
				"north": {"uv": [0, 0.3, 0.4, 0], "rotation": 90, "texture": "#1"},
				"east": {"uv": [0, 0.8, 0.4, 0], "rotation": 90, "texture": "#1"},
				"west": {"uv": [0, 0.8, 0.4, 0], "rotation": 90, "texture": "#1"},
				"up": {"uv": [0, 0.3, 0.8, 0], "rotation": 90, "texture": "#1"},
				"down": {"uv": [0, 0.3, 0.8, 0], "rotation": 90, "texture": "#1"}
			}
		},
		{
			"name": "chair",
			"from": [5.6, 8.3, 6.78413],
			"to": [10.4, 8.7, 10.78413],
			"rotation": {"angle": 0, "axis": "y", "origin": [8, 8.5, 8.78413]},
			"faces": {
				"east": {"uv": [0, 0, 4, 0.4], "texture": "#4"},
				"west": {"uv": [0, 0, 4, 0.4], "texture": "#4"},
				"up": {"uv": [4.8, 0, 9.6, 4], "texture": "#4"},
				"down": {"uv": [0, 0, 4.8, 4], "texture": "#4"}
			}
		},
		{
			"name": "stalk",
			"from": [7.6, 7.45, 8.38413],
			"to": [8.4, 8.45, 9.18413],
			"rotation": {"angle": 0, "axis": "y", "origin": [8, 10.76694, 9.01937]},
			"faces": {
				"north": {"uv": [0, 0, 0.8, 4.75], "texture": "#1"},
				"east": {"uv": [0, 0, 0.8, 4.75], "texture": "#1"},
				"south": {"uv": [0, 0, 0.8, 4.75], "texture": "#1"},
				"west": {"uv": [0, 0, 0.8, 4.75], "texture": "#1"}
			}
		},
		{
			"name": "chair",
			"from": [5.6, 7.81244, 9.70574],
			"to": [10.4, 8.21244, 10.024],
			"rotation": {"angle": -22.5, "axis": "x", "origin": [8, 10.76694, 9.01937]},
			"faces": {
				"east": {"uv": [0, 0, 0.31826, 0.4], "texture": "#4"},
				"west": {"uv": [0, 0, 0.31826, 0.4], "texture": "#4"},
				"up": {"uv": [0, 0, 4.8, 0.31826], "texture": "#4"},
				"down": {"uv": [0, 0, 4.8, 0.31826], "texture": "#4"}
			}
		},
		{
			"name": "chair",
			"from": [5.6, 9.31273, 5.76329],
			"to": [10.4, 9.71273, 6.16329],
			"rotation": {"angle": -22.5, "axis": "x", "origin": [8, 10.76694, 9.01937]},
			"faces": {
				"north": {"uv": [0, 0, 4.8, 0.4], "texture": "#4"},
				"east": {"uv": [0, 0, 0.4, 0.4], "texture": "#4"},
				"west": {"uv": [0, 0, 0.4, 0.4], "texture": "#4"},
				"up": {"uv": [0, 0, 4.8, 0.4], "texture": "#4"},
				"down": {"uv": [0, 0, 4.8, 0.4], "texture": "#4"}
			}
		},
		{
			"name": "separator",
			"from": [15.25, 7.45803, 3.5],
			"to": [16, 12.95803, 4],
			"rotation": {"angle": 0, "axis": "y", "origin": [8.05227, 13.89553, 18.5]},
			"faces": {
				"north": {"uv": [16, 0, 0, 16], "texture": "#0"},
				"south": {"uv": [16, 0, 0, 16], "texture": "#0"}
			}
		},
		{
			"name": "door panel",
			"from": [16, -6, 11.5],
			"to": [16.5, 11.875, 16.5],
			"rotation": {"angle": 0, "axis": "y", "origin": [11.5, -1, 10.5]},
			"faces": {
				"north": {"uv": [3, 3, 13, 13], "texture": "#2"},
				"east": {"uv": [3, 3, 13, 13], "texture": "#0"},
				"south": {"uv": [3, 3, 13, 13], "texture": "#0"},
				"west": {"uv": [8, 0, 3, 16], "texture": "#5"}
			}
		},
		{
			"name": "door panel",
			"from": [16, -3.625, 0],
			"to": [16.5, -1.5, 5.325],
			"rotation": {"angle": 0, "axis": "y", "origin": [11.5, -1, 10.5]},
			"faces": {
				"north": {"uv": [3, 3, 13, 13], "texture": "#2"},
				"east": {"uv": [3, 3, 13, 13], "texture": "#2"},
				"south": {"uv": [3, 3, 13, 13], "texture": "#0"},
				"west": {"uv": [8.325, 3, 3, 5.125], "texture": "#5"},
				"up": {"uv": [0.5, 0, 0, 0.5], "texture": "#2"}
			}
		},
		{
			"name": "door panel",
			"from": [8, -6.5, -8],
			"to": [16, -6, 0],
			"rotation": {"angle": 0, "axis": "y", "origin": [11.5, -3.625, 10.5]},
			"faces": {
				"east": {"uv": [0, 0, 16, 16], "texture": "#0"},
				"up": {"uv": [3.5, 3.5, 11.5, 11.5], "texture": "#5"},
				"down": {"uv": [0, 0, 16, 16], "texture": "#0"}
			}
		},
		{
			"name": "door panel",
			"from": [15.5, -1.5, -8],
			"to": [16, 8.5, 0],
			"rotation": {"angle": 0, "axis": "y", "origin": [11.5, -1, 10.5]},
			"faces": {
				"east": {"uv": [0, 0, 10.66667, 16], "texture": "#7"},
				"south": {"uv": [0, 0, 0.5, 10], "texture": "#0"},
				"west": {"uv": [5.33333, 0, 16, 16], "texture": "#9"}
			}
		},
		{
			"name": "door panel",
			"from": [0, -1.5, -8],
			"to": [0.5, 8.5, 0],
			"rotation": {"angle": 0, "axis": "y", "origin": [4.5, -1, 10.5]},
			"faces": {
				"east": {"uv": [16, 0, 5.33333, 16], "texture": "#9"},
				"south": {"uv": [0, 0, 0.5, 10], "texture": "#0"},
				"west": {"uv": [10.66667, 0, 0, 16], "texture": "#7"}
			}
		},
		{
			"name": "door panel",
			"from": [7.75366, -6.5, -11.75209],
			"to": [15.25366, -6, -7.75209],
			"rotation": {"angle": 22.5, "axis": "y", "origin": [15.00366, -5.1875, -9.75209]},
			"faces": {
				"east": {"uv": [0, 0, 16, 16], "texture": "#0"},
				"up": {"uv": [3.5, 3.5, 11, 7.5], "texture": "#5"},
				"down": {"uv": [0, 0, 16, 16], "texture": "#0"}
			}
		},
		{
			"name": "door panel",
			"from": [14.75366, -1.5, -11.75209],
			"to": [15.25366, 8.5, -7.75209],
			"rotation": {"angle": 22.5, "axis": "y", "origin": [15.00366, -2.5625, -9.75209]},
			"faces": {
				"east": {"uv": [10.66667, 0, 16, 16], "texture": "#7"},
				"west": {"uv": [0, 0, 5.33333, 16], "texture": "#9"}
			}
		},
		{
			"name": "door panel",
			"from": [0.74634, -1.5, -11.75209],
			"to": [1.24634, 8.5, -7.75209],
			"rotation": {"angle": -22.5, "axis": "y", "origin": [0.99634, -2.5625, -9.75209]},
			"faces": {
				"east": {"uv": [5.33333, 0, 0, 16], "texture": "#9"},
				"west": {"uv": [16, 0, 10.66667, 16], "texture": "#7"}
			}
		},
		{
			"name": "door panel",
			"from": [7.18678, 12.958, -2.74762],
			"to": [9.18678, 14.208, 1.75238],
			"rotation": {"angle": -22.5, "axis": "y", "origin": [5.68678, 2.375, 15.75238]},
			"faces": {
				"east": {"uv": [0, 0, 16, 16], "texture": "#0"},
				"south": {"uv": [0, 0, 16, 16], "texture": "#0"},
				"west": {"uv": [0, 0, 16, 16], "texture": "#0"},
				"up": {"uv": [0, 0, 16, 16], "texture": "#0"},
				"down": {"uv": [0, 0, 16, 16], "texture": "#0"}
			}
		},
		{
			"name": "door panel",
			"from": [0.74634, 8.5, -9.75209],
			"to": [1.49634, 10.5, -7.75209],
			"rotation": {"angle": -22.5, "axis": "y", "origin": [0.99634, -2.5625, -9.75209]},
			"faces": {
				"north": {"uv": [16, 0, 0, 16], "texture": "#0"},
				"east": {"uv": [16, 0, 0, 16], "texture": "#0"},
				"south": {"uv": [16, 0, 0, 16], "texture": "#0"},
				"west": {"uv": [16, 0, 0, 16], "texture": "#0"},
				"up": {"uv": [16, 0, 0, 16], "texture": "#0"},
				"down": {"uv": [16, 0, 0, 16], "texture": "#0"}
			}
		},
		{
			"name": "door panel",
			"from": [0.74634, 8.5, -11.75209],
			"to": [1.74634, 9.5, -9.75209],
			"rotation": {"angle": -22.5, "axis": "y", "origin": [0.99634, -2.5625, -9.75209]},
			"faces": {
				"east": {"uv": [16, 0, 0, 16], "texture": "#0"},
				"south": {"uv": [16, 0, 0, 16], "texture": "#0"},
				"west": {"uv": [3, 3, 13, 13], "texture": "#2"},
				"up": {"uv": [3, 3, 13, 13], "texture": "#2"},
				"down": {"uv": [16, 0, 0, 16], "texture": "#0"}
			}
		},
		{
			"name": "door panel",
			"from": [8.83538, -6.5, -13.22585],
			"to": [13.83538, -6, -11.22585],
			"rotation": {"angle": 45, "axis": "y", "origin": [13.58538, -5.1875, -12.22585]},
			"faces": {
				"east": {"uv": [0, 0, 16, 16], "texture": "#0"},
				"up": {"uv": [3.5, 3.5, 8.5, 5.5], "texture": "#5"},
				"down": {"uv": [0, 0, 16, 16], "texture": "#0"}
			}
		},
		{
			"name": "door panel",
			"from": [-0.5, -1.5, 0],
			"to": [0, 7.25, 1],
			"rotation": {"angle": 0, "axis": "y", "origin": [4.5, -1, 10.5]},
			"faces": {
				"north": {"uv": [13, 3, 3, 13], "texture": "#1"},
				"east": {"uv": [3, 0, 4, 8.875], "texture": "#5"},
				"south": {"uv": [13, 3, 3, 13], "texture": "#0"},
				"west": {"uv": [13, 3, 3, 13], "texture": "#1"}
			}
		},
		{
			"name": "door panel",
			"from": [-0.5, 7.25, 0],
			"to": [0, 11.875, 11.5],
			"rotation": {"angle": 0, "axis": "y", "origin": [4.5, -1, 10.5]},
			"faces": {
				"north": {"uv": [13, 3, 3, 13], "texture": "#0"},
				"east": {"uv": [3, 0, 14.5, 4.625], "texture": "#5"},
				"west": {"uv": [13, 3, 3, 13], "texture": "#0"},
				"down": {"uv": [13, 3, 3, 13], "texture": "#0"}
			}
		},
		{
			"name": "door panel",
			"from": [0.74634, -6, -11.75209],
			"to": [1.24634, -3.625, -7.75209],
			"rotation": {"angle": -22.5, "axis": "y", "origin": [0.99634, -4.6875, -9.75209]},
			"faces": {
				"east": {"uv": [16, 0, 0, 16], "texture": "#0"},
				"west": {"uv": [16, 0, 0, 16], "texture": "#0"}
			}
		},
		{
			"name": "door panel",
			"from": [2.16462, -6, -13.22585],
			"to": [2.66462, -3.625, -11.22585],
			"rotation": {"angle": -45, "axis": "y", "origin": [2.41462, -4.6875, -12.22585]},
			"faces": {
				"east": {"uv": [16, 0, 0, 16], "texture": "#0"},
				"west": {"uv": [16, 0, 0, 16], "texture": "#0"}
			}
		},
		{
			"name": "door panel",
			"from": [0, -6, -8],
			"to": [0.5, -3.625, 0],
			"rotation": {"angle": 0, "axis": "y", "origin": [4.5, -3.125, 10.5]},
			"faces": {
				"east": {"uv": [16, 0, 0, 16], "texture": "#0"},
				"south": {"uv": [16, 0, 0, 16], "texture": "#0"},
				"west": {"uv": [16, 0, 0, 16], "texture": "#0"}
			}
		},
		{
			"name": "door panel",
			"from": [0, 11.3705, -1],
			"to": [15.5, 14.208, 0],
			"rotation": {"angle": 0, "axis": "y", "origin": [4.5, 2.458, 10.5]},
			"faces": {
				"south": {"uv": [16, 0, 0, 16], "texture": "#0"},
				"west": {"uv": [16, 0, 0, 16], "texture": "#0"},
				"up": {"uv": [16, 0, 0, 16], "texture": "#0"}
			}
		},
		{
			"name": "door panel",
			"from": [0, 11.3705, 0],
			"to": [15.5, 11.3705, 3.5],
			"rotation": {"angle": 0, "axis": "y", "origin": [4.5, 2.458, 10.5]},
			"faces": {
				"up": {"uv": [16, 0, 0, 16], "texture": "#0"},
				"down": {"uv": [16, 0, 0, 16], "texture": "#0"}
			}
		},
		{
			"name": "door panel",
			"from": [6.81322, 12.958, -2.74762],
			"to": [8.81322, 14.208, 1.75238],
			"rotation": {"angle": 22.5, "axis": "y", "origin": [10.31322, 2.375, 15.75238]},
			"faces": {
				"east": {"uv": [16, 0, 0, 16], "texture": "#0"},
				"south": {"uv": [16, 0, 0, 16], "texture": "#0"},
				"west": {"uv": [16, 0, 0, 16], "texture": "#0"},
				"up": {"uv": [16, 0, 0, 16], "texture": "#0"},
				"down": {"uv": [16, 0, 0, 16], "texture": "#0"}
			}
		},
		{
			"name": "door panel",
			"from": [2.88838, -6, -13.89413],
			"to": [6.88838, -3.625, -13.39413],
			"rotation": {"angle": 22.5, "axis": "y", "origin": [4.88838, -4.6875, -13.64413]},
			"faces": {
				"north": {"uv": [16, 0, 0, 16], "texture": "#0"},
				"east": {"uv": [16, 0, 0, 16], "texture": "#0"},
				"south": {"uv": [16, 0, 0, 16], "texture": "#0"}
			}
		},
		{
			"name": "door panel",
			"from": [0, -6.5, -8],
			"to": [8, -6, 0],
			"rotation": {"angle": 0, "axis": "y", "origin": [4.5, -3.625, 10.5]},
			"faces": {
				"west": {"uv": [16, 0, 0, 16], "texture": "#0"},
				"up": {"uv": [3.5, 3.5, 11.5, 11.5], "texture": "#5"},
				"down": {"uv": [16, 0, 0, 16], "texture": "#0"}
			}
		},
		{
			"name": "door panel",
			"from": [0.74634, -6.5, -11.75209],
			"to": [8.24634, -6, -7.75209],
			"rotation": {"angle": -22.5, "axis": "y", "origin": [0.99634, -5.1875, -9.75209]},
			"faces": {
				"west": {"uv": [16, 0, 0, 16], "texture": "#0"},
				"up": {"uv": [3.5, 3.5, 11, 7.5], "texture": "#5"},
				"down": {"uv": [16, 0, 0, 16], "texture": "#0"}
			}
		},
		{
			"name": "door panel",
			"from": [2.16462, -6.5, -13.22585],
			"to": [7.16462, -6, -11.22585],
			"rotation": {"angle": -45, "axis": "y", "origin": [2.41462, -5.1875, -12.22585]},
			"faces": {
				"west": {"uv": [16, 0, 0, 16], "texture": "#0"},
				"up": {"uv": [3.5, 3.5, 8.5, 5.5], "texture": "#5"},
				"down": {"uv": [16, 0, 0, 16], "texture": "#0"}
			}
		},
		{
			"name": "door panel",
			"from": [2.88838, -6.5, -13.89413],
			"to": [6.88838, -6, -8.14413],
			"rotation": {"angle": 22.5, "axis": "y", "origin": [4.88838, -5.1875, -13.64413]},
			"faces": {
				"north": {"uv": [16, 0, 0, 16], "texture": "#0"},
				"east": {"uv": [16, 0, 0, 16], "texture": "#0"},
				"up": {"uv": [3.5, 3.5, 7.5, 9.25], "texture": "#5"},
				"down": {"uv": [16, 0, 0, 16], "texture": "#0"}
			}
		},
		{
			"name": "door panel",
			"from": [9.11162, -6.5, -13.89413],
			"to": [13.11162, -6, -8.14413],
			"rotation": {"angle": -22.5, "axis": "y", "origin": [11.11162, -5.1875, -13.64413]},
			"faces": {
				"north": {"uv": [0, 0, 16, 16], "texture": "#0"},
				"west": {"uv": [0, 0, 16, 16], "texture": "#0"},
				"up": {"uv": [3.5, 3.5, 7.5, 9.25], "texture": "#5"},
				"down": {"uv": [0, 0, 16, 16], "texture": "#0"}
			}
		},
		{
			"name": "door panel",
			"from": [6.64704, -6, -14.64046],
			"to": [9.35954, -3.625, -14.14046],
			"rotation": {"angle": 0, "axis": "y", "origin": [8.00329, -4.6875, -14.39046]},
			"faces": {
				"north": {"uv": [0, 0, 16, 16], "texture": "#0"},
				"south": {"uv": [0, 0, 16, 16], "texture": "#0"},
				"west": {"uv": [0, 0, 16, 16], "texture": "#0"}
			}
		},
		{
			"name": "door panel",
			"from": [6.64704, -6.5, -14.64046],
			"to": [9.35954, -6, -11.39046],
			"rotation": {"angle": 0, "axis": "y", "origin": [8.00329, -4.6875, -14.39046]},
			"faces": {
				"north": {"uv": [0, 0, 16, 16], "texture": "#0"},
				"south": {"uv": [0, 0, 16, 16], "texture": "#0"},
				"west": {"uv": [0, 0, 16, 16], "texture": "#0"},
				"up": {"uv": [3.5, 3.5, 6.2125, 6.75], "texture": "#5"},
				"down": {"uv": [0, 0, 16, 16], "texture": "#0"}
			}
		},
		{
			"name": "door panel",
			"from": [2.88838, -1.5, -13.89413],
			"to": [6.88838, 8.5, -13.39413],
			"rotation": {"angle": 22.5, "axis": "y", "origin": [4.88838, -0.4375, -13.64413]},
			"faces": {
				"north": {"uv": [16, 0, 5.33333, 16], "texture": "#7"},
				"east": {"uv": [0, 0, 16, 16], "texture": "#9"},
				"south": {"uv": [10.66667, 0, 0, 16], "texture": "#9"}
			}
		},
		{
			"name": "door panel",
			"from": [2.16462, -1.5, -13.22585],
			"to": [2.66462, 8.5, -11.22585],
			"rotation": {"angle": -45, "axis": "y", "origin": [2.41462, -0.4375, -12.22585]},
			"faces": {
				"east": {"uv": [16, 0, 10.66667, 16], "texture": "#9"},
				"west": {"uv": [5.33333, 0, 0, 16], "texture": "#7"}
			}
		},
		{
			"name": "door panel",
			"from": [6.64047, 8.5, -14.64047],
			"to": [9.35297, 9.5, -12.64047],
			"rotation": {"angle": 0, "axis": "y", "origin": [8.64047, 0.5625, -14.39047]},
			"faces": {
				"north": {"uv": [3, 3, 13, 13], "texture": "#2"},
				"east": {"uv": [13, 3, 3, 13], "texture": "#2"},
				"south": {"uv": [0, 0, 16, 16], "texture": "#0"},
				"up": {"uv": [3, 3, 13, 13], "texture": "#2"},
				"down": {"uv": [0, 0, 16, 16], "texture": "#0"}
			}
		},
		{
			"name": "door panel",
			"from": [2.16462, 8.5, -13.22585],
			"to": [3.16462, 9.5, -11.22585],
			"rotation": {"angle": -45, "axis": "y", "origin": [2.41462, 0.5625, -12.22585]},
			"faces": {
				"east": {"uv": [0, 0, 16, 16], "texture": "#0"},
				"west": {"uv": [3, 3, 13, 13], "texture": "#2"},
				"up": {"uv": [13, 3, 3, 13], "texture": "#2"},
				"down": {"uv": [0, 0, 16, 16], "texture": "#0"}
			}
		},
		{
			"name": "door panel",
			"from": [9.11162, 8.5, -13.89413],
			"to": [13.11162, 9.5, -11.89413],
			"rotation": {"angle": -22.5, "axis": "y", "origin": [11.11162, 0.5625, -13.64413]},
			"faces": {
				"north": {"uv": [13, 3, 3, 13], "texture": "#2"},
				"east": {"uv": [16, 0, 0, 16], "texture": "#0"},
				"south": {"uv": [16, 0, 0, 16], "texture": "#0"},
				"west": {"uv": [3, 3, 13, 13], "texture": "#2"},
				"up": {"uv": [13, 3, 3, 13], "texture": "#2"},
				"down": {"uv": [16, 0, 0, 16], "texture": "#0"}
			}
		},
		{
			"name": "door panel",
			"from": [12.83538, 8.5, -13.22585],
			"to": [13.83538, 9.5, -11.22585],
			"rotation": {"angle": 45, "axis": "y", "origin": [13.58538, 0.5625, -12.22585]},
			"faces": {
				"east": {"uv": [13, 3, 3, 13], "texture": "#2"},
				"west": {"uv": [16, 0, 0, 16], "texture": "#0"},
				"up": {"uv": [3, 3, 13, 13], "texture": "#2"},
				"down": {"uv": [16, 0, 0, 16], "texture": "#0"}
			}
		},
		{
			"name": "door panel",
			"from": [15.5, 8.5, -8],
			"to": [16, 11.375, 0],
			"rotation": {"angle": 0, "axis": "y", "origin": [11.5, 2.5, 10.5]},
			"faces": {
				"north": {"uv": [0, 0, 16, 16], "texture": "#0"},
				"east": {"uv": [0, 0, 16, 16], "texture": "#0"},
				"south": {"uv": [0, 0, 16, 16], "texture": "#0"},
				"west": {"uv": [0, 0, 16, 16], "texture": "#0"},
				"up": {"uv": [0, 0, 16, 16], "texture": "#0"}
			}
		},
		{
			"name": "door panel",
			"from": [0.5, 11.3705, -1],
			"to": [16, 14.208, 0],
			"rotation": {"angle": 0, "axis": "y", "origin": [11.5, 2.458, 10.5]},
			"faces": {
				"east": {"uv": [0, 0, 16, 16], "texture": "#0"},
				"south": {"uv": [0, 0, 16, 16], "texture": "#0"},
				"up": {"uv": [0, 0, 16, 16], "texture": "#0"},
				"down": {"uv": [0, 0, 16, 16], "texture": "#0"}
			}
		},
		{
			"name": "door panel",
			"from": [0, 8.5, -8],
			"to": [0.5, 11.375, 0],
			"rotation": {"angle": 0, "axis": "y", "origin": [4.5, 2.5, 10.5]},
			"faces": {
				"north": {"uv": [16, 0, 0, 16], "texture": "#0"},
				"east": {"uv": [16, 0, 0, 16], "texture": "#0"},
				"south": {"uv": [16, 0, 0, 16], "texture": "#0"},
				"west": {"uv": [16, 0, 0, 16], "texture": "#0"},
				"up": {"uv": [16, 0, 0, 16], "texture": "#0"}
			}
		},
		{
			"name": "door panel",
			"from": [14.25366, 8.5, -11.75209],
			"to": [15.25366, 9.5, -9.75209],
			"rotation": {"angle": 22.5, "axis": "y", "origin": [15.00366, -2.5625, -9.75209]},
			"faces": {
				"east": {"uv": [13, 3, 3, 13], "texture": "#2"},
				"south": {"uv": [0, 0, 16, 16], "texture": "#0"},
				"west": {"uv": [0, 0, 16, 16], "texture": "#0"},
				"up": {"uv": [13, 3, 3, 13], "texture": "#2"},
				"down": {"uv": [0, 0, 16, 16], "texture": "#0"}
			}
		},
		{
			"name": "door panel",
			"from": [14.50366, 8.5, -9.75209],
			"to": [15.25366, 10.5, -7.75209],
			"rotation": {"angle": 22.5, "axis": "y", "origin": [15.00366, -2.5625, -9.75209]},
			"faces": {
				"north": {"uv": [0, 0, 16, 16], "texture": "#0"},
				"east": {"uv": [0, 0, 16, 16], "texture": "#0"},
				"south": {"uv": [0, 0, 16, 16], "texture": "#0"},
				"west": {"uv": [0, 0, 16, 16], "texture": "#0"},
				"up": {"uv": [0, 0, 16, 16], "texture": "#0"},
				"down": {"uv": [0, 0, 16, 16], "texture": "#0"}
			}
		},
		{
			"name": "door panel",
			"from": [13.33538, -1.5, -13.22585],
			"to": [13.83538, 8.5, -11.22585],
			"rotation": {"angle": 45, "axis": "y", "origin": [13.58538, -0.4375, -12.22585]},
			"faces": {
				"east": {"uv": [0, 0, 5.33333, 16], "texture": "#7"},
				"west": {"uv": [10.66667, 0, 16, 16], "texture": "#9"}
			}
		},
		{
			"name": "door panel",
			"from": [9.11162, -1.5, -13.89413],
			"to": [13.11162, 8.5, -13.39413],
			"rotation": {"angle": -22.5, "axis": "y", "origin": [11.11162, -0.4375, -13.64413]},
			"faces": {
				"north": {"uv": [5.33333, 0, 16, 16], "texture": "#7"},
				"south": {"uv": [0, 0, 10.66667, 16], "texture": "#9"}
			}
		},
		{
			"name": "door panel",
			"from": [6.6438, 10.35136, -14.98289],
			"to": [9.3563, 11.47736, -0.23289],
			"rotation": {"angle": -22.5, "axis": "x", "origin": [8.14375, 10.91391, -7.48289]},
			"faces": {
				"north": {"uv": [3, 3, 13, 13], "texture": "#2"},
				"east": {"uv": [3, 3, 13, 13], "texture": "#0"},
				"south": {"uv": [3, 3, 7.5, 5], "texture": "#5"},
				"west": {"uv": [3, 3, 13, 13], "texture": "#2"},
				"up": {"uv": [13, 3, 3, 13], "texture": "#2"},
				"down": {"uv": [3, 3, 13, 13], "rotation": 90, "texture": "#2"}
			}
		},
		{
			"name": "door panel",
			"from": [15.5, -3.625, -8],
			"to": [16, -1.5, 0],
			"rotation": {"angle": 0, "axis": "y", "origin": [11.5, -1, 10.5]},
			"faces": {
				"east": {"uv": [3, 3, 13, 13], "texture": "#2"},
				"south": {"uv": [3, 3, 13, 13], "texture": "#2"},
				"west": {"uv": [3, 3, 13, 13], "texture": "#2"}
			}
		},
		{
			"name": "door panel",
			"from": [14.75366, -3.625, -11.75209],
			"to": [15.25366, -1.5, -7.75209],
			"rotation": {"angle": 22.5, "axis": "y", "origin": [15.00366, -2.5625, -9.75209]},
			"faces": {
				"east": {"uv": [3, 3, 13, 13], "texture": "#2"},
				"west": {"uv": [3, 3, 13, 13], "texture": "#2"}
			}
		},
		{
			"name": "door panel",
			"from": [13.33538, -3.625, -13.22585],
			"to": [13.83538, -1.5, -11.22585],
			"rotation": {"angle": 45, "axis": "y", "origin": [13.58538, -2.5625, -12.22585]},
			"faces": {
				"east": {"uv": [3, 3, 13, 13], "texture": "#2"},
				"west": {"uv": [3, 3, 13, 13], "texture": "#2"}
			}
		},
		{
			"name": "door panel",
			"from": [9.11162, -3.625, -13.89413],
			"to": [13.11162, -1.5, -13.39413],
			"rotation": {"angle": -22.5, "axis": "y", "origin": [11.11162, -2.5625, -13.64413]},
			"faces": {
				"north": {"uv": [13, 3, 3, 13], "texture": "#2"},
				"south": {"uv": [13, 3, 3, 13], "texture": "#2"}
			}
		},
		{
			"name": "door panel",
			"from": [2.88838, -3.625, -13.89413],
			"to": [6.88838, -1.5, -13.39413],
			"rotation": {"angle": 22.5, "axis": "y", "origin": [4.88838, -2.5625, -13.64413]},
			"faces": {
				"north": {"uv": [3, 3, 13, 13], "texture": "#2"},
				"east": {"uv": [3, 3, 13, 13], "texture": "#2"},
				"south": {"uv": [3, 3, 13, 13], "texture": "#2"}
			}
		},
		{
			"name": "door panel",
			"from": [2.16462, -3.625, -13.22585],
			"to": [2.66462, -1.5, -11.22585],
			"rotation": {"angle": -45, "axis": "y", "origin": [2.41462, -2.5625, -12.22585]},
			"faces": {
				"east": {"uv": [13, 3, 3, 13], "texture": "#2"},
				"west": {"uv": [13, 3, 3, 13], "texture": "#2"}
			}
		},
		{
			"name": "door panel",
			"from": [0.74634, -3.625, -11.75209],
			"to": [1.24634, -1.5, -7.75209],
			"rotation": {"angle": -22.5, "axis": "y", "origin": [0.99634, -2.5625, -9.75209]},
			"faces": {
				"east": {"uv": [13, 3, 3, 13], "texture": "#2"},
				"west": {"uv": [13, 3, 3, 13], "texture": "#2"}
			}
		},
		{
			"name": "door panel",
			"from": [0, -3.625, -8],
			"to": [0.5, -1.5, 0],
			"rotation": {"angle": 0, "axis": "y", "origin": [4.5, -1, 10.5]},
			"faces": {
				"east": {"uv": [13, 3, 3, 13], "texture": "#2"},
				"south": {"uv": [13, 3, 3, 13], "texture": "#2"},
				"west": {"uv": [13, 3, 3, 13], "texture": "#2"}
			}
		},
		{
			"name": "door panel",
			"from": [2.88838, 8.5, -13.89413],
			"to": [6.88838, 9.5, -11.89413],
			"rotation": {"angle": 22.5, "axis": "y", "origin": [4.88838, 0.5625, -13.64413]},
			"faces": {
				"north": {"uv": [3, 3, 13, 13], "texture": "#2"},
				"south": {"uv": [0, 0, 16, 16], "texture": "#0"},
				"west": {"uv": [0, 0, 16, 16], "texture": "#0"},
				"up": {"uv": [3, 3, 13, 13], "texture": "#2"},
				"down": {"uv": [0, 0, 16, 16], "texture": "#0"}
			}
		},
		{
			"name": "door panel",
			"from": [9.11162, -6, -13.89413],
			"to": [13.11162, -3.625, -13.39413],
			"rotation": {"angle": -22.5, "axis": "y", "origin": [11.11162, -4.6875, -13.64413]},
			"faces": {
				"north": {"uv": [0, 0, 16, 16], "texture": "#0"},
				"south": {"uv": [0, 0, 16, 16], "texture": "#0"}
			}
		},
		{
			"name": "door panel",
			"from": [13.33538, -6, -13.22585],
			"to": [13.83538, -3.625, -11.22585],
			"rotation": {"angle": 45, "axis": "y", "origin": [13.58538, -4.6875, -12.22585]},
			"faces": {
				"east": {"uv": [0, 0, 16, 16], "texture": "#0"},
				"west": {"uv": [0, 0, 16, 16], "texture": "#0"}
			}
		},
		{
			"name": "door panel",
			"from": [14.75366, -6, -11.75209],
			"to": [15.25366, -3.625, -7.75209],
			"rotation": {"angle": 22.5, "axis": "y", "origin": [15.00366, -4.6875, -9.75209]},
			"faces": {
				"east": {"uv": [0, 0, 16, 16], "texture": "#0"},
				"west": {"uv": [0, 0, 16, 16], "texture": "#0"}
			}
		},
		{
			"name": "door panel",
			"from": [15.5, -6, -8],
			"to": [16, -3.625, 0],
			"rotation": {"angle": 0, "axis": "y", "origin": [11.5, -3.125, 10.5]},
			"faces": {
				"east": {"uv": [0, 0, 16, 16], "texture": "#0"},
				"south": {"uv": [0, 0, 16, 16], "texture": "#0"},
				"west": {"uv": [0, 0, 16, 16], "texture": "#0"}
			}
		},
		{
			"name": "hexadecagon",
			"from": [1.90326, -5.40326, 16.5],
			"to": [3.09674, -4.90326, 23],
			"rotation": {"angle": -45, "axis": "z", "origin": [2.5, -2.40326, 16.5]},
			"faces": {
				"north": {"uv": [0, 0, 1.19348, 0.5], "texture": "#1"},
				"south": {"uv": [0, 0, 1.19348, 0.5], "texture": "#1"},
				"up": {"uv": [0, 0, 1.19348, 6.5], "texture": "#1"},
				"down": {"uv": [0, 0, 1.19348, 6.5], "texture": "#1"}
			}
		},
		{
			"name": "hexadecagon",
			"from": [1.90326, -5.40326, 16.5],
			"to": [3.09674, -4.90326, 23],
			"rotation": {"angle": -22.5, "axis": "z", "origin": [2.5, -2.40326, 16.5]},
			"faces": {
				"north": {"uv": [0, 0, 1.19348, 0.5], "texture": "#1"},
				"east": {"uv": [0, 0, 6.5, 0.5], "texture": "#1"},
				"south": {"uv": [0, 0, 1.19348, 0.5], "texture": "#1"},
				"up": {"uv": [0, 0, 1.19348, 6.5], "texture": "#1"},
				"down": {"uv": [0, 0, 1.19348, 6.5], "texture": "#1"}
			}
		},
		{
			"name": "hexadecagon",
			"from": [-0.5, -3, 16.5],
			"to": [0, -1.80653, 23],
			"rotation": {"angle": 22.5, "axis": "z", "origin": [2.5, -2.40326, 16.5]},
			"faces": {
				"north": {"uv": [0, 0, 0.5, 1.19347], "texture": "#1"},
				"east": {"uv": [0, 0, 6.5, 1.19347], "texture": "#1"},
				"south": {"uv": [0, 0, 0.5, 1.19347], "texture": "#1"},
				"west": {"uv": [0, 0, 6.5, 1.19347], "texture": "#1"}
			}
		},
		{
			"name": "hexadecagon",
			"from": [12.90326, -5.40326, 16.5],
			"to": [14.09674, -4.90326, 23],
			"rotation": {"angle": 45, "axis": "z", "origin": [13.5, -2.40326, 16.5]},
			"faces": {
				"north": {"uv": [1.19348, 0, 0, 0.5], "texture": "#1"},
				"south": {"uv": [1.19348, 0, 0, 0.5], "texture": "#1"},
				"up": {"uv": [1.19348, 0, 0, 6.5], "texture": "#1"},
				"down": {"uv": [1.19348, 0, 0, 6.5], "texture": "#1"}
			}
		},
		{
			"name": "hexadecagon",
			"from": [12.90326, -5.40326, 16.5],
			"to": [14.09674, -4.90326, 23],
			"rotation": {"angle": 22.5, "axis": "z", "origin": [13.5, -2.40326, 16.5]},
			"faces": {
				"north": {"uv": [1.19348, 0, 0, 0.5], "texture": "#1"},
				"south": {"uv": [1.19348, 0, 0, 0.5], "texture": "#1"},
				"west": {"uv": [6.5, 0, 0, 0.5], "texture": "#1"},
				"up": {"uv": [1.19348, 0, 0, 6.5], "texture": "#1"},
				"down": {"uv": [1.19348, 0, 0, 6.5], "texture": "#1"}
			}
		},
		{
			"name": "hexadecagon",
			"from": [16, -3, 16.5],
			"to": [16.5, -1.80653, 23],
			"rotation": {"angle": -22.5, "axis": "z", "origin": [13.5, -2.40326, 16.5]},
			"faces": {
				"north": {"uv": [0.5, 0, 0, 1.19347], "texture": "#1"},
				"east": {"uv": [6.5, 0, 0, 1.19347], "texture": "#1"},
				"south": {"uv": [0.5, 0, 0, 1.19347], "texture": "#1"},
				"west": {"uv": [6.5, 0, 0, 1.19347], "texture": "#1"}
			}
		}
	],
	"display": {
		"head": {
			"translation": [0, 26, 0],
			"scale": [4, 4, 4]
		}
	},
	"groups": [
		0,
		1,
		2,
		3,
		4,
		5,
		6,
		7,
		8,
		9,
		10,
		11,
		12,
		13,
		14,
		15,
		16,
		17,
		18,
		19,
		20,
		21,
		22,
		23,
		24,
		25,
		26,
		27,
		28,
		29,
		30,
		31,
		32,
		33,
		{
			"name": "cab",
			"origin": [8, 8, 8],
			"color": 0,
			"children": [
				34,
				35,
				36,
				37,
				38,
				{
					"name": "slat",
					"origin": [4.82811, 16.24209, 16],
					"color": 0,
					"children": [39, 40, 41, 42, 43, 44, 45, 46, 47, 48, 49, 50, 51, 52, 53, 54, 55]
				},
				{
					"name": "slat",
					"origin": [4.82811, 16.24209, 16],
					"color": 0,
					"children": [56, 57, 58, 59, 60, 61, 62, 63, 64, 65, 66, 67, 68, 69, 70, 71, 72, 73, 74]
				},
				{
					"name": "slat",
					"origin": [4.82811, 16.24209, 16],
					"color": 0,
					"children": [75, 76, 77, 78, 79, 80, 81, 82, 83, 84, 85, 86, 87, 88, 89, 90, 91, 92, 93]
				},
				{
					"name": "slat",
					"origin": [11.17189, 16.24209, 16],
					"color": 0,
					"children": [94, 95, 96, 97, 98, 99, 100, 101, 102, 103, 104, 105, 106, 107, 108, 109, 110]
				},
				111,
				112,
				113,
				114,
				115,
				116,
				117,
				118,
				119,
				120,
				121,
				122,
				123,
				124,
				125,
				126,
				127,
				128,
				129,
				130,
				131,
				132,
				133,
				134,
				135,
				136,
				137,
				138
			]
		},
		139,
		140,
		141,
		142,
		143,
		{
			"name": "chair",
			"origin": [8, 4.26694, 12.39437],
			"color": 0,
			"children": [144, 145, 146, 147, 148, 149, 150, 151, 152, 153, 154, 155]
		},
		156,
		157,
		158,
		159,
		160,
		161,
		162,
		163,
		164,
		165,
		166,
		167,
		168,
		169,
		170,
		171,
		172,
		173,
		174,
		175,
		176,
		177,
		178,
		179,
		180,
		181,
		182,
		183,
		184,
		185,
		186,
		187,
		188,
		189,
		190,
		191,
		192,
		193,
		194,
		195,
		196,
		197,
		198,
		199,
		200,
		201,
		202,
		203,
		204,
		205,
		206,
		207,
		208,
		209,
		210,
		211,
		212,
		213,
		214,
		215,
		216,
		217
	]
}