{
	"credit": "Made by Mike Shafter",
	"textures": {
		"3": "block/white_concrete",
		"4": "block/light_gray_concrete",
		"6": "block/stripped_birch_log",
		"7": "block/pink_shulker_box",
		"12": "block/cobbled_deepslate",
		"14": "block/ent_logo",
		"15": "block/light_gray_wool",
		"28": "block/glass",
		"particle": "block/black_stained_glass"
	},
	"elements": [
		{
			"from": [-8, -5, 9],
			"to": [24, -4, 17],
			"rotation": {"angle": 0, "axis": "y", "origin": [0, -5, 13]},
			"faces": {
				"south": {"uv": [0, 0, 14, 1], "texture": "#6"},
				"up": {"uv": [0, 0, 16, 16], "texture": "#6"},
				"down": {"uv": [0, 0, 14, 16], "texture": "#4"}
			}
		},
		{
			"from": [24, -4, 9],
			"to": [25, -1, 11],
			"rotation": {"angle": 0, "axis": "z", "origin": [15, -5, 13]},
			"faces": {
				"east": {"uv": [0, 0, 2, 4], "texture": "#4"},
				"south": {"uv": [1, 0, 0, 4], "texture": "#6"},
				"west": {"uv": [0, 12, 2, 16], "texture": "#6"}
			}
		},
		{
			"from": [-9, -4, 9],
			"to": [-8, -1, 11],
			"rotation": {"angle": 0, "axis": "z", "origin": [1, -5, 13]},
			"faces": {
				"east": {"uv": [2, 12, 0, 16], "texture": "#6"},
				"south": {"uv": [0, 0, 1, 4], "texture": "#6"},
				"west": {"uv": [2, 0, 0, 4], "texture": "#4"}
			}
		},
		{
			"from": [-9, 19.75, -5],
			"to": [-8, 23.75, 17],
			"rotation": {"angle": 0, "axis": "z", "origin": [1, -2, 13]},
			"faces": {
				"north": {"uv": [0, 0, 1, 3.25], "texture": "#3"},
				"east": {"uv": [0, 0, 16, 4], "texture": "#6"},
				"south": {"uv": [0, 0, 1, 3.25], "texture": "#6"},
				"west": {"uv": [3, 3, 13, 13], "texture": "#7"},
				"down": {"uv": [0, 0, 1, 16], "texture": "#4"}
			}
		},
		{
			"from": [24, -1, 9],
			"to": [25, 4, 11],
			"rotation": {"angle": 0, "axis": "z", "origin": [15, -5, 13]},
			"faces": {
				"east": {"uv": [14, 5, 16, 11], "texture": "#7"},
				"south": {"uv": [1, 0, 2, 5.25], "texture": "#6"},
				"west": {"uv": [0, 5, 2, 11], "texture": "#6"}
			}
		},
		{
			"from": [-9, -1, 9],
			"to": [-8, 4, 11],
			"rotation": {"angle": 0, "axis": "z", "origin": [1, -5, 13]},
			"faces": {
				"east": {"uv": [2, 5, 0, 11], "texture": "#6"},
				"south": {"uv": [2, 0, 1, 5.25], "texture": "#6"},
				"west": {"uv": [2, 5, 0, 11], "texture": "#7"}
			}
		},
		{
			"from": [25.001, 3.75, -5],
			"to": [25.001, 19.75, 11],
			"rotation": {"angle": 0, "axis": "z", "origin": [15, -2, 13]},
			"faces": {
				"east": {"uv": [0, 0, 16, 16], "texture": "#14"}
			}
		},
		{
			"from": [-9.001, 3.75, -5],
			"to": [-9.001, 19.75, 11],
			"rotation": {"angle": 0, "axis": "z", "origin": [1, -2, 13]},
			"faces": {
				"west": {"uv": [0, 0, 16, 16], "texture": "#14"}
			}
		},
		{
			"from": [24, 19.75, -5],
			"to": [25, 23.75, 17],
			"rotation": {"angle": 0, "axis": "z", "origin": [15, -2, 13]},
			"faces": {
				"north": {"uv": [1, 0, 2, 3.25], "texture": "#3"},
				"east": {"uv": [3, 3, 13, 13], "texture": "#7"},
				"south": {"uv": [1, 0, 2, 3.25], "texture": "#6"},
				"west": {"uv": [0, 0, 16, 4], "texture": "#6"},
				"down": {"uv": [1, 0, 2, 16], "texture": "#4"}
			}
		},
		{
			"from": [18, -4, -2],
			"to": [24, 20, -1],
			"rotation": {"angle": 0, "axis": "z", "origin": [8, 11.1147, 1]},
			"faces": {
				"north": {"uv": [0, 0, 4, 16], "texture": "#particle"},
				"south": {"uv": [0, 0, 4, 16], "texture": "#particle"},
				"west": {"uv": [0, 0, 16, 16], "texture": "#particle"},
				"up": {"uv": [0, 0, 16, 16], "texture": "#particle"}
			}
		},
		{
			"from": [24, 4, -5],
			"to": [25, 19.75, 11],
			"rotation": {"angle": 0, "axis": "y", "origin": [0, -5, 13]},
			"faces": {
				"north": {"uv": [0, 0, 1, 12.75], "texture": "#3"},
				"east": {"uv": [0, 0, 2, 12.75], "texture": "#3"},
				"south": {"uv": [0, 0, 1, 12.75], "texture": "#6"},
				"west": {"uv": [0, 0, 16, 15.75], "texture": "#6"}
			}
		},
		{
			"from": [24, -1, -5],
			"to": [25, 4, 9],
			"rotation": {"angle": 0, "axis": "z", "origin": [8, 11.1147, 1]},
			"faces": {
				"north": {"uv": [0, 0, 1, 5.25], "texture": "#3"},
				"east": {"uv": [3, 3, 13, 13], "texture": "#7"},
				"west": {"uv": [0, 0, 16, 5.25], "texture": "#6"}
			}
		},
		{
			"from": [18, 16, -1],
			"to": [24, 17, 7],
			"rotation": {"angle": 0, "axis": "z", "origin": [8, 11.1147, 1]},
			"faces": {
				"west": {"uv": [0, 0, 14, 1], "texture": "#28"},
				"up": {"uv": [0, 0, 16, 16], "texture": "#28"},
				"down": {"uv": [0, 0, 16, 16], "texture": "#28"}
			}
		},
		{
			"from": [18, 12, -1],
			"to": [24, 13, 7],
			"rotation": {"angle": 0, "axis": "z", "origin": [8, 11.1147, 1]},
			"faces": {
				"west": {"uv": [0, 0, 14, 1], "texture": "#28"},
				"up": {"uv": [0, 0, 16, 16], "texture": "#28"},
				"down": {"uv": [0, 0, 16, 16], "texture": "#28"}
			}
		},
		{
			"from": [18, 8, -1],
			"to": [24, 9, 7],
			"rotation": {"angle": 0, "axis": "z", "origin": [8, 11.1147, 1]},
			"faces": {
				"west": {"uv": [0, 0, 14, 1], "texture": "#28"},
				"up": {"uv": [0, 0, 16, 16], "texture": "#28"},
				"down": {"uv": [0, 0, 16, 16], "texture": "#28"}
			}
		},
		{
			"from": [18, 4, -1],
			"to": [24, 5, 7],
			"rotation": {"angle": 0, "axis": "z", "origin": [8, 11.1147, 1]},
			"faces": {
				"west": {"uv": [0, 0, 14, 1], "texture": "#28"},
				"up": {"uv": [0, 0, 16, 16], "texture": "#28"},
				"down": {"uv": [0, 0, 16, 16], "texture": "#28"}
			}
		},
		{
			"from": [18, 0, -1],
			"to": [24, 1, 7],
			"rotation": {"angle": 0, "axis": "z", "origin": [8, 11.1147, 1]},
			"faces": {
				"west": {"uv": [0, 0, 14, 1], "texture": "#28"},
				"up": {"uv": [0, 0, 16, 16], "texture": "#28"},
				"down": {"uv": [0, 0, 16, 16], "texture": "#28"}
			}
		},
		{
			"from": [18, -4, 7],
			"to": [24, 20, 8],
			"rotation": {"angle": 0, "axis": "z", "origin": [8, 11.1147, 1]},
			"faces": {
				"north": {"uv": [0, 0, 4, 16], "texture": "#particle"},
				"south": {"uv": [0, 0, 4, 16], "texture": "#particle"},
				"west": {"uv": [0, 0, 16, 16], "texture": "#particle"},
				"up": {"uv": [0, 0, 16, 16], "texture": "#particle"}
			}
		},
		{
			"from": [-8, -4, -2],
			"to": [-2, 20, -1],
			"rotation": {"angle": 0, "axis": "z", "origin": [8, 11.1147, 1]},
			"faces": {
				"north": {"uv": [4, 0, 0, 16], "texture": "#particle"},
				"east": {"uv": [16, 0, 0, 16], "texture": "#particle"},
				"south": {"uv": [4, 0, 0, 16], "texture": "#particle"},
				"up": {"uv": [16, 0, 0, 16], "texture": "#particle"}
			}
		},
		{
			"from": [-9, 4, -5],
			"to": [-8, 19.75, 11],
			"rotation": {"angle": 0, "axis": "y", "origin": [16, -5, 13]},
			"faces": {
				"north": {"uv": [1, 0, 0, 12.75], "texture": "#3"},
				"east": {"uv": [16, 0, 0, 15.75], "texture": "#6"},
				"south": {"uv": [1, 0, 0, 12.75], "texture": "#6"},
				"west": {"uv": [2, 0, 0, 12.75], "texture": "#3"}
			}
		},
		{
			"from": [-9, -1, -5],
			"to": [-8, 4, 9],
			"rotation": {"angle": 0, "axis": "z", "origin": [8, 11.1147, 1]},
			"faces": {
				"north": {"uv": [1, 0, 0, 5.25], "texture": "#3"},
				"east": {"uv": [16, 0, 0, 5.25], "texture": "#6"},
				"west": {"uv": [13, 3, 3, 13], "texture": "#7"}
			}
		},
		{
			"from": [-8, 16, -1],
			"to": [-2, 17, 7],
			"rotation": {"angle": 0, "axis": "z", "origin": [8, 11.1147, 1]},
			"faces": {
				"east": {"uv": [14, 0, 0, 1], "texture": "#28"},
				"up": {"uv": [16, 0, 0, 16], "texture": "#28"},
				"down": {"uv": [16, 0, 0, 16], "texture": "#28"}
			}
		},
		{
			"from": [-8, 12, -1],
			"to": [-2, 13, 7],
			"rotation": {"angle": 0, "axis": "z", "origin": [8, 11.1147, 1]},
			"faces": {
				"east": {"uv": [14, 0, 0, 1], "texture": "#28"},
				"up": {"uv": [16, 0, 0, 16], "texture": "#28"},
				"down": {"uv": [16, 0, 0, 16], "texture": "#28"}
			}
		},
		{
			"from": [-8, 8, -1],
			"to": [-2, 9, 7],
			"rotation": {"angle": 0, "axis": "z", "origin": [8, 11.1147, 1]},
			"faces": {
				"east": {"uv": [14, 0, 0, 1], "texture": "#28"},
				"up": {"uv": [16, 0, 0, 16], "texture": "#28"},
				"down": {"uv": [16, 0, 0, 16], "texture": "#28"}
			}
		},
		{
			"from": [-8, 4, -1],
			"to": [-2, 5, 7],
			"rotation": {"angle": 0, "axis": "z", "origin": [8, 11.1147, 1]},
			"faces": {
				"east": {"uv": [14, 0, 0, 1], "texture": "#28"},
				"up": {"uv": [16, 0, 0, 16], "texture": "#28"},
				"down": {"uv": [16, 0, 0, 16], "texture": "#28"}
			}
		},
		{
			"from": [-8, 0, -1],
			"to": [-2, 1, 7],
			"rotation": {"angle": 0, "axis": "z", "origin": [8, 11.1147, 1]},
			"faces": {
				"east": {"uv": [14, 0, 0, 1], "texture": "#28"},
				"up": {"uv": [16, 0, 0, 16], "texture": "#28"},
				"down": {"uv": [16, 0, 0, 16], "texture": "#28"}
			}
		},
		{
			"from": [-8, -4, 7],
			"to": [-2, 20, 8],
			"rotation": {"angle": 0, "axis": "z", "origin": [8, 11.1147, 1]},
			"faces": {
				"north": {"uv": [4, 0, 0, 16], "texture": "#particle"},
				"east": {"uv": [16, 0, 0, 16], "texture": "#particle"},
				"south": {"uv": [4, 0, 0, 16], "texture": "#particle"},
				"up": {"uv": [16, 0, 0, 16], "texture": "#particle"}
			}
		},
		{
			"from": [24, -4, -5],
			"to": [25, -1, 9],
			"rotation": {"angle": 0, "axis": "z", "origin": [8, 11.1147, 1]},
			"faces": {
				"north": {"uv": [0, 0, 1, 4], "texture": "#3"},
				"east": {"uv": [0, 0, 16, 4], "texture": "#4"},
				"west": {"uv": [0, 0, 16, 4], "texture": "#6"}
			}
		},
		{
			"from": [-9, -4, -5],
			"to": [-8, -1, 9],
			"rotation": {"angle": 0, "axis": "z", "origin": [8, 11.1147, -7]},
			"faces": {
				"north": {"uv": [1, 0, 0, 4], "texture": "#3"},
				"east": {"uv": [16, 0, 0, 4], "texture": "#6"},
				"west": {"uv": [16, 0, 0, 4], "texture": "#4"}
			}
		},
		{
			"from": [-8, -5, -5],
			"to": [24, -4, 9],
			"rotation": {"angle": 0, "axis": "y", "origin": [8, 11.1147, -7]},
			"faces": {
				"north": {"uv": [14, 0, 0, 1], "texture": "#4"},
				"up": {"uv": [0, 16, 14, 0], "texture": "#6"},
				"down": {"uv": [0, 16, 14, 0], "texture": "#4"}
			}
		},
		{
			"name": "hexadecagon",
			"from": [-5.68494, 25.86614, -5],
			"to": [-3.43494, 27.36614, 17],
			"rotation": {"angle": 45, "axis": "z", "origin": [-5.28712, 23.86614, -1]},
			"faces": {
				"north": {"uv": [0, 0, 2.25, 1.5], "texture": "#3"},
				"east": {"uv": [0, 0, 16, 1.5], "texture": "#3"},
				"south": {"uv": [0, 0, 2.25, 1.5], "texture": "#3"},
				"west": {"uv": [0, 0, 16, 1.5], "texture": "#3"},
				"up": {"uv": [0, 0, 2.25, 16], "texture": "#3"},
				"down": {"uv": [0, 0, 2.25, 16], "texture": "#3"}
			}
		},
		{
			"name": "hexadecagon",
			"from": [-6.29124, 26.341, -5],
			"to": [-4.29124, 27.841, 17],
			"rotation": {"angle": 22.5, "axis": "z", "origin": [-5.89342, 27.341, -1]},
			"faces": {
				"north": {"uv": [0, 0, 2, 1.5], "texture": "#3"},
				"south": {"uv": [0, 0, 2, 1.5], "texture": "#3"},
				"up": {"uv": [0, 0, 2, 16], "texture": "#3"},
				"down": {"uv": [0, 0, 2, 16], "texture": "#3"}
			}
		},
		{
			"from": [-8.4162, 23.43496, -5],
			"to": [-6.9162, 25.93496, 17],
			"rotation": {"angle": -22.5, "axis": "z", "origin": [-7.9162, 25.05996, -1]},
			"faces": {
				"north": {"uv": [0, 0, 1.5, 2.5], "texture": "#3"},
				"east": {"uv": [0, 0, 16, 2.5], "texture": "#3"},
				"south": {"uv": [0, 0, 1.5, 2.5], "texture": "#3"},
				"west": {"uv": [0, 0, 16, 2.5], "texture": "#3"},
				"up": {"uv": [0, 0, 1.5, 16], "texture": "#3"},
				"down": {"uv": [0, 0, 1.5, 16], "texture": "#3"}
			}
		},
		{
			"name": "hexadecagon",
			"from": [19.43494, 25.86614, -5],
			"to": [21.68494, 27.36614, 17],
			"rotation": {"angle": -45, "axis": "z", "origin": [21.28712, 23.86614, -1]},
			"faces": {
				"north": {"uv": [0, 0, 2.25, 1.5], "texture": "#3"},
				"east": {"uv": [0, 0, 16, 1.5], "texture": "#3"},
				"south": {"uv": [0, 0, 2.25, 1.5], "texture": "#3"},
				"west": {"uv": [0, 0, 16, 1.5], "texture": "#3"},
				"up": {"uv": [0, 0, 2.25, 16], "texture": "#3"},
				"down": {"uv": [0, 0, 2.25, 16], "texture": "#3"}
			}
		},
		{
			"name": "hexadecagon",
			"from": [20.29124, 26.341, -5],
			"to": [22.29124, 27.841, 17],
			"rotation": {"angle": -22.5, "axis": "z", "origin": [21.89342, 27.341, -1]},
			"faces": {
				"north": {"uv": [0, 0, 2, 1.5], "texture": "#3"},
				"south": {"uv": [0, 0, 2, 1.5], "texture": "#3"},
				"west": {"uv": [0, 0, 16, 1.5], "texture": "#3"},
				"up": {"uv": [0, 0, 2, 16], "texture": "#3"},
				"down": {"uv": [0, 0, 2, 16], "texture": "#3"}
			}
		},
		{
			"from": [22.9162, 23.43496, -5],
			"to": [24.4162, 25.93496, 17],
			"rotation": {"angle": 22.5, "axis": "z", "origin": [23.9162, 25.05996, -1]},
			"faces": {
				"north": {"uv": [0, 0, 1.5, 2.5], "texture": "#3"},
				"east": {"uv": [0, 0, 16, 2.5], "texture": "#3"},
				"south": {"uv": [0, 0, 1.5, 2.5], "texture": "#3"},
				"west": {"uv": [0, 0, 16, 2.5], "texture": "#3"},
				"up": {"uv": [0, 0, 1.5, 16], "texture": "#3"},
				"down": {"uv": [0, 0, 1.5, 16], "texture": "#3"}
			}
		},
		{
			"from": [-4.60454, 26.91606, -5],
			"to": [20.59546, 28.41606, 17],
			"rotation": {"angle": 0, "axis": "y", "origin": [7.89546, 27.79106, -30]},
			"faces": {
				"north": {"uv": [0, 0, 16, 1.5], "texture": "#3"},
				"east": {"uv": [0, 0, 16, 1.5], "texture": "#3"},
				"south": {"uv": [0, 0, 16, 1.5], "texture": "#3"},
				"up": {"uv": [0, 0, 16, 16], "texture": "#3"},
				"down": {"uv": [0, 0, 16, 16], "texture": "#3"}
			}
		},
		{
			"name": "connector",
			"from": [-8, -5.75, -11],
			"to": [-7, 23.25, -5],
			"rotation": {"angle": 0, "axis": "z", "origin": [8, 10.8647, -7]},
			"faces": {
				"north": {"uv": [0, 0, 1, 16], "texture": "#15"},
				"east": {"uv": [0, 0, 6, 16], "texture": "#15"},
				"south": {"uv": [0, 0, 1, 16], "texture": "#15"},
				"west": {"uv": [0, 0, 6, 16], "texture": "#15"}
			}
		},
		{
			"name": "connector",
			"from": [23, -5.75, -11],
			"to": [24, 23.25, -5],
			"rotation": {"angle": 0, "axis": "z", "origin": [8, 10.8647, -7]},
			"faces": {
				"north": {"uv": [0, 0, 1, 16], "texture": "#15"},
				"east": {"uv": [0, 0, 16, 6], "texture": "#15"},
				"south": {"uv": [0, 0, 1, 16], "texture": "#15"},
				"west": {"uv": [0, 0, 6, 16], "texture": "#15"}
			}
		},
		{
			"name": "connector",
			"from": [-4.68494, 25.86614, -11],
			"to": [-2.43494, 26.86614, -5],
			"rotation": {"angle": 45, "axis": "z", "origin": [-4.28712, 23.36614, -7]},
			"faces": {
				"north": {"uv": [0, 0, 2.25, 1], "texture": "#15"},
				"east": {"uv": [0, 0, 6, 1], "texture": "#15"},
				"south": {"uv": [0, 0, 2.25, 1], "texture": "#15"},
				"west": {"uv": [0, 0, 6, 1], "texture": "#15"},
				"up": {"uv": [0, 0, 2.25, 6], "texture": "#15"},
				"down": {"uv": [0, 0, 2.25, 6], "texture": "#15"}
			}
		},
		{
			"name": "connector",
			"from": [-5.29124, 26.341, -11],
			"to": [-3.29124, 27.341, -5],
			"rotation": {"angle": 22.5, "axis": "z", "origin": [-4.89342, 26.841, -7]},
			"faces": {
				"north": {"uv": [0, 0, 2, 1], "texture": "#15"},
				"south": {"uv": [0, 0, 2, 1], "texture": "#15"},
				"up": {"uv": [0, 0, 2, 6], "texture": "#15"},
				"down": {"uv": [0, 0, 2, 6], "texture": "#15"}
			}
		},
		{
			"name": "connector",
			"from": [-7.4162, 22.93496, -11],
			"to": [-6.4162, 25.43496, -5],
			"rotation": {"angle": -22.5, "axis": "z", "origin": [-6.9162, 24.55996, -7]},
			"faces": {
				"north": {"uv": [0, 0, 1, 2.5], "texture": "#15"},
				"east": {"uv": [0, 0, 6, 2.5], "texture": "#15"},
				"south": {"uv": [0, 0, 1, 2.5], "texture": "#15"},
				"west": {"uv": [0, 0, 6, 2.5], "texture": "#15"},
				"up": {"uv": [0, 0, 1, 6], "texture": "#15"}
			}
		},
		{
			"name": "connector",
			"from": [22.4162, 22.93496, -11],
			"to": [23.4162, 25.43496, -5],
			"rotation": {"angle": 22.5, "axis": "z", "origin": [22.9162, 24.55996, -7]},
			"faces": {
				"north": {"uv": [0, 0, 1, 2.5], "texture": "#15"},
				"east": {"uv": [0, 0, 2.5, 6], "texture": "#15"},
				"south": {"uv": [0, 0, 1, 2.5], "texture": "#15"},
				"west": {"uv": [0, 0, 6, 2.5], "texture": "#15"},
				"up": {"uv": [0, 0, 1, 6], "texture": "#15"}
			}
		},
		{
			"name": "connector",
			"from": [18.43494, 25.86614, -11],
			"to": [20.68494, 26.86614, -5],
			"rotation": {"angle": -45, "axis": "z", "origin": [20.28712, 23.36614, -7]},
			"faces": {
				"north": {"uv": [0, 0, 2.25, 1], "texture": "#15"},
				"east": {"uv": [0, 0, 6, 1], "texture": "#15"},
				"south": {"uv": [0, 0, 2.25, 1], "texture": "#15"},
				"west": {"uv": [0, 0, 6, 1], "texture": "#15"},
				"up": {"uv": [0, 0, 2.25, 6], "texture": "#15"},
				"down": {"uv": [0, 0, 2.25, 6], "texture": "#15"}
			}
		},
		{
			"name": "connector",
			"from": [19.29124, 26.341, -11],
			"to": [21.29124, 27.341, -5],
			"rotation": {"angle": -22.5, "axis": "z", "origin": [20.89342, 26.841, -7]},
			"faces": {
				"north": {"uv": [0, 0, 2, 1], "texture": "#15"},
				"south": {"uv": [0, 0, 2, 1], "texture": "#15"},
				"west": {"uv": [0, 0, 6, 1], "texture": "#15"},
				"up": {"uv": [0, 0, 2, 6], "texture": "#15"},
				"down": {"uv": [0, 0, 2, 6], "texture": "#15"}
			}
		},
		{
			"name": "connector",
			"from": [-3.60454, 26.91606, -11],
			"to": [19.59546, 27.91606, -5],
			"rotation": {"angle": 0, "axis": "y", "origin": [7.89546, 27.79106, -36]},
			"faces": {
				"north": {"uv": [0, 0, 16, 1], "texture": "#15"},
				"east": {"uv": [0, 0, 6, 1], "texture": "#15"},
				"up": {"uv": [0, 0, 16, 6], "texture": "#15"},
				"down": {"uv": [0, 0, 16, 6], "texture": "#15"}
			}
		},
		{
			"name": "connector",
			"from": [-4.68494, -9.36614, -11],
			"to": [-2.43494, -8.36614, -5],
			"rotation": {"angle": -45, "axis": "z", "origin": [-4.28712, -5.86614, -7]},
			"faces": {
				"north": {"uv": [0, 0, 2.25, 1], "texture": "#15"},
				"east": {"uv": [0, 0, 6, 1], "texture": "#15"},
				"south": {"uv": [0, 0, 2.25, 1], "texture": "#15"},
				"west": {"uv": [0, 0, 6, 1], "texture": "#15"},
				"up": {"uv": [0, 0, 2.25, 6], "texture": "#15"},
				"down": {"uv": [0, 0, 2.25, 6], "texture": "#15"}
			}
		},
		{
			"name": "connector",
			"from": [-5.29124, -9.841, -11],
			"to": [-3.29124, -8.841, -5],
			"rotation": {"angle": -22.5, "axis": "z", "origin": [-4.89342, -9.341, -7]},
			"faces": {
				"north": {"uv": [0, 0, 2, 1], "texture": "#15"},
				"south": {"uv": [0, 0, 2, 1], "texture": "#15"},
				"up": {"uv": [0, 0, 2, 6], "texture": "#15"},
				"down": {"uv": [0, 0, 2, 6], "texture": "#15"}
			}
		},
		{
			"name": "connector",
			"from": [-7.4162, -7.93496, -11],
			"to": [-6.4162, -5.43496, -5],
			"rotation": {"angle": 22.5, "axis": "z", "origin": [-6.9162, -7.05996, -7]},
			"faces": {
				"north": {"uv": [0, 0, 1, 2.5], "texture": "#15"},
				"east": {"uv": [0, 0, 6, 2.5], "texture": "#15"},
				"south": {"uv": [0, 0, 1, 2.5], "texture": "#15"},
				"west": {"uv": [0, 0, 6, 2.5], "texture": "#15"},
				"down": {"uv": [0, 0, 1, 6], "texture": "#15"}
			}
		},
		{
			"name": "connector",
			"from": [22.4162, -7.93496, -11],
			"to": [23.4162, -5.43496, -5],
			"rotation": {"angle": -22.5, "axis": "z", "origin": [22.9162, -7.05996, -7]},
			"faces": {
				"north": {"uv": [0, 0, 1, 2.5], "texture": "#15"},
				"east": {"uv": [0, 0, 6, 2.5], "texture": "#15"},
				"south": {"uv": [0, 0, 1, 2.5], "texture": "#15"},
				"west": {"uv": [0, 0, 6, 2.5], "texture": "#15"},
				"down": {"uv": [0, 0, 1, 6], "texture": "#15"}
			}
		},
		{
			"name": "connector",
			"from": [18.43494, -9.36614, -11],
			"to": [20.68494, -8.36614, -5],
			"rotation": {"angle": 45, "axis": "z", "origin": [20.28712, -5.86614, -7]},
			"faces": {
				"north": {"uv": [0, 0, 2.25, 1], "texture": "#15"},
				"east": {"uv": [0, 0, 6, 1], "texture": "#15"},
				"south": {"uv": [0, 0, 2.25, 1], "texture": "#15"},
				"west": {"uv": [0, 0, 6, 1], "texture": "#15"},
				"up": {"uv": [0, 0, 2.25, 6], "texture": "#15"},
				"down": {"uv": [0, 0, 2.25, 6], "texture": "#15"}
			}
		},
		{
			"name": "connector",
			"from": [19.29124, -9.841, -11],
			"to": [21.29124, -8.841, -5],
			"rotation": {"angle": 22.5, "axis": "z", "origin": [20.89342, -9.341, -7]},
			"faces": {
				"north": {"uv": [0, 0, 2, 1], "texture": "#15"},
				"south": {"uv": [0, 0, 2, 1], "texture": "#15"},
				"west": {"uv": [0, 0, 6, 1], "texture": "#15"},
				"up": {"uv": [0, 0, 2, 6], "texture": "#15"},
				"down": {"uv": [0, 0, 2, 6], "texture": "#15"}
			}
		},
		{
			"name": "connector",
			"from": [-3.60454, -10.41606, -11],
			"to": [19.59546, -9.41606, -5],
			"rotation": {"angle": 0, "axis": "y", "origin": [7.89546, -10.29106, -36]},
			"faces": {
				"north": {"uv": [0, 0, 16, 1], "texture": "#15"},
				"east": {"uv": [0, 0, 6, 1], "texture": "#15"},
				"south": {"uv": [0, 0, 16, 1], "texture": "#15"},
				"up": {"uv": [0, 0, 16, 6], "texture": "#15"},
				"down": {"uv": [0, 0, 16, 6], "texture": "#15"}
			}
		},
		{
			"name": "connector",
			"from": [-7.10454, -4, -11],
			"to": [23.09546, -3.5, -5],
			"rotation": {"angle": 0, "axis": "y", "origin": [7.89546, -10.29106, -36]},
			"faces": {
				"north": {"uv": [0, 0, 16, 0.5], "texture": "#12"},
				"south": {"uv": [0, 0, 16, 0.5], "texture": "#12"},
				"up": {"uv": [0, 0, 16, 6], "texture": "#12"}
			}
		},
		{
			"from": [-9, -6, -5],
			"to": [-8, -4, 17],
			"rotation": {"angle": 0, "axis": "y", "origin": [8, 11.26613, 8]},
			"faces": {
				"north": {"uv": [0, 0, 2, 1], "rotation": 270, "texture": "#3"},
				"east": {"uv": [0, 0, 2, 16], "rotation": 270, "texture": "#4"},
				"south": {"uv": [0, 0, 2, 1], "rotation": 270, "texture": "#4"},
				"west": {"uv": [0, 0, 2, 16], "rotation": 270, "texture": "#4"},
				"up": {"uv": [0, 0, 16, 1], "rotation": 270, "texture": "#4"},
				"down": {"uv": [0, 0, 16, 1], "rotation": 270, "texture": "#4"}
			}
		},
		{
			"from": [24, -6, -5],
			"to": [25, -4, 17],
			"rotation": {"angle": 0, "axis": "y", "origin": [8, 11.26613, 8]},
			"faces": {
				"north": {"uv": [0, 0, 2, 1], "rotation": 270, "texture": "#3"},
				"east": {"uv": [0, 0, 2, 16], "rotation": 270, "texture": "#4"},
				"south": {"uv": [0, 0, 2, 1], "rotation": 270, "texture": "#4"},
				"west": {"uv": [0, 0, 2, 16], "rotation": 270, "texture": "#4"},
				"up": {"uv": [0, 0, 16, 1], "rotation": 270, "texture": "#4"},
				"down": {"uv": [0, 0, 16, 1], "rotation": 270, "texture": "#4"}
			}
		},
		{
			"name": "hexadecagon",
			"from": [-4.19348, -10.80652, -5],
			"to": [-1.80652, -9.80652, 17],
			"rotation": {"angle": -45, "axis": "z", "origin": [-3, -4.80652, 24]},
			"faces": {
				"north": {"uv": [0, 0, 2.38696, 1], "texture": "#3"},
				"south": {"uv": [0, 0, 2.38696, 1], "texture": "#4"},
				"up": {"uv": [0, 0, 2.38696, 16], "texture": "#4"},
				"down": {"uv": [0, 0, 2.38696, 16], "texture": "#4"}
			}
		},
		{
			"name": "hexadecagon",
			"from": [17.80652, -10.80652, -5],
			"to": [20.19348, -9.80652, 17],
			"rotation": {"angle": 45, "axis": "z", "origin": [19, -4.80652, 24]},
			"faces": {
				"north": {"uv": [0, 0, 2.38696, 1], "texture": "#3"},
				"south": {"uv": [0, 0, 2.38696, 1], "texture": "#4"},
				"up": {"uv": [0, 0, 2.38696, 16], "texture": "#4"},
				"down": {"uv": [0, 0, 2.38696, 16], "texture": "#4"}
			}
		},
		{
			"name": "hexadecagon",
			"from": [-4.19348, -10.80652, -5],
			"to": [-1.80652, -9.80652, 17],
			"rotation": {"angle": -22.5, "axis": "z", "origin": [-3, -4.80652, 24]},
			"faces": {
				"north": {"uv": [0, 0, 2.38696, 1], "texture": "#3"},
				"east": {"uv": [0, 0, 16, 1], "texture": "#4"},
				"south": {"uv": [0, 0, 2.38696, 1], "texture": "#4"},
				"up": {"uv": [0, 0, 2.38696, 16], "texture": "#4"},
				"down": {"uv": [0, 0, 2.38696, 16], "texture": "#4"}
			}
		},
		{
			"name": "hexadecagon",
			"from": [-9, -6, -5],
			"to": [-8, -3.61306, 17],
			"rotation": {"angle": 22.5, "axis": "z", "origin": [-3, -4.80652, 24]},
			"faces": {
				"north": {"uv": [0, 0, 1, 2.38694], "texture": "#3"},
				"east": {"uv": [0, 0, 16, 2.38694], "texture": "#4"},
				"south": {"uv": [0, 0, 1, 2.38694], "texture": "#4"},
				"west": {"uv": [0, 0, 16, 2.38694], "texture": "#4"},
				"up": {"uv": [0, 0, 1, 16], "texture": "#4"}
			}
		},
		{
			"name": "hexadecagon",
			"from": [17.80652, -10.80652, -5],
			"to": [20.19348, -9.80652, 17],
			"rotation": {"angle": 22.5, "axis": "z", "origin": [19, -4.80652, 24]},
			"faces": {
				"north": {"uv": [0, 0, 2.38696, 1], "texture": "#3"},
				"south": {"uv": [0, 0, 2.38696, 1], "texture": "#4"},
				"west": {"uv": [0, 0, 16, 1], "texture": "#4"},
				"up": {"uv": [0, 0, 2.38696, 16], "texture": "#4"},
				"down": {"uv": [0, 0, 2.38696, 16], "texture": "#4"}
			}
		},
		{
			"name": "hexadecagon",
			"from": [24, -6, -5],
			"to": [25, -3.61306, 17],
			"rotation": {"angle": -22.5, "axis": "z", "origin": [19, -4.80652, 24]},
			"faces": {
				"north": {"uv": [0, 0, 1, 2.38694], "texture": "#3"},
				"east": {"uv": [0, 0, 16, 2.38694], "texture": "#4"},
				"south": {"uv": [0, 0, 1, 2.38694], "texture": "#4"},
				"west": {"uv": [0, 0, 16, 2.38694], "texture": "#4"},
				"up": {"uv": [0, 0, 1, 16], "texture": "#4"}
			}
		}
	],
	"display": {
		"head": {
			"translation": [0, 10, 10],
			"scale": [2, 2, 2]
		}
	},
	"groups": [
		0,
		1,
		2,
		3,
		4,
		5,
		6,
		7,
		8,
		{
			"name": "luggage",
			"origin": [8, 11.1147, 1],
			"color": 0,
			"children": [9, 10, 11, 12, 13, 14, 15, 16, 17]
		},
		{
			"name": "luggage",
			"origin": [8, 11.1147, 1],
			"color": 0,
			"children": [18, 19, 20, 21, 22, 23, 24, 25, 26]
		},
		27,
		28,
		29,
		{
			"name": "roof",
			"origin": [8, 8, 8],
			"color": 0,
			"children": [30, 31, 32, 33, 34, 35, 36]
		},
		{
			"name": "connector",
			"origin": [8, 8, 8],
			"color": 0,
			"children": [37, 38, 39, 40, 41, 42, 43, 44, 45, 46, 47, 48, 49, 50, 51, 52, 53]
		},
		54,
		55,
		56,
		57,
		58,
		59,
		60,
		61
	]
}