{
	"credit": "Made with Blockbench",
	"textures": {
		"4": "block/mec/light_gray_concrete",
		"9": "block/mec/red_concrete_powder",
		"10": "block/mec/cyan_concrete",
		"11": "block/mec/white_concrete",
		"12": "block/mec/sea_lantern",
		"13": "block/mec/floor",
		"14": "block/mec/blue_concrete",
		"15": "block/mec/glass",
		"16": "block/mec/black_concrete",
		"17": "block/mec/black_stained_glass",
		"18": "block/mec/light_blue_concrete",
		"19": "block/mec/green_wool",
		"20": "block/mec/mecs",
		"particle": "block/mec/floor"
	},
	"elements": [
		{
			"from": [1.9, 7.8, 13.6],
			"to": [7.1, 8.1, 14],
			"rotation": {"angle": 0, "axis": "y", "origin": [0, 0, -10.9]},
			"faces": {
				"north": {"uv": [0, 0, 16, 4], "texture": "#4"},
				"east": {"uv": [0, 0, 1.8, 4], "texture": "#4"},
				"south": {"uv": [0, 0, 16, 4], "texture": "#4"},
				"west": {"uv": [0, 0, 1.8, 4], "texture": "#4"},
				"up": {"uv": [0, 0, 16, 1.8], "texture": "#4"},
				"down": {"uv": [0, 0, 16, 1.8], "texture": "#4"}
			}
		},
		{
			"from": [8.9, 7.8, 13.6],
			"to": [14.1, 8.1, 14],
			"rotation": {"angle": 0, "axis": "y", "origin": [0, 0, -10.9]},
			"faces": {
				"north": {"uv": [0, 0, 16, 4], "texture": "#4"},
				"east": {"uv": [0, 0, 1.8, 4], "texture": "#4"},
				"south": {"uv": [0, 0, 16, 4], "texture": "#4"},
				"west": {"uv": [0, 0, 1.8, 4], "texture": "#4"},
				"up": {"uv": [0, 0, 16, 1.8], "texture": "#4"},
				"down": {"uv": [0, 0, 16, 1.8], "texture": "#4"}
			}
		},
		{
			"from": [2.9, 5.5, 13.6],
			"to": [7.1, 5.8, 13.8],
			"rotation": {"angle": 22.5, "axis": "z", "origin": [0, 0, -10.9]},
			"faces": {
				"north": {"uv": [0, 0, 16, 4], "texture": "#4"},
				"east": {"uv": [0, 0, 1.8, 4], "texture": "#4"},
				"south": {"uv": [0, 0, 16, 4], "texture": "#4"},
				"west": {"uv": [0, 0, 1.8, 4], "texture": "#4"},
				"up": {"uv": [0, 0, 16, 1.8], "texture": "#4"},
				"down": {"uv": [0, 0, 16, 1.8], "texture": "#4"}
			}
		},
		{
			"from": [7.4, 11.5, 13.6],
			"to": [11.6, 11.8, 13.8],
			"rotation": {"angle": -22.5, "axis": "z", "origin": [0, 0, -10.9]},
			"faces": {
				"north": {"uv": [0, 0, 16, 4], "texture": "#4"},
				"east": {"uv": [0, 0, 1.8, 4], "texture": "#4"},
				"south": {"uv": [0, 0, 16, 4], "texture": "#4"},
				"west": {"uv": [0, 0, 1.8, 4], "texture": "#4"},
				"up": {"uv": [0, 0, 16, 1.8], "texture": "#4"},
				"down": {"uv": [0, 0, 16, 1.8], "texture": "#4"}
			}
		},
		{
			"from": [16.975, 4.5, 5.6],
			"to": [17.275, 6.6, 7.85],
			"rotation": {"angle": 0, "axis": "y", "origin": [8, 15.48964, -13.875]},
			"faces": {
				"north": {"uv": [0, 0, 1, 16], "texture": "#4"},
				"east": {"uv": [8, 8.125, 16, 16], "texture": "#20"},
				"south": {"uv": [0, 0, 1, 16], "texture": "#4"},
				"west": {"uv": [0, 0, 1, 16], "texture": "#11"},
				"up": {"uv": [0, 0, 1, 2], "texture": "#4"},
				"down": {"uv": [0, 0, 1, 16], "texture": "#4"}
			}
		},
		{
			"from": [-1.275, 4.5, 5.6],
			"to": [-0.975, 6.6, 7.85],
			"rotation": {"angle": 0, "axis": "y", "origin": [8, 15.48964, -13.875]},
			"faces": {
				"north": {"uv": [0, 0, 1, 16], "texture": "#4"},
				"east": {"uv": [0, 0, 1, 16], "texture": "#11"},
				"south": {"uv": [0, 0, 1, 16], "texture": "#4"},
				"west": {"uv": [8, 8.125, 16, 16], "texture": "#20"},
				"up": {"uv": [0, 0, 1, 2], "rotation": 180, "texture": "#4"},
				"down": {"uv": [0, 0, 1, 16], "rotation": 180, "texture": "#4"}
			}
		},
		{
			"from": [11.9, 4.4, 1.75],
			"to": [15.35, 4.95, 5.05],
			"rotation": {"angle": 0, "axis": "y", "origin": [0, 0, -10.9]},
			"faces": {
				"north": {"uv": [0, 0, 16, 4], "texture": "#19"},
				"east": {"uv": [0, 0, 1.8, 4], "texture": "#19"},
				"south": {"uv": [0, 0, 16, 4], "texture": "#19"},
				"west": {"uv": [0, 0, 1.8, 4], "texture": "#19"},
				"up": {"uv": [0, 0, 16, 16], "texture": "#19"},
				"down": {"uv": [0, 0, 16, 1.8], "texture": "#19"}
			}
		},
		{
			"from": [0.9, 4.4, 1.75],
			"to": [4.35, 4.95, 5.05],
			"rotation": {"angle": 0, "axis": "y", "origin": [0, 0, -10.9]},
			"faces": {
				"north": {"uv": [0, 0, 16, 4], "texture": "#19"},
				"east": {"uv": [0, 0, 15.8, 16], "texture": "#19"},
				"south": {"uv": [0, 0, 16, 4], "texture": "#19"},
				"west": {"uv": [0, 0, 1.8, 4], "texture": "#19"},
				"up": {"uv": [0, 0, 16, 16], "texture": "#19"},
				"down": {"uv": [0, 0, 16, 1.8], "texture": "#19"}
			}
		},
		{
			"from": [-0.1, 5.1, 10.15],
			"to": [16.35, 6.85, 12.25],
			"rotation": {"angle": 0, "axis": "y", "origin": [0, 0, -10.9]},
			"faces": {
				"north": {"uv": [0, 0, 16, 4], "texture": "#4"},
				"east": {"uv": [0, 0, 1.8, 4], "texture": "#4"},
				"south": {"uv": [0, 0, 16, 4], "texture": "#4"},
				"west": {"uv": [0, 0, 1.8, 4], "texture": "#4"},
				"up": {"uv": [0, 0, 16, 1.8], "texture": "#4"},
				"down": {"uv": [0, 0, 16, 1.8], "texture": "#4"}
			}
		},
		{
			"from": [9.65, 6.3, 10.85],
			"to": [9.9, 7.75, 11.15],
			"rotation": {"angle": 0, "axis": "y", "origin": [0, 0, -10.9]},
			"faces": {
				"north": {"uv": [0, 0, 16, 4], "texture": "#10"},
				"east": {"uv": [0, 0, 1.8, 4], "texture": "#10"},
				"south": {"uv": [0, 0, 16, 4], "texture": "#10"},
				"west": {"uv": [0, 0, 1.8, 4], "texture": "#10"},
				"up": {"uv": [0, 0, 16, 1.8], "texture": "#10"},
				"down": {"uv": [0, 0, 16, 1.8], "texture": "#10"}
			}
		},
		{
			"from": [9.25, 7.7, 10.85],
			"to": [10.4, 7.85, 11.15],
			"rotation": {"angle": 0, "axis": "y", "origin": [0, 0, -10.9]},
			"faces": {
				"north": {"uv": [0, 0, 16, 4], "texture": "#10"},
				"east": {"uv": [0, 0, 1.8, 4], "texture": "#10"},
				"south": {"uv": [0, 0, 16, 4], "texture": "#10"},
				"west": {"uv": [0, 0, 1.8, 4], "texture": "#10"},
				"up": {"uv": [0, 0, 16, 1.8], "texture": "#10"},
				"down": {"uv": [0, 0, 16, 1.8], "texture": "#10"}
			}
		},
		{
			"from": [6.65, 6.3, 10.85],
			"to": [6.9, 7.75, 11.15],
			"rotation": {"angle": 0, "axis": "y", "origin": [0, 0, -10.9]},
			"faces": {
				"north": {"uv": [0, 0, 16, 4], "texture": "#10"},
				"east": {"uv": [0, 0, 1.8, 4], "texture": "#10"},
				"south": {"uv": [0, 0, 16, 4], "texture": "#10"},
				"west": {"uv": [0, 0, 1.8, 4], "texture": "#10"},
				"up": {"uv": [0, 0, 16, 1.8], "texture": "#10"},
				"down": {"uv": [0, 0, 16, 1.8], "texture": "#10"}
			}
		},
		{
			"from": [6.25, 7.7, 10.85],
			"to": [7.4, 7.85, 11.15],
			"rotation": {"angle": 0, "axis": "y", "origin": [0, 0, -10.9]},
			"faces": {
				"north": {"uv": [0, 0, 16, 4], "texture": "#10"},
				"east": {"uv": [0, 0, 1.8, 4], "texture": "#10"},
				"south": {"uv": [0, 0, 16, 4], "texture": "#10"},
				"west": {"uv": [0, 0, 1.8, 4], "texture": "#10"},
				"up": {"uv": [0, 0, 16, 1.8], "texture": "#10"},
				"down": {"uv": [0, 0, 16, 1.8], "texture": "#10"}
			}
		},
		{
			"from": [4.65, 7, 11.85],
			"to": [7.9, 8.35, 12.15],
			"rotation": {"angle": 0, "axis": "y", "origin": [0, 0, -10.9]},
			"faces": {
				"north": {"uv": [0, 0, 16, 4], "texture": "#16"},
				"east": {"uv": [0, 0, 1.8, 4], "texture": "#16"},
				"south": {"uv": [0, 0, 16, 4], "texture": "#16"},
				"west": {"uv": [0, 0, 1.8, 4], "texture": "#16"},
				"up": {"uv": [0, 0, 16, 1.8], "texture": "#16"},
				"down": {"uv": [0, 0, 16, 1.8], "texture": "#16"}
			}
		},
		{
			"from": [8.65, 7, 11.85],
			"to": [11.9, 8.35, 12.15],
			"rotation": {"angle": 0, "axis": "y", "origin": [0, 0, -10.9]},
			"faces": {
				"north": {"uv": [0, 0, 16, 4], "texture": "#16"},
				"east": {"uv": [0, 0, 1.8, 4], "texture": "#16"},
				"south": {"uv": [0, 0, 16, 4], "texture": "#16"},
				"west": {"uv": [0, 0, 1.8, 4], "texture": "#16"},
				"up": {"uv": [0, 0, 16, 1.8], "texture": "#16"},
				"down": {"uv": [0, 0, 16, 1.8], "texture": "#16"}
			}
		},
		{
			"from": [0.5, 6.8, 11.95],
			"to": [15.75, 8.55, 12.25],
			"rotation": {"angle": 0, "axis": "y", "origin": [0, 0, -10.9]},
			"faces": {
				"north": {"uv": [0, 0, 16, 4], "texture": "#4"},
				"east": {"uv": [0, 0, 1.8, 4], "texture": "#4"},
				"south": {"uv": [0, 0, 16, 4], "texture": "#4"},
				"west": {"uv": [0, 0, 1.8, 4], "texture": "#4"},
				"up": {"uv": [0, 0, 16, 1.8], "texture": "#4"},
				"down": {"uv": [0, 0, 16, 1.8], "texture": "#4"}
			}
		},
		{
			"from": [0.9, 17.1, 13.3],
			"to": [1.9, 18.1, 14.1],
			"rotation": {"angle": 0, "axis": "y", "origin": [0, 0, -10.9]},
			"faces": {
				"north": {"uv": [0, 0, 16, 4], "texture": "#10"},
				"east": {"uv": [0, 0, 1.8, 4], "texture": "#10"},
				"south": {"uv": [0, 0, 16, 16], "texture": "#12"},
				"west": {"uv": [0, 0, 1.8, 4], "texture": "#10"},
				"up": {"uv": [0, 0, 16, 1.8], "texture": "#18"},
				"down": {"uv": [0, 0, 16, 1.8], "texture": "#18"}
			}
		},
		{
			"from": [1.9, 17.1, 13.3],
			"to": [2.9, 18.1, 14.1],
			"rotation": {"angle": 0, "axis": "y", "origin": [0, 0, -10.9]},
			"faces": {
				"north": {"uv": [0, 0, 16, 4], "texture": "#10"},
				"east": {"uv": [0, 0, 1.8, 4], "texture": "#10"},
				"south": {"uv": [0, 0, 16, 16], "texture": "#12"},
				"west": {"uv": [0, 0, 1.8, 4], "texture": "#10"},
				"up": {"uv": [0, 0, 16, 1.8], "texture": "#18"},
				"down": {"uv": [0, 0, 16, 1.8], "texture": "#18"}
			}
		},
		{
			"from": [12.9, 17.1, 13.3],
			"to": [13.9, 18.1, 14.1],
			"rotation": {"angle": 0, "axis": "y", "origin": [0, 0, -10.9]},
			"faces": {
				"north": {"uv": [0, 0, 16, 4], "texture": "#10"},
				"east": {"uv": [0, 0, 1.8, 4], "texture": "#10"},
				"south": {"uv": [0, 0, 16, 16], "texture": "#12"},
				"west": {"uv": [0, 0, 1.8, 4], "texture": "#10"},
				"up": {"uv": [0, 0, 16, 1.8], "texture": "#18"},
				"down": {"uv": [0, 0, 16, 1.8], "texture": "#18"}
			}
		},
		{
			"from": [13.9, 2.1, 13.3],
			"to": [14.9, 3.1, 14.1],
			"rotation": {"angle": 0, "axis": "y", "origin": [0, 0, -10.9]},
			"faces": {
				"north": {"uv": [0, 0, 16, 4], "texture": "#10"},
				"east": {"uv": [0, 0, 1.8, 4], "texture": "#10"},
				"south": {"uv": [0, 0, 16, 16], "texture": "#9"},
				"west": {"uv": [0, 0, 1.8, 4], "texture": "#10"},
				"up": {"uv": [0, 0, 16, 1.8], "texture": "#18"},
				"down": {"uv": [0, 0, 16, 1.8], "texture": "#18"}
			}
		},
		{
			"from": [0.9, 2.1, 13.3],
			"to": [1.9, 3.1, 14.1],
			"rotation": {"angle": 0, "axis": "y", "origin": [0, 0, -10.9]},
			"faces": {
				"north": {"uv": [0, 0, 16, 4], "texture": "#10"},
				"east": {"uv": [0, 0, 1.8, 4], "texture": "#10"},
				"south": {"uv": [0, 0, 16, 16], "texture": "#9"},
				"west": {"uv": [0, 0, 1.8, 4], "texture": "#10"},
				"up": {"uv": [0, 0, 16, 1.8], "texture": "#18"},
				"down": {"uv": [0, 0, 16, 1.8], "texture": "#18"}
			}
		},
		{
			"from": [13.9, 17.1, 13.3],
			"to": [14.9, 18.1, 14.1],
			"rotation": {"angle": 0, "axis": "y", "origin": [0, 0, -10.9]},
			"faces": {
				"north": {"uv": [0, 0, 16, 4], "texture": "#10"},
				"east": {"uv": [0, 0, 1.8, 4], "texture": "#10"},
				"south": {"uv": [0, 0, 16, 16], "texture": "#12"},
				"west": {"uv": [0, 0, 1.8, 4], "texture": "#10"},
				"up": {"uv": [0, 0, 16, 1.8], "texture": "#18"},
				"down": {"uv": [0, 0, 16, 1.8], "texture": "#18"}
			}
		},
		{
			"name": "roof",
			"from": [0.25, 18, 3],
			"to": [15.75, 19, 12],
			"rotation": {"angle": 0, "axis": "y", "origin": [8, 3.48964, -5.875]},
			"faces": {
				"north": {"uv": [5, 0, 11, 16], "texture": "#4"},
				"east": {"uv": [5, 0, 11, 16], "texture": "#11"},
				"south": {"uv": [5, 0, 11, 16], "texture": "#4"},
				"west": {"uv": [5, 0, 11, 16], "texture": "#4"},
				"up": {"uv": [5, 0, 11, 16], "texture": "#4"},
				"down": {"uv": [5, 0, 11, 16], "texture": "#11"}
			}
		},
		{
			"name": "roof",
			"from": [2.63391, 18.9372, 3],
			"to": [4.63391, 19.9372, 12],
			"rotation": {"angle": -45, "axis": "z", "origin": [8, 3.48964, -5.875]},
			"faces": {
				"north": {"uv": [6, 0, 0, 16], "texture": "#4"},
				"east": {"uv": [6, 0, 0, 16], "texture": "#4"},
				"south": {"uv": [6, 0, 0, 16], "texture": "#4"},
				"west": {"uv": [6, 0, 0, 16], "texture": "#4"},
				"up": {"uv": [2, 0, 0, 16], "texture": "#4"},
				"down": {"uv": [6, 0, 0, 16], "texture": "#11"}
			}
		},
		{
			"name": "roof",
			"from": [11.36609, 18.9372, 3],
			"to": [13.36609, 19.9372, 12],
			"rotation": {"angle": 45, "axis": "z", "origin": [8, 3.48964, -5.875]},
			"faces": {
				"north": {"uv": [0, 0, 6, 16], "texture": "#4"},
				"east": {"uv": [0, 0, 6, 16], "texture": "#4"},
				"south": {"uv": [0, 0, 6, 16], "texture": "#4"},
				"west": {"uv": [0, 0, 6, 16], "texture": "#4"},
				"up": {"uv": [0, 0, 2, 16], "texture": "#4"},
				"down": {"uv": [0, 0, 6, 16], "texture": "#11"}
			}
		},
		{
			"from": [16.25, 0.5, 3],
			"to": [17.25, 13.5, 4.15],
			"rotation": {"angle": 0, "axis": "y", "origin": [8, 15.48964, -32.875]},
			"faces": {
				"north": {"uv": [0, 0, 1, 16], "texture": "#4"},
				"east": {"uv": [0, 0, 1, 16], "texture": "#11"},
				"south": {"uv": [0, 0, 1, 16], "texture": "#16"},
				"west": {"uv": [0, 0, 1, 16], "texture": "#11"},
				"up": {"uv": [0, 0, 1, 2], "texture": "#4"},
				"down": {"uv": [0, 0, 1, 16], "texture": "#4"}
			}
		},
		{
			"from": [16.25, 0.5, 9],
			"to": [17.25, 13.5, 10.25],
			"rotation": {"angle": 0, "axis": "y", "origin": [8, 15.48964, -32.875]},
			"faces": {
				"north": {"uv": [0, 0, 1, 16], "texture": "#16"},
				"east": {"uv": [0, 0, 1, 16], "texture": "#11"},
				"south": {"uv": [0, 0, 1, 16], "texture": "#16"},
				"west": {"uv": [0, 0, 1, 16], "texture": "#11"},
				"up": {"uv": [0, 0, 1, 2], "texture": "#4"},
				"down": {"uv": [0, 0, 1, 16], "texture": "#4"}
			}
		},
		{
			"from": [16.25, 13.5, 3],
			"to": [17.25, 17.5, 10.25],
			"rotation": {"angle": 0, "axis": "y", "origin": [8, 15.48964, -13.875]},
			"faces": {
				"north": {"uv": [0, 0, 1, 16], "texture": "#4"},
				"east": {"uv": [0, 0, 1, 16], "texture": "#11"},
				"south": {"uv": [0, 0, 1, 16], "texture": "#16"},
				"west": {"uv": [0, 0, 1, 16], "texture": "#11"},
				"up": {"uv": [0, 0, 1, 2], "texture": "#4"},
				"down": {"uv": [0, 0, 1, 16], "texture": "#16"}
			}
		},
		{
			"from": [16.25, 0.5, 4],
			"to": [17.25, 7.5, 9.25],
			"rotation": {"angle": 0, "axis": "y", "origin": [8, 15.48964, -13.875]},
			"faces": {
				"north": {"uv": [0, 0, 1, 16], "texture": "#4"},
				"east": {"uv": [0, 0, 1, 16], "texture": "#11"},
				"south": {"uv": [0, 0, 1, 16], "texture": "#4"},
				"west": {"uv": [0, 0, 1, 16], "texture": "#11"},
				"up": {"uv": [0, 0, 1, 2], "texture": "#16"},
				"down": {"uv": [0, 0, 1, 16], "texture": "#4"}
			}
		},
		{
			"from": [-1.25, 13.5, 3],
			"to": [-0.25, 17.5, 10.25],
			"rotation": {"angle": 0, "axis": "y", "origin": [8, 15.48964, -13.875]},
			"faces": {
				"north": {"uv": [0, 0, 1, 16], "texture": "#4"},
				"east": {"uv": [0, 0, 1, 16], "texture": "#11"},
				"south": {"uv": [0, 0, 1, 16], "texture": "#4"},
				"west": {"uv": [0, 0, 1, 16], "texture": "#11"},
				"up": {"uv": [0, 0, 1, 2], "texture": "#4"},
				"down": {"uv": [0, 0, 1, 16], "texture": "#16"}
			}
		},
		{
			"from": [-1.25, 0.5, 9],
			"to": [-0.25, 13.5, 10.25],
			"rotation": {"angle": 0, "axis": "y", "origin": [8, 15.48964, -32.875]},
			"faces": {
				"north": {"uv": [0, 0, 1, 16], "texture": "#16"},
				"east": {"uv": [0, 0, 1, 16], "texture": "#11"},
				"south": {"uv": [0, 0, 1, 16], "texture": "#4"},
				"west": {"uv": [0, 0, 1, 16], "texture": "#11"},
				"up": {"uv": [0, 0, 1, 2], "texture": "#4"},
				"down": {"uv": [0, 0, 1, 16], "texture": "#4"}
			}
		},
		{
			"from": [-1.25, 0.5, 3],
			"to": [-0.25, 13.5, 4.15],
			"rotation": {"angle": 0, "axis": "y", "origin": [8, 15.48964, -32.875]},
			"faces": {
				"north": {"uv": [0, 0, 1, 16], "texture": "#4"},
				"east": {"uv": [0, 0, 1, 16], "texture": "#11"},
				"south": {"uv": [0, 0, 1, 16], "texture": "#16"},
				"west": {"uv": [0, 0, 1, 16], "texture": "#11"},
				"up": {"uv": [0, 0, 1, 2], "texture": "#4"},
				"down": {"uv": [0, 0, 1, 16], "texture": "#4"}
			}
		},
		{
			"from": [-1.25, 0.5, 4.1],
			"to": [-0.25, 7.5, 9.05],
			"rotation": {"angle": 0, "axis": "y", "origin": [8, 15.48964, -32.875]},
			"faces": {
				"north": {"uv": [0, 0, 1, 16], "texture": "#4"},
				"east": {"uv": [0, 0, 1, 16], "texture": "#11"},
				"south": {"uv": [0, 0, 1, 16], "texture": "#4"},
				"west": {"uv": [0, 0, 1, 16], "texture": "#11"},
				"up": {"uv": [0, 0, 1, 2], "texture": "#16"},
				"down": {"uv": [0, 0, 1, 16], "texture": "#4"}
			}
		},
		{
			"from": [-0.75, 7.5, 4.2],
			"to": [-0.75, 13.5, 8.95],
			"rotation": {"angle": 0, "axis": "y", "origin": [8, 15.48964, -32.875]},
			"faces": {
				"north": {"uv": [0, 0, 1, 16], "texture": "#4"},
				"east": {"uv": [0, 0, 16, 16], "texture": "#15"},
				"south": {"uv": [0, 0, 1, 16], "texture": "#4"},
				"west": {"uv": [0, 0, 16, 16], "texture": "#15"},
				"up": {"uv": [0, 0, 1, 2], "texture": "#4"},
				"down": {"uv": [0, 0, 1, 16], "texture": "#4"}
			}
		},
		{
			"from": [16.65, 7.5, 4.2],
			"to": [16.65, 13.5, 8.95],
			"rotation": {"angle": 0, "axis": "y", "origin": [8, 15.48964, -32.875]},
			"faces": {
				"north": {"uv": [0, 0, 1, 16], "texture": "#4"},
				"east": {"uv": [0, 0, 16, 16], "texture": "#15"},
				"south": {"uv": [0, 0, 1, 16], "texture": "#4"},
				"west": {"uv": [0, 0, 16, 16], "texture": "#15"},
				"up": {"uv": [0, 0, 1, 2], "texture": "#4"},
				"down": {"uv": [0, 0, 1, 16], "texture": "#4"}
			}
		},
		{
			"from": [-1.25, 0, 3],
			"to": [17.25, 1, 12.9],
			"rotation": {"angle": 0, "axis": "y", "origin": [8, 15.48964, -5.875]},
			"faces": {
				"north": {"uv": [0, 0, 14, 16], "texture": "#4"},
				"east": {"uv": [0, 0, 14, 16], "texture": "#11"},
				"south": {"uv": [0, 0, 14, 16], "texture": "#4"},
				"west": {"uv": [0, 0, 14, 16], "texture": "#11"},
				"up": {"uv": [0, 0, 14, 16], "texture": "#13"},
				"down": {"uv": [0, 0, 14, 16], "texture": "#11"}
			}
		},
		{
			"from": [-6.2, 0, 16.3],
			"to": [-4.6, 4.1, 18.1],
			"rotation": {"angle": 45, "axis": "y", "origin": [0, 0, -10.9]},
			"faces": {
				"north": {"uv": [0, 0, 16, 4], "texture": "#4"},
				"east": {"uv": [0, 0, 1.8, 4], "texture": "#4"},
				"south": {"uv": [0, 0, 16, 4], "texture": "#11"},
				"west": {"uv": [0, 0, 1.8, 4], "texture": "#11"},
				"up": {"uv": [0, 0, 16, 1.8], "texture": "#11"},
				"down": {"uv": [0, 0, 16, 1.8], "texture": "#11"}
			}
		},
		{
			"from": [15.8, 0, 4.8],
			"to": [17.5, 4.1, 6.8],
			"rotation": {"angle": -45, "axis": "y", "origin": [0, 0, -10.8]},
			"faces": {
				"north": {"uv": [0, 0, 1.8, 4], "texture": "#4"},
				"east": {"uv": [0, 0, 16, 4], "texture": "#11"},
				"south": {"uv": [0, 0, 1.8, 4], "texture": "#11"},
				"west": {"uv": [0, 0, 16, 4], "texture": "#4"},
				"up": {"uv": [0, 0, 16, 1.8], "rotation": 270, "texture": "#11"},
				"down": {"uv": [0, 0, 16, 1.8], "rotation": 90, "texture": "#11"}
			}
		},
		{
			"from": [16.25, 8.95, 12.8],
			"to": [17.25, 13.1, 12.9],
			"rotation": {"angle": 0, "axis": "y", "origin": [0, 0, -10.9]},
			"faces": {
				"north": {"uv": [0, 0, 16, 4], "texture": "#4"},
				"east": {"uv": [0, 0, 1.8, 4], "texture": "#14"},
				"south": {"uv": [0, 0, 16, 4], "texture": "#14"},
				"west": {"uv": [0, 0, 1.8, 4], "texture": "#4"},
				"up": {"uv": [0, 0, 16, 1.8], "texture": "#18"},
				"down": {"uv": [0, 0, 16, 1.8], "texture": "#18"}
			}
		},
		{
			"from": [16.25, 0.95, 10.2],
			"to": [17.25, 4, 12.9],
			"rotation": {"angle": 0, "axis": "y", "origin": [0, 0, -10.9]},
			"faces": {
				"north": {"uv": [0, 0, 16, 4], "texture": "#4"},
				"east": {"uv": [0, 0, 1.8, 4], "texture": "#11"},
				"south": {"uv": [0, 0, 16, 4], "texture": "#11"},
				"west": {"uv": [0, 0, 1.8, 4], "texture": "#4"},
				"up": {"uv": [0, 0, 16, 1.8], "texture": "#11"},
				"down": {"uv": [0, 0, 16, 1.8], "texture": "#11"}
			}
		},
		{
			"from": [15.8, 4.1, 4.8],
			"to": [17.5, 19.1, 6.8],
			"rotation": {"angle": -45, "axis": "y", "origin": [0, 0, -10.8]},
			"faces": {
				"north": {"uv": [0, 0, 1.8, 4], "texture": "#4"},
				"east": {"uv": [0, 0, 16, 4], "texture": "#14"},
				"south": {"uv": [0, 0, 1.8, 4], "texture": "#14"},
				"west": {"uv": [0, 0, 16, 4], "texture": "#4"},
				"up": {"uv": [0, 0, 16, 1.8], "rotation": 270, "texture": "#14"},
				"down": {"uv": [0, 0, 16, 1.8], "rotation": 90, "texture": "#18"}
			}
		},
		{
			"from": [-0.1, 16.1, 12.2],
			"to": [4.9, 19.1, 14],
			"rotation": {"angle": 0, "axis": "y", "origin": [0, 0, -10.9]},
			"faces": {
				"north": {"uv": [0, 0, 16, 4], "texture": "#11"},
				"east": {"uv": [0, 0, 1.8, 4], "texture": "#11"},
				"south": {"uv": [0, 0, 16, 4], "texture": "#14"},
				"west": {"uv": [0, 0, 1.8, 4], "texture": "#10"},
				"up": {"uv": [0, 0, 16, 1.8], "texture": "#14"},
				"down": {"uv": [0, 0, 16, 1.8], "texture": "#14"}
			}
		},
		{
			"from": [4.9, 16.1, 12.2],
			"to": [11.1, 16.8, 14],
			"rotation": {"angle": 0, "axis": "y", "origin": [0, 0, -10.9]},
			"faces": {
				"north": {"uv": [0, 0, 16, 4], "texture": "#11"},
				"east": {"uv": [0, 0, 1.8, 4], "texture": "#10"},
				"south": {"uv": [0, 0, 16, 4], "texture": "#14"},
				"west": {"uv": [0, 0, 1.8, 4], "texture": "#10"},
				"up": {"uv": [0, 0, 16, 1.8], "texture": "#18"},
				"down": {"uv": [0, 0, 16, 1.8], "texture": "#14"}
			}
		},
		{
			"from": [4.9, 18.4, 12.2],
			"to": [11.1, 19.1, 14],
			"rotation": {"angle": 0, "axis": "y", "origin": [0, 0, -10.9]},
			"faces": {
				"north": {"uv": [0, 0, 16, 4], "texture": "#11"},
				"east": {"uv": [0, 0, 1.8, 4], "texture": "#10"},
				"south": {"uv": [0, 0, 16, 4], "texture": "#14"},
				"west": {"uv": [0, 0, 1.8, 4], "texture": "#10"},
				"up": {"uv": [0, 0, 16, 1.8], "texture": "#14"},
				"down": {"uv": [0, 0, 16, 1.8], "texture": "#11"}
			}
		},
		{
			"from": [10.9, 16.1, 12.2],
			"to": [16.1, 19.1, 14],
			"rotation": {"angle": 0, "axis": "y", "origin": [0, 0, -10.9]},
			"faces": {
				"north": {"uv": [0, 0, 16, 4], "texture": "#11"},
				"east": {"uv": [0, 0, 1.8, 4], "texture": "#10"},
				"south": {"uv": [0, 0, 16, 4], "texture": "#14"},
				"west": {"uv": [0, 0, 1.8, 4], "texture": "#11"},
				"up": {"uv": [0, 0, 16, 1.8], "texture": "#14"},
				"down": {"uv": [0, 0, 16, 1.8], "texture": "#14"}
			}
		},
		{
			"from": [-6.2, 4.1, 16.3],
			"to": [-4.6, 19.1, 18.1],
			"rotation": {"angle": 45, "axis": "y", "origin": [0, 0, -10.9]},
			"faces": {
				"north": {"uv": [0, 0, 16, 4], "texture": "#4"},
				"east": {"uv": [0, 0, 1.8, 4], "texture": "#4"},
				"south": {"uv": [0, 0, 16, 4], "texture": "#14"},
				"west": {"uv": [0, 0, 1.8, 4], "texture": "#14"},
				"up": {"uv": [0, 0, 16, 1.8], "texture": "#14"},
				"down": {"uv": [0, 0, 16, 1.8], "texture": "#18"}
			}
		},
		{
			"from": [16.25, 3.95, 10.2],
			"to": [17.25, 19, 12.8],
			"rotation": {"angle": 0, "axis": "y", "origin": [0, 0, -10.9]},
			"faces": {
				"north": {"uv": [0, 0, 16, 4], "texture": "#4"},
				"east": {"uv": [0, 0, 1.8, 4], "texture": "#14"},
				"south": {"uv": [0, 0, 16, 4], "texture": "#14"},
				"west": {"uv": [0, 0, 1.8, 4], "texture": "#4"},
				"up": {"uv": [0, 0, 16, 1.8], "texture": "#14"},
				"down": {"uv": [0, 0, 16, 1.8], "texture": "#18"}
			}
		},
		{
			"from": [-0.1, 4.1, 12.2],
			"to": [16.1, 7.1, 14],
			"rotation": {"angle": 0, "axis": "y", "origin": [0, 0, -10.9]},
			"faces": {
				"north": {"uv": [0, 0, 16, 4], "texture": "#11"},
				"east": {"uv": [0, 0, 1.8, 4], "texture": "#10"},
				"south": {"uv": [0, 0, 16, 4], "texture": "#14"},
				"west": {"uv": [0, 0, 1.8, 4], "texture": "#10"},
				"up": {"uv": [0, 0, 16, 1.8], "texture": "#14"},
				"down": {"uv": [0, 0, 16, 1.8], "texture": "#18"}
			}
		},
		{
			"from": [4.75, 16.6, 12.65],
			"to": [11.2, 18.6, 13.95],
			"rotation": {"angle": 0, "axis": "y", "origin": [0, 0, -10.9]},
			"faces": {
				"north": {"uv": [0, 0, 16, 4], "texture": "#11"},
				"east": {"uv": [0, 0, 1.8, 4], "texture": "#16"},
				"south": {"uv": [0, 0, 16, 4], "texture": "#16"},
				"west": {"uv": [0, 0, 1.8, 4], "texture": "#16"},
				"up": {"uv": [0, 0, 16, 1.8], "texture": "#16"},
				"down": {"uv": [0, 0, 16, 1.8], "texture": "#16"}
			}
		},
		{
			"from": [0.3, 7.1, 13.2],
			"to": [15.7, 16.2, 13.6],
			"rotation": {"angle": 0, "axis": "y", "origin": [0, 0, -10.9]},
			"faces": {
				"north": {"uv": [0, 0, 16, 16], "texture": "#15"},
				"east": {"uv": [0, 0, 1.8, 4], "texture": "#10"},
				"south": {"uv": [0, 0, 16, 16], "texture": "#17"},
				"west": {"uv": [0, 0, 1.8, 4], "texture": "#15"},
				"up": {"uv": [0, 0, 16, 1.8], "texture": "#18"},
				"down": {"uv": [0, 0, 16, 1.8], "texture": "#18"}
			}
		},
		{
			"from": [-1.25, 4.15, 10.2],
			"to": [-0.25, 19, 12.8],
			"rotation": {"angle": 0, "axis": "y", "origin": [0, 0, -10.9]},
			"faces": {
				"north": {"uv": [0, 0, 16, 4], "texture": "#18"},
				"east": {"uv": [0, 0, 1.8, 4], "texture": "#4"},
				"south": {"uv": [0, 0, 16, 4], "texture": "#18"},
				"west": {"uv": [0, 0, 1.8, 4], "texture": "#14"},
				"up": {"uv": [0, 0, 16, 1.8], "texture": "#14"},
				"down": {"uv": [0, 0, 16, 1.8], "texture": "#18"}
			}
		},
		{
			"from": [-1.25, 0.05, 9.95],
			"to": [-0.25, 4.2, 12.8],
			"rotation": {"angle": 0, "axis": "y", "origin": [0, 0, -10.9]},
			"faces": {
				"north": {"uv": [0, 0, 16, 4], "texture": "#11"},
				"east": {"uv": [0, 0, 1.8, 4], "texture": "#4"},
				"south": {"uv": [0, 0, 16, 4], "texture": "#11"},
				"west": {"uv": [0, 0, 1.8, 4], "texture": "#11"},
				"up": {"uv": [0, 0, 16, 1.8], "texture": "#11"},
				"down": {"uv": [0, 0, 16, 1.8], "texture": "#11"}
			}
		},
		{
			"from": [-0.1, 0, 12.4],
			"to": [1.4, 4.1, 14],
			"rotation": {"angle": 0, "axis": "y", "origin": [7, 0, -10.8]},
			"faces": {
				"north": {"uv": [0, 0, 2, 9], "texture": "#4"},
				"east": {"uv": [0, 0, 1.6, 9], "texture": "#4"},
				"south": {"uv": [0, 0, 2, 9], "texture": "#11"},
				"west": {"uv": [0, 0, 1.6, 9], "texture": "#4"},
				"up": {"uv": [0, 0, 2, 1.6], "texture": "#4"},
				"down": {"uv": [0, 0, 2, 1.6], "texture": "#11"}
			}
		},
		{
			"from": [14.4, 0, 12.4],
			"to": [16.1, 4.1, 14],
			"rotation": {"angle": 0, "axis": "y", "origin": [0, 0, -10.8]},
			"faces": {
				"north": {"uv": [0, 0, 2, 9], "texture": "#4"},
				"east": {"uv": [0, 0, 1.6, 9], "texture": "#11"},
				"south": {"uv": [0, 0, 2, 9], "texture": "#11"},
				"west": {"uv": [0, 0, 1.6, 9], "texture": "#4"},
				"up": {"uv": [0, 0, 2, 1.6], "texture": "#4"},
				"down": {"uv": [0, 0, 2, 1.6], "texture": "#11"}
			}
		},
		{
			"from": [1, 0, 12.4],
			"to": [14.4, 4.1, 14],
			"rotation": {"angle": 0, "axis": "y", "origin": [0, 0, -10.8]},
			"faces": {
				"north": {"uv": [0, 0, 13.4, 13], "texture": "#4"},
				"east": {"uv": [0, 0, 1.6, 13], "texture": "#4"},
				"south": {"uv": [0, 0, 13.4, 13], "texture": "#11"},
				"west": {"uv": [0, 0, 1.6, 13], "texture": "#4"},
				"up": {"uv": [0, 0, 13.4, 1.6], "texture": "#4"},
				"down": {"uv": [0, 0, 13.4, 1.6], "texture": "#11"}
			}
		},
		{
			"from": [2.75, -4, 11.9],
			"to": [13.25, -1.6, 13.05],
			"rotation": {"angle": 0, "axis": "y", "origin": [8, 15.48964, 11.325]},
			"faces": {
				"north": {"uv": [0, 0, 14, 16], "texture": "#4"},
				"east": {"uv": [0, 0, 15.328, 3.648], "texture": "#4"},
				"south": {"uv": [0, 0, 14, 16], "texture": "#4"},
				"west": {"uv": [0, 0, 14, 16], "texture": "#4"},
				"up": {"uv": [0, 0, 14, 16], "texture": "#4"},
				"down": {"uv": [0, 0, 14, 16], "texture": "#4"}
			}
		},
		{
			"from": [-2.05, -2, 11.9],
			"to": [0.75, 0, 13.05],
			"rotation": {"angle": 45, "axis": "z", "origin": [8, 15.48964, 11.325]},
			"faces": {
				"north": {"uv": [0, 0, 14, 16], "texture": "#4"},
				"east": {"uv": [0, 0, 15.328, 3.648], "texture": "#4"},
				"south": {"uv": [0, 0, 14, 16], "texture": "#4"},
				"west": {"uv": [0, 0, 14, 16], "texture": "#4"},
				"up": {"uv": [0, 0, 14, 16], "texture": "#4"},
				"down": {"uv": [0, 0, 14, 16], "texture": "#4"}
			}
		},
		{
			"from": [15.25, -2, 11.9],
			"to": [18.05, 0, 13.05],
			"rotation": {"angle": -45, "axis": "z", "origin": [8, 15.48964, 11.325]},
			"faces": {
				"north": {"uv": [0, 0, 14, 16], "texture": "#4"},
				"east": {"uv": [0, 0, 15.328, 3.648], "texture": "#4"},
				"south": {"uv": [0, 0, 14, 16], "texture": "#4"},
				"west": {"uv": [0, 0, 14, 16], "texture": "#4"},
				"up": {"uv": [0, 0, 14, 16], "texture": "#4"},
				"down": {"uv": [0, 0, 14, 16], "texture": "#4"}
			}
		},
		{
			"from": [0.75, -2, 11.9],
			"to": [2.25, 0, 13.05],
			"rotation": {"angle": 0, "axis": "y", "origin": [8, 15.48964, 11.325]},
			"faces": {
				"north": {"uv": [0, 0, 14, 16], "texture": "#4"},
				"east": {"uv": [0, 0, 15.328, 3.648], "texture": "#4"},
				"south": {"uv": [0, 0, 14, 16], "texture": "#4"},
				"west": {"uv": [0, 0, 14, 16], "texture": "#4"},
				"up": {"uv": [0, 0, 14, 16], "texture": "#4"},
				"down": {"uv": [0, 0, 14, 16], "texture": "#4"}
			}
		},
		{
			"from": [13.75, -2, 11.9],
			"to": [15.25, 0, 13.05],
			"rotation": {"angle": 0, "axis": "y", "origin": [8, 15.48964, 11.325]},
			"faces": {
				"north": {"uv": [0, 0, 14, 16], "texture": "#4"},
				"east": {"uv": [0, 0, 15.328, 3.648], "texture": "#4"},
				"south": {"uv": [0, 0, 14, 16], "texture": "#4"},
				"west": {"uv": [0, 0, 14, 16], "texture": "#4"},
				"up": {"uv": [0, 0, 14, 16], "texture": "#4"},
				"down": {"uv": [0, 0, 14, 16], "texture": "#4"}
			}
		}
	],
	"display": {
		"head": {
			"scale": [3.85, 3.85, 4]
		}
	},
	"groups": [
		0,
		1,
		2,
		3,
		4,
		5,
		6,
		7,
		{
			"name": "group",
			"origin": [0, 0, -10.9],
			"color": 0,
			"children": [8, 9, 10, 11, 12, 13, 14, 15]
		},
		16,
		17,
		18,
		19,
		20,
		21,
		{
			"name": "group",
			"origin": [8, 12.48964, 6.125],
			"color": 0,
			"children": [22, 23, 24]
		},
		{
			"name": "group",
			"origin": [8, 15.48964, -1.875],
			"color": 0,
			"children": [25, 26, 27, 28]
		},
		29,
		30,
		31,
		32,
		{
			"name": "group",
			"origin": [8, 15.48964, -20.875],
			"color": 0,
			"children": []
		},
		33,
		34,
		35,
		36,
		37,
		38,
		39,
		{
			"name": "group",
			"origin": [0, 0, 1.1],
			"color": 0,
			"children": [40, 41, 42, 43, 44, 45, 46, 47, 48, 49, 50]
		},
		51,
		52,
		53,
		54,
		55,
		56,
		57,
		58,
		59
	]
}