{
	"credit": "Made with Blockbench",
	"textures": {
		"3": "block/s-trec/b37/transparency",
		"18": "block/s-trec/b37/pure_white",
		"19": "block/s-trec/b37/black",
		"particle": "block/s-trec/b37/yellow"
	},
	"elements": [
		{
			"from": [5.6, 4.6, 7.1],
			"to": [10.4, 11.3, 7.25],
			"rotation": {"angle": 0, "axis": "y", "origin": [0, -1.95, -14.7]},
			"faces": {
				"north": {"uv": [0, 0, 16, 16], "texture": "#18"},
				"east": {"uv": [0, 5.024, 16, 7.786], "texture": "#18"},
				"south": {"uv": [0, 0, 1, 6.25], "texture": "#18"},
				"west": {"uv": [0, 6.112, 16, 9.834], "texture": "#18"},
				"up": {"uv": [0, 0, 1, 16], "texture": "#18"},
				"down": {"uv": [0, 0, 1, 16], "texture": "#18"}
			}
		},
		{
			"from": [6.1, 9.85, 7],
			"to": [6.4, 10.1, 7.35],
			"rotation": {"angle": 0, "axis": "y", "origin": [0, -1.95, -14.7]},
			"faces": {
				"north": {"uv": [0, 0, 16, 16], "texture": "#19"},
				"east": {"uv": [0, 5.024, 16, 7.786], "texture": "#19"},
				"south": {"uv": [0, 0, 1, 6.25], "texture": "#19"},
				"west": {"uv": [0, 6.112, 16, 9.834], "texture": "#19"},
				"up": {"uv": [0, 0, 1, 16], "texture": "#19"},
				"down": {"uv": [0, 0, 1, 16], "texture": "#19"}
			}
		},
		{
			"from": [6.1, 10.1, 7],
			"to": [7.15, 10.3, 7.35],
			"rotation": {"angle": 0, "axis": "y", "origin": [0, -1.95, -14.7]},
			"faces": {
				"north": {"uv": [0, 0, 16, 16], "texture": "#19"},
				"east": {"uv": [0, 5.024, 16, 7.786], "texture": "#19"},
				"south": {"uv": [0, 0, 1, 6.25], "texture": "#19"},
				"west": {"uv": [0, 6.112, 16, 9.834], "texture": "#19"},
				"up": {"uv": [0, 0, 1, 16], "texture": "#19"},
				"down": {"uv": [0, 0, 1, 16], "texture": "#19"}
			}
		},
		{
			"from": [9.35, 11.3, 7.1],
			"to": [10.4, 16.35, 7.25],
			"rotation": {"angle": 0, "axis": "y", "origin": [0.25, -1.95, -14.7]},
			"faces": {
				"north": {"uv": [0, 0, 16, 16], "texture": "#18"},
				"east": {"uv": [0, 5.024, 16, 7.786], "texture": "#18"},
				"south": {"uv": [0, 0, 1, 6.25], "texture": "#18"},
				"west": {"uv": [0, 6.112, 16, 9.834], "texture": "#18"},
				"up": {"uv": [0, 0, 1, 16], "texture": "#18"},
				"down": {"uv": [0, 0, 1, 16], "texture": "#18"}
			}
		},
		{
			"from": [5.6, 11.3, 7.1],
			"to": [6.65, 16.35, 7.25],
			"rotation": {"angle": 0, "axis": "y", "origin": [0, -1.95, -14.7]},
			"faces": {
				"north": {"uv": [0, 0, 16, 16], "texture": "#18"},
				"east": {"uv": [0, 5.024, 16, 7.786], "texture": "#18"},
				"south": {"uv": [0, 0, 1, 6.25], "texture": "#18"},
				"west": {"uv": [0, 6.112, 16, 9.834], "texture": "#18"},
				"up": {"uv": [0, 0, 1, 16], "texture": "#18"},
				"down": {"uv": [0, 0, 1, 16], "texture": "#18"}
			}
		},
		{
			"from": [5.6, 16.35, 7.1],
			"to": [10.4, 18.55, 7.25],
			"rotation": {"angle": 0, "axis": "y", "origin": [0, -1.95, -14.7]},
			"faces": {
				"north": {"uv": [0, 0, 16, 16], "texture": "#18"},
				"east": {"uv": [0, 5.024, 16, 7.786], "texture": "#18"},
				"south": {"uv": [0, 0, 1, 6.25], "texture": "#18"},
				"west": {"uv": [0, 6.112, 16, 9.834], "texture": "#18"},
				"up": {"uv": [0, 0, 1, 16], "texture": "#18"},
				"down": {"uv": [0, 0, 1, 16], "texture": "#18"}
			}
		},
		{
			"from": [6.65, 11.3, 7.1],
			"to": [9.35, 18.1, 7.25],
			"rotation": {"angle": 0, "axis": "y", "origin": [0.2, -0.2, -22.15]},
			"faces": {
				"north": {"uv": [0, 0, 16, 16], "texture": "#3"},
				"east": {"uv": [0, 5.024, 16, 7.786], "texture": "#3"},
				"south": {"uv": [0, 0, 1, 6.25], "texture": "#3"},
				"west": {"uv": [0, 6.112, 16, 9.834], "texture": "#3"},
				"up": {"uv": [0, 0, 1, 16], "texture": "#3"},
				"down": {"uv": [0, 0, 1, 16], "texture": "#3"}
			}
		}
	],
	"display": {
		"thirdperson_righthand": {
			"scale": [4, 4, 4]
		},
		"head": {
			"scale": [4, 4, 4]
		}
	}
}