{
	"credit": "Made by Mike Shafter",
	"textures": {
		"0": "block/pink_shulker_box",
		"1": "block/glass",
		"particle": "block/pink_shulker_box"
	},
	"elements": [
		{
			"from": [7.75, 24, 2],
			"to": [8.25, 25, 14],
			"rotation": {"angle": 0, "axis": "y", "origin": [8, 14.75, 8]},
			"faces": {
				"north": {"uv": [3, 3, 13, 13], "texture": "#0"},
				"east": {"uv": [3, 3, 13, 13], "texture": "#0"},
				"south": {"uv": [3, 3, 13, 13], "texture": "#0"},
				"west": {"uv": [3, 3, 13, 13], "texture": "#0"},
				"up": {"uv": [3, 3, 13, 13], "rotation": 90, "texture": "#0"},
				"down": {"uv": [3, 3, 13, 13], "rotation": 270, "texture": "#0"}
			}
		},
		{
			"from": [7.75, 8, 3],
			"to": [8.25, 24, 13],
			"rotation": {"angle": 0, "axis": "y", "origin": [8, 14.75, 8]},
			"faces": {
				"north": {"uv": [1, 1, 15, 15], "texture": "#1"},
				"east": {"uv": [1, 1, 15, 15], "texture": "#1"},
				"south": {"uv": [1, 1, 15, 15], "texture": "#1"},
				"west": {"uv": [1, 1, 15, 15], "texture": "#1"},
				"up": {"uv": [1, 1, 15, 15], "rotation": 90, "texture": "#1"},
				"down": {"uv": [1, 1, 15, 15], "rotation": 270, "texture": "#1"}
			}
		},
		{
			"from": [7.75, 8, 13],
			"to": [8.25, 24, 14],
			"rotation": {"angle": 0, "axis": "y", "origin": [8, 14.75, 8]},
			"faces": {
				"north": {"uv": [3, 3, 13, 13], "texture": "#0"},
				"east": {"uv": [3, 3, 13, 13], "texture": "#0"},
				"south": {"uv": [3, 3, 13, 13], "texture": "#0"},
				"west": {"uv": [3, 3, 13, 13], "texture": "#0"},
				"up": {"uv": [3, 3, 13, 13], "rotation": 90, "texture": "#0"},
				"down": {"uv": [3, 3, 13, 13], "rotation": 270, "texture": "#0"}
			}
		},
		{
			"from": [7.75, 8, 2],
			"to": [8.25, 24, 3],
			"rotation": {"angle": 0, "axis": "y", "origin": [8, 14.75, 8]},
			"faces": {
				"north": {"uv": [3, 3, 13, 13], "texture": "#0"},
				"east": {"uv": [3, 3, 13, 13], "texture": "#0"},
				"south": {"uv": [3, 3, 13, 13], "texture": "#0"},
				"west": {"uv": [3, 3, 13, 13], "texture": "#0"},
				"up": {"uv": [3, 3, 13, 13], "rotation": 90, "texture": "#0"},
				"down": {"uv": [3, 3, 13, 13], "rotation": 270, "texture": "#0"}
			}
		},
		{
			"from": [7.75, 0, 2],
			"to": [8.25, 8, 14],
			"rotation": {"angle": 0, "axis": "y", "origin": [8, 14.75, 8]},
			"faces": {
				"north": {"uv": [3, 3, 13, 13], "texture": "#0"},
				"east": {"uv": [3, 3, 13, 13], "texture": "#0"},
				"south": {"uv": [3, 3, 13, 13], "texture": "#0"},
				"west": {"uv": [3, 3, 13, 13], "texture": "#0"},
				"up": {"uv": [3, 3, 13, 13], "rotation": 90, "texture": "#0"},
				"down": {"uv": [3, 3, 13, 13], "rotation": 270, "texture": "#0"}
			}
		}
	],
	"display": {
		"head": {
			"scale": [2, 2.2, 2]
		}
	}
}