{
	"credit": "Made with Blockbench",
	"texture_size": [32, 32],
	"textures": {
		"1": "LipanLocoTextures/shine metal",
		"5": "LipanLocoTextures/dark metal",
		"7": "LipanLocoTextures/snowplough yellow",
		"9": "LipanLocoTextures/Crimson",
		"10": "LipanLocoTextures/MU coupler",
		"15": "LipanLocoTextures/Namboku Green",
		"16": "LipanLocoTextures/Bogie Front",
		"17": "LipanLocoTextures/texture",
		"particle": "LipanLocoTextures/horn"
	},
	"elements": [
		{
			"from": [12, -14, 6],
			"to": [14, -9, 11],
			"rotation": {"angle": 0, "axis": "y", "origin": [-3, 13, 4]},
			"faces": {
				"north": {"uv": [0, 0, 1, 2.5], "texture": "#5"},
				"east": {"uv": [0, 0, 2.5, 2.5], "texture": "#5"},
				"south": {"uv": [0, 0, 1, 2.5], "texture": "#5"},
				"west": {"uv": [0, 0, 2.5, 2.5], "texture": "#5"},
				"up": {"uv": [0, 0, 1, 2.5], "texture": "#5"},
				"down": {"uv": [0, 0, 1, 2.5], "texture": "#5"}
			}
		},
		{
			"from": [2, -14, 6],
			"to": [4, -9, 11],
			"rotation": {"angle": 0, "axis": "y", "origin": [-3, 13, 4]},
			"faces": {
				"north": {"uv": [0, 0, 1, 2.5], "texture": "#5"},
				"east": {"uv": [0, 0, 2.5, 2.5], "texture": "#5"},
				"south": {"uv": [0, 0, 1, 2.5], "texture": "#5"},
				"west": {"uv": [0, 0, 2.5, 2.5], "texture": "#5"},
				"up": {"uv": [0, 0, 1, 2.5], "texture": "#5"},
				"down": {"uv": [0, 0, 1, 2.5], "texture": "#5"}
			}
		},
		{
			"from": [12, -9, 6],
			"to": [13, -8, 11],
			"rotation": {"angle": 0, "axis": "y", "origin": [-3, 13, 4]},
			"faces": {
				"north": {"uv": [0, 0, 0.5, 0.5], "texture": "#1"},
				"east": {"uv": [0, 0, 2.5, 0.5], "texture": "#1"},
				"south": {"uv": [0, 0, 0.5, 0.5], "texture": "#1"},
				"west": {"uv": [0, 0, 2.5, 0.5], "texture": "#1"},
				"up": {"uv": [0, 0, 0.5, 2.5], "texture": "#1"},
				"down": {"uv": [0, 0, 0.5, 2.5], "texture": "#1"}
			}
		},
		{
			"from": [12, -15, 6],
			"to": [13, -14, 11],
			"rotation": {"angle": 0, "axis": "y", "origin": [-3, 13, 4]},
			"faces": {
				"north": {"uv": [0, 0, 0.5, 0.5], "texture": "#1"},
				"east": {"uv": [0, 0, 2.5, 0.5], "texture": "#1"},
				"south": {"uv": [0, 0, 0.5, 0.5], "texture": "#1"},
				"west": {"uv": [0, 0, 2.5, 0.5], "texture": "#1"},
				"up": {"uv": [0, 0, 0.5, 2.5], "texture": "#1"},
				"down": {"uv": [0, 0, 0.5, 2.5], "texture": "#1"}
			}
		},
		{
			"from": [3, -15, 6],
			"to": [4, -14, 11],
			"rotation": {"angle": 0, "axis": "y", "origin": [-3, 13, 4]},
			"faces": {
				"north": {"uv": [0, 0, 0.5, 0.5], "texture": "#1"},
				"east": {"uv": [0, 0, 2.5, 0.5], "texture": "#1"},
				"south": {"uv": [0, 0, 0.5, 0.5], "texture": "#1"},
				"west": {"uv": [0, 0, 2.5, 0.5], "texture": "#1"},
				"up": {"uv": [0, 0, 0.5, 2.5], "texture": "#1"},
				"down": {"uv": [0, 0, 0.5, 2.5], "texture": "#1"}
			}
		},
		{
			"from": [3, -9, 6],
			"to": [4, -8, 11],
			"rotation": {"angle": 0, "axis": "y", "origin": [-3, 13, 4]},
			"faces": {
				"north": {"uv": [0, 0, 0.5, 0.5], "texture": "#1"},
				"east": {"uv": [0, 0, 2.5, 0.5], "texture": "#1"},
				"south": {"uv": [0, 0, 0.5, 0.5], "texture": "#1"},
				"west": {"uv": [0, 0, 2.5, 0.5], "texture": "#1"},
				"up": {"uv": [0, 0, 0.5, 2.5], "texture": "#1"},
				"down": {"uv": [0, 0, 0.5, 2.5], "texture": "#1"}
			}
		},
		{
			"from": [12, -14, 11],
			"to": [13, -9, 12],
			"rotation": {"angle": 0, "axis": "y", "origin": [-3, 13, 4]},
			"faces": {
				"north": {"uv": [0, 0, 0.5, 2.5], "texture": "#1"},
				"east": {"uv": [0, 0, 0.5, 2.5], "texture": "#1"},
				"south": {"uv": [0, 0, 0.5, 2.5], "texture": "#1"},
				"west": {"uv": [0, 0, 0.5, 2.5], "texture": "#1"},
				"up": {"uv": [0, 0, 0.5, 0.5], "texture": "#1"},
				"down": {"uv": [0, 0, 0.5, 0.5], "texture": "#1"}
			}
		},
		{
			"from": [12, -14, 5],
			"to": [13, -9, 6],
			"rotation": {"angle": 0, "axis": "y", "origin": [-3, 13, 4]},
			"faces": {
				"north": {"uv": [0, 0, 0.5, 2.5], "texture": "#1"},
				"east": {"uv": [0, 0, 0.5, 2.5], "texture": "#1"},
				"south": {"uv": [0, 0, 0.5, 2.5], "texture": "#1"},
				"west": {"uv": [0, 0, 0.5, 2.5], "texture": "#1"},
				"up": {"uv": [0, 0, 0.5, 0.5], "texture": "#1"},
				"down": {"uv": [0, 0, 0.5, 0.5], "texture": "#1"}
			}
		},
		{
			"from": [3, -14, 5],
			"to": [4, -9, 6],
			"rotation": {"angle": 0, "axis": "y", "origin": [-3, 13, 4]},
			"faces": {
				"north": {"uv": [0, 0, 0.5, 2.5], "texture": "#1"},
				"east": {"uv": [0, 0, 0.5, 2.5], "texture": "#1"},
				"south": {"uv": [0, 0, 0.5, 2.5], "texture": "#1"},
				"west": {"uv": [0, 0, 0.5, 2.5], "texture": "#1"},
				"up": {"uv": [0, 0, 0.5, 0.5], "texture": "#1"},
				"down": {"uv": [0, 0, 0.5, 0.5], "texture": "#1"}
			}
		},
		{
			"from": [3, -14, 11],
			"to": [4, -9, 12],
			"rotation": {"angle": 0, "axis": "y", "origin": [-3, 13, 4]},
			"faces": {
				"north": {"uv": [0, 0, 0.5, 2.5], "texture": "#1"},
				"east": {"uv": [0, 0, 0.5, 2.5], "texture": "#1"},
				"south": {"uv": [0, 0, 0.5, 2.5], "texture": "#1"},
				"west": {"uv": [0, 0, 0.5, 2.5], "texture": "#1"},
				"up": {"uv": [0, 0, 0.5, 0.5], "texture": "#1"},
				"down": {"uv": [0, 0, 0.5, 0.5], "texture": "#1"}
			}
		},
		{
			"from": [4, -12, 8],
			"to": [12, -11, 9],
			"rotation": {"angle": 0, "axis": "y", "origin": [-3, 13, 4]},
			"faces": {
				"north": {"uv": [0, 0, 4, 0.5], "texture": "#1"},
				"east": {"uv": [0, 0, 0.5, 0.5], "texture": "#1"},
				"south": {"uv": [0, 0, 4, 0.5], "texture": "#1"},
				"west": {"uv": [0, 0, 0.5, 0.5], "texture": "#1"},
				"up": {"uv": [0, 0, 4, 0.5], "texture": "#1"},
				"down": {"uv": [0, 0, 4, 0.5], "texture": "#1"}
			}
		},
		{
			"from": [12, -14, 16],
			"to": [14, -9, 21],
			"rotation": {"angle": 0, "axis": "y", "origin": [-3, 13, 4]},
			"faces": {
				"north": {"uv": [0, 0, 1, 2.5], "texture": "#5"},
				"east": {"uv": [0, 0, 2.5, 2.5], "texture": "#5"},
				"south": {"uv": [0, 0, 1, 2.5], "texture": "#5"},
				"west": {"uv": [0, 0, 2.5, 2.5], "texture": "#5"},
				"up": {"uv": [0, 0, 1, 2.5], "texture": "#5"},
				"down": {"uv": [0, 0, 1, 2.5], "texture": "#5"}
			}
		},
		{
			"from": [2, -14, 16],
			"to": [4, -9, 21],
			"rotation": {"angle": 0, "axis": "y", "origin": [-3, 13, 4]},
			"faces": {
				"north": {"uv": [0, 0, 1, 2.5], "texture": "#5"},
				"east": {"uv": [0, 0, 2.5, 2.5], "texture": "#5"},
				"south": {"uv": [0, 0, 1, 2.5], "texture": "#5"},
				"west": {"uv": [0, 0, 2.5, 2.5], "texture": "#5"},
				"up": {"uv": [0, 0, 1, 2.5], "texture": "#5"},
				"down": {"uv": [0, 0, 1, 2.5], "texture": "#5"}
			}
		},
		{
			"from": [12, -9, 16],
			"to": [13, -8, 21],
			"rotation": {"angle": 0, "axis": "y", "origin": [-3, 13, 4]},
			"faces": {
				"north": {"uv": [0, 0, 0.5, 0.5], "texture": "#1"},
				"east": {"uv": [0, 0, 2.5, 0.5], "texture": "#1"},
				"south": {"uv": [0, 0, 0.5, 0.5], "texture": "#1"},
				"west": {"uv": [0, 0, 2.5, 0.5], "texture": "#1"},
				"up": {"uv": [0, 0, 0.5, 2.5], "texture": "#1"},
				"down": {"uv": [0, 0, 0.5, 2.5], "texture": "#1"}
			}
		},
		{
			"from": [12, -15, 16],
			"to": [13, -14, 21],
			"rotation": {"angle": 0, "axis": "y", "origin": [-3, 13, 4]},
			"faces": {
				"north": {"uv": [0, 0, 0.5, 0.5], "texture": "#1"},
				"east": {"uv": [0, 0, 2.5, 0.5], "texture": "#1"},
				"south": {"uv": [0, 0, 0.5, 0.5], "texture": "#1"},
				"west": {"uv": [0, 0, 2.5, 0.5], "texture": "#1"},
				"up": {"uv": [0, 0, 0.5, 2.5], "texture": "#1"},
				"down": {"uv": [0, 0, 0.5, 2.5], "texture": "#1"}
			}
		},
		{
			"from": [3, -15, 16],
			"to": [4, -14, 21],
			"rotation": {"angle": 0, "axis": "y", "origin": [-3, 13, 4]},
			"faces": {
				"north": {"uv": [0, 0, 0.5, 0.5], "texture": "#1"},
				"east": {"uv": [0, 0, 2.5, 0.5], "texture": "#1"},
				"south": {"uv": [0, 0, 0.5, 0.5], "texture": "#1"},
				"west": {"uv": [0, 0, 2.5, 0.5], "texture": "#1"},
				"up": {"uv": [0, 0, 0.5, 2.5], "texture": "#1"},
				"down": {"uv": [0, 0, 0.5, 2.5], "texture": "#1"}
			}
		},
		{
			"from": [3, -9, 16],
			"to": [4, -8, 21],
			"rotation": {"angle": 0, "axis": "y", "origin": [-3, 13, 4]},
			"faces": {
				"north": {"uv": [0, 0, 0.5, 0.5], "texture": "#1"},
				"east": {"uv": [0, 0, 2.5, 0.5], "texture": "#1"},
				"south": {"uv": [0, 0, 0.5, 0.5], "texture": "#1"},
				"west": {"uv": [0, 0, 2.5, 0.5], "texture": "#1"},
				"up": {"uv": [0, 0, 0.5, 2.5], "texture": "#1"},
				"down": {"uv": [0, 0, 0.5, 2.5], "texture": "#1"}
			}
		},
		{
			"from": [12, -14, 21],
			"to": [13, -9, 22],
			"rotation": {"angle": 0, "axis": "y", "origin": [-3, 13, 4]},
			"faces": {
				"north": {"uv": [0, 0, 0.5, 2.5], "texture": "#1"},
				"east": {"uv": [0, 0, 0.5, 2.5], "texture": "#1"},
				"south": {"uv": [0, 0, 0.5, 2.5], "texture": "#1"},
				"west": {"uv": [0, 0, 0.5, 2.5], "texture": "#1"},
				"up": {"uv": [0, 0, 0.5, 0.5], "texture": "#1"},
				"down": {"uv": [0, 0, 0.5, 0.5], "texture": "#1"}
			}
		},
		{
			"from": [12, -14, 15],
			"to": [13, -9, 16],
			"rotation": {"angle": 0, "axis": "y", "origin": [-3, 13, 4]},
			"faces": {
				"north": {"uv": [0, 0, 0.5, 2.5], "texture": "#1"},
				"east": {"uv": [0, 0, 0.5, 2.5], "texture": "#1"},
				"south": {"uv": [0, 0, 0.5, 2.5], "texture": "#1"},
				"west": {"uv": [0, 0, 0.5, 2.5], "texture": "#1"},
				"up": {"uv": [0, 0, 0.5, 0.5], "texture": "#1"},
				"down": {"uv": [0, 0, 0.5, 0.5], "texture": "#1"}
			}
		},
		{
			"from": [3, -14, 15],
			"to": [4, -9, 16],
			"rotation": {"angle": 0, "axis": "y", "origin": [-3, 13, 4]},
			"faces": {
				"north": {"uv": [0, 0, 0.5, 2.5], "texture": "#1"},
				"east": {"uv": [0, 0, 0.5, 2.5], "texture": "#1"},
				"south": {"uv": [0, 0, 0.5, 2.5], "texture": "#1"},
				"west": {"uv": [0, 0, 0.5, 2.5], "texture": "#1"},
				"up": {"uv": [0, 0, 0.5, 0.5], "texture": "#1"},
				"down": {"uv": [0, 0, 0.5, 0.5], "texture": "#1"}
			}
		},
		{
			"from": [3, -14, 21],
			"to": [4, -9, 22],
			"rotation": {"angle": 0, "axis": "y", "origin": [-3, 13, 4]},
			"faces": {
				"north": {"uv": [0, 0, 0.5, 2.5], "texture": "#1"},
				"east": {"uv": [0, 0, 0.5, 2.5], "texture": "#1"},
				"south": {"uv": [0, 0, 0.5, 2.5], "texture": "#1"},
				"west": {"uv": [0, 0, 0.5, 2.5], "texture": "#1"},
				"up": {"uv": [0, 0, 0.5, 0.5], "texture": "#1"},
				"down": {"uv": [0, 0, 0.5, 0.5], "texture": "#1"}
			}
		},
		{
			"from": [4, -12, 18],
			"to": [12, -11, 19],
			"rotation": {"angle": 0, "axis": "y", "origin": [-3, 13, 4]},
			"faces": {
				"north": {"uv": [0, 0, 4, 0.5], "texture": "#1"},
				"east": {"uv": [0, 0, 0.5, 0.5], "texture": "#1"},
				"south": {"uv": [0, 0, 4, 0.5], "texture": "#1"},
				"west": {"uv": [0, 0, 0.5, 0.5], "texture": "#1"},
				"up": {"uv": [0, 0, 4, 0.5], "texture": "#1"},
				"down": {"uv": [0, 0, 4, 0.5], "texture": "#1"}
			}
		},
		{
			"from": [1, -13, 7],
			"to": [2, -9, 10],
			"rotation": {"angle": 0, "axis": "y", "origin": [-3, 13, 4]},
			"faces": {
				"north": {"uv": [0, 4, 1, 8], "texture": "#17"},
				"east": {"uv": [0, 0, 3, 4], "texture": "#17"},
				"south": {"uv": [1, 4, 2, 8], "texture": "#17"},
				"west": {"uv": [3, 0, 6, 4], "texture": "#17"},
				"up": {"uv": [3, 7, 2, 4], "texture": "#17"},
				"down": {"uv": [4, 4, 3, 7], "texture": "#17"}
			}
		},
		{
			"from": [14, -13, 7],
			"to": [15, -9, 10],
			"rotation": {"angle": 0, "axis": "y", "origin": [-3, 13, 4]},
			"faces": {
				"north": {"uv": [0, 4, 1, 8], "texture": "#17"},
				"east": {"uv": [0, 0, 3, 4], "texture": "#17"},
				"south": {"uv": [1, 4, 2, 8], "texture": "#17"},
				"west": {"uv": [3, 0, 6, 4], "texture": "#17"},
				"up": {"uv": [3, 7, 2, 4], "texture": "#17"},
				"down": {"uv": [4, 4, 3, 7], "texture": "#17"}
			}
		},
		{
			"from": [14, -13, 17],
			"to": [15, -9, 20],
			"rotation": {"angle": 0, "axis": "y", "origin": [-3, 13, 4]},
			"faces": {
				"north": {"uv": [0, 4, 1, 8], "texture": "#17"},
				"east": {"uv": [0, 0, 3, 4], "texture": "#17"},
				"south": {"uv": [1, 4, 2, 8], "texture": "#17"},
				"west": {"uv": [3, 0, 6, 4], "texture": "#17"},
				"up": {"uv": [3, 7, 2, 4], "texture": "#17"},
				"down": {"uv": [4, 4, 3, 7], "texture": "#17"}
			}
		},
		{
			"from": [1, -13, 17],
			"to": [2, -9, 20],
			"rotation": {"angle": 0, "axis": "y", "origin": [-3, 13, 4]},
			"faces": {
				"north": {"uv": [0, 4, 1, 8], "texture": "#17"},
				"east": {"uv": [0, 0, 3, 4], "texture": "#17"},
				"south": {"uv": [1, 4, 2, 8], "texture": "#17"},
				"west": {"uv": [3, 0, 6, 4], "texture": "#17"},
				"up": {"uv": [3, 7, 2, 4], "texture": "#17"},
				"down": {"uv": [4, 4, 3, 7], "texture": "#17"}
			}
		},
		{
			"from": [1, -11, 10],
			"to": [2, -10, 17],
			"rotation": {"angle": 0, "axis": "y", "origin": [-3, 13, 4]},
			"faces": {
				"north": {"uv": [0, 0, 0.5, 0.5], "texture": "#1"},
				"east": {"uv": [0, 0, 3.5, 0.5], "texture": "#1"},
				"south": {"uv": [0, 0, 0.5, 0.5], "texture": "#1"},
				"west": {"uv": [0, 0, 3.5, 0.5], "texture": "#1"},
				"up": {"uv": [0, 0, 0.5, 3.5], "texture": "#1"},
				"down": {"uv": [0, 0, 0.5, 3.5], "texture": "#1"}
			}
		},
		{
			"from": [1, -10, 3],
			"to": [15, -5, 4],
			"rotation": {"angle": 0, "axis": "y", "origin": [-3, 13, 4]},
			"faces": {
				"north": {"uv": [0, 0, 7, 2.5], "texture": "#16"},
				"east": {"uv": [0, 6, 0.5, 8.5], "texture": "#16"},
				"south": {"uv": [0, 2.5, 7, 5], "texture": "#16"},
				"west": {"uv": [0.5, 6, 1, 8.5], "texture": "#16"},
				"up": {"uv": [7, 5.5, 0, 5], "texture": "#16"},
				"down": {"uv": [7, 5.5, 0, 6], "texture": "#16"}
			}
		},
		{
			"from": [1, -8, 23],
			"to": [15, -5, 24],
			"rotation": {"angle": 0, "axis": "y", "origin": [-3, 13, 4]},
			"faces": {
				"north": {"uv": [0, 0, 7, 1.5], "texture": "#1"},
				"east": {"uv": [0, 0, 0.5, 1.5], "texture": "#1"},
				"south": {"uv": [0, 0, 7, 1.5], "texture": "#1"},
				"west": {"uv": [0, 0, 0.5, 1.5], "texture": "#1"},
				"up": {"uv": [0, 0, 7, 0.5], "texture": "#1"},
				"down": {"uv": [0, 0, 7, 0.5], "texture": "#1"}
			}
		},
		{
			"from": [1, -8, 4],
			"to": [2, -5, 23],
			"rotation": {"angle": 0, "axis": "y", "origin": [-3, 13, 4]},
			"faces": {
				"north": {"uv": [0, 0, 0.5, 1.5], "texture": "#1"},
				"east": {"uv": [0, 0, 9.5, 1.5], "texture": "#1"},
				"south": {"uv": [0, 0, 0.5, 1.5], "texture": "#1"},
				"west": {"uv": [0, 0, 9.5, 1.5], "texture": "#1"},
				"up": {"uv": [0, 0, 0.5, 9.5], "texture": "#1"},
				"down": {"uv": [0, 0, 0.5, 9.5], "texture": "#1"}
			}
		},
		{
			"from": [14, -8, 4],
			"to": [15, -5, 23],
			"rotation": {"angle": 0, "axis": "y", "origin": [-3, 13, 4]},
			"faces": {
				"north": {"uv": [0, 0, 0.5, 1.5], "texture": "#1"},
				"east": {"uv": [0, 0, 9.5, 1.5], "texture": "#1"},
				"south": {"uv": [0, 0, 0.5, 1.5], "texture": "#1"},
				"west": {"uv": [0, 0, 9.5, 1.5], "texture": "#1"},
				"up": {"uv": [0, 0, 0.5, 9.5], "texture": "#1"},
				"down": {"uv": [0, 0, 0.5, 9.5], "texture": "#1"}
			}
		},
		{
			"from": [14, -11, 10],
			"to": [15, -10, 17],
			"rotation": {"angle": 0, "axis": "y", "origin": [-3, 13, 4]},
			"faces": {
				"north": {"uv": [0, 0, 0.5, 0.5], "texture": "#1"},
				"east": {"uv": [0, 0, 3.5, 0.5], "texture": "#1"},
				"south": {"uv": [0, 0, 0.5, 0.5], "texture": "#1"},
				"west": {"uv": [0, 0, 3.5, 0.5], "texture": "#1"},
				"up": {"uv": [0, 0, 0.5, 3.5], "texture": "#1"},
				"down": {"uv": [0, 0, 0.5, 3.5], "texture": "#1"}
			}
		},
		{
			"from": [2, -8, 12],
			"to": [14, -6, 15],
			"rotation": {"angle": 0, "axis": "y", "origin": [-3, 13, 4]},
			"faces": {
				"north": {"uv": [0, 0, 6, 1], "texture": "#5"},
				"east": {"uv": [0, 0, 1.5, 1], "texture": "#5"},
				"south": {"uv": [0, 0, 6, 1], "texture": "#5"},
				"west": {"uv": [0, 0, 1.5, 1], "texture": "#5"},
				"up": {"uv": [0, 0, 6, 1.5], "texture": "#5"},
				"down": {"uv": [0, 0, 6, 1.5], "texture": "#5"}
			}
		},
		{
			"from": [5, -11, 10],
			"to": [9, -8, 13],
			"rotation": {"angle": 0, "axis": "y", "origin": [-3, 13, 4]},
			"faces": {
				"north": {"uv": [0, 0, 2, 1.5], "texture": "#15"},
				"east": {"uv": [0, 0, 1.5, 1.5], "texture": "#15"},
				"south": {"uv": [0, 0, 2, 1.5], "texture": "#15"},
				"west": {"uv": [0, 0, 1.5, 1.5], "texture": "#15"},
				"up": {"uv": [0, 0, 2, 1.5], "texture": "#15"},
				"down": {"uv": [0, 0, 2, 1.5], "texture": "#15"}
			}
		},
		{
			"from": [7, -11, 14],
			"to": [11, -8, 17],
			"rotation": {"angle": 0, "axis": "y", "origin": [-3, 13, 4]},
			"faces": {
				"north": {"uv": [0, 0, 2, 1.5], "texture": "#15"},
				"east": {"uv": [0, 0, 1.5, 1.5], "texture": "#15"},
				"south": {"uv": [0, 0, 2, 1.5], "texture": "#15"},
				"west": {"uv": [0, 0, 1.5, 1.5], "texture": "#15"},
				"up": {"uv": [0, 0, 2, 1.5], "texture": "#15"},
				"down": {"uv": [0, 0, 2, 1.5], "texture": "#15"}
			}
		},
		{
			"from": [8, -13, 17],
			"to": [11, -10, 20],
			"rotation": {"angle": 0, "axis": "y", "origin": [-3, 13, 4]},
			"faces": {
				"north": {"uv": [0, 0, 1.5, 1.5], "texture": "#15"},
				"east": {"uv": [0, 0, 1.5, 1.5], "texture": "#15"},
				"south": {"uv": [0, 0, 1.5, 1.5], "texture": "#15"},
				"west": {"uv": [0, 0, 1.5, 1.5], "texture": "#15"},
				"up": {"uv": [0, 0, 1.5, 1.5], "texture": "#15"},
				"down": {"uv": [0, 0, 1.5, 1.5], "texture": "#15"}
			}
		},
		{
			"from": [5, -13, 17],
			"to": [6, -10, 20],
			"rotation": {"angle": 0, "axis": "y", "origin": [-3, 13, 4]},
			"faces": {
				"north": {"uv": [0, 0, 0.5, 1.5], "texture": "#9"},
				"east": {"uv": [0, 0, 1.5, 1.5], "texture": "#9"},
				"south": {"uv": [0, 0, 0.5, 1.5], "texture": "#9"},
				"west": {"uv": [0, 0, 1.5, 1.5], "texture": "#9"},
				"up": {"uv": [0, 0, 0.5, 1.5], "texture": "#9"},
				"down": {"uv": [0, 0, 0.5, 1.5], "texture": "#9"}
			}
		},
		{
			"from": [10, -13, 7],
			"to": [11, -10, 10],
			"rotation": {"angle": 0, "axis": "y", "origin": [-3, 13, 4]},
			"faces": {
				"north": {"uv": [0, 0, 0.5, 1.5], "texture": "#9"},
				"east": {"uv": [0, 0, 1.5, 1.5], "texture": "#9"},
				"south": {"uv": [0, 0, 0.5, 1.5], "texture": "#9"},
				"west": {"uv": [0, 0, 1.5, 1.5], "texture": "#9"},
				"up": {"uv": [0, 0, 0.5, 1.5], "texture": "#9"},
				"down": {"uv": [0, 0, 0.5, 1.5], "texture": "#9"}
			}
		},
		{
			"from": [5, -13, 7],
			"to": [8, -10, 10],
			"rotation": {"angle": 0, "axis": "y", "origin": [-3, 13, 4]},
			"faces": {
				"north": {"uv": [0, 0, 1.5, 1.5], "texture": "#15"},
				"east": {"uv": [0, 0, 1.5, 1.5], "texture": "#15"},
				"south": {"uv": [0, 0, 1.5, 1.5], "texture": "#15"},
				"west": {"uv": [0, 0, 1.5, 1.5], "texture": "#15"},
				"up": {"uv": [0, 0, 1.5, 1.5], "texture": "#15"},
				"down": {"uv": [0, 0, 1.5, 1.5], "texture": "#15"}
			}
		},
		{
			"from": [14, -10, 14],
			"to": [15, -8, 15],
			"rotation": {"angle": 0, "axis": "y", "origin": [-3, 13, 4]},
			"faces": {
				"north": {"uv": [0, 0, 0.5, 1], "texture": "#7"},
				"east": {"uv": [0, 0, 0.5, 1], "texture": "#7"},
				"south": {"uv": [0, 0, 0.5, 1], "texture": "#7"},
				"west": {"uv": [0, 0, 0.5, 1], "texture": "#7"},
				"up": {"uv": [0, 0, 0.5, 0.5], "texture": "#7"},
				"down": {"uv": [0, 0, 0.5, 0.5], "texture": "#7"}
			}
		},
		{
			"from": [1, -10, 12],
			"to": [2, -8, 13],
			"rotation": {"angle": 0, "axis": "y", "origin": [-3, 13, 4]},
			"faces": {
				"north": {"uv": [0, 0, 0.5, 1], "texture": "#7"},
				"east": {"uv": [0, 0, 0.5, 1], "texture": "#7"},
				"south": {"uv": [0, 0, 0.5, 1], "texture": "#7"},
				"west": {"uv": [0, 0, 0.5, 1], "texture": "#7"},
				"up": {"uv": [0, 0, 0.5, 0.5], "texture": "#7"},
				"down": {"uv": [0, 0, 0.5, 0.5], "texture": "#7"}
			}
		},
		{
			"from": [6, -8, 5],
			"to": [7, -7, 8],
			"rotation": {"angle": 0, "axis": "y", "origin": [-3, 13, 4]},
			"faces": {
				"north": {"uv": [0, 0, 0.5, 1], "texture": "#7"},
				"east": {"uv": [0, 0, 0.5, 1], "texture": "#7"},
				"south": {"uv": [0, 0, 0.5, 1], "texture": "#7"},
				"west": {"uv": [0, 0, 0.5, 1], "texture": "#7"},
				"up": {"uv": [0, 0, 0.5, 0.5], "texture": "#7"},
				"down": {"uv": [0, 0, 0.5, 0.5], "texture": "#7"}
			}
		},
		{
			"from": [6, -8, 9],
			"to": [7, -7, 11],
			"rotation": {"angle": 0, "axis": "y", "origin": [-3, 13, 4]},
			"faces": {
				"north": {"uv": [0, 0, 0.5, 1], "texture": "#7"},
				"east": {"uv": [0, 0, 0.5, 1], "texture": "#7"},
				"south": {"uv": [0, 0, 0.5, 1], "texture": "#7"},
				"west": {"uv": [0, 0, 0.5, 1], "texture": "#7"},
				"up": {"uv": [0, 0, 0.5, 0.5], "texture": "#7"},
				"down": {"uv": [0, 0, 0.5, 0.5], "texture": "#7"}
			}
		},
		{
			"from": [9, -8, 9],
			"to": [10, -7, 11],
			"rotation": {"angle": 0, "axis": "y", "origin": [-3, 13, 4]},
			"faces": {
				"north": {"uv": [0, 0, 0.5, 1], "texture": "#7"},
				"east": {"uv": [0, 0, 0.5, 1], "texture": "#7"},
				"south": {"uv": [0, 0, 0.5, 1], "texture": "#7"},
				"west": {"uv": [0, 0, 0.5, 1], "texture": "#7"},
				"up": {"uv": [0, 0, 0.5, 0.5], "texture": "#7"},
				"down": {"uv": [0, 0, 0.5, 0.5], "texture": "#7"}
			}
		},
		{
			"from": [9, -8, 5],
			"to": [10, -7, 8],
			"rotation": {"angle": 0, "axis": "y", "origin": [-3, 13, 4]},
			"faces": {
				"north": {"uv": [0, 0, 0.5, 1], "texture": "#7"},
				"east": {"uv": [0, 0, 0.5, 1], "texture": "#7"},
				"south": {"uv": [0, 0, 0.5, 1], "texture": "#7"},
				"west": {"uv": [0, 0, 0.5, 1], "texture": "#7"},
				"up": {"uv": [0, 0, 0.5, 0.5], "texture": "#7"},
				"down": {"uv": [0, 0, 0.5, 0.5], "texture": "#7"}
			}
		},
		{
			"from": [1, -10, 14],
			"to": [2, -8, 15],
			"rotation": {"angle": 0, "axis": "y", "origin": [-3, 13, 4]},
			"faces": {
				"north": {"uv": [0, 0, 0.5, 1], "texture": "#7"},
				"east": {"uv": [0, 0, 0.5, 1], "texture": "#7"},
				"south": {"uv": [0, 0, 0.5, 1], "texture": "#7"},
				"west": {"uv": [0, 0, 0.5, 1], "texture": "#7"},
				"up": {"uv": [0, 0, 0.5, 0.5], "texture": "#7"},
				"down": {"uv": [0, 0, 0.5, 0.5], "texture": "#7"}
			}
		},
		{
			"from": [14, -10, 12],
			"to": [15, -8, 13],
			"rotation": {"angle": 0, "axis": "y", "origin": [-3, 13, 4]},
			"faces": {
				"north": {"uv": [0, 0, 0.5, 1], "texture": "#7"},
				"east": {"uv": [0, 0, 0.5, 1], "texture": "#7"},
				"south": {"uv": [0, 0, 0.5, 1], "texture": "#7"},
				"west": {"uv": [0, 0, 0.5, 1], "texture": "#7"},
				"up": {"uv": [0, 0, 0.5, 0.5], "texture": "#7"},
				"down": {"uv": [0, 0, 0.5, 0.5], "texture": "#7"}
			}
		},
		{
			"from": [7, -6, 12],
			"to": [9, -4, 15],
			"rotation": {"angle": 0, "axis": "y", "origin": [-3, 13, 4]},
			"faces": {
				"north": {"uv": [0, 0, 1, 1], "texture": "#1"},
				"east": {"uv": [0, 0, 1.5, 1], "texture": "#1"},
				"south": {"uv": [0, 0, 1, 1], "texture": "#1"},
				"west": {"uv": [0, 0, 1.5, 1], "texture": "#1"},
				"up": {"uv": [0, 0, 1, 1.5], "texture": "#1"},
				"down": {"uv": [0, 0, 1, 1.5], "texture": "#1"}
			}
		},
		{
			"from": [5, -10, 14],
			"to": [6, -8, 17],
			"rotation": {"angle": 0, "axis": "y", "origin": [-3, 13, 4]},
			"faces": {
				"north": {"uv": [0, 0, 0.5, 1], "texture": "#9"},
				"east": {"uv": [0, 0, 1.5, 1], "texture": "#9"},
				"south": {"uv": [0, 0, 0.5, 1], "texture": "#9"},
				"west": {"uv": [0, 0, 1.5, 1], "texture": "#9"},
				"up": {"uv": [0, 0, 0.5, 1.5], "texture": "#9"},
				"down": {"uv": [0, 0, 0.5, 1.5], "texture": "#9"}
			}
		},
		{
			"from": [10, -10, 10],
			"to": [11, -8, 13],
			"rotation": {"angle": 0, "axis": "y", "origin": [-3, 13, 4]},
			"faces": {
				"north": {"uv": [0, 0, 0.5, 1], "texture": "#9"},
				"east": {"uv": [0, 0, 1.5, 1], "texture": "#9"},
				"south": {"uv": [0, 0, 0.5, 1], "texture": "#9"},
				"west": {"uv": [0, 0, 1.5, 1], "texture": "#9"},
				"up": {"uv": [0, 0, 0.5, 1.5], "texture": "#9"},
				"down": {"uv": [0, 0, 0.5, 1.5], "texture": "#9"}
			}
		},
		{
			"from": [7, -9, -5],
			"to": [9, -7, 8],
			"rotation": {"angle": 0, "axis": "y", "origin": [-8, 15, -24]},
			"faces": {
				"north": {"uv": [0, 0, 1, 1], "texture": "#1"},
				"east": {"uv": [0, 0, 3, 1], "texture": "#1"},
				"south": {"uv": [0, 0, 1, 1], "texture": "#1"},
				"west": {"uv": [0, 0, 3, 1], "texture": "#1"},
				"up": {"uv": [0, 0, 1, 3], "texture": "#1"},
				"down": {"uv": [0, 0, 1, 3], "texture": "#1"}
			}
		},
		{
			"from": [6, -9, -6],
			"to": [7, -7, -5],
			"rotation": {"angle": 0, "axis": "y", "origin": [-8, 15, -24]},
			"faces": {
				"north": {"uv": [0, 0, 0.5, 1], "texture": "#1"},
				"east": {"uv": [0, 0, 0.5, 1], "texture": "#1"},
				"south": {"uv": [0, 0, 0.5, 1], "texture": "#1"},
				"west": {"uv": [0, 0, 0.5, 1], "texture": "#1"},
				"up": {"uv": [0, 0, 0.5, 0.5], "texture": "#1"},
				"down": {"uv": [0, 0, 0.5, 0.5], "texture": "#1"}
			}
		},
		{
			"from": [6, -7, -5],
			"to": [10, -6, -4],
			"rotation": {"angle": 0, "axis": "y", "origin": [-8, 15, -24]},
			"faces": {
				"north": {"uv": [0, 0, 4, 1], "texture": "#10"},
				"east": {"uv": [0, 4, 1, 5], "texture": "#10"},
				"south": {"uv": [0, 1, 4, 2], "texture": "#10"},
				"west": {"uv": [4, 0, 5, 1], "texture": "#10"},
				"up": {"uv": [4, 3, 0, 2], "texture": "#10"},
				"down": {"uv": [4, 3, 0, 4], "texture": "#10"}
			}
		},
		{
			"from": [9, -9, -6],
			"to": [10, -7, -5],
			"rotation": {"angle": 0, "axis": "y", "origin": [-8, 15, -24]},
			"faces": {
				"north": {"uv": [0, 0, 0.5, 1], "texture": "#1"},
				"east": {"uv": [0, 0, 0.5, 1], "texture": "#1"},
				"south": {"uv": [0, 0, 0.5, 1], "texture": "#1"},
				"west": {"uv": [0, 0, 0.5, 1], "texture": "#1"},
				"up": {"uv": [0, 0, 0.5, 0.5], "texture": "#1"},
				"down": {"uv": [0, 0, 0.5, 0.5], "texture": "#1"}
			}
		},
		{
			"from": [8, -9, -7],
			"to": [10, -7, -6],
			"rotation": {"angle": 0, "axis": "y", "origin": [-8, 15, -24]},
			"faces": {
				"north": {"uv": [0, 0, 1, 1], "texture": "#1"},
				"east": {"uv": [0, 0, 0.5, 1], "texture": "#1"},
				"south": {"uv": [0, 0, 1, 1], "texture": "#1"},
				"west": {"uv": [0, 0, 0.5, 1], "texture": "#1"},
				"up": {"uv": [0, 0, 1, 0.5], "texture": "#1"},
				"down": {"uv": [0, 0, 1, 0.5], "texture": "#1"}
			}
		},
		{
			"from": [6, -10, 2],
			"to": [10, -9, 3],
			"faces": {
				"north": {"uv": [0, 0, 2, 0.5], "texture": "#5"},
				"east": {"uv": [0, 0, 0.5, 0.5], "texture": "#5"},
				"south": {"uv": [0, 0, 2, 0.5], "texture": "#5"},
				"west": {"uv": [0, 0, 0.5, 0.5], "texture": "#5"},
				"up": {"uv": [0, 0, 2, 0.5], "texture": "#5"},
				"down": {"uv": [0, 0, 2, 0.5], "texture": "#5"}
			}
		},
		{
			"from": [6, -7, 2],
			"to": [10, -6, 3],
			"faces": {
				"north": {"uv": [0, 0, 2, 0.5], "texture": "#5"},
				"east": {"uv": [0, 0, 0.5, 0.5], "texture": "#5"},
				"south": {"uv": [0, 0, 2, 0.5], "texture": "#5"},
				"west": {"uv": [0, 0, 0.5, 0.5], "texture": "#5"},
				"up": {"uv": [0, 0, 2, 0.5], "texture": "#5"},
				"down": {"uv": [0, 0, 2, 0.5], "texture": "#5"}
			}
		},
		{
			"from": [6, -10, 8],
			"to": [10, -6, 9],
			"faces": {
				"north": {"uv": [0, 0, 2, 2], "texture": "#5"},
				"east": {"uv": [0, 0, 0.5, 2], "texture": "#5"},
				"south": {"uv": [0, 0, 2, 2], "texture": "#5"},
				"west": {"uv": [0, 0, 0.5, 2], "texture": "#5"},
				"up": {"uv": [0, 0, 2, 0.5], "texture": "#5"},
				"down": {"uv": [0, 0, 2, 0.5], "texture": "#5"}
			}
		},
		{
			"from": [9, -8, 18],
			"to": [12, -6, 23],
			"faces": {
				"north": {"uv": [0, 0, 1.5, 1], "texture": "#5"},
				"east": {"uv": [0, 0, 2.5, 1], "texture": "#5"},
				"south": {"uv": [0, 0, 1.5, 1], "texture": "#5"},
				"west": {"uv": [0, 0, 2.5, 1], "texture": "#5"},
				"up": {"uv": [0, 0, 1.5, 2.5], "texture": "#5"},
				"down": {"uv": [0, 0, 1.5, 2.5], "texture": "#5"}
			}
		},
		{
			"from": [12, -8, 21],
			"to": [14, -7, 22],
			"faces": {
				"north": {"uv": [0, 0, 1, 0.5], "texture": "#1"},
				"east": {"uv": [0, 0, 0.5, 0.5], "texture": "#1"},
				"south": {"uv": [0, 0, 1, 0.5], "texture": "#1"},
				"west": {"uv": [0, 0, 0.5, 0.5], "texture": "#1"},
				"up": {"uv": [0, 0, 1, 0.5], "texture": "#1"},
				"down": {"uv": [0, 0, 1, 0.5], "texture": "#1"}
			}
		},
		{
			"from": [12, -8, 19],
			"to": [14, -7, 20],
			"faces": {
				"north": {"uv": [0, 0, 1, 0.5], "texture": "#1"},
				"east": {"uv": [0, 0, 0.5, 0.5], "texture": "#1"},
				"south": {"uv": [0, 0, 1, 0.5], "texture": "#1"},
				"west": {"uv": [0, 0, 0.5, 0.5], "texture": "#1"},
				"up": {"uv": [0, 0, 1, 0.5], "texture": "#1"},
				"down": {"uv": [0, 0, 1, 0.5], "texture": "#1"}
			}
		},
		{
			"from": [10, -6, 4],
			"to": [11, -5, 20],
			"faces": {
				"north": {"uv": [0, 0, 0.5, 0.5], "texture": "#7"},
				"east": {"uv": [0, 0, 8, 0.5], "texture": "#7"},
				"south": {"uv": [0, 0, 0.5, 0.5], "texture": "#7"},
				"west": {"uv": [0, 0, 8, 0.5], "texture": "#7"},
				"up": {"uv": [0, 0, 0.5, 8], "texture": "#7"},
				"down": {"uv": [0, 0, 0.5, 8], "texture": "#7"}
			}
		},
		{
			"from": [4, -6, 21],
			"to": [11, -5, 22],
			"faces": {
				"north": {"uv": [0, 0, 3.5, 0.5], "texture": "#7"},
				"east": {"uv": [0, 0, 0.5, 0.5], "texture": "#7"},
				"south": {"uv": [0, 0, 3.5, 0.5], "texture": "#7"},
				"west": {"uv": [0, 0, 0.5, 0.5], "texture": "#7"},
				"up": {"uv": [0, 0, 3.5, 0.5], "texture": "#7"},
				"down": {"uv": [0, 0, 3.5, 0.5], "texture": "#7"}
			}
		},
		{
			"from": [3, -6, 13],
			"to": [4, -5, 22],
			"faces": {
				"north": {"uv": [0, 0, 0.5, 0.5], "texture": "#7"},
				"east": {"uv": [0, 0, 4.5, 0.5], "texture": "#7"},
				"south": {"uv": [0, 0, 0.5, 0.5], "texture": "#7"},
				"west": {"uv": [0, 0, 4.5, 0.5], "texture": "#7"},
				"up": {"uv": [0, 0, 0.5, 4.5], "texture": "#7"},
				"down": {"uv": [0, 0, 0.5, 4.5], "texture": "#7"}
			}
		},
		{
			"from": [2, -6, 18],
			"to": [3, -5, 19],
			"faces": {
				"north": {"uv": [0, 0, 0.5, 0.5], "texture": "#5"},
				"east": {"uv": [0, 0, 0.5, 0.5], "texture": "#5"},
				"south": {"uv": [0, 0, 0.5, 0.5], "texture": "#5"},
				"west": {"uv": [0, 0, 0.5, 0.5], "texture": "#5"},
				"up": {"uv": [0, 0, 0.5, 0.5], "texture": "#5"},
				"down": {"uv": [0, 0, 0.5, 0.5], "texture": "#5"}
			}
		},
		{
			"from": [11, -6, 8],
			"to": [14, -5, 9],
			"faces": {
				"north": {"uv": [0, 0, 1.5, 0.5], "texture": "#5"},
				"east": {"uv": [0, 0, 0.5, 0.5], "texture": "#5"},
				"south": {"uv": [0, 0, 1.5, 0.5], "texture": "#5"},
				"west": {"uv": [0, 0, 0.5, 0.5], "texture": "#5"},
				"up": {"uv": [0, 0, 1.5, 0.5], "texture": "#5"},
				"down": {"uv": [0, 0, 1.5, 0.5], "texture": "#5"}
			}
		},
		{
			"from": [4, -6, 13],
			"to": [5, -5, 14],
			"faces": {
				"north": {"uv": [0, 0, 0.5, 0.5], "texture": "#9"},
				"east": {"uv": [0, 0, 0.5, 0.5], "texture": "#9"},
				"south": {"uv": [0, 0, 0.5, 0.5], "texture": "#9"},
				"west": {"uv": [0, 0, 0.5, 0.5], "texture": "#9"},
				"up": {"uv": [0, 0, 0.5, 0.5], "texture": "#9"},
				"down": {"uv": [0, 0, 0.5, 0.5], "texture": "#9"}
			}
		},
		{
			"from": [2, -8, 7],
			"to": [4, -6, 9],
			"faces": {
				"north": {"uv": [0, 0, 1, 1], "texture": "#9"},
				"east": {"uv": [0, 0, 1, 1], "texture": "#9"},
				"south": {"uv": [0, 0, 1, 1], "texture": "#9"},
				"west": {"uv": [0, 0, 1, 1], "texture": "#9"},
				"up": {"uv": [0, 0, 1, 1], "texture": "#9"},
				"down": {"uv": [0, 0, 1, 1], "texture": "#9"}
			}
		},
		{
			"from": [11, -6, 13],
			"to": [12, -5, 14],
			"faces": {
				"north": {"uv": [0, 0, 0.5, 0.5], "texture": "#9"},
				"east": {"uv": [0, 0, 0.5, 0.5], "texture": "#9"},
				"south": {"uv": [0, 0, 0.5, 0.5], "texture": "#9"},
				"west": {"uv": [0, 0, 0.5, 0.5], "texture": "#9"},
				"up": {"uv": [0, 0, 0.5, 0.5], "texture": "#9"},
				"down": {"uv": [0, 0, 0.5, 0.5], "texture": "#9"}
			}
		},
		{
			"from": [10, -7, 4],
			"to": [11, -6, 5],
			"faces": {
				"north": {"uv": [0, 0, 0.5, 0.5], "texture": "#9"},
				"east": {"uv": [0, 0, 0.5, 0.5], "texture": "#9"},
				"south": {"uv": [0, 0, 0.5, 0.5], "texture": "#9"},
				"west": {"uv": [0, 0, 0.5, 0.5], "texture": "#9"},
				"up": {"uv": [0, 0, 0.5, 0.5], "texture": "#9"},
				"down": {"uv": [0, 0, 0.5, 0.5], "texture": "#9"}
			}
		},
		{
			"from": [6, -6, 22],
			"to": [7, -5, 23],
			"faces": {
				"north": {"uv": [0, 0, 0.5, 0.5], "texture": "#5"},
				"east": {"uv": [0, 0, 0.5, 0.5], "texture": "#5"},
				"south": {"uv": [0, 0, 0.5, 0.5], "texture": "#5"},
				"west": {"uv": [0, 0, 0.5, 0.5], "texture": "#5"},
				"up": {"uv": [0, 0, 0.5, 0.5], "texture": "#5"},
				"down": {"uv": [0, 0, 0.5, 0.5], "texture": "#5"}
			}
		},
		{
			"from": [6, -10, 4],
			"to": [7, -6, 5],
			"faces": {
				"north": {"uv": [0, 0, 0.5, 2], "texture": "#5"},
				"east": {"uv": [0, 0, 0.5, 2], "texture": "#5"},
				"south": {"uv": [0, 0, 0.5, 2], "texture": "#5"},
				"west": {"uv": [0, 0, 0.5, 2], "texture": "#5"},
				"up": {"uv": [0, 0, 0.5, 0.5], "texture": "#5"},
				"down": {"uv": [0, 0, 0.5, 0.5], "texture": "#5"}
			}
		},
		{
			"from": [9, -10, 4],
			"to": [10, -6, 5],
			"faces": {
				"north": {"uv": [0, 0, 0.5, 2], "texture": "#5"},
				"east": {"uv": [0, 0, 0.5, 2], "texture": "#5"},
				"south": {"uv": [0, 0, 0.5, 2], "texture": "#5"},
				"west": {"uv": [0, 0, 0.5, 2], "texture": "#5"},
				"up": {"uv": [0, 0, 0.5, 0.5], "texture": "#5"},
				"down": {"uv": [0, 0, 0.5, 0.5], "texture": "#5"}
			}
		},
		{
			"from": [6, -8, 11],
			"to": [10, -6, 12],
			"faces": {
				"north": {"uv": [0, 0, 2, 1], "texture": "#5"},
				"east": {"uv": [0, 0, 0.5, 1], "texture": "#5"},
				"south": {"uv": [0, 0, 2, 1], "texture": "#5"},
				"west": {"uv": [0, 0, 0.5, 1], "texture": "#5"},
				"up": {"uv": [0, 0, 2, 0.5], "texture": "#5"},
				"down": {"uv": [0, 0, 2, 0.5], "texture": "#5"}
			}
		}
	],
	"display": {
		"head": {
			"scale": [2, 2, 2]
		}
	},
	"groups": [
		{
			"name": "Bogie1",
			"origin": [-3, 13, 4],
			"color": 0,
			"children": [
				{
					"name": "Wheelset1",
					"origin": [-3, 13, 4],
					"color": 0,
					"children": [0, 1, 2, 3, 4, 5, 6, 7, 8, 9, 10]
				},
				{
					"name": "Wheelset2",
					"origin": [-3, 13, 4],
					"color": 0,
					"children": [11, 12, 13, 14, 15, 16, 17, 18, 19, 20, 21]
				},
				22,
				23,
				24,
				25,
				26,
				27,
				28,
				29,
				30,
				31,
				32,
				33,
				34,
				35,
				36,
				37,
				38,
				39,
				40,
				41,
				42,
				43,
				44,
				45,
				46,
				47,
				48,
				49
			]
		},
		{
			"name": "Coupler2",
			"origin": [0, 17, 0],
			"color": 0,
			"children": [50, 51, 52, 53, 54, 55, 56, 57, 58, 59, 60, 61, 62, 63, 64, 65, 66, 67, 68, 69, 70, 71, 72, 73]
		}
	]
}