{
	"credit": "Made with Blockbench",
	"textures": {
		"0": "block/white_concrete",
		"1": "block/yellow_concrete",
		"8": "block/deepslate",
		"9": "block/anvil",
		"particle": "block/white_concrete"
	},
	"elements": [
		{
			"from": [1, 2, 1.5],
			"to": [2, 5, 4.5],
			"rotation": {"angle": 0, "axis": "y", "origin": [8, 3.92784, 8]},
			"faces": {
				"north": {"uv": [0, 0, 16, 16], "texture": "#9"},
				"east": {"uv": [0, 0, 16, 16], "texture": "#1"},
				"south": {"uv": [0, 0, 16, 16], "texture": "#9"},
				"west": {"uv": [0, 0, 16, 16], "texture": "#8"},
				"up": {"uv": [0, 0, 16, 16], "texture": "#9"},
				"down": {"uv": [0, 0, 16, 16], "texture": "#9"}
			}
		},
		{
			"from": [14, 2, 1.5],
			"to": [15, 5, 4.5],
			"rotation": {"angle": 0, "axis": "y", "origin": [8, 3.92784, 8]},
			"faces": {
				"north": {"uv": [0, 0, 16, 16], "texture": "#9"},
				"east": {"uv": [0, 0, 16, 16], "texture": "#8"},
				"south": {"uv": [0, 0, 16, 16], "texture": "#9"},
				"west": {"uv": [0, 0, 16, 16], "texture": "#1"},
				"up": {"uv": [0, 0, 16, 16], "texture": "#9"},
				"down": {"uv": [0, 0, 16, 16], "texture": "#9"}
			}
		},
		{
			"from": [14, 2, 11.5],
			"to": [15, 5, 14.5],
			"rotation": {"angle": 0, "axis": "y", "origin": [8, 3.92784, 8]},
			"faces": {
				"north": {"uv": [0, 0, 16, 16], "texture": "#9"},
				"east": {"uv": [0, 0, 16, 16], "texture": "#8"},
				"south": {"uv": [0, 0, 16, 16], "texture": "#9"},
				"west": {"uv": [0, 0, 16, 16], "texture": "#1"},
				"up": {"uv": [0, 0, 16, 16], "texture": "#9"},
				"down": {"uv": [0, 0, 16, 16], "texture": "#9"}
			}
		},
		{
			"from": [1, 2, 11.5],
			"to": [2, 5, 14.5],
			"rotation": {"angle": 0, "axis": "y", "origin": [8, 3.92784, 8]},
			"faces": {
				"north": {"uv": [0, 0, 16, 16], "texture": "#9"},
				"east": {"uv": [0, 0, 16, 16], "texture": "#1"},
				"south": {"uv": [0, 0, 16, 16], "texture": "#9"},
				"west": {"uv": [0, 0, 16, 16], "texture": "#8"},
				"up": {"uv": [0, 0, 16, 16], "texture": "#9"},
				"down": {"uv": [0, 0, 16, 16], "texture": "#9"}
			}
		},
		{
			"from": [1, 3, 4.5],
			"to": [2, 4, 11.5],
			"rotation": {"angle": 0, "axis": "y", "origin": [8, 3.92784, 8]},
			"faces": {
				"north": {"uv": [0, 0, 16, 16], "texture": "#9"},
				"east": {"uv": [0, 0, 16, 16], "texture": "#9"},
				"south": {"uv": [0, 0, 16, 16], "texture": "#9"},
				"west": {"uv": [0, 0, 16, 16], "texture": "#9"},
				"up": {"uv": [0, 0, 16, 16], "texture": "#9"},
				"down": {"uv": [0, 0, 16, 16], "texture": "#9"}
			}
		},
		{
			"from": [1, 4, -2.5],
			"to": [15, 9, -1.5],
			"rotation": {"angle": 0, "axis": "y", "origin": [8, 3.92784, 8]},
			"faces": {
				"north": {"uv": [0, 0, 16, 16], "texture": "#9"},
				"east": {"uv": [0, 0, 16, 16], "texture": "#9"},
				"south": {"uv": [0, 0, 16, 16], "texture": "#9"},
				"west": {"uv": [0, 0, 16, 16], "texture": "#9"},
				"up": {"uv": [0, 0, 16, 16], "texture": "#9"},
				"down": {"uv": [0, 0, 16, 16], "texture": "#9"}
			}
		},
		{
			"from": [1, 4, 17.5],
			"to": [15, 9, 18.5],
			"rotation": {"angle": 0, "axis": "y", "origin": [8, 3.92784, 8]},
			"faces": {
				"north": {"uv": [16, 0, 0, 16], "texture": "#9"},
				"east": {"uv": [16, 0, 0, 16], "texture": "#9"},
				"south": {"uv": [16, 0, 0, 16], "texture": "#9"},
				"west": {"uv": [16, 0, 0, 16], "texture": "#9"},
				"up": {"uv": [0, 16, 16, 0], "texture": "#9"},
				"down": {"uv": [0, 16, 16, 0], "texture": "#9"}
			}
		},
		{
			"from": [1, 6, -1.5],
			"to": [2, 9, 17.5],
			"rotation": {"angle": 0, "axis": "y", "origin": [8, 3.92784, 8]},
			"faces": {
				"north": {"uv": [0, 0, 16, 16], "texture": "#9"},
				"east": {"uv": [0, 0, 16, 16], "texture": "#9"},
				"south": {"uv": [0, 0, 16, 16], "texture": "#9"},
				"west": {"uv": [0, 0, 16, 16], "texture": "#9"},
				"up": {"uv": [0, 0, 16, 16], "texture": "#9"},
				"down": {"uv": [0, 0, 16, 16], "texture": "#9"}
			}
		},
		{
			"from": [14, 6, -1.5],
			"to": [15, 9, 17.5],
			"rotation": {"angle": 0, "axis": "y", "origin": [8, 3.92784, 8]},
			"faces": {
				"north": {"uv": [0, 0, 16, 16], "texture": "#9"},
				"east": {"uv": [0, 0, 16, 16], "texture": "#9"},
				"south": {"uv": [0, 0, 16, 16], "texture": "#9"},
				"west": {"uv": [0, 0, 16, 16], "texture": "#9"},
				"up": {"uv": [0, 0, 16, 16], "texture": "#9"},
				"down": {"uv": [0, 0, 16, 16], "texture": "#9"}
			}
		},
		{
			"from": [14, 3, 4.5],
			"to": [15, 4, 11.5],
			"rotation": {"angle": 0, "axis": "y", "origin": [8, 3.92784, 8]},
			"faces": {
				"north": {"uv": [0, 0, 16, 16], "texture": "#9"},
				"east": {"uv": [0, 0, 16, 16], "texture": "#9"},
				"south": {"uv": [0, 0, 16, 16], "texture": "#9"},
				"west": {"uv": [0, 0, 16, 16], "texture": "#9"},
				"up": {"uv": [0, 0, 16, 16], "texture": "#9"},
				"down": {"uv": [0, 0, 16, 16], "texture": "#9"}
			}
		},
		{
			"from": [2, 6, 6.5],
			"to": [14, 8, 9.5],
			"rotation": {"angle": 0, "axis": "y", "origin": [8, 3.92784, 8]},
			"faces": {
				"north": {"uv": [0, 0, 16, 16], "texture": "#9"},
				"east": {"uv": [0, 0, 16, 16], "texture": "#9"},
				"south": {"uv": [0, 0, 16, 16], "texture": "#9"},
				"west": {"uv": [0, 0, 16, 16], "texture": "#9"},
				"up": {"uv": [0, 0, 16, 16], "texture": "#9"},
				"down": {"uv": [0, 0, 16, 16], "texture": "#9"}
			}
		},
		{
			"from": [5, 3, 4.5],
			"to": [9, 6, 7.5],
			"rotation": {"angle": 0, "axis": "y", "origin": [8, 3.92784, 8]},
			"faces": {
				"north": {"uv": [0, 0, 16, 16], "texture": "#1"},
				"east": {"uv": [0, 0, 16, 16], "texture": "#1"},
				"south": {"uv": [0, 0, 16, 16], "texture": "#1"},
				"west": {"uv": [0, 0, 16, 16], "texture": "#1"},
				"up": {"uv": [0, 0, 16, 16], "texture": "#1"},
				"down": {"uv": [0, 0, 16, 16], "texture": "#1"}
			}
		},
		{
			"from": [7, 3, 8.5],
			"to": [11, 6, 11.5],
			"rotation": {"angle": 0, "axis": "y", "origin": [8, 3.92784, 8]},
			"faces": {
				"north": {"uv": [0, 0, 16, 16], "texture": "#1"},
				"east": {"uv": [0, 0, 16, 16], "texture": "#1"},
				"south": {"uv": [0, 0, 16, 16], "texture": "#1"},
				"west": {"uv": [0, 0, 16, 16], "texture": "#1"},
				"up": {"uv": [0, 0, 16, 16], "texture": "#1"},
				"down": {"uv": [0, 0, 16, 16], "texture": "#1"}
			}
		},
		{
			"from": [8, 2, 11.5],
			"to": [11, 5, 14.5],
			"rotation": {"angle": 0, "axis": "y", "origin": [8, 3.92784, 8]},
			"faces": {
				"north": {"uv": [0, 0, 16, 16], "texture": "#1"},
				"east": {"uv": [0, 0, 16, 16], "texture": "#1"},
				"south": {"uv": [0, 0, 16, 16], "texture": "#1"},
				"west": {"uv": [0, 0, 16, 16], "texture": "#1"},
				"up": {"uv": [0, 0, 16, 16], "texture": "#1"},
				"down": {"uv": [0, 0, 16, 16], "texture": "#1"}
			}
		},
		{
			"from": [5, 2, 11.5],
			"to": [6, 5, 14.5],
			"rotation": {"angle": 0, "axis": "y", "origin": [8, 3.92784, 8]},
			"faces": {
				"north": {"uv": [0, 0, 16, 16], "texture": "#0"},
				"east": {"uv": [0, 0, 16, 16], "texture": "#0"},
				"south": {"uv": [0, 0, 16, 16], "texture": "#0"},
				"west": {"uv": [0, 0, 16, 16], "texture": "#0"},
				"up": {"uv": [0, 0, 16, 16], "texture": "#0"},
				"down": {"uv": [0, 0, 16, 16], "texture": "#0"}
			}
		},
		{
			"from": [10, 2, 1.5],
			"to": [11, 5, 4.5],
			"rotation": {"angle": 0, "axis": "y", "origin": [8, 3.92784, 8]},
			"faces": {
				"north": {"uv": [0, 0, 16, 16], "texture": "#0"},
				"east": {"uv": [0, 0, 16, 16], "texture": "#0"},
				"south": {"uv": [0, 0, 16, 16], "texture": "#0"},
				"west": {"uv": [0, 0, 16, 16], "texture": "#0"},
				"up": {"uv": [0, 0, 16, 16], "texture": "#0"},
				"down": {"uv": [0, 0, 16, 16], "texture": "#0"}
			}
		},
		{
			"from": [5, 2, 1.5],
			"to": [8, 5, 4.5],
			"rotation": {"angle": 0, "axis": "y", "origin": [8, 3.92784, 8]},
			"faces": {
				"north": {"uv": [0, 0, 16, 16], "texture": "#1"},
				"east": {"uv": [0, 0, 16, 16], "texture": "#1"},
				"south": {"uv": [0, 0, 16, 16], "texture": "#1"},
				"west": {"uv": [0, 0, 16, 16], "texture": "#1"},
				"up": {"uv": [0, 0, 16, 16], "texture": "#1"},
				"down": {"uv": [0, 0, 16, 16], "texture": "#1"}
			}
		},
		{
			"from": [1, 4, 6.5],
			"to": [2, 6, 7.5],
			"rotation": {"angle": 0, "axis": "y", "origin": [8, 3.92784, 8]},
			"faces": {
				"north": {"uv": [0, 0, 16, 16], "texture": "#8"},
				"east": {"uv": [0, 0, 16, 16], "texture": "#8"},
				"south": {"uv": [0, 0, 16, 16], "texture": "#8"},
				"west": {"uv": [0, 0, 16, 16], "texture": "#8"},
				"up": {"uv": [0, 0, 16, 16], "texture": "#8"},
				"down": {"uv": [0, 0, 16, 16], "texture": "#8"}
			}
		},
		{
			"from": [1, 4, 8.5],
			"to": [2, 6, 9.5],
			"rotation": {"angle": 0, "axis": "y", "origin": [8, 3.92784, 8]},
			"faces": {
				"north": {"uv": [0, 0, 16, 16], "texture": "#8"},
				"east": {"uv": [0, 0, 16, 16], "texture": "#8"},
				"south": {"uv": [0, 0, 16, 16], "texture": "#8"},
				"west": {"uv": [0, 0, 16, 16], "texture": "#8"},
				"up": {"uv": [0, 0, 16, 16], "texture": "#8"},
				"down": {"uv": [0, 0, 16, 16], "texture": "#8"}
			}
		},
		{
			"from": [14, 4, 8.5],
			"to": [15, 6, 9.5],
			"rotation": {"angle": 0, "axis": "y", "origin": [8, 3.92784, 8]},
			"faces": {
				"north": {"uv": [0, 0, 16, 16], "texture": "#8"},
				"east": {"uv": [0, 0, 16, 16], "texture": "#8"},
				"south": {"uv": [0, 0, 16, 16], "texture": "#8"},
				"west": {"uv": [0, 0, 16, 16], "texture": "#8"},
				"up": {"uv": [0, 0, 16, 16], "texture": "#8"},
				"down": {"uv": [0, 0, 16, 16], "texture": "#8"}
			}
		},
		{
			"from": [14, 4, 6.5],
			"to": [15, 6, 7.5],
			"rotation": {"angle": 0, "axis": "y", "origin": [8, 3.92784, 8]},
			"faces": {
				"north": {"uv": [0, 0, 16, 16], "texture": "#8"},
				"east": {"uv": [0, 0, 16, 16], "texture": "#8"},
				"south": {"uv": [0, 0, 16, 16], "texture": "#8"},
				"west": {"uv": [0, 0, 16, 16], "texture": "#8"},
				"up": {"uv": [0, 0, 16, 16], "texture": "#8"},
				"down": {"uv": [0, 0, 16, 16], "texture": "#8"}
			}
		},
		{
			"from": [7, 8, 6.5],
			"to": [9, 10, 9.5],
			"rotation": {"angle": 0, "axis": "y", "origin": [8, 3.92784, 8]},
			"faces": {
				"north": {"uv": [0, 0, 16, 16], "texture": "#9"},
				"east": {"uv": [0, 0, 16, 16], "texture": "#9"},
				"south": {"uv": [0, 0, 16, 16], "texture": "#9"},
				"west": {"uv": [0, 0, 16, 16], "texture": "#9"},
				"up": {"uv": [0, 0, 16, 16], "texture": "#9"},
				"down": {"uv": [0, 0, 16, 16], "texture": "#9"}
			}
		},
		{
			"from": [5, 4, 8.5],
			"to": [6, 6, 11.5],
			"rotation": {"angle": 0, "axis": "y", "origin": [8, 3.92784, 8]},
			"faces": {
				"north": {"uv": [0, 0, 16, 16], "texture": "#0"},
				"east": {"uv": [0, 0, 16, 16], "texture": "#0"},
				"south": {"uv": [0, 0, 16, 16], "texture": "#0"},
				"west": {"uv": [0, 0, 16, 16], "texture": "#0"},
				"up": {"uv": [0, 0, 16, 16], "texture": "#0"},
				"down": {"uv": [0, 0, 16, 16], "texture": "#0"}
			}
		},
		{
			"from": [10, 4, 4.5],
			"to": [11, 6, 7.5],
			"rotation": {"angle": 0, "axis": "y", "origin": [8, 3.92784, 8]},
			"faces": {
				"north": {"uv": [0, 0, 16, 16], "texture": "#0"},
				"east": {"uv": [0, 0, 16, 16], "texture": "#0"},
				"south": {"uv": [0, 0, 16, 16], "texture": "#0"},
				"west": {"uv": [0, 0, 16, 16], "texture": "#0"},
				"up": {"uv": [0, 0, 16, 16], "texture": "#0"},
				"down": {"uv": [0, 0, 16, 16], "texture": "#0"}
			}
		},
		{
			"from": [2, 10, -5.5],
			"to": [14, 11, 21.5],
			"rotation": {"angle": 0, "axis": "y", "origin": [8, 3.92784, 8]},
			"faces": {
				"north": {"uv": [0, 0, 16, 2], "texture": "#8"},
				"east": {"uv": [0, 0, 16, 2], "texture": "#9"},
				"south": {"uv": [0, 0, 16, 2], "texture": "#8"},
				"west": {"uv": [0, 0, 16, 2], "texture": "#9"},
				"up": {"uv": [0, 0, 8, 16], "texture": "#8"},
				"down": {"uv": [0, 0, 16, 16], "texture": "#9"}
			}
		},
		{
			"name": "octagon",
			"from": [3.25, -0.11733, 4.26699],
			"to": [12.75, 0.29689, 5.26699],
			"rotation": {"angle": 45, "axis": "x", "origin": [8, 3.92784, 8]},
			"faces": {
				"north": {"uv": [0, 0, 16, 16], "texture": "#8"},
				"east": {"uv": [0, 0, 16, 16], "texture": "#8"},
				"south": {"uv": [0, 0, 16, 16], "texture": "#8"},
				"west": {"uv": [0, 0, 16, 16], "texture": "#8"},
				"up": {"uv": [0, 0, 16, 16], "texture": "#8"},
				"down": {"uv": [0, 0, 16, 16], "texture": "#8"}
			}
		},
		{
			"name": "octagon",
			"from": [3.25, 3.29289, 2.5],
			"to": [12.75, 3.70711, 3.5],
			"rotation": {"angle": 0, "axis": "x", "origin": [8, 3.92784, 8]},
			"faces": {
				"north": {"uv": [0, 0, 16, 16], "texture": "#8"},
				"east": {"uv": [0, 0, 16, 16], "texture": "#8"},
				"south": {"uv": [0, 0, 16, 16], "texture": "#8"},
				"west": {"uv": [0, 0, 16, 16], "texture": "#8"},
				"up": {"uv": [0, 0, 16, 16], "texture": "#8"},
				"down": {"uv": [0, 0, 16, 16], "texture": "#8"}
			}
		},
		{
			"name": "octagon",
			"from": [3.25, -0.41022, 4.55988],
			"to": [12.75, 0.58978, 4.9741],
			"rotation": {"angle": 45, "axis": "x", "origin": [8, 3.92784, 8]},
			"faces": {
				"north": {"uv": [0, 0, 16, 16], "texture": "#8"},
				"east": {"uv": [0, 0, 16, 16], "texture": "#8"},
				"south": {"uv": [0, 0, 16, 16], "texture": "#8"},
				"west": {"uv": [0, 0, 16, 16], "texture": "#8"},
				"up": {"uv": [0, 0, 16, 16], "texture": "#8"},
				"down": {"uv": [0, 0, 16, 16], "texture": "#8"}
			}
		},
		{
			"name": "octagon",
			"from": [3.25, 3, 2.79289],
			"to": [12.75, 4, 3.20711],
			"rotation": {"angle": 0, "axis": "x", "origin": [8, 3.92784, 8]},
			"faces": {
				"north": {"uv": [0, 0, 16, 16], "texture": "#8"},
				"east": {"uv": [0, 0, 16, 16], "texture": "#8"},
				"south": {"uv": [0, 0, 16, 16], "texture": "#8"},
				"west": {"uv": [0, 0, 16, 16], "texture": "#8"},
				"up": {"uv": [0, 0, 16, 16], "texture": "#8"},
				"down": {"uv": [0, 0, 16, 16], "texture": "#8"}
			}
		},
		{
			"name": "octagon",
			"from": [3.25, -0.11733, 10.73301],
			"to": [12.75, 0.29689, 11.73301],
			"rotation": {"angle": -45, "axis": "x", "origin": [8, 3.92784, 8]},
			"faces": {
				"north": {"uv": [16, 0, 0, 16], "texture": "#8"},
				"east": {"uv": [16, 0, 0, 16], "texture": "#8"},
				"south": {"uv": [16, 0, 0, 16], "texture": "#8"},
				"west": {"uv": [16, 0, 0, 16], "texture": "#8"},
				"up": {"uv": [0, 16, 16, 0], "texture": "#8"},
				"down": {"uv": [0, 16, 16, 0], "texture": "#8"}
			}
		},
		{
			"name": "octagon",
			"from": [3.25, 3.29289, 12.5],
			"to": [12.75, 3.70711, 13.5],
			"rotation": {"angle": 0, "axis": "x", "origin": [8, 3.92784, 8]},
			"faces": {
				"north": {"uv": [16, 0, 0, 16], "texture": "#8"},
				"east": {"uv": [16, 0, 0, 16], "texture": "#8"},
				"south": {"uv": [16, 0, 0, 16], "texture": "#8"},
				"west": {"uv": [16, 0, 0, 16], "texture": "#8"},
				"up": {"uv": [0, 16, 16, 0], "texture": "#8"},
				"down": {"uv": [0, 16, 16, 0], "texture": "#8"}
			}
		},
		{
			"name": "octagon",
			"from": [3.25, -0.41022, 11.0259],
			"to": [12.75, 0.58978, 11.44012],
			"rotation": {"angle": -45, "axis": "x", "origin": [8, 3.92784, 8]},
			"faces": {
				"north": {"uv": [16, 0, 0, 16], "texture": "#8"},
				"east": {"uv": [16, 0, 0, 16], "texture": "#8"},
				"south": {"uv": [16, 0, 0, 16], "texture": "#8"},
				"west": {"uv": [16, 0, 0, 16], "texture": "#8"},
				"up": {"uv": [0, 16, 16, 0], "texture": "#8"},
				"down": {"uv": [0, 16, 16, 0], "texture": "#8"}
			}
		},
		{
			"name": "octagon",
			"from": [3.25, 3, 12.79289],
			"to": [12.75, 4, 13.20711],
			"rotation": {"angle": 0, "axis": "x", "origin": [8, 3.92784, 8]},
			"faces": {
				"north": {"uv": [16, 0, 0, 16], "texture": "#8"},
				"east": {"uv": [16, 0, 0, 16], "texture": "#8"},
				"south": {"uv": [16, 0, 0, 16], "texture": "#8"},
				"west": {"uv": [16, 0, 0, 16], "texture": "#8"},
				"up": {"uv": [0, 16, 16, 0], "texture": "#8"},
				"down": {"uv": [0, 16, 16, 0], "texture": "#8"}
			}
		},
		{
			"name": "hexadecagon",
			"from": [3.125, 6.5641, 1.16194],
			"to": [3.375, 7.75758, 7.16194],
			"rotation": {"angle": -45, "axis": "x", "origin": [8, 3.92784, 8]},
			"faces": {
				"north": {"uv": [0, 0, 16, 16], "texture": "#9"},
				"east": {"uv": [0, 0, 16, 16], "texture": "#9"},
				"south": {"uv": [0, 0, 16, 16], "texture": "#9"},
				"west": {"uv": [0, 0, 16, 16], "texture": "#9"},
				"up": {"uv": [0, 0, 16, 16], "texture": "#9"},
				"down": {"uv": [0, 0, 16, 16], "texture": "#9"}
			}
		},
		{
			"name": "hexadecagon",
			"from": [3.125, 4.84924, 0.21688],
			"to": [3.375, 6.04272, 6.21688],
			"rotation": {"angle": -22.5, "axis": "x", "origin": [8, 3.92784, 8]},
			"faces": {
				"north": {"uv": [0, 0, 16, 16], "texture": "#9"},
				"east": {"uv": [0, 0, 16, 16], "texture": "#9"},
				"south": {"uv": [0, 0, 16, 16], "texture": "#9"},
				"west": {"uv": [0, 0, 16, 16], "texture": "#9"},
				"up": {"uv": [0, 0, 16, 16], "texture": "#9"},
				"down": {"uv": [0, 0, 16, 16], "texture": "#9"}
			}
		},
		{
			"name": "hexadecagon",
			"from": [3.125, 2.90326, 0],
			"to": [3.375, 4.09674, 6],
			"rotation": {"angle": 0, "axis": "x", "origin": [8, 3.92784, 8]},
			"faces": {
				"north": {"uv": [0, 0, 16, 16], "texture": "#9"},
				"east": {"uv": [0, 0, 16, 16], "texture": "#9"},
				"south": {"uv": [0, 0, 16, 16], "texture": "#9"},
				"west": {"uv": [0, 0, 16, 16], "texture": "#9"},
				"up": {"uv": [0, 0, 16, 16], "texture": "#9"},
				"down": {"uv": [0, 0, 16, 16], "texture": "#9"}
			}
		},
		{
			"name": "hexadecagon",
			"from": [3.125, 1.02241, 0.54433],
			"to": [3.375, 2.21589, 6.54433],
			"rotation": {"angle": 22.5, "axis": "x", "origin": [8, 3.92784, 8]},
			"faces": {
				"north": {"uv": [0, 0, 16, 16], "texture": "#9"},
				"east": {"uv": [0, 0, 16, 16], "texture": "#9"},
				"south": {"uv": [0, 0, 16, 16], "texture": "#9"},
				"west": {"uv": [0, 0, 16, 16], "texture": "#9"},
				"up": {"uv": [0, 0, 16, 16], "texture": "#9"},
				"down": {"uv": [0, 0, 16, 16], "texture": "#9"}
			}
		},
		{
			"name": "hexadecagon",
			"from": [3.125, -0.50696, 1.76699],
			"to": [3.375, 0.68652, 7.76699],
			"rotation": {"angle": 45, "axis": "x", "origin": [8, 3.92784, 8]},
			"faces": {
				"north": {"uv": [0, 0, 16, 16], "texture": "#9"},
				"east": {"uv": [0, 0, 16, 16], "texture": "#9"},
				"south": {"uv": [0, 0, 16, 16], "texture": "#9"},
				"west": {"uv": [0, 0, 16, 16], "texture": "#9"},
				"up": {"uv": [0, 0, 16, 16], "texture": "#9"},
				"down": {"uv": [0, 0, 16, 16], "texture": "#9"}
			}
		},
		{
			"name": "hexadecagon",
			"from": [3.125, 2.44598, 2.62014],
			"to": [3.375, 8.44598, 3.81362],
			"rotation": {"angle": -22.5, "axis": "x", "origin": [8, 3.92784, 8]},
			"faces": {
				"north": {"uv": [0, 0, 16, 16], "texture": "#9"},
				"east": {"uv": [0, 0, 16, 16], "texture": "#9"},
				"south": {"uv": [0, 0, 16, 16], "texture": "#9"},
				"west": {"uv": [0, 0, 16, 16], "texture": "#9"},
				"up": {"uv": [0, 0, 16, 16], "texture": "#9"},
				"down": {"uv": [0, 0, 16, 16], "texture": "#9"}
			}
		},
		{
			"name": "hexadecagon",
			"from": [3.125, 0.5, 2.40326],
			"to": [3.375, 6.5, 3.59674],
			"rotation": {"angle": 0, "axis": "x", "origin": [8, 3.92784, 8]},
			"faces": {
				"north": {"uv": [0, 0, 16, 16], "texture": "#9"},
				"east": {"uv": [0, 0, 16, 16], "texture": "#9"},
				"south": {"uv": [0, 0, 16, 16], "texture": "#9"},
				"west": {"uv": [0, 0, 16, 16], "texture": "#9"},
				"up": {"uv": [0, 0, 16, 16], "texture": "#9"},
				"down": {"uv": [0, 0, 16, 16], "texture": "#9"}
			}
		},
		{
			"name": "hexadecagon",
			"from": [3.125, -1.38085, 2.94759],
			"to": [3.375, 4.61915, 4.14107],
			"rotation": {"angle": 22.5, "axis": "x", "origin": [8, 3.92784, 8]},
			"faces": {
				"north": {"uv": [0, 0, 16, 16], "texture": "#9"},
				"east": {"uv": [0, 0, 16, 16], "texture": "#9"},
				"south": {"uv": [0, 0, 16, 16], "texture": "#9"},
				"west": {"uv": [0, 0, 16, 16], "texture": "#9"},
				"up": {"uv": [0, 0, 16, 16], "texture": "#9"},
				"down": {"uv": [0, 0, 16, 16], "texture": "#9"}
			}
		},
		{
			"name": "hexadecagon",
			"from": [3.125, 6.5641, 8.83806],
			"to": [3.375, 7.75758, 14.83806],
			"rotation": {"angle": 45, "axis": "x", "origin": [8, 3.92784, 8]},
			"faces": {
				"north": {"uv": [16, 0, 0, 16], "texture": "#9"},
				"east": {"uv": [16, 0, 0, 16], "texture": "#9"},
				"south": {"uv": [16, 0, 0, 16], "texture": "#9"},
				"west": {"uv": [16, 0, 0, 16], "texture": "#9"},
				"up": {"uv": [0, 16, 16, 0], "texture": "#9"},
				"down": {"uv": [0, 16, 16, 0], "texture": "#9"}
			}
		},
		{
			"name": "hexadecagon",
			"from": [3.125, 4.84924, 9.78312],
			"to": [3.375, 6.04272, 15.78312],
			"rotation": {"angle": 22.5, "axis": "x", "origin": [8, 3.92784, 8]},
			"faces": {
				"north": {"uv": [16, 0, 0, 16], "texture": "#9"},
				"east": {"uv": [16, 0, 0, 16], "texture": "#9"},
				"south": {"uv": [16, 0, 0, 16], "texture": "#9"},
				"west": {"uv": [16, 0, 0, 16], "texture": "#9"},
				"up": {"uv": [0, 16, 16, 0], "texture": "#9"},
				"down": {"uv": [0, 16, 16, 0], "texture": "#9"}
			}
		},
		{
			"name": "hexadecagon",
			"from": [3.125, 2.90326, 10],
			"to": [3.375, 4.09674, 16],
			"rotation": {"angle": 0, "axis": "x", "origin": [8, 3.92784, 8]},
			"faces": {
				"north": {"uv": [16, 0, 0, 16], "texture": "#9"},
				"east": {"uv": [16, 0, 0, 16], "texture": "#9"},
				"south": {"uv": [16, 0, 0, 16], "texture": "#9"},
				"west": {"uv": [16, 0, 0, 16], "texture": "#9"},
				"up": {"uv": [0, 16, 16, 0], "texture": "#9"},
				"down": {"uv": [0, 16, 16, 0], "texture": "#9"}
			}
		},
		{
			"name": "hexadecagon",
			"from": [3.125, 1.02241, 9.45567],
			"to": [3.375, 2.21589, 15.45567],
			"rotation": {"angle": -22.5, "axis": "x", "origin": [8, 3.92784, 8]},
			"faces": {
				"north": {"uv": [16, 0, 0, 16], "texture": "#9"},
				"east": {"uv": [16, 0, 0, 16], "texture": "#9"},
				"south": {"uv": [16, 0, 0, 16], "texture": "#9"},
				"west": {"uv": [16, 0, 0, 16], "texture": "#9"},
				"up": {"uv": [0, 16, 16, 0], "texture": "#9"},
				"down": {"uv": [0, 16, 16, 0], "texture": "#9"}
			}
		},
		{
			"name": "hexadecagon",
			"from": [3.125, -0.50696, 8.23301],
			"to": [3.375, 0.68652, 14.23301],
			"rotation": {"angle": -45, "axis": "x", "origin": [8, 3.92784, 8]},
			"faces": {
				"north": {"uv": [16, 0, 0, 16], "texture": "#9"},
				"east": {"uv": [16, 0, 0, 16], "texture": "#9"},
				"south": {"uv": [16, 0, 0, 16], "texture": "#9"},
				"west": {"uv": [16, 0, 0, 16], "texture": "#9"},
				"up": {"uv": [0, 16, 16, 0], "texture": "#9"},
				"down": {"uv": [0, 16, 16, 0], "texture": "#9"}
			}
		},
		{
			"name": "hexadecagon",
			"from": [3.125, 2.44598, 12.18638],
			"to": [3.375, 8.44598, 13.37986],
			"rotation": {"angle": 22.5, "axis": "x", "origin": [8, 3.92784, 8]},
			"faces": {
				"north": {"uv": [16, 0, 0, 16], "texture": "#9"},
				"east": {"uv": [16, 0, 0, 16], "texture": "#9"},
				"south": {"uv": [16, 0, 0, 16], "texture": "#9"},
				"west": {"uv": [16, 0, 0, 16], "texture": "#9"},
				"up": {"uv": [0, 16, 16, 0], "texture": "#9"},
				"down": {"uv": [0, 16, 16, 0], "texture": "#9"}
			}
		},
		{
			"name": "hexadecagon",
			"from": [3.125, 0.5, 12.40326],
			"to": [3.375, 6.5, 13.59674],
			"rotation": {"angle": 0, "axis": "x", "origin": [8, 3.92784, 8]},
			"faces": {
				"north": {"uv": [16, 0, 0, 16], "texture": "#9"},
				"east": {"uv": [16, 0, 0, 16], "texture": "#9"},
				"south": {"uv": [16, 0, 0, 16], "texture": "#9"},
				"west": {"uv": [16, 0, 0, 16], "texture": "#9"},
				"up": {"uv": [0, 16, 16, 0], "texture": "#9"},
				"down": {"uv": [0, 16, 16, 0], "texture": "#9"}
			}
		},
		{
			"name": "hexadecagon",
			"from": [3.125, -1.38085, 11.85893],
			"to": [3.375, 4.61915, 13.05241],
			"rotation": {"angle": -22.5, "axis": "x", "origin": [8, 3.92784, 8]},
			"faces": {
				"north": {"uv": [16, 0, 0, 16], "texture": "#9"},
				"east": {"uv": [16, 0, 0, 16], "texture": "#9"},
				"south": {"uv": [16, 0, 0, 16], "texture": "#9"},
				"west": {"uv": [16, 0, 0, 16], "texture": "#9"},
				"up": {"uv": [0, 16, 16, 0], "texture": "#9"},
				"down": {"uv": [0, 16, 16, 0], "texture": "#9"}
			}
		},
		{
			"name": "hexadecagon",
			"from": [12.625, 6.5641, 1.16194],
			"to": [12.875, 7.75758, 7.16194],
			"rotation": {"angle": -45, "axis": "x", "origin": [8, 3.92784, 8]},
			"faces": {
				"north": {"uv": [16, 0, 0, 16], "texture": "#9"},
				"east": {"uv": [16, 0, 0, 16], "texture": "#9"},
				"south": {"uv": [16, 0, 0, 16], "texture": "#9"},
				"west": {"uv": [16, 0, 0, 16], "texture": "#9"},
				"up": {"uv": [16, 0, 0, 16], "texture": "#9"},
				"down": {"uv": [16, 0, 0, 16], "texture": "#9"}
			}
		},
		{
			"name": "hexadecagon",
			"from": [12.625, 4.84924, 0.21688],
			"to": [12.875, 6.04272, 6.21688],
			"rotation": {"angle": -22.5, "axis": "x", "origin": [8, 3.92784, 8]},
			"faces": {
				"north": {"uv": [16, 0, 0, 16], "texture": "#9"},
				"east": {"uv": [16, 0, 0, 16], "texture": "#9"},
				"south": {"uv": [16, 0, 0, 16], "texture": "#9"},
				"west": {"uv": [16, 0, 0, 16], "texture": "#9"},
				"up": {"uv": [16, 0, 0, 16], "texture": "#9"},
				"down": {"uv": [16, 0, 0, 16], "texture": "#9"}
			}
		},
		{
			"name": "hexadecagon",
			"from": [12.625, 2.90326, 0],
			"to": [12.875, 4.09674, 6],
			"rotation": {"angle": 0, "axis": "x", "origin": [8, 3.92784, 8]},
			"faces": {
				"north": {"uv": [16, 0, 0, 16], "texture": "#9"},
				"east": {"uv": [16, 0, 0, 16], "texture": "#9"},
				"south": {"uv": [16, 0, 0, 16], "texture": "#9"},
				"west": {"uv": [16, 0, 0, 16], "texture": "#9"},
				"up": {"uv": [16, 0, 0, 16], "texture": "#9"},
				"down": {"uv": [16, 0, 0, 16], "texture": "#9"}
			}
		},
		{
			"name": "hexadecagon",
			"from": [12.625, 1.02241, 0.54433],
			"to": [12.875, 2.21589, 6.54433],
			"rotation": {"angle": 22.5, "axis": "x", "origin": [8, 3.92784, 8]},
			"faces": {
				"north": {"uv": [16, 0, 0, 16], "texture": "#9"},
				"east": {"uv": [16, 0, 0, 16], "texture": "#9"},
				"south": {"uv": [16, 0, 0, 16], "texture": "#9"},
				"west": {"uv": [16, 0, 0, 16], "texture": "#9"},
				"up": {"uv": [16, 0, 0, 16], "texture": "#9"},
				"down": {"uv": [16, 0, 0, 16], "texture": "#9"}
			}
		},
		{
			"name": "hexadecagon",
			"from": [12.625, -0.50696, 1.76699],
			"to": [12.875, 0.68652, 7.76699],
			"rotation": {"angle": 45, "axis": "x", "origin": [8, 3.92784, 8]},
			"faces": {
				"north": {"uv": [16, 0, 0, 16], "texture": "#9"},
				"east": {"uv": [16, 0, 0, 16], "texture": "#9"},
				"south": {"uv": [16, 0, 0, 16], "texture": "#9"},
				"west": {"uv": [16, 0, 0, 16], "texture": "#9"},
				"up": {"uv": [16, 0, 0, 16], "texture": "#9"},
				"down": {"uv": [16, 0, 0, 16], "texture": "#9"}
			}
		},
		{
			"name": "hexadecagon",
			"from": [12.625, 2.44598, 2.62014],
			"to": [12.875, 8.44598, 3.81362],
			"rotation": {"angle": -22.5, "axis": "x", "origin": [8, 3.92784, 8]},
			"faces": {
				"north": {"uv": [16, 0, 0, 16], "texture": "#9"},
				"east": {"uv": [16, 0, 0, 16], "texture": "#9"},
				"south": {"uv": [16, 0, 0, 16], "texture": "#9"},
				"west": {"uv": [16, 0, 0, 16], "texture": "#9"},
				"up": {"uv": [16, 0, 0, 16], "texture": "#9"},
				"down": {"uv": [16, 0, 0, 16], "texture": "#9"}
			}
		},
		{
			"name": "hexadecagon",
			"from": [12.625, 0.5, 2.40326],
			"to": [12.875, 6.5, 3.59674],
			"rotation": {"angle": 0, "axis": "x", "origin": [8, 3.92784, 8]},
			"faces": {
				"north": {"uv": [16, 0, 0, 16], "texture": "#9"},
				"east": {"uv": [16, 0, 0, 16], "texture": "#9"},
				"south": {"uv": [16, 0, 0, 16], "texture": "#9"},
				"west": {"uv": [16, 0, 0, 16], "texture": "#9"},
				"up": {"uv": [16, 0, 0, 16], "texture": "#9"},
				"down": {"uv": [16, 0, 0, 16], "texture": "#9"}
			}
		},
		{
			"name": "hexadecagon",
			"from": [12.625, -1.38085, 2.94759],
			"to": [12.875, 4.61915, 4.14107],
			"rotation": {"angle": 22.5, "axis": "x", "origin": [8, 3.92784, 8]},
			"faces": {
				"north": {"uv": [16, 0, 0, 16], "texture": "#9"},
				"east": {"uv": [16, 0, 0, 16], "texture": "#9"},
				"south": {"uv": [16, 0, 0, 16], "texture": "#9"},
				"west": {"uv": [16, 0, 0, 16], "texture": "#9"},
				"up": {"uv": [16, 0, 0, 16], "texture": "#9"},
				"down": {"uv": [16, 0, 0, 16], "texture": "#9"}
			}
		},
		{
			"name": "hexadecagon",
			"from": [12.625, 6.5641, 8.83806],
			"to": [12.875, 7.75758, 14.83806],
			"rotation": {"angle": 45, "axis": "x", "origin": [8, 3.92784, 8]},
			"faces": {
				"north": {"uv": [0, 0, 16, 16], "texture": "#9"},
				"east": {"uv": [0, 0, 16, 16], "texture": "#9"},
				"south": {"uv": [0, 0, 16, 16], "texture": "#9"},
				"west": {"uv": [0, 0, 16, 16], "texture": "#9"},
				"up": {"uv": [16, 16, 0, 0], "texture": "#9"},
				"down": {"uv": [16, 16, 0, 0], "texture": "#9"}
			}
		},
		{
			"name": "hexadecagon",
			"from": [12.625, 4.84924, 9.78312],
			"to": [12.875, 6.04272, 15.78312],
			"rotation": {"angle": 22.5, "axis": "x", "origin": [8, 3.92784, 8]},
			"faces": {
				"north": {"uv": [0, 0, 16, 16], "texture": "#9"},
				"east": {"uv": [0, 0, 16, 16], "texture": "#9"},
				"south": {"uv": [0, 0, 16, 16], "texture": "#9"},
				"west": {"uv": [0, 0, 16, 16], "texture": "#9"},
				"up": {"uv": [16, 16, 0, 0], "texture": "#9"},
				"down": {"uv": [16, 16, 0, 0], "texture": "#9"}
			}
		},
		{
			"name": "hexadecagon",
			"from": [12.625, 2.90326, 10],
			"to": [12.875, 4.09674, 16],
			"rotation": {"angle": 0, "axis": "x", "origin": [8, 3.92784, 8]},
			"faces": {
				"north": {"uv": [0, 0, 16, 16], "texture": "#9"},
				"east": {"uv": [0, 0, 16, 16], "texture": "#9"},
				"south": {"uv": [0, 0, 16, 16], "texture": "#9"},
				"west": {"uv": [0, 0, 16, 16], "texture": "#9"},
				"up": {"uv": [16, 16, 0, 0], "texture": "#9"},
				"down": {"uv": [16, 16, 0, 0], "texture": "#9"}
			}
		},
		{
			"name": "hexadecagon",
			"from": [12.625, 1.02241, 9.45567],
			"to": [12.875, 2.21589, 15.45567],
			"rotation": {"angle": -22.5, "axis": "x", "origin": [8, 3.92784, 8]},
			"faces": {
				"north": {"uv": [0, 0, 16, 16], "texture": "#9"},
				"east": {"uv": [0, 0, 16, 16], "texture": "#9"},
				"south": {"uv": [0, 0, 16, 16], "texture": "#9"},
				"west": {"uv": [0, 0, 16, 16], "texture": "#9"},
				"up": {"uv": [16, 16, 0, 0], "texture": "#9"},
				"down": {"uv": [16, 16, 0, 0], "texture": "#9"}
			}
		},
		{
			"name": "hexadecagon",
			"from": [12.625, -0.50696, 8.23301],
			"to": [12.875, 0.68652, 14.23301],
			"rotation": {"angle": -45, "axis": "x", "origin": [8, 3.92784, 8]},
			"faces": {
				"north": {"uv": [0, 0, 16, 16], "texture": "#9"},
				"east": {"uv": [0, 0, 16, 16], "texture": "#9"},
				"south": {"uv": [0, 0, 16, 16], "texture": "#9"},
				"west": {"uv": [0, 0, 16, 16], "texture": "#9"},
				"up": {"uv": [16, 16, 0, 0], "texture": "#9"},
				"down": {"uv": [16, 16, 0, 0], "texture": "#9"}
			}
		},
		{
			"name": "hexadecagon",
			"from": [12.625, 2.44598, 12.18638],
			"to": [12.875, 8.44598, 13.37986],
			"rotation": {"angle": 22.5, "axis": "x", "origin": [8, 3.92784, 8]},
			"faces": {
				"north": {"uv": [0, 0, 16, 16], "texture": "#9"},
				"east": {"uv": [0, 0, 16, 16], "texture": "#9"},
				"south": {"uv": [0, 0, 16, 16], "texture": "#9"},
				"west": {"uv": [0, 0, 16, 16], "texture": "#9"},
				"up": {"uv": [16, 16, 0, 0], "texture": "#9"},
				"down": {"uv": [16, 16, 0, 0], "texture": "#9"}
			}
		},
		{
			"name": "hexadecagon",
			"from": [12.625, 0.5, 12.40326],
			"to": [12.875, 6.5, 13.59674],
			"rotation": {"angle": 0, "axis": "x", "origin": [8, 3.92784, 8]},
			"faces": {
				"north": {"uv": [0, 0, 16, 16], "texture": "#9"},
				"east": {"uv": [0, 0, 16, 16], "texture": "#9"},
				"south": {"uv": [0, 0, 16, 16], "texture": "#9"},
				"west": {"uv": [0, 0, 16, 16], "texture": "#9"},
				"up": {"uv": [16, 16, 0, 0], "texture": "#9"},
				"down": {"uv": [16, 16, 0, 0], "texture": "#9"}
			}
		},
		{
			"name": "hexadecagon",
			"from": [12.625, -1.38085, 11.85893],
			"to": [12.875, 4.61915, 13.05241],
			"rotation": {"angle": -22.5, "axis": "x", "origin": [8, 3.92784, 8]},
			"faces": {
				"north": {"uv": [0, 0, 16, 16], "texture": "#9"},
				"east": {"uv": [0, 0, 16, 16], "texture": "#9"},
				"south": {"uv": [0, 0, 16, 16], "texture": "#9"},
				"west": {"uv": [0, 0, 16, 16], "texture": "#9"},
				"up": {"uv": [16, 16, 0, 0], "texture": "#9"},
				"down": {"uv": [16, 16, 0, 0], "texture": "#9"}
			}
		},
		{
			"name": "hexadecagon",
			"from": [2, 6.66356, 1.66194],
			"to": [3, 7.65812, 6.66194],
			"rotation": {"angle": -45, "axis": "x", "origin": [8, 3.92784, 8]},
			"faces": {
				"north": {"uv": [0, 0, 16, 16], "texture": "#9"},
				"east": {"uv": [0, 0, 16, 16], "texture": "#9"},
				"south": {"uv": [0, 0, 16, 16], "texture": "#9"},
				"west": {"uv": [0, 0, 16, 16], "texture": "#9"},
				"up": {"uv": [0, 0, 16, 16], "texture": "#9"},
				"down": {"uv": [0, 0, 16, 16], "texture": "#9"}
			}
		},
		{
			"name": "hexadecagon",
			"from": [2, 4.9487, 0.71688],
			"to": [3, 5.94326, 5.71688],
			"rotation": {"angle": -22.5, "axis": "x", "origin": [8, 3.92784, 8]},
			"faces": {
				"north": {"uv": [0, 0, 16, 16], "texture": "#9"},
				"east": {"uv": [0, 0, 16, 16], "texture": "#9"},
				"south": {"uv": [0, 0, 16, 16], "texture": "#9"},
				"west": {"uv": [0, 0, 16, 16], "texture": "#9"},
				"up": {"uv": [0, 0, 16, 16], "texture": "#9"},
				"down": {"uv": [0, 0, 16, 16], "texture": "#9"}
			}
		},
		{
			"name": "hexadecagon",
			"from": [2, 3.00272, 0.5],
			"to": [3, 3.99728, 5.5],
			"rotation": {"angle": 0, "axis": "x", "origin": [8, 3.92784, 8]},
			"faces": {
				"north": {"uv": [0, 0, 16, 16], "texture": "#9"},
				"east": {"uv": [0, 0, 16, 16], "texture": "#9"},
				"south": {"uv": [0, 0, 16, 16], "texture": "#9"},
				"west": {"uv": [0, 0, 16, 16], "texture": "#9"},
				"up": {"uv": [0, 0, 16, 16], "texture": "#9"},
				"down": {"uv": [0, 0, 16, 16], "texture": "#9"}
			}
		},
		{
			"name": "hexadecagon",
			"from": [2, 1.12187, 1.04433],
			"to": [3, 2.11643, 6.04433],
			"rotation": {"angle": 22.5, "axis": "x", "origin": [8, 3.92784, 8]},
			"faces": {
				"north": {"uv": [0, 0, 16, 16], "texture": "#9"},
				"east": {"uv": [0, 0, 16, 16], "texture": "#9"},
				"south": {"uv": [0, 0, 16, 16], "texture": "#9"},
				"west": {"uv": [0, 0, 16, 16], "texture": "#9"},
				"up": {"uv": [0, 0, 16, 16], "texture": "#9"},
				"down": {"uv": [0, 0, 16, 16], "texture": "#9"}
			}
		},
		{
			"name": "hexadecagon",
			"from": [2, -0.4075, 2.26699],
			"to": [3, 0.58706, 7.26699],
			"rotation": {"angle": 45, "axis": "x", "origin": [8, 3.92784, 8]},
			"faces": {
				"north": {"uv": [0, 0, 16, 16], "texture": "#9"},
				"east": {"uv": [0, 0, 16, 16], "texture": "#9"},
				"south": {"uv": [0, 0, 16, 16], "texture": "#9"},
				"west": {"uv": [0, 0, 16, 16], "texture": "#9"},
				"up": {"uv": [0, 0, 16, 16], "texture": "#9"},
				"down": {"uv": [0, 0, 16, 16], "texture": "#9"}
			}
		},
		{
			"name": "hexadecagon",
			"from": [2, 2.94598, 2.7196],
			"to": [3, 7.94598, 3.71416],
			"rotation": {"angle": -22.5, "axis": "x", "origin": [8, 3.92784, 8]},
			"faces": {
				"north": {"uv": [0, 0, 16, 16], "texture": "#9"},
				"east": {"uv": [0, 0, 16, 16], "texture": "#9"},
				"south": {"uv": [0, 0, 16, 16], "texture": "#9"},
				"west": {"uv": [0, 0, 16, 16], "texture": "#9"},
				"up": {"uv": [0, 0, 16, 16], "texture": "#9"},
				"down": {"uv": [0, 0, 16, 16], "texture": "#9"}
			}
		},
		{
			"name": "hexadecagon",
			"from": [2, 1, 2.50272],
			"to": [3, 6, 3.49728],
			"rotation": {"angle": 0, "axis": "x", "origin": [8, 3.92784, 8]},
			"faces": {
				"north": {"uv": [0, 0, 16, 16], "texture": "#9"},
				"east": {"uv": [0, 0, 16, 16], "texture": "#9"},
				"south": {"uv": [0, 0, 16, 16], "texture": "#9"},
				"west": {"uv": [0, 0, 16, 16], "texture": "#9"},
				"up": {"uv": [0, 0, 16, 16], "texture": "#9"},
				"down": {"uv": [0, 0, 16, 16], "texture": "#9"}
			}
		},
		{
			"name": "hexadecagon",
			"from": [2, -0.88085, 3.04705],
			"to": [3, 4.11915, 4.04161],
			"rotation": {"angle": 22.5, "axis": "x", "origin": [8, 3.92784, 8]},
			"faces": {
				"north": {"uv": [0, 0, 16, 16], "texture": "#9"},
				"east": {"uv": [0, 0, 16, 16], "texture": "#9"},
				"south": {"uv": [0, 0, 16, 16], "texture": "#9"},
				"west": {"uv": [0, 0, 16, 16], "texture": "#9"},
				"up": {"uv": [0, 0, 16, 16], "texture": "#9"},
				"down": {"uv": [0, 0, 16, 16], "texture": "#9"}
			}
		},
		{
			"name": "hexadecagon",
			"from": [2, 6.66356, 9.33806],
			"to": [3, 7.65812, 14.33806],
			"rotation": {"angle": 45, "axis": "x", "origin": [8, 3.92784, 8]},
			"faces": {
				"north": {"uv": [16, 0, 0, 16], "texture": "#9"},
				"east": {"uv": [16, 0, 0, 16], "texture": "#9"},
				"south": {"uv": [16, 0, 0, 16], "texture": "#9"},
				"west": {"uv": [16, 0, 0, 16], "texture": "#9"},
				"up": {"uv": [0, 16, 16, 0], "texture": "#9"},
				"down": {"uv": [0, 16, 16, 0], "texture": "#9"}
			}
		},
		{
			"name": "hexadecagon",
			"from": [2, 4.9487, 10.28312],
			"to": [3, 5.94326, 15.28312],
			"rotation": {"angle": 22.5, "axis": "x", "origin": [8, 3.92784, 8]},
			"faces": {
				"north": {"uv": [16, 0, 0, 16], "texture": "#9"},
				"east": {"uv": [16, 0, 0, 16], "texture": "#9"},
				"south": {"uv": [16, 0, 0, 16], "texture": "#9"},
				"west": {"uv": [16, 0, 0, 16], "texture": "#9"},
				"up": {"uv": [0, 16, 16, 0], "texture": "#9"},
				"down": {"uv": [0, 16, 16, 0], "texture": "#9"}
			}
		},
		{
			"name": "hexadecagon",
			"from": [2, 3.00272, 10.5],
			"to": [3, 3.99728, 15.5],
			"rotation": {"angle": 0, "axis": "x", "origin": [8, 3.92784, 8]},
			"faces": {
				"north": {"uv": [16, 0, 0, 16], "texture": "#9"},
				"east": {"uv": [16, 0, 0, 16], "texture": "#9"},
				"south": {"uv": [16, 0, 0, 16], "texture": "#9"},
				"west": {"uv": [16, 0, 0, 16], "texture": "#9"},
				"up": {"uv": [0, 16, 16, 0], "texture": "#9"},
				"down": {"uv": [0, 16, 16, 0], "texture": "#9"}
			}
		},
		{
			"name": "hexadecagon",
			"from": [2, 1.12187, 9.95567],
			"to": [3, 2.11643, 14.95567],
			"rotation": {"angle": -22.5, "axis": "x", "origin": [8, 3.92784, 8]},
			"faces": {
				"north": {"uv": [16, 0, 0, 16], "texture": "#9"},
				"east": {"uv": [16, 0, 0, 16], "texture": "#9"},
				"south": {"uv": [16, 0, 0, 16], "texture": "#9"},
				"west": {"uv": [16, 0, 0, 16], "texture": "#9"},
				"up": {"uv": [0, 16, 16, 0], "texture": "#9"},
				"down": {"uv": [0, 16, 16, 0], "texture": "#9"}
			}
		},
		{
			"name": "hexadecagon",
			"from": [2, -0.4075, 8.73301],
			"to": [3, 0.58706, 13.73301],
			"rotation": {"angle": -45, "axis": "x", "origin": [8, 3.92784, 8]},
			"faces": {
				"north": {"uv": [16, 0, 0, 16], "texture": "#9"},
				"east": {"uv": [16, 0, 0, 16], "texture": "#9"},
				"south": {"uv": [16, 0, 0, 16], "texture": "#9"},
				"west": {"uv": [16, 0, 0, 16], "texture": "#9"},
				"up": {"uv": [0, 16, 16, 0], "texture": "#9"},
				"down": {"uv": [0, 16, 16, 0], "texture": "#9"}
			}
		},
		{
			"name": "hexadecagon",
			"from": [2, 2.94598, 12.28584],
			"to": [3, 7.94598, 13.2804],
			"rotation": {"angle": 22.5, "axis": "x", "origin": [8, 3.92784, 8]},
			"faces": {
				"north": {"uv": [16, 0, 0, 16], "texture": "#9"},
				"east": {"uv": [16, 0, 0, 16], "texture": "#9"},
				"south": {"uv": [16, 0, 0, 16], "texture": "#9"},
				"west": {"uv": [16, 0, 0, 16], "texture": "#9"},
				"up": {"uv": [0, 16, 16, 0], "texture": "#9"},
				"down": {"uv": [0, 16, 16, 0], "texture": "#9"}
			}
		},
		{
			"name": "hexadecagon",
			"from": [2, 1, 12.50272],
			"to": [3, 6, 13.49728],
			"rotation": {"angle": 0, "axis": "x", "origin": [8, 3.92784, 8]},
			"faces": {
				"north": {"uv": [16, 0, 0, 16], "texture": "#9"},
				"east": {"uv": [16, 0, 0, 16], "texture": "#9"},
				"south": {"uv": [16, 0, 0, 16], "texture": "#9"},
				"west": {"uv": [16, 0, 0, 16], "texture": "#9"},
				"up": {"uv": [0, 16, 16, 0], "texture": "#9"},
				"down": {"uv": [0, 16, 16, 0], "texture": "#9"}
			}
		},
		{
			"name": "hexadecagon",
			"from": [2, -0.88085, 11.95839],
			"to": [3, 4.11915, 12.95295],
			"rotation": {"angle": -22.5, "axis": "x", "origin": [8, 3.92784, 8]},
			"faces": {
				"north": {"uv": [16, 0, 0, 16], "texture": "#9"},
				"east": {"uv": [16, 0, 0, 16], "texture": "#9"},
				"south": {"uv": [16, 0, 0, 16], "texture": "#9"},
				"west": {"uv": [16, 0, 0, 16], "texture": "#9"},
				"up": {"uv": [0, 16, 16, 0], "texture": "#9"},
				"down": {"uv": [0, 16, 16, 0], "texture": "#9"}
			}
		},
		{
			"name": "hexadecagon",
			"from": [13, 6.66356, 1.66194],
			"to": [14, 7.65812, 6.66194],
			"rotation": {"angle": -45, "axis": "x", "origin": [8, 3.92784, 8]},
			"faces": {
				"north": {"uv": [16, 0, 0, 16], "texture": "#9"},
				"east": {"uv": [16, 0, 0, 16], "texture": "#9"},
				"south": {"uv": [16, 0, 0, 16], "texture": "#9"},
				"west": {"uv": [16, 0, 0, 16], "texture": "#9"},
				"up": {"uv": [16, 0, 0, 16], "texture": "#9"},
				"down": {"uv": [16, 0, 0, 16], "texture": "#9"}
			}
		},
		{
			"name": "hexadecagon",
			"from": [13, 4.9487, 0.71688],
			"to": [14, 5.94326, 5.71688],
			"rotation": {"angle": -22.5, "axis": "x", "origin": [8, 3.92784, 8]},
			"faces": {
				"north": {"uv": [16, 0, 0, 16], "texture": "#9"},
				"east": {"uv": [16, 0, 0, 16], "texture": "#9"},
				"south": {"uv": [16, 0, 0, 16], "texture": "#9"},
				"west": {"uv": [16, 0, 0, 16], "texture": "#9"},
				"up": {"uv": [16, 0, 0, 16], "texture": "#9"},
				"down": {"uv": [16, 0, 0, 16], "texture": "#9"}
			}
		},
		{
			"name": "hexadecagon",
			"from": [13, 3.00272, 0.5],
			"to": [14, 3.99728, 5.5],
			"rotation": {"angle": 0, "axis": "x", "origin": [8, 3.92784, 8]},
			"faces": {
				"north": {"uv": [16, 0, 0, 16], "texture": "#9"},
				"east": {"uv": [16, 0, 0, 16], "texture": "#9"},
				"south": {"uv": [16, 0, 0, 16], "texture": "#9"},
				"west": {"uv": [16, 0, 0, 16], "texture": "#9"},
				"up": {"uv": [16, 0, 0, 16], "texture": "#9"},
				"down": {"uv": [16, 0, 0, 16], "texture": "#9"}
			}
		},
		{
			"name": "hexadecagon",
			"from": [13, 1.12187, 1.04433],
			"to": [14, 2.11643, 6.04433],
			"rotation": {"angle": 22.5, "axis": "x", "origin": [8, 3.92784, 8]},
			"faces": {
				"north": {"uv": [16, 0, 0, 16], "texture": "#9"},
				"east": {"uv": [16, 0, 0, 16], "texture": "#9"},
				"south": {"uv": [16, 0, 0, 16], "texture": "#9"},
				"west": {"uv": [16, 0, 0, 16], "texture": "#9"},
				"up": {"uv": [16, 0, 0, 16], "texture": "#9"},
				"down": {"uv": [16, 0, 0, 16], "texture": "#9"}
			}
		},
		{
			"name": "hexadecagon",
			"from": [13, -0.4075, 2.26699],
			"to": [14, 0.58706, 7.26699],
			"rotation": {"angle": 45, "axis": "x", "origin": [8, 3.92784, 8]},
			"faces": {
				"north": {"uv": [16, 0, 0, 16], "texture": "#9"},
				"east": {"uv": [16, 0, 0, 16], "texture": "#9"},
				"south": {"uv": [16, 0, 0, 16], "texture": "#9"},
				"west": {"uv": [16, 0, 0, 16], "texture": "#9"},
				"up": {"uv": [16, 0, 0, 16], "texture": "#9"},
				"down": {"uv": [16, 0, 0, 16], "texture": "#9"}
			}
		},
		{
			"name": "hexadecagon",
			"from": [13, 2.94598, 2.7196],
			"to": [14, 7.94598, 3.71416],
			"rotation": {"angle": -22.5, "axis": "x", "origin": [8, 3.92784, 8]},
			"faces": {
				"north": {"uv": [16, 0, 0, 16], "texture": "#9"},
				"east": {"uv": [16, 0, 0, 16], "texture": "#9"},
				"south": {"uv": [16, 0, 0, 16], "texture": "#9"},
				"west": {"uv": [16, 0, 0, 16], "texture": "#9"},
				"up": {"uv": [16, 0, 0, 16], "texture": "#9"},
				"down": {"uv": [16, 0, 0, 16], "texture": "#9"}
			}
		},
		{
			"name": "hexadecagon",
			"from": [13, 1, 2.50272],
			"to": [14, 6, 3.49728],
			"rotation": {"angle": 0, "axis": "x", "origin": [8, 3.92784, 8]},
			"faces": {
				"north": {"uv": [16, 0, 0, 16], "texture": "#9"},
				"east": {"uv": [16, 0, 0, 16], "texture": "#9"},
				"south": {"uv": [16, 0, 0, 16], "texture": "#9"},
				"west": {"uv": [16, 0, 0, 16], "texture": "#9"},
				"up": {"uv": [16, 0, 0, 16], "texture": "#9"},
				"down": {"uv": [16, 0, 0, 16], "texture": "#9"}
			}
		},
		{
			"name": "hexadecagon",
			"from": [13, -0.88085, 3.04705],
			"to": [14, 4.11915, 4.04161],
			"rotation": {"angle": 22.5, "axis": "x", "origin": [8, 3.92784, 8]},
			"faces": {
				"north": {"uv": [16, 0, 0, 16], "texture": "#9"},
				"east": {"uv": [16, 0, 0, 16], "texture": "#9"},
				"south": {"uv": [16, 0, 0, 16], "texture": "#9"},
				"west": {"uv": [16, 0, 0, 16], "texture": "#9"},
				"up": {"uv": [16, 0, 0, 16], "texture": "#9"},
				"down": {"uv": [16, 0, 0, 16], "texture": "#9"}
			}
		},
		{
			"name": "hexadecagon",
			"from": [13, 6.66356, 9.33806],
			"to": [14, 7.65812, 14.33806],
			"rotation": {"angle": 45, "axis": "x", "origin": [8, 3.92784, 8]},
			"faces": {
				"north": {"uv": [0, 0, 16, 16], "texture": "#9"},
				"east": {"uv": [0, 0, 16, 16], "texture": "#9"},
				"south": {"uv": [0, 0, 16, 16], "texture": "#9"},
				"west": {"uv": [0, 0, 16, 16], "texture": "#9"},
				"up": {"uv": [16, 16, 0, 0], "texture": "#9"},
				"down": {"uv": [16, 16, 0, 0], "texture": "#9"}
			}
		},
		{
			"name": "hexadecagon",
			"from": [13, 4.9487, 10.28312],
			"to": [14, 5.94326, 15.28312],
			"rotation": {"angle": 22.5, "axis": "x", "origin": [8, 3.92784, 8]},
			"faces": {
				"north": {"uv": [0, 0, 16, 16], "texture": "#9"},
				"east": {"uv": [0, 0, 16, 16], "texture": "#9"},
				"south": {"uv": [0, 0, 16, 16], "texture": "#9"},
				"west": {"uv": [0, 0, 16, 16], "texture": "#9"},
				"up": {"uv": [16, 16, 0, 0], "texture": "#9"},
				"down": {"uv": [16, 16, 0, 0], "texture": "#9"}
			}
		},
		{
			"name": "hexadecagon",
			"from": [13, 3.00272, 10.5],
			"to": [14, 3.99728, 15.5],
			"rotation": {"angle": 0, "axis": "x", "origin": [8, 3.92784, 8]},
			"faces": {
				"north": {"uv": [0, 0, 16, 16], "texture": "#9"},
				"east": {"uv": [0, 0, 16, 16], "texture": "#9"},
				"south": {"uv": [0, 0, 16, 16], "texture": "#9"},
				"west": {"uv": [0, 0, 16, 16], "texture": "#9"},
				"up": {"uv": [16, 16, 0, 0], "texture": "#9"},
				"down": {"uv": [16, 16, 0, 0], "texture": "#9"}
			}
		},
		{
			"name": "hexadecagon",
			"from": [13, 1.12187, 9.95567],
			"to": [14, 2.11643, 14.95567],
			"rotation": {"angle": -22.5, "axis": "x", "origin": [8, 3.92784, 8]},
			"faces": {
				"north": {"uv": [0, 0, 16, 16], "texture": "#9"},
				"east": {"uv": [0, 0, 16, 16], "texture": "#9"},
				"south": {"uv": [0, 0, 16, 16], "texture": "#9"},
				"west": {"uv": [0, 0, 16, 16], "texture": "#9"},
				"up": {"uv": [16, 16, 0, 0], "texture": "#9"},
				"down": {"uv": [16, 16, 0, 0], "texture": "#9"}
			}
		},
		{
			"name": "hexadecagon",
			"from": [13, -0.4075, 8.73301],
			"to": [14, 0.58706, 13.73301],
			"rotation": {"angle": -45, "axis": "x", "origin": [8, 3.92784, 8]},
			"faces": {
				"north": {"uv": [0, 0, 16, 16], "texture": "#9"},
				"east": {"uv": [0, 0, 16, 16], "texture": "#9"},
				"south": {"uv": [0, 0, 16, 16], "texture": "#9"},
				"west": {"uv": [0, 0, 16, 16], "texture": "#9"},
				"up": {"uv": [16, 16, 0, 0], "texture": "#9"},
				"down": {"uv": [16, 16, 0, 0], "texture": "#9"}
			}
		},
		{
			"name": "hexadecagon",
			"from": [13, 2.94598, 12.28584],
			"to": [14, 7.94598, 13.2804],
			"rotation": {"angle": 22.5, "axis": "x", "origin": [8, 3.92784, 8]},
			"faces": {
				"north": {"uv": [0, 0, 16, 16], "texture": "#9"},
				"east": {"uv": [0, 0, 16, 16], "texture": "#9"},
				"south": {"uv": [0, 0, 16, 16], "texture": "#9"},
				"west": {"uv": [0, 0, 16, 16], "texture": "#9"},
				"up": {"uv": [16, 16, 0, 0], "texture": "#9"},
				"down": {"uv": [16, 16, 0, 0], "texture": "#9"}
			}
		},
		{
			"name": "hexadecagon",
			"from": [13, 1, 12.50272],
			"to": [14, 6, 13.49728],
			"rotation": {"angle": 0, "axis": "x", "origin": [8, 3.92784, 8]},
			"faces": {
				"north": {"uv": [0, 0, 16, 16], "texture": "#9"},
				"east": {"uv": [0, 0, 16, 16], "texture": "#9"},
				"south": {"uv": [0, 0, 16, 16], "texture": "#9"},
				"west": {"uv": [0, 0, 16, 16], "texture": "#9"},
				"up": {"uv": [16, 16, 0, 0], "texture": "#9"},
				"down": {"uv": [16, 16, 0, 0], "texture": "#9"}
			}
		},
		{
			"name": "hexadecagon",
			"from": [13, -0.88085, 11.95839],
			"to": [14, 4.11915, 12.95295],
			"rotation": {"angle": -22.5, "axis": "x", "origin": [8, 3.92784, 8]},
			"faces": {
				"north": {"uv": [0, 0, 16, 16], "texture": "#9"},
				"east": {"uv": [0, 0, 16, 16], "texture": "#9"},
				"south": {"uv": [0, 0, 16, 16], "texture": "#9"},
				"west": {"uv": [0, 0, 16, 16], "texture": "#9"},
				"up": {"uv": [16, 16, 0, 0], "texture": "#9"},
				"down": {"uv": [16, 16, 0, 0], "texture": "#9"}
			}
		}
	],
	"display": {
		"head": {
			"scale": [2, 2, 2]
		}
	},
	"groups": [
		{
			"name": "Bogie1",
			"origin": [-3, 13, 4],
			"color": 0,
			"children": [
				0,
				1,
				2,
				3,
				4,
				5,
				6,
				7,
				8,
				9,
				10,
				11,
				12,
				13,
				14,
				15,
				16,
				17,
				18,
				19,
				20,
				21,
				22,
				23,
				24,
				{
					"name": "axle",
					"origin": [8, 8, 8],
					"color": 0,
					"children": [25, 26, 27, 28]
				},
				{
					"name": "axle",
					"origin": [8, 8, 8],
					"color": 0,
					"children": [29, 30, 31, 32]
				},
				{
					"name": "flange",
					"origin": [8, 8, 8],
					"color": 0,
					"children": [33, 34, 35, 36, 37, 38, 39, 40, 41, 42, 43, 44, 45, 46, 47, 48, 49, 50, 51, 52, 53, 54, 55, 56, 57, 58, 59, 60, 61, 62, 63, 64]
				},
				{
					"name": "wheel",
					"origin": [8, 8, 8],
					"color": 0,
					"children": [65, 66, 67, 68, 69, 70, 71, 72, 73, 74, 75, 76, 77, 78, 79, 80, 81, 82, 83, 84, 85, 86, 87, 88, 89, 90, 91, 92, 93, 94, 95, 96]
				}
			]
		},
		{
			"name": "Coupler2",
			"origin": [0, 17, 0],
			"color": 0,
			"children": []
		}
	]
}