{
	"credit": "Made with Blockbench",
	"textures": {
		"15": "block/siemens/lime",
		"19": "block/siemens/window",
		"23": "block/siemens/wall",
		"26": "block/siemens/rubber",
		"particle": "block/siemens/window"
	},
	"elements": [
		{
			"from": [0, 5, 0.75],
			"to": [1, 9.75, 6.25],
			"rotation": {"angle": 0, "axis": "y", "origin": [0, 0, -0.5]},
			"faces": {
				"north": {"uv": [0, 0, 1, 6.25], "texture": "#26"},
				"east": {"uv": [0, 5.024, 16, 7.786], "texture": "#23"},
				"south": {"uv": [0, 0, 1, 6.25], "texture": "#26"},
				"west": {"uv": [0, 0, 16, 6.25], "texture": "#15"},
				"up": {"uv": [0, 0, 1, 16], "texture": "#26"},
				"down": {"uv": [0, 0, 1, 16], "texture": "#missing"}
			}
		},
		{
			"from": [0, 9.75, 5.25],
			"to": [1, 15.5, 6.25],
			"rotation": {"angle": 0, "axis": "y", "origin": [0, 0, -0.5]},
			"faces": {
				"north": {"uv": [0, 0, 1, 6.25], "texture": "#26"},
				"east": {"uv": [0, 5.024, 16, 7.786], "texture": "#23"},
				"south": {"uv": [0, 0, 1, 6.25], "texture": "#26"},
				"west": {"uv": [0, 0, 16, 6.25], "texture": "#15"},
				"up": {"uv": [0, 0, 1, 16], "texture": "#26"},
				"down": {"uv": [0, 0, 1, 16], "texture": "#missing"}
			}
		},
		{
			"from": [0, 15.5, 0.75],
			"to": [1, 18, 6.25],
			"rotation": {"angle": 0, "axis": "y", "origin": [0, 0, -0.5]},
			"faces": {
				"north": {"uv": [0, 0, 1, 6.25], "texture": "#26"},
				"east": {"uv": [0, 5.024, 16, 7.786], "texture": "#23"},
				"south": {"uv": [0, 0, 1, 6.25], "texture": "#26"},
				"west": {"uv": [0, 0, 16, 6.25], "texture": "#15"},
				"up": {"uv": [0, 0, 1, 16], "texture": "#26"},
				"down": {"uv": [0, 0, 1, 16], "texture": "#26"}
			}
		},
		{
			"from": [0, 9.75, 0.75],
			"to": [1, 15.5, 1.75],
			"rotation": {"angle": 0, "axis": "y", "origin": [0, 0, -0.5]},
			"faces": {
				"north": {"uv": [0, 0, 1, 6.25], "texture": "#26"},
				"east": {"uv": [0, 5.024, 16, 7.786], "texture": "#23"},
				"south": {"uv": [0, 0, 1, 6.25], "texture": "#26"},
				"west": {"uv": [0, 0, 16, 6.25], "texture": "#15"},
				"up": {"uv": [0, 0, 1, 16], "texture": "#26"},
				"down": {"uv": [0, 0, 1, 16], "texture": "#missing"}
			}
		},
		{
			"from": [0, 9.75, 1.75],
			"to": [1, 15.5, 5.25],
			"rotation": {"angle": 0, "axis": "y", "origin": [0, 0, -0.5]},
			"faces": {
				"north": {"uv": [0, 0, 0.6, 4.75], "texture": "#missing"},
				"east": {"uv": [7.76398, 6.67081, 11.32919, 10.85714], "texture": "#19"},
				"south": {"uv": [0, 0, 0.6, 4.75], "texture": "#26"},
				"west": {"uv": [6.73292, 5.2795, 10.57143, 9.95031], "texture": "#19"},
				"up": {"uv": [0, 0, 0.6, 16], "texture": "#missing"},
				"down": {"uv": [0, 0, 0.6, 16], "texture": "#missing"}
			}
		}
	],
	"display": {
		"thirdperson_righthand": {
			"scale": [4, 4, 4]
		},
		"head": {
			"scale": [4, 4, 4]
		}
	}
}