{
	"credit": "Made with Blockbench",
	"textures": {
		"0": "block/glass",
		"1": "block/yellow_wool",
		"2": "block/cyan_concrete",
		"3": "block/white_concrete",
		"4": "block/light_gray_concrete",
		"6": "block/spruce_planks",
		"7": "block/pink_shulker_box",
		"8": "block/tinted_glass",
		"9": "block/yellow_concrete",
		"14": "block/beacon",
		"15": "block/redstone_block",
		"17": "entetsu_textures/C30",
		"particle": "block/anvil",
		"1_0": "block/anvil",
		"1_1": "train_misc/entetsu_controller",
		"1_2": "block/acacia_log"
	},
	"elements": [
		{
			"name": "end",
			"from": [-0.3, 1.3, 8],
			"to": [16.25, 12, 9],
			"rotation": {"angle": 0, "axis": "y", "origin": [16, -2, 18]},
			"faces": {
				"north": {"uv": [0, 0, 16, 16], "texture": "#6"},
				"east": {"uv": [0, 0, 1, 12], "texture": "#6"},
				"south": {"uv": [0, 0, 16, 16], "texture": "#6"},
				"down": {"uv": [5.5, 1, 0, 0], "texture": "#6"}
			}
		},
		{
			"name": "endw",
			"from": [-0.3, 12, 8],
			"to": [16.25, 25, 9],
			"rotation": {"angle": 0, "axis": "y", "origin": [16, -2, 18]},
			"faces": {
				"north": {"uv": [0, 0, 16, 16], "texture": "#0"},
				"south": {"uv": [0, 0, 16, 16], "texture": "#0"},
				"up": {"uv": [16, 1, 0, 0], "texture": "#0"}
			}
		},
		{
			"from": [-1.25, 12.75, 18],
			"to": [-0.25, 24.75, 20],
			"rotation": {"angle": 0, "axis": "y", "origin": [0, -2, 2]},
			"faces": {
				"east": {"uv": [0, 0, 2, 12.75], "texture": "#6"},
				"south": {"uv": [0, 0, 1, 12.75], "texture": "#6"},
				"west": {"uv": [0, 0, 2, 12.75], "texture": "#3"}
			}
		},
		{
			"from": [-1.25, 12.75, 8],
			"to": [-0.25, 24.75, 10],
			"rotation": {"angle": 0, "axis": "y", "origin": [0, -2, 2]},
			"faces": {
				"north": {"uv": [0, 0, 1, 12.75], "texture": "#3"},
				"east": {"uv": [0, 0, 2, 12.75], "texture": "#6"},
				"west": {"uv": [0, 0, 2, 12.75], "texture": "#3"}
			}
		},
		{
			"from": [-1.29237, 7.5, -1.91704],
			"to": [-0.29237, 24.75, -0.76704],
			"rotation": {"angle": 0, "axis": "z", "origin": [0.95179, -2, 0.08296]},
			"faces": {
				"east": {"uv": [0, 0, 1.15, 3.5], "texture": "#3"},
				"south": {"uv": [0, 0, 1.15, 3.5], "texture": "#3"},
				"west": {"uv": [0, 0, 1.15, 3.5], "texture": "#3"},
				"up": {"uv": [0, 0, 1.15, 3.5], "texture": "#3"}
			}
		},
		{
			"from": [-1.29237, 1.75, -1.91704],
			"to": [-0.29237, 7.5, -0.76704],
			"rotation": {"angle": 0, "axis": "z", "origin": [0.95179, -2, 0.08296]},
			"faces": {
				"east": {"uv": [0, 0, 1.15, 4], "texture": "#9"},
				"south": {"uv": [0, 0, 1, 4], "texture": "#9"},
				"west": {"uv": [0, 0, 1.15, 4], "texture": "#9"},
				"down": {"uv": [0, 0, 1, 1.15], "texture": "#9"}
			}
		},
		{
			"from": [-1.25, 3.54328, 8],
			"to": [-0.25, 8.04328, 20],
			"rotation": {"angle": 0, "axis": "z", "origin": [0.9539, -1.95672, 2]},
			"faces": {
				"north": {"uv": [0, 0, 1, 5.25], "texture": "#2"},
				"east": {"uv": [0, 0, 16, 5.25], "texture": "#6"},
				"south": {"uv": [0, 0, 1, 5.25], "texture": "#6"},
				"west": {"uv": [0, 0, 16, 5.25], "texture": "#2"},
				"up": {"uv": [0, 0, 1, 16], "texture": "#6"}
			}
		},
		{
			"from": [-1.3, 5.04328, 10],
			"to": [-1.3, 11.04328, 20],
			"rotation": {"angle": 0, "axis": "z", "origin": [0.9539, -1.95672, 2]},
			"faces": {
				"east": {"uv": [0, 0, 16, 5.25], "texture": "#6"},
				"west": {"uv": [0, 4, 16, 14], "texture": "#17"}
			}
		},
		{
			"from": [17.3, 5.04328, 10],
			"to": [17.3, 11.04328, 20],
			"rotation": {"angle": 0, "axis": "z", "origin": [15.0461, -1.95672, 2]},
			"faces": {
				"east": {"uv": [0, 4, 16, 14], "texture": "#17"},
				"west": {"uv": [16, 0, 0, 5.25], "texture": "#6"}
			}
		},
		{
			"from": [1.35802, -1.54884, -4.25],
			"to": [2.35802, -0.54884, 20],
			"rotation": {"angle": -22.5, "axis": "z", "origin": [1.10802, -1.04884, 15]},
			"faces": {
				"north": {"uv": [0, 0, 1, 4], "rotation": 90, "texture": "#4"},
				"east": {"uv": [0, 0, 1, 16], "rotation": 270, "texture": "#4"},
				"south": {"uv": [0, 0, 1, 4], "rotation": 270, "texture": "#6"},
				"down": {"uv": [0, 0, 16, 4], "rotation": 270, "texture": "#4"}
			}
		},
		{
			"from": [0.82442, -1.32612, -4.25],
			"to": [1.82442, -0.57612, 20],
			"rotation": {"angle": 45, "axis": "z", "origin": [1.32442, -1.07612, 15]},
			"faces": {
				"north": {"uv": [0, 0, 1, 4], "texture": "#4"},
				"south": {"uv": [0, 0, 1, 4], "texture": "#6"},
				"west": {"uv": [0, 0, 16, 4], "texture": "#4"},
				"down": {"uv": [0, 0, 1, 16], "texture": "#4"}
			}
		},
		{
			"from": [14.17558, -1.32612, -4.25],
			"to": [15.17558, -0.57612, 20],
			"rotation": {"angle": -45, "axis": "z", "origin": [14.67558, -1.07612, 15]},
			"faces": {
				"north": {"uv": [1, 0, 0, 4], "texture": "#4"},
				"east": {"uv": [16, 0, 0, 4], "texture": "#4"},
				"south": {"uv": [1, 0, 0, 4], "texture": "#6"},
				"down": {"uv": [1, 0, 0, 16], "texture": "#4"}
			}
		},
		{
			"from": [13.64198, -1.54884, -4.25],
			"to": [14.64198, -0.54884, 20],
			"rotation": {"angle": 22.5, "axis": "z", "origin": [14.89198, -1.04884, 15]},
			"faces": {
				"north": {"uv": [0, 4, 1, 0], "rotation": 90, "texture": "#4"},
				"south": {"uv": [0, 4, 1, 0], "rotation": 270, "texture": "#6"},
				"down": {"uv": [0, 4, 16, 0], "rotation": 270, "texture": "#4"}
			}
		},
		{
			"from": [1, -9.32842, 7.52376],
			"to": [2, -4.82842, 20.02376],
			"rotation": {"angle": -22.5, "axis": "x", "origin": [1, -4.07842, 0.52376]},
			"faces": {
				"north": {"uv": [0, 0, 1, 4], "texture": "#4"},
				"east": {"uv": [0, 0, 16, 4], "texture": "#4"},
				"south": {"uv": [0, 0, 1, 4], "texture": "#6"},
				"west": {"uv": [0, 0, 16, 4], "texture": "#4"},
				"up": {"uv": [0, 0, 1, 16], "texture": "#4"},
				"down": {"uv": [0, 0, 1, 16], "texture": "#4"}
			}
		},
		{
			"from": [1, -6.25, -2],
			"to": [2, -1.25, 9],
			"rotation": {"angle": 0, "axis": "z", "origin": [1, -2, 2]},
			"faces": {
				"north": {"uv": [0, 0, 1, 4], "texture": "#4"},
				"east": {"uv": [0, 0, 16, 4], "texture": "#4"},
				"south": {"uv": [0, 0, 1, 4], "texture": "#6"},
				"west": {"uv": [0, 0, 16, 4], "texture": "#4"},
				"down": {"uv": [0, 0, 1, 16], "texture": "#4"}
			}
		},
		{
			"from": [1, -1, -4.25],
			"to": [2, 1.55, -0.75],
			"rotation": {"angle": 22.5, "axis": "z", "origin": [1, -2, 2]},
			"faces": {
				"north": {"uv": [0, 0, 1, 5], "texture": "#4"},
				"east": {"uv": [0, 0, 1, 5], "texture": "#4"},
				"south": {"uv": [0, 0, 1, 5], "texture": "#4"},
				"west": {"uv": [0, 0, 1, 5], "texture": "#4"},
				"up": {"uv": [0, 0, 1, 5], "texture": "#4"}
			}
		},
		{
			"from": [1, -1, 8],
			"to": [2, 4, 20],
			"rotation": {"angle": 22.5, "axis": "z", "origin": [1, -2, 2]},
			"faces": {
				"north": {"uv": [0, 0, 1, 4], "texture": "#4"},
				"east": {"uv": [0, 0, 16, 4], "texture": "#6"},
				"south": {"uv": [0, 0, 1, 4], "texture": "#6"},
				"west": {"uv": [0, 0, 16, 4], "texture": "#4"}
			}
		},
		{
			"from": [0.825, -1, -3],
			"to": [15.25, 1.25, 20],
			"rotation": {"angle": 0, "axis": "y", "origin": [0, -2, 2]},
			"faces": {
				"east": {"uv": [0, 0, 16, 1], "texture": "#6"},
				"south": {"uv": [0, 0, 14, 1], "texture": "#6"},
				"west": {"uv": [0, 0, 16, 1], "texture": "#6"},
				"up": {"uv": [0, 0, 14, 16], "texture": "#6"}
			}
		},
		{
			"from": [2.075, -2, -4.25],
			"to": [14, -1, 20],
			"rotation": {"angle": 0, "axis": "y", "origin": [0, -2, 2]},
			"faces": {
				"north": {"uv": [0, 0, 14, 1], "texture": "#4"},
				"east": {"uv": [0, 0, 16, 1], "texture": "#6"},
				"south": {"uv": [0, 0, 14, 1], "texture": "#6"},
				"west": {"uv": [0, 0, 16, 1], "texture": "#6"},
				"down": {"uv": [0, 0, 14, 16], "texture": "#4"}
			}
		},
		{
			"name": "window",
			"from": [-1.25, 12.75, 10],
			"to": [-0.25, 24.75, 18],
			"rotation": {"angle": 0, "axis": "y", "origin": [0, -2, 2]},
			"faces": {
				"east": {"uv": [0, 0, 16, 16], "texture": "#0"},
				"west": {"uv": [0, 0, 16, 16], "texture": "#0"}
			}
		},
		{
			"name": "window",
			"from": [-1.25, 8, 8],
			"to": [-0.25, 12.75, 20],
			"rotation": {"angle": 0, "axis": "y", "origin": [0, -2, 2]},
			"faces": {
				"north": {"uv": [0, 0, 1, 4.75], "texture": "#3"},
				"east": {"uv": [0, 0, 14, 4.75], "texture": "#6"},
				"south": {"uv": [0, 0, 1, 4.75], "texture": "#6"},
				"west": {"uv": [0, 0, 16, 16], "texture": "#3"},
				"down": {"uv": [0, 0, 16, 16], "texture": "#3"}
			}
		},
		{
			"from": [4.2, 6.1, 7.37444],
			"to": [11.8, 13.7, 8.07444],
			"rotation": {"angle": 0, "axis": "y", "origin": [8, 9.9, 7.72444]},
			"faces": {
				"north": {"uv": [0, 0, 16, 16], "rotation": 270, "texture": "#1"},
				"east": {"uv": [0, 0, 16, 16], "rotation": 270, "texture": "#1"},
				"west": {"uv": [0, 0, 16, 16], "rotation": 270, "texture": "#1"},
				"up": {"uv": [0, 0, 16, 16], "rotation": 270, "texture": "#1"}
			}
		},
		{
			"from": [4.2, 4.9, 2.47444],
			"to": [11.8, 6.1, 8.07444],
			"rotation": {"angle": 0, "axis": "y", "origin": [8, 5.5, 5.27444]},
			"faces": {
				"north": {"uv": [0, 0, 16, 16], "rotation": 270, "texture": "#1"},
				"east": {"uv": [0, 0, 16, 16], "rotation": 270, "texture": "#1"},
				"west": {"uv": [0, 0, 16, 16], "rotation": 270, "texture": "#1"},
				"up": {"uv": [0, 0, 16, 16], "rotation": 270, "texture": "#1"},
				"down": {"uv": [0, 0, 16, 16], "rotation": 270, "texture": "#1"}
			}
		},
		{
			"from": [4.2, 5.62609, 6.41278],
			"to": [11.8, 10.52609, 7.11278],
			"rotation": {"angle": 22.5, "axis": "x", "origin": [8, 8.07609, 6.76278]},
			"faces": {
				"north": {"uv": [0, 0, 16, 16], "rotation": 270, "texture": "#1"},
				"east": {"uv": [0, 0, 16, 16], "rotation": 270, "texture": "#1"},
				"south": {"uv": [0, 0, 16, 16], "rotation": 270, "texture": "#1"},
				"west": {"uv": [0, 0, 16, 16], "rotation": 270, "texture": "#1"}
			}
		},
		{
			"from": [4, 2, -3],
			"to": [12, 10, 1],
			"rotation": {"angle": 0, "axis": "y", "origin": [0, -2, 2]},
			"faces": {
				"north": {"uv": [0, 0, 8, 12], "texture": "#1_0"},
				"east": {"uv": [0, 0, 4, 12], "texture": "#1_0"},
				"south": {"uv": [0, 0, 8, 12], "texture": "#1_0"},
				"west": {"uv": [0, 0, 4, 12], "texture": "#1_0"},
				"up": {"uv": [0, 0, 16, 16], "texture": "#1_1"},
				"down": {"uv": [0, 0, 8, 4], "texture": "#1_0"}
			}
		},
		{
			"from": [5.75, 7, -1],
			"to": [7.5, 10.5, -0.5],
			"rotation": {"angle": 0, "axis": "y", "origin": [0, -2, 2]},
			"faces": {
				"north": {"uv": [0, 0, 7, 2], "texture": "#1_2"},
				"east": {"uv": [0, 0, 0.5, 0.5], "texture": "#1_2"},
				"south": {"uv": [0, 0, 7, 2], "texture": "#1_2"},
				"west": {"uv": [0, 0, 0.5, 0.5], "texture": "#1_2"},
				"up": {"uv": [0, 0, 7, 2], "texture": "#1_2"}
			}
		},
		{
			"from": [9.75, 7, -1],
			"to": [11.5, 10.5, -0.5],
			"rotation": {"angle": 0, "axis": "y", "origin": [0, -2, 2]},
			"faces": {
				"north": {"uv": [0, 0, 7, 2], "texture": "#1_2"},
				"east": {"uv": [0, 0, 0.5, 0.5], "texture": "#1_2"},
				"south": {"uv": [0, 0, 7, 2], "texture": "#1_2"},
				"west": {"uv": [0, 0, 0.5, 0.5], "texture": "#1_2"},
				"up": {"uv": [0, 0, 7, 2], "texture": "#1_2"}
			}
		},
		{
			"from": [2, -7, -2],
			"to": [10.25, -5, -1.5],
			"rotation": {"angle": 22.5, "axis": "y", "origin": [0, -6, 2]},
			"faces": {
				"north": {"uv": [0, 0, 8.25, 2], "texture": "#4"},
				"east": {"uv": [0, 0, 0.5, 2], "texture": "#4"},
				"south": {"uv": [0, 0, 8.25, 2], "texture": "#4"},
				"west": {"uv": [0, 0, 0.5, 2], "texture": "#4"},
				"up": {"uv": [0, 0, 8.25, 2], "texture": "#4"},
				"down": {"uv": [0, 0, 8.25, 0.5], "texture": "#4"}
			}
		},
		{
			"from": [2, -5, -2],
			"to": [7.25, -2, -1.5],
			"rotation": {"angle": 22.5, "axis": "y", "origin": [0, -4, 2]},
			"faces": {
				"north": {"uv": [0, 0, 5.25, 3], "texture": "#4"},
				"east": {"uv": [0, 0, 0.5, 3], "texture": "#4"},
				"south": {"uv": [0, 0, 5.25, 3], "texture": "#4"},
				"west": {"uv": [0, 0, 0.5, 3], "texture": "#4"},
				"up": {"uv": [0, 0, 5.25, 3], "texture": "#4"}
			}
		},
		{
			"from": [0.625, -1.075, -4.25],
			"to": [15.35, 1.775, -3],
			"rotation": {"angle": 0, "axis": "y", "origin": [0, -4, 2]},
			"faces": {
				"north": {"uv": [0, 0, 9.125, 2.85], "texture": "#4"},
				"east": {"uv": [0, 0, 9.125, 2.85], "texture": "#4"},
				"south": {"uv": [0, 0, 9.125, 2.85], "texture": "#4"},
				"up": {"uv": [0, 0, 9.125, 2.85], "texture": "#4"}
			}
		},
		{
			"from": [0.65, 1.75, -4],
			"to": [15.35, 7.5, -3],
			"rotation": {"angle": 0, "axis": "y", "origin": [0, -4, 2]},
			"faces": {
				"north": {"uv": [0, 0, 14.7, 5.75], "texture": "#9"},
				"east": {"uv": [0, 0, 1, 5.75], "texture": "#9"},
				"south": {"uv": [0, 0, 14.7, 5.75], "texture": "#9"},
				"west": {"uv": [0, 0, 1, 5.75], "texture": "#9"}
			}
		},
		{
			"from": [-0.0206, 1, -3.84672],
			"to": [0.9794, 7.5, -2.84672],
			"rotation": {"angle": 22.5, "axis": "y", "origin": [0.4794, 5, -3.34672]},
			"faces": {
				"north": {"uv": [0, 0, 1, 4.5], "texture": "#9"},
				"south": {"uv": [0, 0, 1, 4.5], "texture": "#9"},
				"down": {"uv": [0, 0, 1, 1], "texture": "#9"}
			}
		},
		{
			"from": [-0.96677, 1.75, -4.11732],
			"to": [0.03323, 7.5, -3.11732],
			"rotation": {"angle": 45, "axis": "y", "origin": [0.53323, 5, -3.61732]},
			"faces": {
				"north": {"uv": [0, 0, 1, 4.5], "texture": "#9"},
				"south": {"uv": [0, 0, 1, 4.5], "texture": "#9"},
				"west": {"uv": [0, 0, 1, 4.5], "texture": "#9"},
				"down": {"uv": [0, 0, 1, 1], "texture": "#9"}
			}
		},
		{
			"from": [-1.11039, 1.75, -2.75693],
			"to": [-0.11039, 7.5, -1.68193],
			"rotation": {"angle": -22.5, "axis": "y", "origin": [-0.61039, 5, -2.25693]},
			"faces": {
				"north": {"uv": [0, 0, 1, 4], "texture": "#9"},
				"east": {"uv": [0, 0, 1.075, 4], "texture": "#9"},
				"west": {"uv": [0, 0, 1.075, 4], "texture": "#9"},
				"down": {"uv": [0, 0, 1, 1.075], "texture": "#9"}
			}
		},
		{
			"from": [-1.79237, 1, -2.01704],
			"to": [-0.29237, 1.75, -0.66704],
			"rotation": {"angle": 0, "axis": "z", "origin": [0.95179, -2.75, 0.08296]},
			"faces": {
				"north": {"uv": [0, 0, 1, 1.15], "texture": "#4"},
				"east": {"uv": [0, 0, 1, 1.15], "texture": "#4"},
				"south": {"uv": [0, 0, 1, 1.15], "texture": "#4"},
				"west": {"uv": [0, 0, 1, 1.15], "texture": "#4"},
				"up": {"uv": [0, 0, 1, 1.15], "texture": "#4"},
				"down": {"uv": [0, 0, 1, 1.15], "texture": "#4"}
			}
		},
		{
			"from": [-1.61039, 1, -2.85693],
			"to": [-0.11039, 1.75, -1.58193],
			"rotation": {"angle": -22.5, "axis": "y", "origin": [-0.61039, 4.25, -2.25693]},
			"faces": {
				"north": {"uv": [0, 0, 1, 1.075], "texture": "#4"},
				"east": {"uv": [0, 0, 1, 1.075], "texture": "#4"},
				"south": {"uv": [0, 0, 1, 1.075], "texture": "#4"},
				"west": {"uv": [0, 0, 1, 1.075], "texture": "#4"},
				"up": {"uv": [0, 0, 1, 1.075], "texture": "#4"},
				"down": {"uv": [0, 0, 1, 1.075], "texture": "#4"}
			}
		},
		{
			"from": [-1.06677, 1, -4.61732],
			"to": [0.38323, 1.75, -3.11732],
			"rotation": {"angle": 45, "axis": "y", "origin": [0.53323, 4.25, -3.61732]},
			"faces": {
				"north": {"uv": [0, 0, 1, 1], "texture": "#4"},
				"east": {"uv": [0, 0, 1, 1], "texture": "#4"},
				"south": {"uv": [0, 0, 1, 1], "texture": "#4"},
				"west": {"uv": [0, 0, 1, 1], "texture": "#4"},
				"up": {"uv": [0, 0, 1, 1], "texture": "#4"},
				"down": {"uv": [0, 0, 1, 1], "texture": "#4"}
			}
		},
		{
			"from": [16.29237, 1, -2.01704],
			"to": [17.79237, 1.75, -0.66704],
			"rotation": {"angle": 0, "axis": "z", "origin": [15.04821, -2.75, 0.08296]},
			"faces": {
				"north": {"uv": [1, 0, 0, 1.15], "texture": "#4"},
				"east": {"uv": [1, 0, 0, 1.15], "texture": "#4"},
				"south": {"uv": [1, 0, 0, 1.15], "texture": "#4"},
				"west": {"uv": [1, 0, 0, 1.15], "texture": "#4"},
				"up": {"uv": [1, 0, 0, 1.15], "texture": "#4"},
				"down": {"uv": [1, 0, 0, 1.15], "texture": "#4"}
			}
		},
		{
			"from": [16.11039, 1, -2.85693],
			"to": [17.61039, 1.75, -1.58193],
			"rotation": {"angle": 22.5, "axis": "y", "origin": [16.61039, 4.25, -2.25693]},
			"faces": {
				"north": {"uv": [1, 0, 0, 1.075], "texture": "#4"},
				"east": {"uv": [1, 0, 0, 1.075], "texture": "#4"},
				"south": {"uv": [1, 0, 0, 1.075], "texture": "#4"},
				"west": {"uv": [1, 0, 0, 1.075], "texture": "#4"},
				"up": {"uv": [1, 0, 0, 1.075], "texture": "#4"},
				"down": {"uv": [1, 0, 0, 1.075], "texture": "#4"}
			}
		},
		{
			"from": [15.61677, 1, -4.61732],
			"to": [17.06677, 1.75, -3.11732],
			"rotation": {"angle": -45, "axis": "y", "origin": [15.46677, 4.25, -3.61732]},
			"faces": {
				"north": {"uv": [1, 0, 0, 1], "texture": "#4"},
				"east": {"uv": [1, 0, 0, 1], "texture": "#4"},
				"south": {"uv": [1, 0, 0, 1], "texture": "#4"},
				"west": {"uv": [1, 0, 0, 1], "texture": "#4"},
				"up": {"uv": [1, 0, 0, 1], "texture": "#4"},
				"down": {"uv": [1, 0, 0, 1], "texture": "#4"}
			}
		},
		{
			"from": [0.75, 7.5, -4],
			"to": [15.35, 24.75, -3],
			"rotation": {"angle": 0, "axis": "y", "origin": [0, 30.25, 2]},
			"faces": {
				"north": {"uv": [3, 3, 13, 13], "texture": "#8"},
				"east": {"uv": [3, 3, 13, 13], "texture": "#8"},
				"south": {"uv": [4, 4, 13, 13], "texture": "#0"}
			}
		},
		{
			"from": [-0.0206, 7.5, -3.84672],
			"to": [0.9794, 24.75, -2.84672],
			"rotation": {"angle": 22.5, "axis": "y", "origin": [0.4794, 21.25, -3.34672]},
			"faces": {
				"north": {"uv": [3, 3, 13, 13], "texture": "#8"},
				"south": {"uv": [4, 4, 13, 13], "texture": "#0"}
			}
		},
		{
			"from": [-0.96677, 7.5, -4.11732],
			"to": [0.03323, 24.75, -3.11732],
			"rotation": {"angle": 45, "axis": "y", "origin": [0.53323, 21.25, -3.61732]},
			"faces": {
				"north": {"uv": [3, 3, 13, 13], "texture": "#8"},
				"south": {"uv": [4, 4, 13, 13], "texture": "#0"}
			}
		},
		{
			"from": [-1.11039, 7.5, -2.75693],
			"to": [-0.11039, 24.75, -1.68193],
			"rotation": {"angle": -22.5, "axis": "y", "origin": [-0.61039, 21.25, -2.25693]},
			"faces": {
				"north": {"uv": [3, 3, 13, 13], "texture": "#8"},
				"east": {"uv": [4, 4, 13, 13], "texture": "#0"},
				"west": {"uv": [4, 4, 12, 13], "texture": "#8"}
			}
		},
		{
			"from": [-0.35853, 1.27977, -4.25],
			"to": [0.64147, 1.77977, -3],
			"rotation": {"angle": 0, "axis": "y", "origin": [-0.10853, -3.84523, 2]},
			"faces": {
				"north": {"uv": [0, 0, 1, 2.625], "texture": "#4"},
				"east": {"uv": [0, 0, 1, 2.625], "texture": "#4"},
				"south": {"uv": [0, 0, 1, 2.625], "texture": "#4"},
				"west": {"uv": [0, 0, 1, 2.625], "texture": "#4"},
				"up": {"uv": [0, 0, 1, 2.625], "texture": "#4"},
				"down": {"uv": [0, 0, 1, 2.625], "texture": "#4"}
			}
		},
		{
			"from": [14, -1, -4.25],
			"to": [15, 1.55, -0.75],
			"rotation": {"angle": -22.5, "axis": "z", "origin": [15, -2, 2]},
			"faces": {
				"north": {"uv": [1, 0, 0, 5], "texture": "#4"},
				"east": {"uv": [1, 0, 0, 5], "texture": "#4"},
				"south": {"uv": [1, 0, 0, 5], "texture": "#4"},
				"west": {"uv": [1, 0, 0, 5], "texture": "#4"},
				"up": {"uv": [1, 0, 0, 5], "texture": "#4"}
			}
		},
		{
			"from": [15.35853, 1.27977, -4.25],
			"to": [16.35853, 1.77977, -3],
			"rotation": {"angle": 0, "axis": "y", "origin": [16.10853, -3.84523, 2]},
			"faces": {
				"north": {"uv": [1, 0, 0, 2.625], "texture": "#4"},
				"east": {"uv": [1, 0, 0, 2.625], "texture": "#4"},
				"south": {"uv": [1, 0, 0, 2.625], "texture": "#4"},
				"west": {"uv": [1, 0, 0, 2.625], "texture": "#4"},
				"up": {"uv": [1, 0, 0, 2.625], "texture": "#4"},
				"down": {"uv": [1, 0, 0, 2.625], "texture": "#4"}
			}
		},
		{
			"name": "window",
			"from": [16.25, 8, 8],
			"to": [17.25, 12.75, 20],
			"rotation": {"angle": 0, "axis": "y", "origin": [16, -2, 2]},
			"faces": {
				"north": {"uv": [1, 0, 0, 4.75], "texture": "#3"},
				"east": {"uv": [16, 0, 0, 16], "texture": "#3"},
				"south": {"uv": [1, 0, 0, 4.75], "texture": "#6"},
				"west": {"uv": [14, 0, 0, 4.75], "texture": "#6"},
				"down": {"uv": [16, 0, 0, 16], "texture": "#3"}
			}
		},
		{
			"from": [16.25, 12.75, 8],
			"to": [17.25, 24.75, 10],
			"rotation": {"angle": 0, "axis": "y", "origin": [16, -2, 2]},
			"faces": {
				"north": {"uv": [1, 0, 0, 12.75], "texture": "#3"},
				"east": {"uv": [2, 0, 0, 12.75], "texture": "#3"},
				"west": {"uv": [2, 0, 0, 12.75], "texture": "#6"}
			}
		},
		{
			"from": [15.25, 1.05, -1.8],
			"to": [16.25, 10.75, 8],
			"rotation": {"angle": 0, "axis": "y", "origin": [16, -2, 2]},
			"faces": {
				"north": {"uv": [2, 0, 0, 12.75], "texture": "#3"},
				"east": {"uv": [2, 0, 0, 12.75], "texture": "#3"},
				"south": {"uv": [2, 0, 0, 12.75], "texture": "#3"},
				"west": {"uv": [2, 0, 0, 12.75], "texture": "#3"},
				"down": {"uv": [2, 0, 0, 12.75], "texture": "#3"}
			}
		},
		{
			"from": [15.25, 21.75, -1.8],
			"to": [16.25, 24.75, 8],
			"rotation": {"angle": 0, "axis": "y", "origin": [16, -2, 2]},
			"faces": {
				"north": {"uv": [2, 0, 0, 12.75], "texture": "#3"},
				"east": {"uv": [2, 0, 0, 12.75], "texture": "#3"},
				"west": {"uv": [2, 0, 0, 12.75], "texture": "#3"},
				"up": {"uv": [2, 0, 0, 12.75], "texture": "#3"}
			}
		},
		{
			"from": [15.25, 10.75, 6.2],
			"to": [16.25, 21.75, 8],
			"rotation": {"angle": 0, "axis": "y", "origin": [16, -2, 2]},
			"faces": {
				"east": {"uv": [2, 0, 0, 12.75], "texture": "#3"},
				"west": {"uv": [2, 0, 0, 12.75], "texture": "#3"}
			}
		},
		{
			"from": [15.25, 10.75, 0],
			"to": [16.25, 21.75, 6.2],
			"rotation": {"angle": 0, "axis": "y", "origin": [16, -2, 2]},
			"faces": {
				"east": {"uv": [0, 0, 16, 16], "texture": "#0"},
				"west": {"uv": [0, 0, 16, 16], "texture": "#0"}
			}
		},
		{
			"from": [15.25, 10.75, -1.8],
			"to": [16.25, 21.75, 0],
			"rotation": {"angle": 0, "axis": "y", "origin": [16, -2, 2]},
			"faces": {
				"north": {"uv": [2, 0, 0, 12.75], "texture": "#3"},
				"east": {"uv": [2, 0, 0, 12.75], "texture": "#3"},
				"west": {"uv": [2, 0, 0, 12.75], "texture": "#3"}
			}
		},
		{
			"from": [-0.25, 1.05, -1.8],
			"to": [0.75, 10.75, 8],
			"rotation": {"angle": 0, "axis": "y", "origin": [0, -2, 2]},
			"faces": {
				"north": {"uv": [0, 0, 2, 12.75], "texture": "#3"},
				"east": {"uv": [0, 0, 2, 12.75], "texture": "#3"},
				"south": {"uv": [0, 0, 2, 12.75], "texture": "#3"},
				"west": {"uv": [0, 0, 2, 12.75], "texture": "#3"},
				"down": {"uv": [0, 0, 2, 12.75], "texture": "#3"}
			}
		},
		{
			"from": [-0.25, 10.75, -1.8],
			"to": [0.75, 21.75, 0],
			"rotation": {"angle": 0, "axis": "y", "origin": [0, -2, 2]},
			"faces": {
				"north": {"uv": [0, 0, 2, 12.75], "texture": "#3"},
				"east": {"uv": [0, 0, 2, 12.75], "texture": "#3"},
				"west": {"uv": [0, 0, 2, 12.75], "texture": "#3"}
			}
		},
		{
			"from": [-0.25, 10.75, 0],
			"to": [0.75, 21.75, 6.2],
			"rotation": {"angle": 0, "axis": "y", "origin": [0, -2, 2]},
			"faces": {
				"east": {"uv": [16, 0, 0, 16], "texture": "#0"},
				"west": {"uv": [16, 0, 0, 16], "texture": "#0"}
			}
		},
		{
			"from": [-0.25, 21.75, -1.8],
			"to": [0.75, 24.75, 8],
			"rotation": {"angle": 0, "axis": "y", "origin": [0, -2, 2]},
			"faces": {
				"north": {"uv": [0, 0, 2, 12.75], "texture": "#3"},
				"east": {"uv": [0, 0, 2, 12.75], "texture": "#3"},
				"south": {"uv": [0, 0, 2, 12.75], "texture": "#3"},
				"west": {"uv": [0, 0, 2, 12.75], "texture": "#3"},
				"up": {"uv": [0, 0, 2, 12.75], "texture": "#3"}
			}
		},
		{
			"from": [-0.25, 10.75, 6.2],
			"to": [0.75, 21.75, 8],
			"rotation": {"angle": 0, "axis": "y", "origin": [0, -2, 2]},
			"faces": {
				"east": {"uv": [0, 0, 2, 12.75], "texture": "#3"},
				"west": {"uv": [0, 0, 2, 12.75], "texture": "#3"}
			}
		},
		{
			"from": [16.25, 12.75, 18],
			"to": [17.25, 24.75, 20],
			"rotation": {"angle": 0, "axis": "y", "origin": [16, -2, 2]},
			"faces": {
				"east": {"uv": [2, 0, 0, 12.75], "texture": "#3"},
				"south": {"uv": [1, 0, 0, 12.75], "texture": "#6"},
				"west": {"uv": [2, 0, 0, 12.75], "texture": "#6"}
			}
		},
		{
			"from": [16.25, 3.54328, 8],
			"to": [17.25, 8.04328, 20],
			"rotation": {"angle": 0, "axis": "z", "origin": [15.0461, -1.95672, 2]},
			"faces": {
				"north": {"uv": [1, 0, 0, 5.25], "texture": "#2"},
				"east": {"uv": [16, 0, 0, 5.25], "texture": "#2"},
				"south": {"uv": [1, 0, 0, 5.25], "texture": "#6"},
				"west": {"uv": [16, 0, 0, 5.25], "texture": "#6"},
				"up": {"uv": [1, 0, 0, 16], "texture": "#6"}
			}
		},
		{
			"from": [14, -1, 8],
			"to": [15, 4, 20],
			"rotation": {"angle": -22.5, "axis": "z", "origin": [15, -2, 2]},
			"faces": {
				"north": {"uv": [1, 0, 0, 4], "texture": "#4"},
				"east": {"uv": [16, 0, 0, 4], "texture": "#4"},
				"south": {"uv": [1, 0, 0, 4], "texture": "#6"},
				"west": {"uv": [16, 0, 0, 4], "texture": "#6"}
			}
		},
		{
			"from": [14, -1, -0.8],
			"to": [15, 1.25, 8],
			"rotation": {"angle": -22.5, "axis": "z", "origin": [15, -2, 2]},
			"faces": {
				"east": {"uv": [16, 0, 0, 4], "texture": "#4"},
				"up": {"uv": [1, 0, 0, 16], "texture": "#4"}
			}
		},
		{
			"from": [1, -1, -0.8],
			"to": [2, 1.5, 8],
			"rotation": {"angle": 22.5, "axis": "z", "origin": [1, -2, 2]},
			"faces": {
				"east": {"uv": [0, 0, 16, 4], "texture": "#6"},
				"west": {"uv": [0, 0, 16, 4], "texture": "#4"}
			}
		},
		{
			"from": [16.29237, 1.75, -1.91704],
			"to": [17.29237, 7.5, -0.76704],
			"rotation": {"angle": 0, "axis": "z", "origin": [15.04821, -2, 0.08296]},
			"faces": {
				"east": {"uv": [1.15, 0, 0, 4], "texture": "#9"},
				"south": {"uv": [1, 0, 0, 4], "texture": "#9"},
				"west": {"uv": [1.15, 0, 0, 4], "texture": "#9"},
				"down": {"uv": [1, 0, 0, 1.15], "texture": "#9"}
			}
		},
		{
			"from": [16.29237, 7.5, -1.91704],
			"to": [17.29237, 24.75, -0.76704],
			"rotation": {"angle": 0, "axis": "z", "origin": [15.04821, -2, 0.08296]},
			"faces": {
				"east": {"uv": [1.15, 0, 0, 3.5], "texture": "#3"},
				"south": {"uv": [1.15, 0, 0, 3.5], "texture": "#3"},
				"west": {"uv": [1.15, 0, 0, 3.5], "texture": "#3"},
				"up": {"uv": [1.15, 0, 0, 3.5], "texture": "#3"}
			}
		},
		{
			"from": [16.11039, 1.75, -2.75693],
			"to": [17.11039, 7.5, -1.68193],
			"rotation": {"angle": 22.5, "axis": "y", "origin": [16.61039, 5, -2.25693]},
			"faces": {
				"north": {"uv": [1, 0, 0, 4], "texture": "#9"},
				"east": {"uv": [1.075, 0, 0, 4], "texture": "#9"},
				"west": {"uv": [1.075, 0, 0, 4], "texture": "#9"},
				"down": {"uv": [1, 0, 0, 1.075], "texture": "#9"}
			}
		},
		{
			"from": [15.96677, 1.75, -4.11732],
			"to": [16.96677, 7.5, -3.11732],
			"rotation": {"angle": -45, "axis": "y", "origin": [15.46677, 5, -3.61732]},
			"faces": {
				"north": {"uv": [1, 0, 0, 4.5], "texture": "#9"},
				"east": {"uv": [1, 0, 0, 4.5], "texture": "#9"},
				"south": {"uv": [1, 0, 0, 4.5], "texture": "#9"},
				"down": {"uv": [1, 0, 0, 1], "texture": "#9"}
			}
		},
		{
			"from": [15.0206, 1, -3.84672],
			"to": [16.0206, 7.5, -2.84672],
			"rotation": {"angle": -22.5, "axis": "y", "origin": [15.5206, 5, -3.34672]},
			"faces": {
				"north": {"uv": [1, 0, 0, 4.5], "texture": "#9"},
				"south": {"uv": [1, 0, 0, 4.5], "texture": "#9"},
				"down": {"uv": [1, 0, 0, 1], "texture": "#9"}
			}
		},
		{
			"from": [16.11039, 7.5, -2.75693],
			"to": [17.11039, 24.75, -1.68193],
			"rotation": {"angle": 22.5, "axis": "y", "origin": [16.61039, 21.25, -2.25693]},
			"faces": {
				"north": {"uv": [13, 3, 3, 13], "texture": "#8"},
				"east": {"uv": [12, 4, 4, 13], "texture": "#8"},
				"west": {"uv": [13, 4, 4, 13], "texture": "#0"}
			}
		},
		{
			"from": [15.96677, 7.5, -4.11732],
			"to": [16.96677, 24.75, -3.11732],
			"rotation": {"angle": -45, "axis": "y", "origin": [15.46677, 21.25, -3.61732]},
			"faces": {
				"north": {"uv": [13, 3, 3, 13], "texture": "#8"},
				"south": {"uv": [13, 4, 4, 13], "texture": "#0"}
			}
		},
		{
			"from": [15.0206, 7.5, -3.84672],
			"to": [16.0206, 24.75, -2.84672],
			"rotation": {"angle": -22.5, "axis": "y", "origin": [15.5206, 21.25, -3.34672]},
			"faces": {
				"north": {"uv": [13, 3, 3, 13], "texture": "#8"},
				"south": {"uv": [13, 4, 4, 13], "texture": "#0"}
			}
		},
		{
			"name": "window",
			"from": [16.25, 12.75, 10],
			"to": [17.25, 24.75, 18],
			"rotation": {"angle": 0, "axis": "y", "origin": [16, -2, 2]},
			"faces": {
				"east": {"uv": [16, 0, 0, 16], "texture": "#0"},
				"west": {"uv": [16, 0, 0, 16], "texture": "#0"}
			}
		},
		{
			"from": [14, -9.32842, 7.52376],
			"to": [15, -4.82842, 20.02376],
			"rotation": {"angle": -22.5, "axis": "x", "origin": [15, -4.07842, 0.52376]},
			"faces": {
				"north": {"uv": [1, 0, 0, 4], "texture": "#4"},
				"east": {"uv": [16, 0, 0, 4], "texture": "#4"},
				"south": {"uv": [1, 0, 0, 4], "texture": "#6"},
				"west": {"uv": [16, 0, 0, 4], "texture": "#4"},
				"up": {"uv": [1, 0, 0, 16], "texture": "#4"},
				"down": {"uv": [1, 0, 0, 16], "texture": "#4"}
			}
		},
		{
			"from": [14, -6.25, -2],
			"to": [15, -1.25, 9],
			"rotation": {"angle": 0, "axis": "z", "origin": [15, -2, 2]},
			"faces": {
				"north": {"uv": [1, 0, 0, 4], "texture": "#4"},
				"east": {"uv": [16, 0, 0, 4], "texture": "#4"},
				"south": {"uv": [1, 0, 0, 4], "texture": "#6"},
				"west": {"uv": [16, 0, 0, 4], "texture": "#4"},
				"down": {"uv": [1, 0, 0, 16], "texture": "#4"}
			}
		},
		{
			"from": [8.75, -5, -2],
			"to": [14, -2, -1.5],
			"rotation": {"angle": -22.5, "axis": "y", "origin": [16, -4, 2]},
			"faces": {
				"north": {"uv": [5.25, 0, 0, 3], "texture": "#4"},
				"east": {"uv": [0.5, 0, 0, 3], "texture": "#4"},
				"south": {"uv": [5.25, 0, 0, 3], "texture": "#4"},
				"west": {"uv": [0.5, 0, 0, 3], "texture": "#4"},
				"up": {"uv": [5.25, 0, 0, 3], "texture": "#4"}
			}
		},
		{
			"from": [5.75, -7, -2],
			"to": [14, -5, -1.5],
			"rotation": {"angle": -22.5, "axis": "y", "origin": [16, -6, 2]},
			"faces": {
				"north": {"uv": [8.25, 0, 0, 2], "texture": "#4"},
				"east": {"uv": [0.5, 0, 0, 2], "texture": "#4"},
				"south": {"uv": [8.25, 0, 0, 2], "texture": "#4"},
				"west": {"uv": [0.5, 0, 0, 2], "texture": "#4"},
				"up": {"uv": [8.25, 0, 0, 2], "texture": "#4"},
				"down": {"uv": [8.25, 0, 0, 0.5], "texture": "#4"}
			}
		},
		{
			"name": "light",
			"from": [1, 4, -4.25],
			"to": [2.5, 5.5, -4],
			"rotation": {"angle": 0, "axis": "y", "origin": [0, -2, 2]},
			"faces": {
				"north": {"uv": [0, 0, 16, 16], "texture": "#14"},
				"east": {"uv": [0, 0, 16, 16], "texture": "#14"},
				"west": {"uv": [0, 0, 16, 16], "texture": "#14"},
				"up": {"uv": [0, 0, 16, 16], "texture": "#14"},
				"down": {"uv": [0, 0, 16, 16], "texture": "#14"}
			}
		},
		{
			"name": "light",
			"from": [1, 2, -4.25],
			"to": [2.5, 3.5, -4],
			"rotation": {"angle": 0, "axis": "y", "origin": [0, -2, 2]},
			"faces": {
				"north": {"uv": [0, 0, 16, 16], "texture": "#15"},
				"east": {"uv": [0, 0, 16, 16], "texture": "#15"},
				"west": {"uv": [0, 0, 16, 16], "texture": "#15"},
				"up": {"uv": [0, 0, 16, 16], "texture": "#15"},
				"down": {"uv": [0, 0, 16, 16], "texture": "#15"}
			}
		},
		{
			"name": "light",
			"from": [13.5, 2, -4.25],
			"to": [15, 3.5, -4],
			"rotation": {"angle": 0, "axis": "y", "origin": [16, -2, 2]},
			"faces": {
				"north": {"uv": [16, 0, 0, 16], "texture": "#15"},
				"east": {"uv": [16, 0, 0, 16], "texture": "#15"},
				"west": {"uv": [16, 0, 0, 16], "texture": "#15"},
				"up": {"uv": [16, 0, 0, 16], "texture": "#15"},
				"down": {"uv": [16, 0, 0, 16], "texture": "#15"}
			}
		},
		{
			"name": "light",
			"from": [13.5, 4, -4.25],
			"to": [15, 5.5, -4],
			"rotation": {"angle": 0, "axis": "y", "origin": [16, -2, 2]},
			"faces": {
				"north": {"uv": [16, 0, 0, 16], "texture": "#14"},
				"east": {"uv": [16, 0, 0, 16], "texture": "#14"},
				"west": {"uv": [16, 0, 0, 16], "texture": "#14"},
				"up": {"uv": [16, 0, 0, 16], "texture": "#14"},
				"down": {"uv": [16, 0, 0, 16], "texture": "#14"}
			}
		},
		{
			"name": "roof",
			"from": [-0.30172, 27.26411, -4],
			"to": [16.27328, 28.51411, -3],
			"rotation": {"angle": 0, "axis": "z", "origin": [15.77328, 24.76411, -1]},
			"faces": {
				"north": {"uv": [5, 0, 11, 1], "texture": "#4"},
				"south": {"uv": [5, 0, 11, 1], "texture": "#6"},
				"down": {"uv": [5, 0, 11, 16], "texture": "#4"}
			}
		},
		{
			"name": "end",
			"from": [-0.2, 25, 8],
			"to": [16.4, 28.55, 9],
			"rotation": {"angle": 0, "axis": "y", "origin": [0, -4, 18]},
			"faces": {
				"north": {"uv": [3, 3, 13, 13], "texture": "#7"},
				"south": {"uv": [3, 3, 13, 13], "texture": "#7"},
				"west": {"uv": [3, 3, 13, 13], "texture": "#7"}
			}
		},
		{
			"from": [-1.25, 24.75, -2],
			"to": [-0.25, 27.3, 20],
			"rotation": {"angle": 0, "axis": "z", "origin": [1, 0, 2]},
			"faces": {
				"north": {"uv": [3, 3, 13, 13], "texture": "#7"},
				"east": {"uv": [3, 3, 13, 13], "texture": "#7"},
				"south": {"uv": [3, 3, 13, 13], "texture": "#7"},
				"west": {"uv": [3, 3, 13, 13], "texture": "#7"},
				"up": {"uv": [3, 3, 13, 13], "texture": "#7"},
				"down": {"uv": [3, 3, 13, 13], "texture": "#7"}
			}
		},
		{
			"from": [-1.11039, 24.75, -2.75693],
			"to": [-0.11039, 27.25, -1.68193],
			"rotation": {"angle": -22.5, "axis": "y", "origin": [-0.61039, 25.75, -2.25693]},
			"faces": {
				"north": {"uv": [3, 3, 13, 13], "texture": "#7"},
				"east": {"uv": [3, 3, 13, 13], "texture": "#7"},
				"south": {"uv": [3, 3, 13, 13], "texture": "#7"},
				"west": {"uv": [3, 3, 13, 13], "texture": "#7"},
				"up": {"uv": [3, 3, 13, 13], "texture": "#7"}
			}
		},
		{
			"from": [-0.96677, 24.75, -4.11732],
			"to": [0.03323, 27.25, -3.11732],
			"rotation": {"angle": 45, "axis": "y", "origin": [0.53323, 25.75, -3.61732]},
			"faces": {
				"north": {"uv": [3, 3, 13, 13], "texture": "#7"},
				"south": {"uv": [3, 3, 13, 13], "texture": "#7"},
				"up": {"uv": [3, 3, 13, 13], "texture": "#7"}
			}
		},
		{
			"from": [-0.0206, 24.75, -3.84672],
			"to": [0.9794, 27.25, -2.84672],
			"rotation": {"angle": 22.5, "axis": "y", "origin": [0.4794, 25.75, -3.34672]},
			"faces": {
				"north": {"uv": [3, 3, 13, 13], "texture": "#7"},
				"south": {"uv": [3, 3, 13, 13], "texture": "#7"},
				"up": {"uv": [3, 3, 13, 13], "texture": "#7"}
			}
		},
		{
			"from": [0.75, 24.75, -4],
			"to": [15.35, 27.25, -3],
			"rotation": {"angle": 0, "axis": "y", "origin": [0, 34.75, 2]},
			"faces": {
				"north": {"uv": [3, 3, 13, 13], "texture": "#7"},
				"east": {"uv": [3, 3, 13, 13], "texture": "#7"},
				"south": {"uv": [3, 3, 13, 13], "texture": "#7"},
				"up": {"uv": [3, 3, 13, 13], "texture": "#7"}
			}
		},
		{
			"from": [15.96677, 24.75, -4.11732],
			"to": [16.96677, 27.25, -3.11732],
			"rotation": {"angle": -45, "axis": "y", "origin": [15.46677, 25.75, -3.61732]},
			"faces": {
				"north": {"uv": [13, 3, 3, 13], "texture": "#7"},
				"south": {"uv": [13, 3, 3, 13], "texture": "#7"},
				"up": {"uv": [13, 3, 3, 13], "texture": "#7"}
			}
		},
		{
			"from": [16.11039, 24.75, -2.75693],
			"to": [17.11039, 27.25, -1.68193],
			"rotation": {"angle": 22.5, "axis": "y", "origin": [16.61039, 25.75, -2.25693]},
			"faces": {
				"north": {"uv": [13, 3, 3, 13], "texture": "#7"},
				"east": {"uv": [13, 3, 3, 13], "texture": "#7"},
				"south": {"uv": [13, 3, 3, 13], "texture": "#7"},
				"west": {"uv": [13, 3, 3, 13], "texture": "#7"},
				"up": {"uv": [13, 3, 3, 13], "texture": "#7"}
			}
		},
		{
			"from": [16.25, 24.75, -2],
			"to": [17.25, 27.3, 20],
			"rotation": {"angle": 0, "axis": "z", "origin": [15, 0, 2]},
			"faces": {
				"north": {"uv": [13, 3, 3, 13], "texture": "#7"},
				"east": {"uv": [13, 3, 3, 13], "texture": "#7"},
				"south": {"uv": [13, 3, 3, 13], "texture": "#7"},
				"west": {"uv": [13, 3, 3, 13], "texture": "#7"},
				"up": {"uv": [13, 3, 3, 13], "texture": "#7"},
				"down": {"uv": [13, 3, 3, 13], "texture": "#7"}
			}
		},
		{
			"from": [15.0206, 24.75, -3.84672],
			"to": [16.0206, 27.25, -2.84672],
			"rotation": {"angle": -22.5, "axis": "y", "origin": [15.5206, 25.75, -3.34672]},
			"faces": {
				"north": {"uv": [13, 3, 3, 13], "texture": "#7"},
				"south": {"uv": [13, 3, 3, 13], "texture": "#7"},
				"up": {"uv": [13, 3, 3, 13], "texture": "#7"}
			}
		},
		{
			"name": "light",
			"from": [2.5, 27.75, -4.25],
			"to": [3.5, 28.75, -4],
			"rotation": {"angle": 0, "axis": "y", "origin": [0, 0, 2]},
			"faces": {
				"north": {"uv": [0, 0, 16, 16], "texture": "#15"},
				"east": {"uv": [0, 0, 16, 16], "texture": "#15"},
				"west": {"uv": [0, 0, 16, 16], "texture": "#15"},
				"up": {"uv": [0, 0, 16, 16], "texture": "#15"},
				"down": {"uv": [0, 0, 16, 16], "texture": "#15"}
			}
		},
		{
			"name": "light",
			"from": [1, 27.75, -4.25],
			"to": [2, 28.75, -4],
			"rotation": {"angle": 0, "axis": "y", "origin": [0, 0, 2]},
			"faces": {
				"north": {"uv": [0, 0, 16, 16], "texture": "#14"},
				"east": {"uv": [0, 0, 16, 16], "texture": "#14"},
				"south": {"uv": [0, 0, 16, 16], "texture": "#14"},
				"west": {"uv": [0, 0, 16, 16], "texture": "#14"},
				"up": {"uv": [0, 0, 16, 16], "texture": "#14"},
				"down": {"uv": [0, 0, 16, 16], "texture": "#14"}
			}
		},
		{
			"name": "roof",
			"from": [1.19828, 28.51411, -4],
			"to": [14.77328, 29.51411, 20],
			"rotation": {"angle": 0, "axis": "z", "origin": [15.77328, 28.76411, -1]},
			"faces": {
				"north": {"uv": [5, 0, 11, 1], "texture": "#4"},
				"east": {"uv": [0, 0, 16, 1], "texture": "#4"},
				"south": {"uv": [5, 0, 11, 1], "texture": "#6"},
				"up": {"uv": [5, 0, 11, 16], "texture": "#4"},
				"down": {"uv": [5, 0, 11, 16], "texture": "#6"}
			}
		},
		{
			"name": "light",
			"from": [14, 27.75, -4.25],
			"to": [15, 28.75, -4],
			"rotation": {"angle": 0, "axis": "y", "origin": [16, 0, 2]},
			"faces": {
				"north": {"uv": [16, 0, 0, 16], "texture": "#14"},
				"east": {"uv": [16, 0, 0, 16], "texture": "#14"},
				"south": {"uv": [16, 0, 0, 16], "texture": "#14"},
				"west": {"uv": [16, 0, 0, 16], "texture": "#14"},
				"up": {"uv": [16, 0, 0, 16], "texture": "#14"},
				"down": {"uv": [16, 0, 0, 16], "texture": "#14"}
			}
		},
		{
			"name": "light",
			"from": [12.5, 27.75, -4.25],
			"to": [13.5, 28.75, -4],
			"rotation": {"angle": 0, "axis": "y", "origin": [16, 0, 2]},
			"faces": {
				"north": {"uv": [16, 0, 0, 16], "texture": "#15"},
				"east": {"uv": [16, 0, 0, 16], "texture": "#15"},
				"west": {"uv": [16, 0, 0, 16], "texture": "#15"},
				"up": {"uv": [16, 0, 0, 16], "texture": "#15"},
				"down": {"uv": [16, 0, 0, 16], "texture": "#15"}
			}
		},
		{
			"name": "roof",
			"from": [-1.22457, 27.26364, -4],
			"to": [-0.22457, 27.71364, 20],
			"rotation": {"angle": 0, "axis": "z", "origin": [-1.22457, 28.31364, -1]},
			"faces": {
				"north": {"uv": [0, 0, 6, 1], "rotation": 90, "texture": "#4"},
				"east": {"uv": [0, 0, 6, 16], "rotation": 270, "texture": "#6"},
				"south": {"uv": [0, 0, 6, 1], "rotation": 270, "texture": "#6"},
				"west": {"uv": [0, 0, 6, 16], "rotation": 270, "texture": "#4"},
				"down": {"uv": [0, 0, 16, 1], "rotation": 270, "texture": "#4"}
			}
		},
		{
			"name": "roof",
			"from": [-0.80362, 27.6299, -4],
			"to": [0.19638, 28.1299, 20],
			"rotation": {"angle": -22.5, "axis": "z", "origin": [-0.80362, 28.7299, -1]},
			"faces": {
				"north": {"uv": [0, 0, 6, 1], "rotation": 90, "texture": "#4"},
				"east": {"uv": [0, 0, 6, 16], "rotation": 270, "texture": "#6"},
				"south": {"uv": [0, 0, 6, 1], "rotation": 270, "texture": "#6"},
				"west": {"uv": [0, 0, 6, 16], "rotation": 270, "texture": "#4"},
				"up": {"uv": [0, 0, 16, 1], "rotation": 270, "texture": "#4"}
			}
		},
		{
			"name": "roof",
			"from": [-1.50186, 28.30695, -4],
			"to": [-0.50186, 29.30695, 20],
			"rotation": {"angle": 45, "axis": "z", "origin": [0.09814, 29.30695, -1]},
			"faces": {
				"north": {"uv": [0, 0, 6, 1], "texture": "#4"},
				"south": {"uv": [0, 0, 6, 1], "texture": "#6"},
				"west": {"uv": [0, 0, 16, 1], "texture": "#4"},
				"up": {"uv": [0, 0, 6, 16], "texture": "#4"},
				"down": {"uv": [0, 0, 6, 16], "texture": "#6"}
			}
		},
		{
			"name": "roof",
			"from": [-0.34515, 27.97835, -4],
			"to": [1.30485, 28.97835, 20],
			"rotation": {"angle": 22.5, "axis": "z", "origin": [-0.09515, 28.97835, -1]},
			"faces": {
				"north": {"uv": [0, 0, 6, 1], "texture": "#4"},
				"south": {"uv": [0, 0, 6, 1], "texture": "#6"},
				"up": {"uv": [0, 0, 6, 16], "texture": "#4"},
				"down": {"uv": [0, 0, 6, 16], "texture": "#6"}
			}
		},
		{
			"name": "roof",
			"from": [14.69515, 27.97835, -4],
			"to": [16.34515, 28.97835, 20],
			"rotation": {"angle": -22.5, "axis": "z", "origin": [16.09515, 28.97835, -1]},
			"faces": {
				"north": {"uv": [6, 0, 0, 1], "texture": "#4"},
				"south": {"uv": [6, 0, 0, 1], "texture": "#6"},
				"west": {"uv": [16, 0, 0, 1], "texture": "#4"},
				"up": {"uv": [6, 0, 0, 16], "texture": "#4"},
				"down": {"uv": [6, 0, 0, 16], "texture": "#6"}
			}
		},
		{
			"name": "roof",
			"from": [16.50186, 28.30695, -4],
			"to": [17.50186, 29.30695, 20],
			"rotation": {"angle": -45, "axis": "z", "origin": [15.90186, 29.30695, -1]},
			"faces": {
				"north": {"uv": [6, 0, 0, 1], "texture": "#4"},
				"east": {"uv": [16, 0, 0, 1], "texture": "#4"},
				"south": {"uv": [6, 0, 0, 1], "texture": "#6"},
				"up": {"uv": [6, 0, 0, 16], "texture": "#4"},
				"down": {"uv": [6, 0, 0, 16], "texture": "#6"}
			}
		},
		{
			"name": "roof",
			"from": [15.80362, 27.6299, -4],
			"to": [16.80362, 28.1299, 20],
			"rotation": {"angle": 22.5, "axis": "z", "origin": [16.80362, 28.7299, -1]},
			"faces": {
				"north": {"uv": [0, 1, 6, 0], "rotation": 90, "texture": "#4"},
				"east": {"uv": [0, 16, 6, 0], "rotation": 270, "texture": "#4"},
				"south": {"uv": [0, 1, 6, 0], "rotation": 270, "texture": "#6"},
				"west": {"uv": [0, 16, 6, 0], "rotation": 270, "texture": "#6"},
				"up": {"uv": [0, 1, 16, 0], "rotation": 270, "texture": "#4"}
			}
		},
		{
			"name": "roof",
			"from": [16.22457, 27.26364, -4],
			"to": [17.22457, 27.71364, 20],
			"rotation": {"angle": 0, "axis": "z", "origin": [17.22457, 28.31364, -1]},
			"faces": {
				"north": {"uv": [0, 1, 6, 0], "rotation": 90, "texture": "#4"},
				"east": {"uv": [0, 16, 6, 0], "rotation": 270, "texture": "#4"},
				"south": {"uv": [0, 1, 6, 0], "rotation": 270, "texture": "#6"},
				"west": {"uv": [0, 16, 6, 0], "rotation": 270, "texture": "#6"},
				"down": {"uv": [0, 1, 16, 0], "rotation": 270, "texture": "#4"}
			}
		}
	],
	"display": {
		"head": {
			"scale": [2, 2, 2]
		}
	},
	"groups": [
		0,
		1,
		2,
		3,
		4,
		5,
		6,
		7,
		8,
		9,
		10,
		11,
		12,
		13,
		14,
		15,
		16,
		17,
		18,
		{
			"name": "body",
			"origin": [0, 0, 0],
			"color": 0,
			"children": []
		},
		19,
		20,
		{
			"name": "driver",
			"origin": [8, 10.07609, 4.76278],
			"color": 0,
			"children": [21, 22, 23]
		},
		{
			"name": "entetsu_controller",
			"origin": [8, 8, 8],
			"color": 0,
			"children": [24, 25, 26]
		},
		27,
		28,
		29,
		30,
		31,
		32,
		33,
		34,
		35,
		36,
		37,
		38,
		39,
		40,
		41,
		42,
		43,
		44,
		45,
		46,
		47,
		48,
		49,
		50,
		51,
		52,
		53,
		54,
		55,
		56,
		57,
		58,
		59,
		60,
		61,
		62,
		63,
		64,
		65,
		66,
		67,
		68,
		69,
		70,
		71,
		72,
		73,
		74,
		75,
		76,
		77,
		78,
		79,
		80,
		{
			"name": "top",
			"origin": [17.22457, 28.31364, -1],
			"color": 0,
			"children": [81, 82, 83, 84, 85, 86, 87, 88, 89, 90, 91, 92, 93, 94, 95, 96, 97, 98, 99, 100, 101, 102, 103, 104]
		}
	]
}