{
	"credit": "Made with Blockbench",
	"textures": {
		"1": "block/light_gray_concrete",
		"2": "block/yellow_concrete",
		"3": "block/white_concrete",
		"particle": "block/rail"
	},
	"elements": [
		{
			"from": [22.25, 4.5, 0],
			"to": [23.25, 5.5, 16],
			"rotation": {"angle": 0, "axis": "y", "origin": [10.25, 1.25, 0]},
			"faces": {
				"north": {"uv": [12, 0, 13, 1], "texture": "#1"},
				"east": {"uv": [12, 0, 13, 16], "rotation": 90, "texture": "#1"},
				"south": {"uv": [12, 0, 13, 1], "texture": "#1"},
				"west": {"uv": [12, 0, 13, 16], "rotation": 270, "texture": "#1"},
				"up": {"uv": [12, 0, 13, 16], "texture": "#1"},
				"down": {"uv": [12, 0, 13, 16], "rotation": 180, "texture": "#1"}
			}
		},
		{
			"from": [24.25, 3.25, 7.75],
			"to": [24.75, 5.5, 8.25],
			"rotation": {"angle": 0, "axis": "y", "origin": [10.25, 1.25, 0]},
			"faces": {
				"north": {"uv": [12, 0, 13, 1], "texture": "#1"},
				"east": {"uv": [12, 0, 13, 16], "rotation": 90, "texture": "#1"},
				"south": {"uv": [12, 0, 13, 1], "texture": "#1"},
				"west": {"uv": [12, 0, 13, 16], "rotation": 270, "texture": "#1"},
				"up": {"uv": [12, 0, 13, 16], "texture": "#1"},
				"down": {"uv": [12, 0, 13, 16], "rotation": 180, "texture": "#1"}
			}
		},
		{
			"from": [27.08274, 10.08883, 7.75],
			"to": [27.58274, 14.08883, 8.25],
			"rotation": {"angle": -45, "axis": "z", "origin": [13.08274, 12.08883, 0]},
			"faces": {
				"north": {"uv": [12, 0, 13, 1], "texture": "#1"},
				"east": {"uv": [12, 0, 13, 16], "rotation": 90, "texture": "#1"},
				"south": {"uv": [12, 0, 13, 1], "texture": "#1"},
				"west": {"uv": [12, 0, 13, 16], "rotation": 270, "texture": "#1"},
				"up": {"uv": [12, 0, 13, 16], "texture": "#1"},
				"down": {"uv": [12, 0, 13, 16], "rotation": 180, "texture": "#1"}
			}
		},
		{
			"from": [23.5, 4.5, 0],
			"to": [23.75, 5.75, 16],
			"rotation": {"angle": 0, "axis": "y", "origin": [10.25, 1.25, 0]},
			"faces": {
				"north": {"uv": [12, 0, 13, 1], "texture": "#2"},
				"east": {"uv": [12, 0, 13, 16], "rotation": 90, "texture": "#2"},
				"south": {"uv": [12, 0, 13, 1], "texture": "#2"},
				"west": {"uv": [12, 0, 13, 16], "rotation": 270, "texture": "#2"},
				"up": {"uv": [12, 0, 13, 16], "texture": "#2"},
				"down": {"uv": [12, 0, 13, 16], "rotation": 180, "texture": "#2"}
			}
		},
		{
			"name": "hexadecagon",
			"from": [23.25, 5.15054, 7.5],
			"to": [24.25, 5.34946, 8.5],
			"rotation": {"angle": -45, "axis": "x", "origin": [18.25, 5.25, 8]},
			"faces": {
				"north": {"uv": [0, 0, 1, 1], "texture": "#3"},
				"east": {"uv": [0, 0, 1, 1], "texture": "#3"},
				"south": {"uv": [0, 0, 1, 1], "texture": "#3"},
				"west": {"uv": [0, 0, 1, 1], "texture": "#3"},
				"up": {"uv": [0, 0, 1, 1], "texture": "#3"},
				"down": {"uv": [0, 0, 1, 1], "texture": "#3"}
			}
		},
		{
			"name": "hexadecagon",
			"from": [23.25, 5.15054, 7.5],
			"to": [24.25, 5.34946, 8.5],
			"rotation": {"angle": -22.5, "axis": "x", "origin": [18.25, 5.25, 8]},
			"faces": {
				"north": {"uv": [0, 0, 1, 1], "texture": "#3"},
				"east": {"uv": [0, 0, 1, 1], "texture": "#3"},
				"south": {"uv": [0, 0, 1, 1], "texture": "#3"},
				"west": {"uv": [0, 0, 1, 1], "texture": "#3"},
				"up": {"uv": [0, 0, 1, 1], "texture": "#3"},
				"down": {"uv": [0, 0, 1, 1], "texture": "#3"}
			}
		},
		{
			"name": "hexadecagon",
			"from": [23.25, 5.15054, 7.5],
			"to": [24.25, 5.34946, 8.5],
			"rotation": {"angle": 0, "axis": "y", "origin": [18.25, 5.25, 8]},
			"faces": {
				"north": {"uv": [0, 0, 1, 1], "texture": "#3"},
				"east": {"uv": [0, 0, 1, 1], "texture": "#3"},
				"south": {"uv": [0, 0, 1, 1], "texture": "#3"},
				"west": {"uv": [0, 0, 1, 1], "texture": "#3"},
				"up": {"uv": [0, 0, 1, 1], "texture": "#3"},
				"down": {"uv": [0, 0, 1, 1], "texture": "#3"}
			}
		},
		{
			"name": "hexadecagon",
			"from": [23.25, 5.15054, 7.5],
			"to": [24.25, 5.34946, 8.5],
			"rotation": {"angle": 22.5, "axis": "x", "origin": [18.25, 5.25, 8]},
			"faces": {
				"north": {"uv": [0, 0, 1, 1], "texture": "#3"},
				"east": {"uv": [0, 0, 1, 1], "texture": "#3"},
				"south": {"uv": [0, 0, 1, 1], "texture": "#3"},
				"west": {"uv": [0, 0, 1, 1], "texture": "#3"},
				"up": {"uv": [0, 0, 1, 1], "texture": "#3"},
				"down": {"uv": [0, 0, 1, 1], "texture": "#3"}
			}
		},
		{
			"name": "hexadecagon",
			"from": [23.25, 5.15054, 7.5],
			"to": [24.25, 5.34946, 8.5],
			"rotation": {"angle": 45, "axis": "x", "origin": [18.25, 5.25, 8]},
			"faces": {
				"north": {"uv": [0, 0, 1, 1], "texture": "#3"},
				"east": {"uv": [0, 0, 1, 1], "texture": "#3"},
				"south": {"uv": [0, 0, 1, 1], "texture": "#3"},
				"west": {"uv": [0, 0, 1, 1], "texture": "#3"},
				"up": {"uv": [0, 0, 1, 1], "texture": "#3"},
				"down": {"uv": [0, 0, 1, 1], "texture": "#3"}
			}
		},
		{
			"name": "hexadecagon",
			"from": [23.25, 4.75, 7.90054],
			"to": [24.25, 5.75, 8.09946],
			"rotation": {"angle": -22.5, "axis": "x", "origin": [18.25, 5.25, 8]},
			"faces": {
				"north": {"uv": [0, 0, 1, 1], "texture": "#3"},
				"east": {"uv": [0, 0, 1, 1], "texture": "#3"},
				"south": {"uv": [0, 0, 1, 1], "texture": "#3"},
				"west": {"uv": [0, 0, 1, 1], "texture": "#3"},
				"up": {"uv": [0, 0, 1, 1], "texture": "#3"},
				"down": {"uv": [0, 0, 1, 1], "texture": "#3"}
			}
		},
		{
			"name": "hexadecagon",
			"from": [23.25, 4.75, 7.90054],
			"to": [24.25, 5.75, 8.09946],
			"rotation": {"angle": 0, "axis": "y", "origin": [18.25, 5.25, 8]},
			"faces": {
				"north": {"uv": [0, 0, 1, 1], "texture": "#3"},
				"east": {"uv": [0, 0, 1, 1], "texture": "#3"},
				"south": {"uv": [0, 0, 1, 1], "texture": "#3"},
				"west": {"uv": [0, 0, 1, 1], "texture": "#3"},
				"up": {"uv": [0, 0, 1, 1], "texture": "#3"},
				"down": {"uv": [0, 0, 1, 1], "texture": "#3"}
			}
		},
		{
			"name": "hexadecagon",
			"from": [23.25, 4.75, 7.90054],
			"to": [24.25, 5.75, 8.09946],
			"rotation": {"angle": 22.5, "axis": "x", "origin": [18.25, 5.25, 8]},
			"faces": {
				"north": {"uv": [0, 0, 1, 1], "texture": "#3"},
				"east": {"uv": [0, 0, 1, 1], "texture": "#3"},
				"south": {"uv": [0, 0, 1, 1], "texture": "#3"},
				"west": {"uv": [0, 0, 1, 1], "texture": "#3"},
				"up": {"uv": [0, 0, 1, 1], "texture": "#3"},
				"down": {"uv": [0, 0, 1, 1], "texture": "#3"}
			}
		},
		{
			"from": [21.75, 4.5, 0],
			"to": [22, 5.75, 16],
			"rotation": {"angle": 0, "axis": "y", "origin": [10.25, 1.25, 0]},
			"faces": {
				"north": {"uv": [12, 0, 13, 1], "texture": "#2"},
				"east": {"uv": [12, 0, 13, 16], "rotation": 90, "texture": "#2"},
				"south": {"uv": [12, 0, 13, 1], "texture": "#2"},
				"west": {"uv": [12, 0, 13, 16], "rotation": 270, "texture": "#2"},
				"up": {"uv": [12, 0, 13, 16], "texture": "#2"},
				"down": {"uv": [12, 0, 13, 16], "rotation": 180, "texture": "#2"}
			}
		},
		{
			"from": [21.75, 5.75, 0],
			"to": [23.75, 6, 16],
			"rotation": {"angle": 0, "axis": "y", "origin": [10.25, 1.25, 0]},
			"faces": {
				"north": {"uv": [12, 0, 13, 1], "texture": "#2"},
				"east": {"uv": [12, 0, 13, 16], "rotation": 90, "texture": "#2"},
				"south": {"uv": [12, 0, 13, 1], "texture": "#2"},
				"west": {"uv": [12, 0, 13, 16], "rotation": 270, "texture": "#2"},
				"up": {"uv": [12, 0, 13, 16], "texture": "#2"},
				"down": {"uv": [12, 0, 13, 16], "rotation": 180, "texture": "#2"}
			}
		}
	],
	"display": {
		"head": {
			"translation": [15, 12.5, 0],
			"scale": [2.88, 4, 4]
		},
		"fixed": {
			"rotation": [-90, 0, 0],
			"translation": [-36.25, 0, -26],
			"scale": [2.88, 4, 4]
		}
	},
	"groups": [
		0,
		1,
		2,
		3,
		{
			"name": "hexadecagon",
			"origin": [8, 8, 8],
			"color": 0,
			"children": [4, 5, 6, 7, 8, 9, 10, 11]
		},
		12,
		13
	]
}