{
	"credit": "Made by Mike Shafter",
	"textures": {
		"3": "block/ktb/line2entetsu/2",
		"6": "block/stripped_birch_log",
		"particle": "block/black_stained_glass"
	},
	"elements": [
		{
			"from": [24.1, 20.25, 2],
			"to": [24.75, 23.25, 14],
			"rotation": {"angle": 0, "axis": "y", "origin": [8, 11.26613, 8]},
			"faces": {
				"east": {"uv": [0, 0, 16, 16], "texture": "#3"},
				"west": {"uv": [0, 0, 12, 3], "texture": "#6"}
			}
		},
		{
			"from": [-8.75, 20.25, 2],
			"to": [-8.1, 23.25, 14],
			"rotation": {"angle": 0, "axis": "y", "origin": [8, 11.26613, 8]},
			"faces": {
				"east": {"uv": [12, 0, 0, 3], "texture": "#6"},
				"west": {"uv": [0, 0, 16, 16], "texture": "#3"}
			}
		}
	],
	"display": {
		"head": {
			"translation": [0, 10, 0],
			"scale": [2, 2, 2]
		}
	},
	"groups": [
		{
			"name": "hexadecagon",
			"origin": [8, 8, 8],
			"color": 0,
			"children": []
		},
		{
			"name": "hexadecagon",
			"origin": [8, 8, 8],
			"color": 0,
			"children": []
		},
		{
			"name": "seat",
			"origin": [-8.5, 1, -3],
			"color": 0,
			"children": []
		},
		{
			"name": "seat",
			"origin": [-8.5, 1, -3],
			"color": 0,
			"children": []
		},
		{
			"name": "seat",
			"origin": [-8.5, 1, -3],
			"color": 0,
			"children": []
		},
		0,
		1
	]
}